provider,instance_type,region,vCPU,RAM_GB,storage_GB,GPU,network_bandwidth
AWS,t3.nano,us-east-1,2,0.5,10,0,Standard
AWS,t3.micro,us-east-1,2,1.0,20,0,Standard
AWS,m5.large,us-east-1,2,8.0,100,0,Standard
AWS,c5.xlarge,us-east-1,4,8.0,100,0,Standard
AWS,g4dn.xlarge,us-east-1,4,16.0,125,1,Standard
AWS,t3.nano,us-west-1,2,0.5,10,0,Standard
AWS,t3.micro,us-west-1,2,1.0,20,0,Standard
AWS,m5.large,us-west-1,2,8.0,100,0,Standard
AWS,c5.xlarge,us-west-1,4,8.0,100,0,Standard
AWS,g4dn.xlarge,us-west-1,4,16.0,125,1,Standard
AWS,t3.nano,us-west-2,2,0.5,10,0,Standard
AWS,t3.micro,us-west-2,2,1.0,20,0,Standard
AWS,m5.large,us-west-2,2,8.0,100,0,Standard
AWS,c5.xlarge,us-west-2,4,8.0,100,0,Standard
AWS,g4dn.xlarge,us-west-2,4,16.0,125,1,Standard
AWS,t3.nano,eu-west-1,2,0.5,10,0,Standard
AWS,t3.micro,eu-west-1,2,1.0,20,0,Standard
AWS,m5.large,eu-west-1,2,8.0,100,0,Standard
AWS,c5.xlarge,eu-west-1,4,8.0,100,0,Standard
AWS,g4dn.xlarge,eu-west-1,4,16.0,125,1,Standard
AWS,t3.nano,eu-central-1,2,0.5,10,0,Standard
AWS,t3.micro,eu-central-1,2,1.0,20,0,Standard
AWS,m5.large,eu-central-1,2,8.0,100,0,Standard
AWS,c5.xlarge,eu-central-1,4,8.0,100,0,Standard
AWS,g4dn.xlarge,eu-central-1,4,16.0,125,1,Standard
AWS,t3.nano,ap-south-1,2,0.5,10,0,Standard
AWS,t3.micro,ap-south-1,2,1.0,20,0,Standard
AWS,m5.large,ap-south-1,2,8.0,100,0,Standard
AWS,c5.xlarge,ap-south-1,4,8.0,100,0,Standard
AWS,g4dn.xlarge,ap-south-1,4,16.0,125,1,Standard
AWS,t3.nano,ap-southeast-1,2,0.5,10,0,Standard
AWS,t3.micro,ap-southeast-1,2,1.0,20,0,Standard
AWS,m5.large,ap-southeast-1,2,8.0,100,0,Standard
AWS,c5.xlarge,ap-southeast-1,4,8.0,100,0,Standard
AWS,g4dn.xlarge,ap-southeast-1,4,16.0,125,1,Standard
AWS,t3.nano,ap-northeast-1,2,0.5,10,0,Standard
AWS,t3.micro,ap-northeast-1,2,1.0,20,0,Standard
AWS,m5.large,ap-northeast-1,2,8.0,100,0,Standard
AWS,c5.xlarge,ap-northeast-1,4,8.0,100,0,Standard
AWS,g4dn.xlarge,ap-northeast-1,4,16.0,125,1,Standard
AWS,t3.nano,asia-south1,2,0.5,10,0,Standard
AWS,t3.micro,asia-south1,2,1.0,20,0,Standard
AWS,m5.large,asia-south1,2,8.0,100,0,Standard
AWS,c5.xlarge,asia-south1,4,8.0,100,0,Standard
AWS,g4dn.xlarge,asia-south1,4,16.0,125,1,Standard
AWS,t3.nano,me-central-1,2,0.5,10,0,Standard
AWS,t3.micro,me-central-1,2,1.0,20,0,Standard
AWS,m5.large,me-central-1,2,8.0,100,0,Standard
AWS,c5.xlarge,me-central-1,4,8.0,100,0,Standard
AWS,g4dn.xlarge,me-central-1,4,16.0,125,1,Standard
AWS,t3.nano,sa-east-1,2,0.5,10,0,Standard
AWS,t3.micro,sa-east-1,2,1.0,20,0,Standard
AWS,m5.large,sa-east-1,2,8.0,100,0,Standard
AWS,c5.xlarge,sa-east-1,4,8.0,100,0,Standard
AWS,g4dn.xlarge,sa-east-1,4,16.0,125,1,Standard
Azure,B1s,us-east-1,1,1.0,10,0,Standard
Azure,B2s,us-east-1,2,4.0,20,0,Standard
Azure,D2s_v3,us-east-1,2,8.0,50,0,Standard
Azure,F4s_v2,us-east-1,4,8.0,100,0,Standard
Azure,NC6,us-east-1,6,56.0,380,1,Standard
Azure,B1s,us-west-1,1,1.0,10,0,Standard
Azure,B2s,us-west-1,2,4.0,20,0,Standard
Azure,D2s_v3,us-west-1,2,8.0,50,0,Standard
Azure,F4s_v2,us-west-1,4,8.0,100,0,Standard
Azure,NC6,us-west-1,6,56.0,380,1,Standard
Azure,B1s,us-west-2,1,1.0,10,0,Standard
Azure,B2s,us-west-2,2,4.0,20,0,Standard
Azure,D2s_v3,us-west-2,2,8.0,50,0,Standard
Azure,F4s_v2,us-west-2,4,8.0,100,0,Standard
Azure,NC6,us-west-2,6,56.0,380,1,Standard
Azure,B1s,eu-west-1,1,1.0,10,0,Standard
Azure,B2s,eu-west-1,2,4.0,20,0,Standard
Azure,D2s_v3,eu-west-1,2,8.0,50,0,Standard
Azure,F4s_v2,eu-west-1,4,8.0,100,0,Standard
Azure,NC6,eu-west-1,6,56.0,380,1,Standard
Azure,B1s,eu-central-1,1,1.0,10,0,Standard
Azure,B2s,eu-central-1,2,4.0,20,0,Standard
Azure,D2s_v3,eu-central-1,2,8.0,50,0,Standard
Azure,F4s_v2,eu-central-1,4,8.0,100,0,Standard
Azure,NC6,eu-central-1,6,56.0,380,1,Standard
Azure,B1s,ap-south-1,1,1.0,10,0,Standard
Azure,B2s,ap-south-1,2,4.0,20,0,Standard
Azure,D2s_v3,ap-south-1,2,8.0,50,0,Standard
Azure,F4s_v2,ap-south-1,4,8.0,100,0,Standard
Azure,NC6,ap-south-1,6,56.0,380,1,Standard
Azure,B1s,ap-southeast-1,1,1.0,10,0,Standard
Azure,B2s,ap-southeast-1,2,4.0,20,0,Standard
Azure,D2s_v3,ap-southeast-1,2,8.0,50,0,Standard
Azure,F4s_v2,ap-southeast-1,4,8.0,100,0,Standard
Azure,NC6,ap-southeast-1,6,56.0,380,1,Standard
Azure,B1s,ap-northeast-1,1,1.0,10,0,Standard
Azure,B2s,ap-northeast-1,2,4.0,20,0,Standard
Azure,D2s_v3,ap-northeast-1,2,8.0,50,0,Standard
Azure,F4s_v2,ap-northeast-1,4,8.0,100,0,Standard
Azure,NC6,ap-northeast-1,6,56.0,380,1,Standard
Azure,B1s,asia-south1,1,1.0,10,0,Standard
Azure,B2s,asia-south1,2,4.0,20,0,Standard
Azure,D2s_v3,asia-south1,2,8.0,50,0,Standard
Azure,F4s_v2,asia-south1,4,8.0,100,0,Standard
Azure,NC6,asia-south1,6,56.0,380,1,Standard
Azure,B1s,me-central-1,1,1.0,10,0,Standard
Azure,B2s,me-central-1,2,4.0,20,0,Standard
Azure,D2s_v3,me-central-1,2,8.0,50,0,Standard
Azure,F4s_v2,me-central-1,4,8.0,100,0,Standard
Azure,NC6,me-central-1,6,56.0,380,1,Standard
Azure,B1s,sa-east-1,1,1.0,10,0,Standard
Azure,B2s,sa-east-1,2,4.0,20,0,Standard
Azure,D2s_v3,sa-east-1,2,8.0,50,0,Standard
Azure,F4s_v2,sa-east-1,4,8.0,100,0,Standard
Azure,NC6,sa-east-1,6,56.0,380,1,Standard
GCP,e2-micro,us-east-1,2,1.0,10,0,Standard
GCP,e2-small,us-east-1,2,2.0,20,0,Standard
GCP,n1-standard-2,us-east-1,2,7.5,50,0,Standard
GCP,n2-standard-8,us-east-1,8,32.0,200,0,Standard
GCP,a2-highgpu-1g,us-east-1,12,85.0,100,1,Standard
GCP,e2-micro,us-west-1,2,1.0,10,0,Standard
GCP,e2-small,us-west-1,2,2.0,20,0,Standard
GCP,n1-standard-2,us-west-1,2,7.5,50,0,Standard
GCP,n2-standard-8,us-west-1,8,32.0,200,0,Standard
GCP,a2-highgpu-1g,us-west-1,12,85.0,100,1,Standard
GCP,e2-micro,us-west-2,2,1.0,10,0,Standard
GCP,e2-small,us-west-2,2,2.0,20,0,Standard
GCP,n1-standard-2,us-west-2,2,7.5,50,0,Standard
GCP,n2-standard-8,us-west-2,8,32.0,200,0,Standard
GCP,a2-highgpu-1g,us-west-2,12,85.0,100,1,Standard
GCP,e2-micro,eu-west-1,2,1.0,10,0,Standard
GCP,e2-small,eu-west-1,2,2.0,20,0,Standard
GCP,n1-standard-2,eu-west-1,2,7.5,50,0,Standard
GCP,n2-standard-8,eu-west-1,8,32.0,200,0,Standard
GCP,a2-highgpu-1g,eu-west-1,12,85.0,100,1,Standard
GCP,e2-micro,eu-central-1,2,1.0,10,0,Standard
GCP,e2-small,eu-central-1,2,2.0,20,0,Standard
GCP,n1-standard-2,eu-central-1,2,7.5,50,0,Standard
GCP,n2-standard-8,eu-central-1,8,32.0,200,0,Standard
GCP,a2-highgpu-1g,eu-central-1,12,85.0,100,1,Standard
GCP,e2-micro,ap-south-1,2,1.0,10,0,Standard
GCP,e2-small,ap-south-1,2,2.0,20,0,Standard
GCP,n1-standard-2,ap-south-1,2,7.5,50,0,Standard
GCP,n2-standard-8,ap-south-1,8,32.0,200,0,Standard
GCP,a2-highgpu-1g,ap-south-1,12,85.0,100,1,Standard
GCP,e2-micro,ap-southeast-1,2,1.0,10,0,Standard
GCP,e2-small,ap-southeast-1,2,2.0,20,0,Standard
GCP,n1-standard-2,ap-southeast-1,2,7.5,50,0,Standard
GCP,n2-standard-8,ap-southeast-1,8,32.0,200,0,Standard
GCP,a2-highgpu-1g,ap-southeast-1,12,85.0,100,1,Standard
GCP,e2-micro,ap-northeast-1,2,1.0,10,0,Standard
GCP,e2-small,ap-northeast-1,2,2.0,20,0,Standard
GCP,n1-standard-2,ap-northeast-1,2,7.5,50,0,Standard
GCP,n2-standard-8,ap-northeast-1,8,32.0,200,0,Standard
GCP,a2-highgpu-1g,ap-northeast-1,12,85.0,100,1,Standard
GCP,e2-micro,asia-south1,2,1.0,10,0,Standard
GCP,e2-small,asia-south1,2,2.0,20,0,Standard
GCP,n1-standard-2,asia-south1,2,7.5,50,0,Standard
GCP,n2-standard-8,asia-south1,8,32.0,200,0,Standard
GCP,a2-highgpu-1g,asia-south1,12,85.0,100,1,Standard
GCP,e2-micro,me-central-1,2,1.0,10,0,Standard
GCP,e2-small,me-central-1,2,2.0,20,0,Standard
GCP,n1-standard-2,me-central-1,2,7.5,50,0,Standard
GCP,n2-standard-8,me-central-1,8,32.0,200,0,Standard
GCP,a2-highgpu-1g,me-central-1,12,85.0,100,1,Standard
GCP,e2-micro,sa-east-1,2,1.0,10,0,Standard
GCP,e2-small,sa-east-1,2,2.0,20,0,Standard
GCP,n1-standard-2,sa-east-1,2,7.5,50,0,Standard
GCP,n2-standard-8,sa-east-1,8,32.0,200,0,Standard
GCP,a2-highgpu-1g,sa-east-1,12,85.0,100,1,Standard
OracleCloud,VM.Standard.E2.1,us-east-1,1,1.0,25,0,Standard
OracleCloud,VM.Standard2.2,us-east-1,2,8.0,100,0,Standard
OracleCloud,BM.GPU2.2,us-east-1,16,120.0,500,1,Standard
OracleCloud,VM.Standard.E2.1,us-west-1,1,1.0,25,0,Standard
OracleCloud,VM.Standard2.2,us-west-1,2,8.0,100,0,Standard
OracleCloud,BM.GPU2.2,us-west-1,16,120.0,500,1,Standard
OracleCloud,VM.Standard.E2.1,us-west-2,1,1.0,25,0,Standard
OracleCloud,VM.Standard2.2,us-west-2,2,8.0,100,0,Standard
OracleCloud,BM.GPU2.2,us-west-2,16,120.0,500,1,Standard
OracleCloud,VM.Standard.E2.1,eu-west-1,1,1.0,25,0,Standard
OracleCloud,VM.Standard2.2,eu-west-1,2,8.0,100,0,Standard
OracleCloud,BM.GPU2.2,eu-west-1,16,120.0,500,1,Standard
OracleCloud,VM.Standard.E2.1,eu-central-1,1,1.0,25,0,Standard
OracleCloud,VM.Standard2.2,eu-central-1,2,8.0,100,0,Standard
OracleCloud,BM.GPU2.2,eu-central-1,16,120.0,500,1,Standard
OracleCloud,VM.Standard.E2.1,ap-south-1,1,1.0,25,0,Standard
OracleCloud,VM.Standard2.2,ap-south-1,2,8.0,100,0,Standard
OracleCloud,BM.GPU2.2,ap-south-1,16,120.0,500,1,Standard
OracleCloud,VM.Standard.E2.1,ap-southeast-1,1,1.0,25,0,Standard
OracleCloud,VM.Standard2.2,ap-southeast-1,2,8.0,100,0,Standard
OracleCloud,BM.GPU2.2,ap-southeast-1,16,120.0,500,1,Standard
OracleCloud,VM.Standard.E2.1,ap-northeast-1,1,1.0,25,0,Standard
OracleCloud,VM.Standard2.2,ap-northeast-1,2,8.0,100,0,Standard
OracleCloud,BM.GPU2.2,ap-northeast-1,16,120.0,500,1,Standard
OracleCloud,VM.Standard.E2.1,asia-south1,1,1.0,25,0,Standard
OracleCloud,VM.Standard2.2,asia-south1,2,8.0,100,0,Standard
OracleCloud,BM.GPU2.2,asia-south1,16,120.0,500,1,Standard
OracleCloud,VM.Standard.E2.1,me-central-1,1,1.0,25,0,Standard
OracleCloud,VM.Standard2.2,me-central-1,2,8.0,100,0,Standard
OracleCloud,BM.GPU2.2,me-central-1,16,120.0,500,1,Standard
OracleCloud,VM.Standard.E2.1,sa-east-1,1,1.0,25,0,Standard
OracleCloud,VM.Standard2.2,sa-east-1,2,8.0,100,0,Standard
OracleCloud,BM.GPU2.2,sa-east-1,16,120.0,500,1,Standard
IBMCloud,bx2-2x8,us-east-1,2,8.0,50,0,Standard
IBMCloud,bx2-4x16,us-east-1,4,16.0,100,0,Standard
IBMCloud,gpus-1,us-east-1,8,32.0,200,1,Standard
IBMCloud,bx2-2x8,us-west-1,2,8.0,50,0,Standard
IBMCloud,bx2-4x16,us-west-1,4,16.0,100,0,Standard
IBMCloud,gpus-1,us-west-1,8,32.0,200,1,Standard
IBMCloud,bx2-2x8,us-west-2,2,8.0,50,0,Standard
IBMCloud,bx2-4x16,us-west-2,4,16.0,100,0,Standard
IBMCloud,gpus-1,us-west-2,8,32.0,200,1,Standard
IBMCloud,bx2-2x8,eu-west-1,2,8.0,50,0,Standard
IBMCloud,bx2-4x16,eu-west-1,4,16.0,100,0,Standard
IBMCloud,gpus-1,eu-west-1,8,32.0,200,1,Standard
IBMCloud,bx2-2x8,eu-central-1,2,8.0,50,0,Standard
IBMCloud,bx2-4x16,eu-central-1,4,16.0,100,0,Standard
IBMCloud,gpus-1,eu-central-1,8,32.0,200,1,Standard
IBMCloud,bx2-2x8,ap-south-1,2,8.0,50,0,Standard
IBMCloud,bx2-4x16,ap-south-1,4,16.0,100,0,Standard
IBMCloud,gpus-1,ap-south-1,8,32.0,200,1,Standard
IBMCloud,bx2-2x8,ap-southeast-1,2,8.0,50,0,Standard
IBMCloud,bx2-4x16,ap-southeast-1,4,16.0,100,0,Standard
IBMCloud,gpus-1,ap-southeast-1,8,32.0,200,1,Standard
IBMCloud,bx2-2x8,ap-northeast-1,2,8.0,50,0,Standard
IBMCloud,bx2-4x16,ap-northeast-1,4,16.0,100,0,Standard
IBMCloud,gpus-1,ap-northeast-1,8,32.0,200,1,Standard
IBMCloud,bx2-2x8,asia-south1,2,8.0,50,0,Standard
IBMCloud,bx2-4x16,asia-south1,4,16.0,100,0,Standard
IBMCloud,gpus-1,asia-south1,8,32.0,200,1,Standard
IBMCloud,bx2-2x8,me-central-1,2,8.0,50,0,Standard
IBMCloud,bx2-4x16,me-central-1,4,16.0,100,0,Standard
IBMCloud,gpus-1,me-central-1,8,32.0,200,1,Standard
IBMCloud,bx2-2x8,sa-east-1,2,8.0,50,0,Standard
IBMCloud,bx2-4x16,sa-east-1,4,16.0,100,0,Standard
IBMCloud,gpus-1,sa-east-1,8,32.0,200,1,Standard
DigitalOcean,s-1vcpu-1gb,us-east-1,1,1.0,25,0,Standard
DigitalOcean,s-2vcpu-4gb,us-east-1,2,4.0,80,0,Standard
DigitalOcean,g-2vcpu-8gb,us-east-1,2,8.0,100,0,Standard
DigitalOcean,s-1vcpu-1gb,us-west-1,1,1.0,25,0,Standard
DigitalOcean,s-2vcpu-4gb,us-west-1,2,4.0,80,0,Standard
DigitalOcean,g-2vcpu-8gb,us-west-1,2,8.0,100,0,Standard
DigitalOcean,s-1vcpu-1gb,us-west-2,1,1.0,25,0,Standard
DigitalOcean,s-2vcpu-4gb,us-west-2,2,4.0,80,0,Standard
DigitalOcean,g-2vcpu-8gb,us-west-2,2,8.0,100,0,Standard
DigitalOcean,s-1vcpu-1gb,eu-west-1,1,1.0,25,0,Standard
DigitalOcean,s-2vcpu-4gb,eu-west-1,2,4.0,80,0,Standard
DigitalOcean,g-2vcpu-8gb,eu-west-1,2,8.0,100,0,Standard
DigitalOcean,s-1vcpu-1gb,eu-central-1,1,1.0,25,0,Standard
DigitalOcean,s-2vcpu-4gb,eu-central-1,2,4.0,80,0,Standard
DigitalOcean,g-2vcpu-8gb,eu-central-1,2,8.0,100,0,Standard
DigitalOcean,s-1vcpu-1gb,ap-south-1,1,1.0,25,0,Standard
DigitalOcean,s-2vcpu-4gb,ap-south-1,2,4.0,80,0,Standard
DigitalOcean,g-2vcpu-8gb,ap-south-1,2,8.0,100,0,Standard
DigitalOcean,s-1vcpu-1gb,ap-southeast-1,1,1.0,25,0,Standard
DigitalOcean,s-2vcpu-4gb,ap-southeast-1,2,4.0,80,0,Standard
DigitalOcean,g-2vcpu-8gb,ap-southeast-1,2,8.0,100,0,Standard
DigitalOcean,s-1vcpu-1gb,ap-northeast-1,1,1.0,25,0,Standard
DigitalOcean,s-2vcpu-4gb,ap-northeast-1,2,4.0,80,0,Standard
DigitalOcean,g-2vcpu-8gb,ap-northeast-1,2,8.0,100,0,Standard
DigitalOcean,s-1vcpu-1gb,asia-south1,1,1.0,25,0,Standard
DigitalOcean,s-2vcpu-4gb,asia-south1,2,4.0,80,0,Standard
DigitalOcean,g-2vcpu-8gb,asia-south1,2,8.0,100,0,Standard
DigitalOcean,s-1vcpu-1gb,me-central-1,1,1.0,25,0,Standard
DigitalOcean,s-2vcpu-4gb,me-central-1,2,4.0,80,0,Standard
DigitalOcean,g-2vcpu-8gb,me-central-1,2,8.0,100,0,Standard
DigitalOcean,s-1vcpu-1gb,sa-east-1,1,1.0,25,0,Standard
DigitalOcean,s-2vcpu-4gb,sa-east-1,2,4.0,80,0,Standard
DigitalOcean,g-2vcpu-8gb,sa-east-1,2,8.0,100,0,Standard
Linode,nanode,us-east-1,1,1.0,25,0,Standard
Linode,g6-standard-2,us-east-1,2,4.0,80,0,Standard
Linode,g6-highmem-4,us-east-1,4,32.0,200,0,Standard
Linode,nanode,us-west-1,1,1.0,25,0,Standard
Linode,g6-standard-2,us-west-1,2,4.0,80,0,Standard
Linode,g6-highmem-4,us-west-1,4,32.0,200,0,Standard
Linode,nanode,us-west-2,1,1.0,25,0,Standard
Linode,g6-standard-2,us-west-2,2,4.0,80,0,Standard
Linode,g6-highmem-4,us-west-2,4,32.0,200,0,Standard
Linode,nanode,eu-west-1,1,1.0,25,0,Standard
Linode,g6-standard-2,eu-west-1,2,4.0,80,0,Standard
Linode,g6-highmem-4,eu-west-1,4,32.0,200,0,Standard
Linode,nanode,eu-central-1,1,1.0,25,0,Standard
Linode,g6-standard-2,eu-central-1,2,4.0,80,0,Standard
Linode,g6-highmem-4,eu-central-1,4,32.0,200,0,Standard
Linode,nanode,ap-south-1,1,1.0,25,0,Standard
Linode,g6-standard-2,ap-south-1,2,4.0,80,0,Standard
Linode,g6-highmem-4,ap-south-1,4,32.0,200,0,Standard
Linode,nanode,ap-southeast-1,1,1.0,25,0,Standard
Linode,g6-standard-2,ap-southeast-1,2,4.0,80,0,Standard
Linode,g6-highmem-4,ap-southeast-1,4,32.0,200,0,Standard
Linode,nanode,ap-northeast-1,1,1.0,25,0,Standard
Linode,g6-standard-2,ap-northeast-1,2,4.0,80,0,Standard
Linode,g6-highmem-4,ap-northeast-1,4,32.0,200,0,Standard
Linode,nanode,asia-south1,1,1.0,25,0,Standard
Linode,g6-standard-2,asia-south1,2,4.0,80,0,Standard
Linode,g6-highmem-4,asia-south1,4,32.0,200,0,Standard
Linode,nanode,me-central-1,1,1.0,25,0,Standard
Linode,g6-standard-2,me-central-1,2,4.0,80,0,Standard
Linode,g6-highmem-4,me-central-1,4,32.0,200,0,Standard
Linode,nanode,sa-east-1,1,1.0,25,0,Standard
Linode,g6-standard-2,sa-east-1,2,4.0,80,0,Standard
Linode,g6-highmem-4,sa-east-1,4,32.0,200,0,Standard
Hetzner,cx11,us-east-1,1,2.0,20,0,Standard
Hetzner,cx31,us-east-1,2,4.0,80,0,Standard
Hetzner,ccx51,us-east-1,8,64.0,400,0,Standard
Hetzner,cx11,us-west-1,1,2.0,20,0,Standard
Hetzner,cx31,us-west-1,2,4.0,80,0,Standard
Hetzner,ccx51,us-west-1,8,64.0,400,0,Standard
Hetzner,cx11,us-west-2,1,2.0,20,0,Standard
Hetzner,cx31,us-west-2,2,4.0,80,0,Standard
Hetzner,ccx51,us-west-2,8,64.0,400,0,Standard
Hetzner,cx11,eu-west-1,1,2.0,20,0,Standard
Hetzner,cx31,eu-west-1,2,4.0,80,0,Standard
Hetzner,ccx51,eu-west-1,8,64.0,400,0,Standard
Hetzner,cx11,eu-central-1,1,2.0,20,0,Standard
Hetzner,cx31,eu-central-1,2,4.0,80,0,Standard
Hetzner,ccx51,eu-central-1,8,64.0,400,0,Standard
Hetzner,cx11,ap-south-1,1,2.0,20,0,Standard
Hetzner,cx31,ap-south-1,2,4.0,80,0,Standard
Hetzner,ccx51,ap-south-1,8,64.0,400,0,Standard
Hetzner,cx11,ap-southeast-1,1,2.0,20,0,Standard
Hetzner,cx31,ap-southeast-1,2,4.0,80,0,Standard
Hetzner,ccx51,ap-southeast-1,8,64.0,400,0,Standard
Hetzner,cx11,ap-northeast-1,1,2.0,20,0,Standard
Hetzner,cx31,ap-northeast-1,2,4.0,80,0,Standard
Hetzner,ccx51,ap-northeast-1,8,64.0,400,0,Standard
Hetzner,cx11,asia-south1,1,2.0,20,0,Standard
Hetzner,cx31,asia-south1,2,4.0,80,0,Standard
Hetzner,ccx51,asia-south1,8,64.0,400,0,Standard
Hetzner,cx11,me-central-1,1,2.0,20,0,Standard
Hetzner,cx31,me-central-1,2,4.0,80,0,Standard
Hetzner,ccx51,me-central-1,8,64.0,400,0,Standard
Hetzner,cx11,sa-east-1,1,2.0,20,0,Standard
Hetzner,cx31,sa-east-1,2,4.0,80,0,Standard
Hetzner,ccx51,sa-east-1,8,64.0,400,0,Standard
AlibabaCloud,ecs.nano,us-east-1,1,0.5,20,0,Standard
AlibabaCloud,ecs.c6.large,us-east-1,2,8.0,100,0,Standard
AlibabaCloud,gn5i-c8g1,us-east-1,8,64.0,1000,1,Standard
AlibabaCloud,ecs.nano,us-west-1,1,0.5,20,0,Standard
AlibabaCloud,ecs.c6.large,us-west-1,2,8.0,100,0,Standard
AlibabaCloud,gn5i-c8g1,us-west-1,8,64.0,1000,1,Standard
AlibabaCloud,ecs.nano,us-west-2,1,0.5,20,0,Standard
AlibabaCloud,ecs.c6.large,us-west-2,2,8.0,100,0,Standard
AlibabaCloud,gn5i-c8g1,us-west-2,8,64.0,1000,1,Standard
AlibabaCloud,ecs.nano,eu-west-1,1,0.5,20,0,Standard
AlibabaCloud,ecs.c6.large,eu-west-1,2,8.0,100,0,Standard
AlibabaCloud,gn5i-c8g1,eu-west-1,8,64.0,1000,1,Standard
AlibabaCloud,ecs.nano,eu-central-1,1,0.5,20,0,Standard
AlibabaCloud,ecs.c6.large,eu-central-1,2,8.0,100,0,Standard
AlibabaCloud,gn5i-c8g1,eu-central-1,8,64.0,1000,1,Standard
AlibabaCloud,ecs.nano,ap-south-1,1,0.5,20,0,Standard
AlibabaCloud,ecs.c6.large,ap-south-1,2,8.0,100,0,Standard
AlibabaCloud,gn5i-c8g1,ap-south-1,8,64.0,1000,1,Standard
AlibabaCloud,ecs.nano,ap-southeast-1,1,0.5,20,0,Standard
AlibabaCloud,ecs.c6.large,ap-southeast-1,2,8.0,100,0,Standard
AlibabaCloud,gn5i-c8g1,ap-southeast-1,8,64.0,1000,1,Standard
AlibabaCloud,ecs.nano,ap-northeast-1,1,0.5,20,0,Standard
AlibabaCloud,ecs.c6.large,ap-northeast-1,2,8.0,100,0,Standard
AlibabaCloud,gn5i-c8g1,ap-northeast-1,8,64.0,1000,1,Standard
AlibabaCloud,ecs.nano,asia-south1,1,0.5,20,0,Standard
AlibabaCloud,ecs.c6.large,asia-south1,2,8.0,100,0,Standard
AlibabaCloud,gn5i-c8g1,asia-south1,8,64.0,1000,1,Standard
AlibabaCloud,ecs.nano,me-central-1,1,0.5,20,0,Standard
AlibabaCloud,ecs.c6.large,me-central-1,2,8.0,100,0,Standard
AlibabaCloud,gn5i-c8g1,me-central-1,8,64.0,1000,1,Standard
AlibabaCloud,ecs.nano,sa-east-1,1,0.5,20,0,Standard
AlibabaCloud,ecs.c6.large,sa-east-1,2,8.0,100,0,Standard
AlibabaCloud,gn5i-c8g1,sa-east-1,8,64.0,1000,1,Standard
TencentCloud,s1.small,us-east-1,1,1.0,25,0,Standard
TencentCloud,s2.medium,us-east-1,2,4.0,50,0,Standard
TencentCloud,gn6.large,us-east-1,4,8.0,100,0,Standard
TencentCloud,s1.small,us-west-1,1,1.0,25,0,Standard
TencentCloud,s2.medium,us-west-1,2,4.0,50,0,Standard
TencentCloud,gn6.large,us-west-1,4,8.0,100,0,Standard
TencentCloud,s1.small,us-west-2,1,1.0,25,0,Standard
TencentCloud,s2.medium,us-west-2,2,4.0,50,0,Standard
TencentCloud,gn6.large,us-west-2,4,8.0,100,0,Standard
TencentCloud,s1.small,eu-west-1,1,1.0,25,0,Standard
TencentCloud,s2.medium,eu-west-1,2,4.0,50,0,Standard
TencentCloud,gn6.large,eu-west-1,4,8.0,100,0,Standard
TencentCloud,s1.small,eu-central-1,1,1.0,25,0,Standard
TencentCloud,s2.medium,eu-central-1,2,4.0,50,0,Standard
TencentCloud,gn6.large,eu-central-1,4,8.0,100,0,Standard
TencentCloud,s1.small,ap-south-1,1,1.0,25,0,Standard
TencentCloud,s2.medium,ap-south-1,2,4.0,50,0,Standard
TencentCloud,gn6.large,ap-south-1,4,8.0,100,0,Standard
TencentCloud,s1.small,ap-southeast-1,1,1.0,25,0,Standard
TencentCloud,s2.medium,ap-southeast-1,2,4.0,50,0,Standard
TencentCloud,gn6.large,ap-southeast-1,4,8.0,100,0,Standard
TencentCloud,s1.small,ap-northeast-1,1,1.0,25,0,Standard
TencentCloud,s2.medium,ap-northeast-1,2,4.0,50,0,Standard
TencentCloud,gn6.large,ap-northeast-1,4,8.0,100,0,Standard
TencentCloud,s1.small,asia-south1,1,1.0,25,0,Standard
TencentCloud,s2.medium,asia-south1,2,4.0,50,0,Standard
TencentCloud,gn6.large,asia-south1,4,8.0,100,0,Standard
TencentCloud,s1.small,me-central-1,1,1.0,25,0,Standard
TencentCloud,s2.medium,me-central-1,2,4.0,50,0,Standard
TencentCloud,gn6.large,me-central-1,4,8.0,100,0,Standard
TencentCloud,s1.small,sa-east-1,1,1.0,25,0,Standard
TencentCloud,s2.medium,sa-east-1,2,4.0,50,0,Standard
TencentCloud,gn6.large,sa-east-1,4,8.0,100,0,Standard
OVHCloud,b2-7,us-east-1,2,7.0,50,0,Standard
OVHCloud,b2-15,us-east-1,4,15.0,100,0,Standard
OVHCloud,t1-45,us-east-1,8,30.0,200,0,Standard
OVHCloud,b2-7,us-west-1,2,7.0,50,0,Standard
OVHCloud,b2-15,us-west-1,4,15.0,100,0,Standard
OVHCloud,t1-45,us-west-1,8,30.0,200,0,Standard
OVHCloud,b2-7,us-west-2,2,7.0,50,0,Standard
OVHCloud,b2-15,us-west-2,4,15.0,100,0,Standard
OVHCloud,t1-45,us-west-2,8,30.0,200,0,Standard
OVHCloud,b2-7,eu-west-1,2,7.0,50,0,Standard
OVHCloud,b2-15,eu-west-1,4,15.0,100,0,Standard
OVHCloud,t1-45,eu-west-1,8,30.0,200,0,Standard
OVHCloud,b2-7,eu-central-1,2,7.0,50,0,Standard
OVHCloud,b2-15,eu-central-1,4,15.0,100,0,Standard
OVHCloud,t1-45,eu-central-1,8,30.0,200,0,Standard
OVHCloud,b2-7,ap-south-1,2,7.0,50,0,Standard
OVHCloud,b2-15,ap-south-1,4,15.0,100,0,Standard
OVHCloud,t1-45,ap-south-1,8,30.0,200,0,Standard
OVHCloud,b2-7,ap-southeast-1,2,7.0,50,0,Standard
OVHCloud,b2-15,ap-southeast-1,4,15.0,100,0,Standard
OVHCloud,t1-45,ap-southeast-1,8,30.0,200,0,Standard
OVHCloud,b2-7,ap-northeast-1,2,7.0,50,0,Standard
OVHCloud,b2-15,ap-northeast-1,4,15.0,100,0,Standard
OVHCloud,t1-45,ap-northeast-1,8,30.0,200,0,Standard
OVHCloud,b2-7,asia-south1,2,7.0,50,0,Standard
OVHCloud,b2-15,asia-south1,4,15.0,100,0,Standard
OVHCloud,t1-45,asia-south1,8,30.0,200,0,Standard
OVHCloud,b2-7,me-central-1,2,7.0,50,0,Standard
OVHCloud,b2-15,me-central-1,4,15.0,100,0,Standard
OVHCloud,t1-45,me-central-1,8,30.0,200,0,Standard
OVHCloud,b2-7,sa-east-1,2,7.0,50,0,Standard
OVHCloud,b2-15,sa-east-1,4,15.0,100,0,Standard
OVHCloud,t1-45,sa-east-1,8,30.0,200,0,Standard
AWS 701,t3.nano,us-east-1,3,0.5148271493430117,15,2,Standard
AWS 459,t3.micro,us-east-1 v21,3,0.9945832752853592,21,5,Standard
AWS 662,m5.large,us-east-1 v24,1,8.080892009394567,102,-3,Standard
AWS 161,c5.xlarge,us-east-1 v2,6,8.265954112640337,100,-4,Standard v21
AWS 475,g4dn.xlarge,us-east-1,8,16.03961029061158,128,-4,Standard
AWS 244,t3.nano,US-WEST-1,7,0.4949930485857627,7,1,Standard
AWS v3 167,t3.micro,us-west-1,1,1.0107544851901438,19,3,Standard
AWS 777,m5.large,us-west-1,-2,8.359108429802667,96,4,Standard
AWS 428,c5.xlarge,us-west-1,8,7.678137691205107,98,1,Standard
AWS v8 872,g4dn.xlarge,us-west-1,1,16.65491264332605,123,-3,Standard
AWS 106,t3.nano,us-west-2,0,0.4905855538044705,10,0,Standard
AWS 162,t3.micro,us-west-2,0,0.9684854455525528,16,4,Standard v44
AWS v10 725,m5.large v36,us-west-2,4,8.056355179524319,103,2,Standard
AWS 217,c5.xlarge,US-WEST-2,0,8.031753705911264,102,4,Standard
AWS 839,g4dn.xlarge,us-west-2,7,15.674037609126533,120,4,Standard
AWS 63,t3.nano,eu-west-1,5,0.5136122384648328,12,2,Standard
AWS 419,t3.micro,EU-WEST-1,7,0.9698842404088804,22,-3,STANDARD
AWS 41,m5.large,eu-west-1 v33,7,7.659235721387272,101,4,Standard
AWS v28 503,c5.xlarge,eu-west-1,5,8.28003086223184,96,-5,Standard v48
AWS 684,g4dn.xlarge,eu-west-1,5,16.270146004261772,124,-2,Standard
AWS 613,t3.nano,eu-central-1,4,0.4887360896495032,7,-5,Standard v35
AWS 767,t3.micro,eu-central-1,-1,1.0260785048616898,24,1,Standard
AWS 892,m5.large v14,eu-central-1,3,7.632346871630745,104,4,Standard
AWS 900,c5.xlarge,eu-central-1,1,7.625143348549387,101,-5,Standard v32
AWS 160,g4dn.xlarge,eu-central-1,3,15.5988675666382,130,-1,Standard v13
AWS 682,t3.nano,ap-south-1,3,0.4894875726456884,10,-4,Standard
AWS 640,t3.micro,ap-south-1,5,0.9605494259830272,18,5,Standard
AWS 190,m5.large,ap-south-1,6,7.697670363760539,103,1,Standard
AWS 628,c5.xlarge,ap-south-1,-1,7.817705799507708,105,3,Standard
AWS 411,g4dn.xlarge,ap-south-1,7,15.687650013052846,125,3,Standard
AWS v9 975,t3.nano,ap-southeast-1,1,0.5096218016445135,14,2,Standard
AWS 442,t3.micro,ap-southeast-1 v32,4,1.0203018958895178,15,-5,Standard
AWS 387,m5.large,ap-southeast-1,0,7.797500850270881,101,-4,Standard
AWS 2,c5.xlarge,ap-southeast-1,-1,7.71846954396272,102,-5,Standard v49
AWS 736,g4dn.xlarge,ap-southeast-1,0,15.85765922130917,126,0,Standard
AWS 684,t3.nano,ap-northeast-1,-3,0.5067175672350682,6,-1,Standard
AWS v26 184,t3.micro,ap-northeast-1,2,0.97420552715115,18,1,Standard v11
AWS v17 982,m5.large v38,ap-northeast-1,4,7.976240507556831,96,0,Standard
AWS 464,c5.xlarge,ap-northeast-1,9,8.253145498575508,95,3,Standard v6
AWS 403,g4dn.xlarge v29,ap-northeast-1,1,16.145428709101186,130,-1,Standard
AWS 489,t3.nano v26,asia-south1 v3,-1,0.4924332993645864,11,-2,Standard
AWS 641,t3.micro,asia-south1 v33,4,0.9886735346300536,16,2,Standard
AWS 151,m5.large,asia-south1,7,7.872853080840207,103,-4,Standard
AWS 572,c5.xlarge,asia-south1,8,7.806353302172124,104,3,Standard
AWS v49 160,g4dn.xlarge,asia-south1,0,16.79400591961268,124,0,Standard
AWS 152,t3.nano v9,me-central-1,5,0.492460478730633,7,-2,Standard
AWS 420,t3.micro,me-central-1 v33,4,1.0350928448767514,15,2,Standard
AWS 99,m5.large,me-central-1,2,8.135190603771383,97,3,Standard
AWS v25 720,c5.xlarge,me-central-1,0,7.728646441133999,96,-4,Standard v35
AWS 398,g4dn.xlarge,me-central-1,7,15.481480404283753,123,-4,Standard
AWS 135,t3.nano,sa-east-1,1,0.4839411354610664,12,2,Standard
AWS v3 470,t3.micro,sa-east-1,-3,0.9808060791852388,25,-3,Standard
AWS 776,m5.large,sa-east-1 v22,2,8.383114286620007,97,0,Standard
AWS 284,c5.xlarge,SA-EAST-1,9,7.947515492408343,99,-5,Standard
AWS 547,g4dn.xlarge,sa-east-1,-1,15.512388780476872,122,-1,Standard
Azure 99,B1s,us-east-1,-4,0.9543603771754434,9,0,Standard
Azure 607,B2s v41,us-east-1,1,4.1713274250350905,15,-1,Standard
Azure 928,D2s_v3,us-east-1,-1,8.384265266972836,48,-1,STANDARD
Azure 735,F4s_v2 v23,us-east-1,-1,7.853537604125022,96,3,Standard
Azure v3 663,NC6,us-east-1,8,53.59433033275744,376,1,Standard
Azure 986,B1s,us-west-1,-3,0.975416364906974,14,-4,Standard
Azure 246,B2s,us-west-1,-3,4.13946791796987,23,5,Standard
Azure 867,D2s_v3 v48,us-west-1,3,7.834873475411594,51,4,Standard
Azure v25 825,F4s_v2,us-west-1,6,8.330592442045177,104,1,Standard
Azure 512,NC6,us-west-1,4,57.67045300221393,375,3,Standard
AZURE 800,B1s,us-west-2,-2,0.9837995156851536,6,-4,Standard
Azure 698,B2s,US-WEST-2,3,4.06881045411808,17,3,Standard
Azure 692,D2s_v3,US-WEST-2,2,8.072666608455208,50,-5,Standard
Azure v42 993,F4s_v2,us-west-2,4,7.842612411738578,105,-1,Standard
Azure 774,NC6,us-west-2,8,57.51196389735222,379,2,Standard v4
Azure v45 936,B1s,eu-west-1,-1,0.991135390505668,7,1,Standard
Azure 670,B2S,eu-west-1,0,3.853098168897188,16,4,Standard
Azure 741,D2s_v3,eu-west-1,-1,8.236148955814963,47,4,Standard v26
Azure 634,F4s_v2 v26,eu-west-1 v23,7,8.150799920612293,95,4,Standard
Azure 237,NC6,eu-west-1,1,55.677172486494186,380,4,Standard v40
Azure 790,B1s,eu-central-1,0,1.013827059384335,11,-1,Standard
Azure 997,B2s,eu-central-1,3,3.81908645107666,24,-3,Standard
Azure 94,D2s_v3,eu-central-1,2,7.611514790903804,49,-5,Standard
Azure 341,F4s_v2,eu-central-1,2,7.740264215911471,104,4,Standard v48
Azure 762,NC6,EU-CENTRAL-1,7,55.139304198100646,379,2,Standard
Azure 906,B1s,ap-south-1,5,1.0449145731591385,8,-4,Standard v31
Azure 325,B2s,ap-south-1,6,4.173374523231793,15,2,Standard
Azure 497,D2s_v3,ap-south-1,0,8.09268093151193,51,-4,Standard
Azure 929,F4s_v2,ap-south-1,9,8.24075943574592,96,-3,Standard v33
Azure 417,NC6,ap-south-1,3,57.79558106416615,377,-4,Standard
Azure 754,B1s,ap-southeast-1,3,1.0405350641956064,6,-3,STANDARD
Azure 605,B2s,ap-southeast-1,-1,3.9346216859554906,24,2,Standard
Azure 617,D2s_v3,ap-southeast-1,6,8.145290935178231,46,-3,Standard
Azure 376,F4s_v2 v7,ap-southeast-1,2,8.154312286953552,96,5,Standard v29
Azure 394,NC6,ap-southeast-1,4,55.54049777760724,383,-1,Standard
Azure 99,B1s,ap-northeast-1,0,1.025061475164086,7,-5,Standard
Azure 663,B2s,ap-northeast-1,0,3.948807234317113,21,2,Standard
Azure v32 217,D2s_v3,ap-northeast-1,1,7.790877487832272,51,1,Standard
Azure 62,F4s_v2,ap-northeast-1,1,7.682499095068746,95,-5,Standard
Azure 177,NC6,ap-northeast-1 v20,9,54.99227776577143,385,-2,Standard
Azure 76,B1s,asia-south1,-1,0.9510837651480298,13,-3,Standard
Azure 506,B2s v9,asia-south1,3,4.182720354050582,18,-3,Standard
Azure 891,D2s_v3,asia-south1,1,7.673363317806785,53,-2,STANDARD
Azure 39,F4s_v2,asia-south1,3,8.201899623550144,101,3,Standard
Azure v45 133,NC6,asia-south1,5,55.96875370633445,381,5,Standard
Azure 658,B1s,me-central-1,-2,1.03877041827583,15,5,Standard
Azure 519,B2s,me-central-1,5,4.104604252686989,15,0,Standard
Azure 634,D2s_v3,me-central-1,4,7.658210405091355,46,5,Standard
Azure v2 648,F4s_v2,me-central-1,3,8.010660934953915,100,-3,Standard
Azure v48 217,NC6,me-central-1,1,58.130015824375135,375,2,Standard
Azure 167,B1s,sa-east-1,-1,0.9850218246700312,7,0,Standard
Azure 126,B2s,sa-east-1,7,3.8994896617721153,17,1,Standard
Azure 660,D2s_v3,sa-east-1,-1,7.802945739098511,46,4,Standard
Azure 1,F4s_v2,sa-east-1,6,7.694020997421684,103,1,Standard
Azure 409,NC6,sa-east-1,3,56.4668650845441,383,-4,Standard
GCP 80,e2-micro,us-east-1 v33,2,0.9936335831606556,14,-1,Standard
GCP 227,e2-small,us-east-1,2,2.084928666044719,19,-2,Standard
GCP 305,n1-standard-2,us-east-1,-1,7.851976901714323,46,3,Standard
GCP 471,n2-standard-8,us-east-1,3,32.408185856269,200,-3,Standard v16
GCP v11 972,a2-highgpu-1g,us-east-1,16,88.82849761465074,102,1,Standard
GCP 348,e2-micro,US-WEST-1,4,1.0120132597801537,12,4,Standard
GCP 732,e2-small,us-west-1,0,1.9927396809879965,24,-4,Standard v28
GCP 959,n1-standard-2,us-west-1 v37,5,7.319962397140697,55,0,Standard
GCP 461,n2-standard-8,us-west-1,3,31.295243222940627,199,-2,Standard
GCP 256,a2-highgpu-1g,us-west-1,9,87.74156656484693,96,-2,Standard
GCP 824,e2-micro,us-west-2,1,1.011341519593579,6,4,Standard
GCP 801,E2-SMALL,us-west-2,-2,2.010317574508814,19,1,Standard
GCP 853,n1-standard-2,us-west-2,2,7.7329149980863745,45,5,Standard
GCP 795,n2-standard-8,us-west-2,12,31.61885074121927,200,5,Standard
GCP v49 405,a2-highgpu-1g,us-west-2,7,84.73389185825725,97,-4,Standard
GCP 863,e2-micro,eu-west-1,3,1.036472237625505,5,-1,Standard
GCP 997,e2-small,eu-west-1,1,2.099327367414781,19,1,Standard
GCP 78,n1-standard-2,eu-west-1 v37,6,7.762235543008059,45,-1,Standard
GCP 446,n2-standard-8,eu-west-1,11,30.813310128484783,197,-2,STANDARD
GCP 551,a2-highgpu-1g,eu-west-1 v1,7,87.18449262346394,96,3,Standard
GCP 891,e2-micro v26,eu-central-1,6,1.0020307700903794,10,-3,Standard
GCP 990,e2-small,eu-central-1,-2,2.070436300063708,20,-1,Standard
GCP 853,n1-standard-2 v30,eu-central-1,7,7.427612149659298,51,-1,STANDARD
GCP 704,n2-standard-8,eu-central-1 v14,4,32.97614293606196,201,0,Standard
GCP 435,a2-highgpu-1g,eu-central-1 v34,12,85.91874672110602,96,6,Standard
GCP 335,E2-MICRO,ap-south-1,-2,0.98482554670233,10,-5,Standard v24
GCP 797,e2-small,ap-south-1,3,2.0047204552030022,15,-1,Standard
GCP 508,n1-standard-2,ap-south-1 v4,6,7.819940718871121,54,-5,Standard
GCP 450,n2-standard-8 v20,ap-south-1,10,30.546756052494825,200,-1,Standard
GCP v13 111,a2-highgpu-1g,ap-south-1,17,85.67702444300978,105,-2,Standard
GCP v23 360,e2-micro,ap-southeast-1 v16,7,0.963882717264941,12,-2,Standard
GCP 667,e2-small,ap-southeast-1,0,1.969133456664773,17,-3,Standard
GCP 789,n1-standard-2 v29,ap-southeast-1,-2,7.576451546655719,47,-3,Standard
GCP 838,n2-standard-8,ap-southeast-1,7,31.50426440903164,204,0,Standard v21
GCP 945,a2-highgpu-1g,ap-southeast-1,7,85.29259978172645,104,-3,Standard
GCP 249,e2-micro,ap-northeast-1,6,1.0190394828629366,13,4,Standard
GCP 831,e2-small,ap-northeast-1 v47,5,2.0375569434192164,22,5,Standard
GCP 625,n1-standard-2,ap-northeast-1 v48,-3,7.332658236110403,45,2,Standard
GCP 526,n2-standard-8,ap-northeast-1,5,30.99046726194041,202,0,Standard
GCP 526,a2-highgpu-1g v26,ap-northeast-1,13,85.26575890877504,96,5,Standard
GCP 919,e2-micro,asia-south1,7,0.975243694434402,11,-3,Standard v47
GCP 806,e2-small,asia-south1,7,2.006422697053063,16,4,STANDARD
GCP 485,n1-standard-2,ASIA-SOUTH1,-1,7.422872874378061,53,1,Standard
GCP 474,n2-standard-8,asia-south1,12,32.20468829446028,195,1,Standard v22
GCP v44 580,a2-highgpu-1g,asia-south1,15,88.3194818862891,98,4,Standard
GCP 111,e2-micro,me-central-1,6,1.0289171238607338,6,-2,Standard
GCP 748,e2-small,me-central-1 v22,-2,2.011548453190088,22,-5,Standard
GCP v19 320,n1-standard-2,me-central-1 v42,5,7.378085125403938,48,4,Standard
GCP 741,n2-standard-8,me-central-1,4,31.18193009748689,205,0,STANDARD
GCP v33 503,a2-highgpu-1g,me-central-1,11,81.61515101727343,100,1,Standard
GCP v48 137,e2-micro v4,sa-east-1,7,0.9587887624540145,12,1,Standard
GCP 548,e2-small,sa-east-1,3,1.9103270955749023,22,-1,Standard
GCP 847,n1-standard-2,sa-east-1 v24,2,7.423391699284306,55,-2,Standard
GCP 947,n2-standard-8,sa-east-1,8,33.520214921424454,202,0,Standard
GCP 26,a2-highgpu-1g,sa-east-1,15,86.85688680211071,105,3,Standard
OracleCloud 410,VM.Standard.E2.1,us-east-1,-2,1.0338582558702625,24,0,Standard
OracleCloud 532,VM.Standard2.2,us-east-1,2,8.168761983069398,98,-5,Standard
OracleCloud 654,BM.GPU2.2,us-east-1,11,120.3580802781734,495,5,Standard
OracleCloud 845,VM.Standard.E2.1,us-west-1,1,1.0081238221422613,30,-2,Standard
OracleCloud v43 261,VM.Standard2.2 v3,us-west-1,-3,7.895384385207917,102,4,Standard
OracleCloud 642,BM.GPU2.2,us-west-1,17,120.58706375866772,496,3,Standard
OracleCloud 777,VM.Standard.E2.1,us-west-2,-1,0.9754640654763764,24,3,Standard v17
OracleCloud 419,VM.Standard2.2,us-west-2,7,7.978532960841513,100,1,Standard
OracleCloud v30 376,BM.GPU2.2,us-west-2,11,124.20872952019748,496,0,Standard
OracleCloud 513,VM.Standard.E2.1,eu-west-1,6,1.0438340456821038,22,-3,Standard
OracleCloud 873,VM.Standard2.2,eu-west-1,4,8.177277240601022,102,5,Standard
OracleCloud 379,BM.GPU2.2 v37,eu-west-1 v14,13,115.97118957517192,499,-2,Standard
OracleCloud 402,VM.STANDARD.E2.1,eu-central-1,5,1.0407866130462515,28,4,Standard v25
OracleCloud 637,VM.Standard2.2,eu-central-1,4,7.961558881039231,102,-3,Standard
OracleCloud 145,BM.GPU2.2,eu-central-1,16,120.4773727429756,495,4,Standard
OracleCloud 616,VM.Standard.E2.1,ap-south-1,-4,0.9891482110201502,21,-1,Standard
OracleCloud 646,VM.Standard2.2,ap-south-1,4,8.099390396731193,97,0,Standard
OracleCloud 15,BM.GPU2.2 v3,ap-south-1,17,122.76658964171162,504,-1,Standard
OracleCloud 420,VM.Standard.E2.1 v47,ap-southeast-1,-4,1.003346109197632,26,5,Standard
ORACLECLOUD 951,VM.Standard2.2 v29,ap-southeast-1,2,8.201922496031058,99,5,Standard
OracleCloud v33 865,BM.GPU2.2,ap-southeast-1,14,120.8386762184558,504,0,Standard v10
OracleCloud 157,VM.Standard.E2.1,ap-northeast-1,1,1.0321257304672014,23,2,Standard v15
OracleCloud v8 411,VM.Standard2.2,ap-northeast-1,1,7.989085985596486,98,-4,Standard
OracleCloud 811,BM.GPU2.2 v31,ap-northeast-1,13,122.3273813336052,498,5,Standard
OracleCloud 134,VM.Standard.E2.1 v27,asia-south1,0,1.0326798827809078,29,2,Standard v38
OracleCloud 396,VM.Standard2.2,asia-south1,4,7.938877489936386,104,5,Standard
OracleCloud 993,BM.GPU2.2,asia-south1,20,121.03475798420158,496,4,Standard
ORACLECLOUD 133,VM.Standard.E2.1,me-central-1,3,1.037212390894415,23,-2,Standard
ORACLECLOUD 604,VM.Standard2.2,me-central-1,4,7.61841808383011,104,-5,Standard
OracleCloud 297,BM.GPU2.2 v31,me-central-1,20,114.82705847240663,497,3,STANDARD
ORACLECLOUD 405,VM.Standard.E2.1,sa-east-1,1,1.0410686198255714,20,-1,Standard
OracleCloud 825,VM.Standard2.2,sa-east-1,6,8.271118469156747,100,1,Standard
OracleCloud 936,BM.GPU2.2,sa-east-1,11,124.43875634474551,501,-2,Standard
IBMCloud 202,bx2-2x8 v15,us-east-1,1,7.903444558708439,49,3,Standard
IBMCloud v26 602,bx2-4x16,us-east-1,7,15.3828276800891,98,3,Standard
IBMCloud v11 418,gpus-1,us-east-1,8,31.50830718197108,196,6,Standard
IBMCloud v27 179,bx2-2x8,us-west-1,-3,8.069654579309255,55,5,Standard
IBMCloud 161,bx2-4x16 v24,us-west-1 v25,5,15.464821307884758,99,2,Standard
IBMCloud 666,gpus-1,us-west-1,3,32.89758626414748,205,1,Standard
IBMCloud 84,bx2-2x8,us-west-2 v28,-2,8.130829897613369,51,-5,Standard
IBMCloud 476,bx2-4x16,us-west-2,7,15.43786036440498,100,0,Standard
IBMCloud 318,gpus-1,us-west-2,10,32.00702403305998,195,2,Standard v19
IBMCloud 18,bx2-2x8,eu-west-1 v32,-3,7.629239734278476,52,-3,Standard
IBMCloud 113,bx2-4x16,eu-west-1,-1,16.440844186712017,96,-4,Standard v28
IBMCloud 897,GPUS-1,eu-west-1,4,31.990438236228,197,-1,Standard
IBMCloud 800,bx2-2x8,eu-central-1,4,8.289428496810814,51,-3,Standard
IBMCloud v10 87,bx2-4x16,eu-central-1,8,16.635888655710215,96,-5,Standard
IBMCloud 8,gpus-1,eu-central-1,9,30.899688311571808,196,2,Standard v29
IBMCloud v1 443,bx2-2x8,ap-south-1,5,7.777577729546359,52,1,Standard
IBMCloud 51,bx2-4x16,ap-south-1,6,15.366573731175318,99,-3,Standard
IBMCloud 803,gpus-1,ap-south-1,3,32.18150907130677,202,-3,Standard
IBMCloud 165,bx2-2x8 v32,ap-southeast-1 v24,4,8.245480119170068,48,-2,Standard
IBMCloud 7,bx2-4x16,ap-southeast-1,4,15.527974872665313,101,-4,Standard
IBMCloud 381,gpus-1,ap-southeast-1 v10,9,32.75489476222721,199,-2,Standard v48
IBMCloud 897,bx2-2x8,ap-northeast-1,-1,8.066433248775754,46,-4,Standard
IBMCloud 707,bx2-4x16,ap-northeast-1,3,15.7469077627166,104,-4,Standard
IBMCloud v23 934,gpus-1,ap-northeast-1,9,31.257803650633203,199,0,Standard
IBMCloud 506,bx2-2x8,asia-south1,5,7.948901223308253,47,-2,Standard
IBMCloud v22 727,bx2-4x16,asia-south1,6,15.382780681472637,102,5,Standard
IBMCloud 552,gpus-1,asia-south1,3,31.95129077488111,195,4,Standard
IBMCloud 758,bx2-2x8,me-central-1,-2,8.106782575860917,51,3,Standard
IBMCloud 442,bx2-4x16,me-central-1,4,16.53588837887888,98,4,Standard
IBMCloud 146,gpus-1,me-central-1,4,31.271383444861986,205,1,STANDARD
IBMCloud v21 17,bx2-2x8,sa-east-1,6,8.061213180411404,50,-4,Standard
IBMCloud 629,bx2-4x16,sa-east-1,3,16.242272621362982,104,1,Standard
IBMCloud 287,gpus-1,sa-east-1,12,30.84805932371344,205,4,Standard
DigitalOcean 455,s-1vcpu-1gb v6,us-east-1,6,1.0097413102170307,28,-1,Standard
DigitalOcean 476,s-2vcpu-4gb,us-east-1,6,4.165764778369984,84,-1,Standard
DIGITALOCEAN 819,g-2vcpu-8gb,us-east-1 v46,-2,7.733026695004863,105,-5,Standard
DigitalOcean 296,s-1vcpu-1gb,us-west-1,0,1.010315210946639,29,-1,Standard v11
DigitalOcean v11 227,s-2vcpu-4gb,us-west-1,0,4.087618362073698,81,2,Standard
DigitalOcean 406,g-2vcpu-8gb,us-west-1,2,7.980840321759279,102,0,Standard
DigitalOcean 751,s-1vcpu-1gb,us-west-2,0,0.9983754941932412,29,-2,Standard
DigitalOcean 958,s-2vcpu-4gb,us-west-2,0,3.8648055511566337,78,5,Standard v17
DigitalOcean 154,g-2vcpu-8gb,us-west-2,7,8.077474279133511,96,3,Standard
DigitalOcean 17,s-1vcpu-1gb,eu-west-1,-3,0.9606598253133772,28,2,Standard
DigitalOcean 42,s-2vcpu-4gb,eu-west-1,-3,3.99819652648248,85,2,Standard
DigitalOcean v25 478,g-2vcpu-8gb,eu-west-1 v39,-1,8.25528185413936,99,-3,STANDARD
DigitalOcean 44,s-1vcpu-1gb,eu-central-1,1,1.0090230666869089,22,-1,Standard
DigitalOcean 569,s-2vcpu-4gb,eu-central-1,7,4.1669254301848975,75,4,Standard
DigitalOcean 776,g-2vcpu-8gb,eu-central-1,3,8.017040533930855,102,-3,Standard
DigitalOcean 976,s-1vcpu-1gb,ap-south-1 v31,0,1.025903584553885,24,0,Standard
DigitalOcean 268,s-2vcpu-4gb,ap-south-1,2,4.192230720071995,76,3,Standard
DigitalOcean 16,g-2vcpu-8gb,ap-south-1,7,8.390134406397317,104,4,Standard
DigitalOcean 86,s-1vcpu-1gb,ap-southeast-1,2,1.0499353499565836,29,-1,Standard
DigitalOcean 498,s-2vcpu-4gb v7,ap-southeast-1,1,4.092409468583313,77,2,Standard
DigitalOcean 995,g-2vcpu-8gb,ap-southeast-1 v23,-2,8.196051638496176,98,1,Standard
DigitalOcean v18 620,s-1vcpu-1gb v42,ap-northeast-1,2,0.9537007634715492,27,-3,Standard
DigitalOcean 986,s-2vcpu-4gb v45,ap-northeast-1,-2,4.153999342609312,85,2,Standard
DigitalOcean v23 349,g-2vcpu-8gb,ap-northeast-1,3,7.852232270264488,95,-2,Standard
DigitalOcean 493,s-1vcpu-1gb,asia-south1,1,0.981875250293207,21,-5,Standard v16
DigitalOcean 414,s-2vcpu-4gb v42,asia-south1,-2,3.809760312622615,84,-4,Standard
DigitalOcean 39,g-2vcpu-8gb,asia-south1 v13,-2,8.351254158810317,97,5,Standard
DigitalOcean v46 748,s-1vcpu-1gb,me-central-1,-1,0.9552683835977228,20,-1,Standard
DigitalOcean 926,s-2vcpu-4gb,me-central-1,5,4.032302882890932,83,4,STANDARD
DigitalOcean 3,g-2vcpu-8gb,me-central-1 v25,3,8.018015353307618,95,-5,STANDARD
DigitalOcean 958,s-1vcpu-1gb,sa-east-1,3,0.978723899165408,23,-4,Standard
DigitalOcean 975,s-2vcpu-4gb,sa-east-1,1,3.816837275854545,75,-1,Standard
DigitalOcean 140,g-2vcpu-8gb,SA-EAST-1,5,7.6875740789432925,103,2,Standard v4
Linode 380,nanode,us-east-1,6,1.0449961183950225,24,5,Standard
Linode 62,g6-standard-2 v6,us-east-1,3,4.151647323024866,82,5,Standard
Linode v13 584,g6-highmem-4,us-east-1 v34,7,32.778729033259594,198,5,Standard
Linode v20 226,nanode,us-west-1,1,1.010773679487886,29,5,Standard
Linode 259,g6-standard-2,us-west-1,5,3.88819448362807,75,4,Standard
Linode 47,g6-highmem-4,us-west-1,6,31.520400829333536,199,0,Standard
Linode 890,nanode,us-west-2,2,1.0383785884963426,22,-2,Standard
Linode 62,g6-standard-2 v49,us-west-2,7,3.958496807561064,76,-4,Standard
Linode 781,g6-highmem-4,us-west-2,-1,30.892466900287538,197,0,Standard
Linode 580,nanode,eu-west-1,3,1.024787160409223,28,3,Standard
Linode 323,g6-standard-2,eu-west-1,1,3.836594734959102,83,2,Standard
Linode 521,g6-highmem-4,eu-west-1 v28,7,30.54200532330636,196,4,Standard
Linode v15 226,nanode,eu-central-1,3,1.043158948831899,30,5,Standard
Linode 251,g6-standard-2,eu-central-1,4,3.901059637584354,80,2,Standard
Linode v5 973,g6-highmem-4,eu-central-1,8,32.10432806208244,199,-1,Standard
Linode 323,nanode v17,ap-south-1,-3,0.9995146527013974,22,4,Standard
Linode 973,g6-standard-2,ap-south-1,4,4.064844804042626,82,5,Standard
Linode 92,g6-highmem-4,ap-south-1,-1,33.21161595633651,197,2,Standard
Linode 345,nanode,ap-southeast-1 v33,6,1.0367294200959802,28,5,Standard v45
Linode 700,g6-standard-2,ap-southeast-1,1,4.07205630870412,85,0,Standard
Linode v7 31,g6-highmem-4,ap-southeast-1,3,33.21878642943657,204,3,Standard
LINODE 670,NANODE,ap-northeast-1,2,0.9505145170754716,30,-1,STANDARD
Linode 525,g6-standard-2,ap-northeast-1 v39,-2,4.1271868096476245,81,-4,Standard v32
Linode v46 223,g6-highmem-4,ap-northeast-1,9,33.53979576968776,195,2,Standard
Linode 326,nanode,asia-south1,-3,1.0134005703099611,27,-3,Standard
Linode 278,g6-standard-2,asia-south1 v19,3,4.0165066314704445,76,-1,Standard v29
Linode 731,g6-highmem-4,asia-south1,2,30.95601112098421,198,-4,Standard v4
LINODE 22,nanode,me-central-1,-4,1.0270984292532137,20,4,Standard v1
Linode v26 763,g6-standard-2,ME-CENTRAL-1,4,3.818296813525005,76,-2,Standard
Linode 33,g6-highmem-4,me-central-1,1,32.30206674953134,201,5,Standard
Linode 570,nanode,sa-east-1,1,0.9871833529238724,22,5,Standard
Linode 977,g6-standard-2 v23,sa-east-1,6,3.863575313310703,76,-2,Standard
Linode 797,G6-HIGHMEM-4,sa-east-1,1,31.84443847785496,201,1,Standard
Hetzner 22,cx11,us-east-1 v29,6,1.944153922557752,16,-2,Standard
Hetzner 604,cx31,us-east-1,7,3.909303810799284,75,2,Standard
Hetzner v29 84,ccx51,us-east-1,7,66.62095687006604,399,5,Standard
Hetzner 257,cx11 v6,us-west-1,-2,1.954843040469734,17,5,Standard
Hetzner 832,cx31,us-west-1,6,4.157639681471654,76,-3,Standard
Hetzner 60,ccx51 v49,us-west-1,11,65.37551385729438,396,5,Standard v8
Hetzner 591,cx11,us-west-2,4,2.073724633591122,19,2,Standard
Hetzner 387,cx31,us-west-2,7,4.137913291246755,78,1,Standard
Hetzner 916,ccx51,us-west-2 v29,7,66.63575062374343,404,-3,Standard
Hetzner 894,cx11,eu-west-1,4,1.9002463670332848,21,-5,Standard
Hetzner 956,cx31,eu-west-1 v44,0,3.972122357959785,80,3,Standard
Hetzner 344,ccx51,eu-west-1,8,64.52461697225215,399,-4,Standard
Hetzner 789,cx11,eu-central-1,3,1.9620723917847147,15,2,Standard
Hetzner 301,cx31 v18,eu-central-1,-2,3.9919755338868494,80,5,Standard
Hetzner 392,ccx51,eu-central-1,11,66.30478334201091,400,3,Standard
Hetzner v11 889,cx11,ap-south-1,1,2.0498323278202566,23,-5,Standard v12
Hetzner 936,cx31,ap-south-1,2,4.047262293727248,78,-5,Standard v10
Hetzner 801,ccx51,ap-south-1,4,62.88935237276155,396,-5,Standard
Hetzner 103,CX11,ap-southeast-1 v41,-4,2.0649028093793667,24,0,Standard
Hetzner v2 143,cx31,ap-southeast-1,2,4.027016339304623,84,-4,Standard
Hetzner 317,ccx51,ap-southeast-1,4,61.06357436978734,395,2,Standard v11
Hetzner 73,cx11,ap-northeast-1,-2,2.079244260537008,23,0,Standard
Hetzner 716,cx31,ap-northeast-1,3,4.045177669946242,83,-4,STANDARD
Hetzner 383,ccx51,ap-northeast-1,10,66.86304296083864,398,5,Standard
Hetzner v7 22,cx11 v11,asia-south1,-1,2.010600290518392,20,4,Standard
Hetzner 14,cx31,asia-south1,6,3.992361532579594,83,4,Standard
Hetzner 243,ccx51,asia-south1,13,65.43888998319397,401,3,Standard v45
Hetzner v19 695,cx11 v46,me-central-1,-1,2.048855813118992,21,-1,Standard
Hetzner 723,cx31,me-central-1,-1,3.864669017658721,80,-4,Standard
Hetzner 924,ccx51 v22,me-central-1,7,67.17653706276315,403,5,Standard v3
HETZNER 903,cx11 v10,sa-east-1,-2,2.036045648486258,20,-5,Standard
Hetzner 805,cx31,sa-east-1 v12,-3,4.147309002163352,84,2,Standard v20
Hetzner 562,ccx51,sa-east-1,6,65.50624191146082,398,2,Standard
AlibabaCloud 117,ecs.nano v49,us-east-1,-2,0.5039337704286196,18,4,Standard
AlibabaCloud v34 774,ecs.c6.large,us-east-1,0,8.298738590465328,96,-2,Standard
AlibabaCloud 246,gn5i-c8g1,us-east-1,9,62.57169790230433,997,5,Standard
AlibabaCloud 911,ecs.nano,us-west-1,-2,0.5061483291781741,22,-1,Standard
AlibabaCloud 298,ecs.c6.large v33,us-west-1,-1,8.220800165628344,98,1,Standard
AlibabaCloud 553,gn5i-c8g1,us-west-1,4,61.95825249734074,999,1,Standard v45
AlibabaCloud 985,ecs.nano,us-west-2,1,0.5185374950636256,22,1,Standard
AlibabaCloud 891,ecs.c6.large,us-west-2,0,8.074360681147942,100,-5,Standard
AlibabaCloud 229,gn5i-c8g1,us-west-2,11,67.00423886294584,996,-2,Standard
AlibabaCloud 301,ecs.nano v5,eu-west-1,-4,0.51367365628433,22,-2,Standard
AlibabaCloud 605,ecs.c6.large v23,eu-west-1,7,8.306967735728602,100,4,Standard
AlibabaCloud 133,gn5i-c8g1,eu-west-1,12,65.08409856933991,1003,-4,Standard
AlibabaCloud v20 284,ecs.nano v8,eu-central-1,6,0.5224291677425716,23,0,Standard v20
AlibabaCloud 497,ecs.c6.large v43,eu-central-1,1,7.885385642432001,99,-5,Standard
AlibabaCloud 957,gn5i-c8g1,eu-central-1,10,65.95628897888034,1000,6,Standard
AlibabaCloud 511,ecs.nano,ap-south-1,-1,0.4884874805758494,16,3,STANDARD
AlibabaCloud 35,ecs.c6.large,ap-south-1 v37,0,7.641357469793221,95,1,Standard
AlibabaCloud 691,gn5i-c8g1 v6,ap-south-1 v37,7,61.36675573902875,995,-4,Standard
AlibabaCloud v14 251,ecs.nano,ap-southeast-1 v12,5,0.4948689494232201,16,2,Standard
AlibabaCloud v43 223,ecs.c6.large,AP-SOUTHEAST-1,-2,7.8585045256562225,103,1,Standard
AlibabaCloud 294,gn5i-c8g1,ap-southeast-1,10,64.0998145829072,996,2,Standard v44
AlibabaCloud v20 746,ecs.nano,ap-northeast-1,2,0.4764986794936339,18,-4,Standard
AlibabaCloud 776,ecs.c6.large,ap-northeast-1,3,7.729905515729857,99,-5,Standard
AlibabaCloud 311,gn5i-c8g1,ap-northeast-1,8,66.35611042801604,1000,-3,Standard v1
AlibabaCloud 978,ecs.nano,asia-south1,2,0.5222307109737012,24,-4,Standard
AlibabaCloud 588,ecs.c6.large v17,asia-south1,6,8.295123987582974,102,-5,Standard
AlibabaCloud 1,GN5I-C8G1,asia-south1 v27,10,65.89126637885698,998,-4,STANDARD
AlibabaCloud v19 958,ecs.nano,me-central-1,0,0.5083485758495454,23,4,Standard
AlibabaCloud v28 161,ecs.c6.large,me-central-1,-2,8.399530980616532,100,3,Standard
AlibabaCloud 159,gn5i-c8g1,me-central-1,11,67.15735639909522,1003,0,Standard v13
AlibabaCloud 614,ecs.nano,sa-east-1 v41,6,0.5189257780650673,20,-2,Standard
AlibabaCloud 851,ecs.c6.large,sa-east-1 v19,2,8.321100519670756,103,1,Standard
AlibabaCloud 725,gn5i-c8g1,sa-east-1,13,63.20430241204305,1000,2,Standard v25
TencentCloud 915,s1.small,us-east-1 v15,-4,0.9866461534871398,26,-1,Standard
TencentCloud v29 940,s2.medium,us-east-1 v25,-3,3.895017652349731,45,-3,Standard
TencentCloud 962,gn6.large,us-east-1 v38,8,8.06964936616092,102,4,Standard
TencentCloud 816,s1.small v46,us-west-1,4,0.987978578017923,29,2,Standard
TencentCloud 665,s2.medium,us-west-1,-2,3.991672751051893,49,4,Standard
TencentCloud 783,gn6.large,us-west-1,3,7.919058224717521,99,-2,Standard
TencentCloud 364,s1.small,us-west-2,6,1.0264883261542128,25,-4,Standard
TENCENTCLOUD 619,s2.medium,us-west-2,7,4.008493652994134,49,1,Standard
TencentCloud 715,gn6.large,us-west-2,5,8.317371431872099,99,3,Standard v36
TencentCloud 802,s1.small,eu-west-1,-2,0.956026739028956,24,0,Standard v19
TencentCloud 669,s2.medium,eu-west-1,0,3.902710627088203,48,5,Standard
TencentCloud 670,gn6.large v47,eu-west-1,1,8.064745642610237,104,-2,Standard
TencentCloud 459,s1.small v18,eu-central-1 v2,-4,1.047672523866258,29,3,Standard v30
TencentCloud 909,s2.medium,eu-central-1,3,4.072447141585993,54,1,Standard
TencentCloud 445,gn6.large,eu-central-1,5,7.836222631376248,95,4,Standard
TencentCloud 886,s1.small,ap-south-1,5,1.0417752489171377,23,-2,Standard
TencentCloud 559,s2.medium v7,ap-south-1,2,4.020090616862505,52,4,Standard
TencentCloud v13 521,gn6.large,ap-south-1 v22,4,8.012140136266986,103,4,Standard
TencentCloud 584,s1.small,ap-southeast-1 v15,5,0.9674773442827376,28,4,Standard
TencentCloud 531,s2.medium,ap-southeast-1 v24,-3,3.894748223589793,49,-2,Standard v24
TencentCloud 676,gn6.large v36,ap-southeast-1,5,8.134039919433176,96,-3,Standard
TencentCloud 483,S1.SMALL,ap-northeast-1 v10,-4,0.9923944812913302,24,-5,Standard
TencentCloud v44 662,s2.medium,AP-NORTHEAST-1,-2,3.9891567862532726,49,-5,Standard
TencentCloud 650,GN6.LARGE,ap-northeast-1,3,8.113577200354612,101,5,Standard
TencentCloud 263,s1.small v9,asia-south1,4,0.999676685885917,21,-3,Standard
TencentCloud 637,s2.medium,asia-south1,1,4.07033649803495,54,0,Standard
TencentCloud 280,gn6.large,asia-south1,5,8.179613481118894,105,1,Standard
TencentCloud 288,s1.small,me-central-1,-2,1.010321941021337,25,4,Standard
TencentCloud 741,s2.medium,me-central-1,3,4.109049090979753,48,2,Standard
TencentCloud 891,gn6.large v33,me-central-1,2,7.753493859774994,102,-5,Standard
TencentCloud 828,s1.small,sa-east-1,1,0.9854996305831938,23,-5,Standard
TencentCloud v2 230,s2.medium,sa-east-1,1,3.8279726422837737,49,2,Standard
TencentCloud 342,gn6.large,sa-east-1 v8,0,8.14410554488276,104,-3,Standard
OVHCLOUD 209,b2-7,us-east-1 v6,-2,7.345897552854817,46,0,Standard
OVHCloud 662,b2-15 v35,us-east-1,0,14.919528526796464,98,2,Standard
OVHCloud 208,t1-45,us-east-1,12,31.372875853516145,203,1,Standard
OVHCloud 912,b2-7,us-west-1,6,6.717673514752704,53,1,Standard
OVHCloud 515,b2-15,us-west-1,-1,14.70127966252988,102,-2,Standard
OVHCloud 980,t1-45,us-west-1,9,29.697947747427925,202,0,Standard v5
OVHCloud 149,b2-7,us-west-2,4,7.188019863351955,45,3,Standard v30
OVHCloud 743,b2-15,us-west-2,2,15.18537853200414,96,2,Standard
OVHCloud 738,t1-45,us-west-2 v32,3,30.325459237979373,200,-2,Standard
OVHCloud v14 361,b2-7,eu-west-1,0,6.86218984916173,46,-4,Standard
OVHCloud 449,b2-15,eu-west-1,3,14.769482652883504,103,3,Standard
OVHCloud 196,t1-45,eu-west-1 v11,5,29.69094455122285,201,4,Standard
OVHCloud 939,b2-7,eu-central-1,-2,7.010975599387549,47,0,STANDARD
OVHCloud 12,b2-15,eu-central-1 v15,4,15.099863043257129,98,4,Standard
OVHCloud 216,t1-45,eu-central-1,3,28.84909919365643,196,-3,Standard v30
OVHCloud 848,b2-7,ap-south-1,6,7.257639683075215,50,-3,Standard
OVHCLOUD 578,b2-15,ap-south-1 v7,2,15.478102506111409,99,-3,Standard
OVHCloud 978,t1-45,ap-south-1,13,30.584853266707384,196,-2,Standard
OVHCloud 289,b2-7,ap-southeast-1,6,7.225736394544054,53,0,Standard
OVHCloud v36 899,b2-15,ap-southeast-1,-1,15.159379406626464,100,-2,Standard
OVHCloud 482,t1-45,ap-southeast-1,5,29.695989083316935,203,-1,Standard
OVHCloud 79,b2-7,ap-northeast-1,4,6.9847638161336505,48,3,Standard
OVHCloud 989,b2-15,ap-northeast-1,2,14.369948091538951,98,-4,Standard
OVHCloud 60,t1-45,ap-northeast-1,8,28.500997518361466,205,-4,Standard
OVHCloud 467,b2-7,asia-south1,3,6.756417397190053,47,-1,Standard
OVHCloud 690,b2-15,asia-south1,0,14.93970063565398,96,5,Standard
OVHCloud 905,t1-45,asia-south1,10,29.39206514471052,201,-3,Standard
OVHCLOUD 400,b2-7,me-central-1,-1,6.702240870035957,47,1,Standard v16
OVHCloud 101,b2-15,me-central-1,-1,15.014133192224683,101,2,Standard v17
OVHCloud 124,t1-45,me-central-1,9,29.16240788935692,198,-2,Standard
OVHCloud 703,b2-7,sa-east-1,2,6.94825836872326,49,-2,Standard
OVHCloud 741,b2-15,sa-east-1,1,14.801639026315934,100,1,Standard
OVHCloud 405,t1-45,sa-east-1 v22,7,28.533093793285943,196,5,Standard
AWS 471,t3.nano,us-east-1,2,0.5145168867930074,9,4,Standard
AWS 242,t3.micro v39,us-east-1,1,0.9715201872017236,19,4,Standard
AWS 465,m5.large,us-east-1,1,7.759085022220237,99,-2,Standard
AWS 308,c5.xlarge,us-east-1,1,7.812680909323451,105,-1,Standard
AWS v26 227,g4dn.xlarge,us-east-1 v4,0,15.719481483024095,121,3,Standard
AWS 21,t3.nano,us-west-1,5,0.5057040655592369,10,4,Standard
AWS 120,t3.micro,us-west-1,6,1.0392084688940235,23,-5,Standard
AWS 10,m5.large,us-west-1,5,8.35426491313061,96,-5,Standard
AWS v40 776,c5.xlarge,us-west-1,3,8.260105756742963,101,-4,Standard
AWS 956,g4dn.xlarge,us-west-1,9,15.920199091871616,120,-4,Standard
AWS 416,t3.nano,us-west-2,3,0.5009204010972602,7,-1,STANDARD
AWS 505,t3.micro,us-west-2,-3,0.9943273087443618,22,2,Standard
AWS 664,m5.large,us-west-2,3,8.173058710450146,97,2,Standard v35
AWS v17 927,c5.xlarge,us-west-2,3,8.006863431558063,102,4,Standard
AWS v46 499,g4dn.xlarge,us-west-2,2,15.75952516759336,122,2,Standard
AWS 352,t3.nano,eu-west-1,-1,0.4837054667667042,9,-1,Standard v30
AWS 223,t3.micro,eu-west-1,4,0.9765046428325004,20,-5,Standard
AWS 962,m5.large,eu-west-1,4,8.215378518270507,103,3,Standard
AWS 590,c5.xlarge,eu-west-1 v15,0,7.608342159517923,98,-2,Standard
AWS 778,g4dn.xlarge,eu-west-1 v41,7,16.735722428921488,126,-3,Standard
AWS 374,T3.NANO,eu-central-1,1,0.4812616785216413,15,2,Standard v2
AWS 522,t3.micro,eu-central-1,1,1.042029718121941,16,5,Standard
AWS v15 665,m5.large,eu-central-1,-3,8.34246691226084,101,3,Standard
AWS 626,c5.xlarge,eu-central-1,6,7.945661506355357,104,3,Standard
AWS 288,g4dn.xlarge,eu-central-1,4,15.638066092022571,123,0,Standard v44
AWS 995,t3.nano,AP-SOUTH-1,-1,0.5193462450104634,12,-1,Standard
AWS 497,t3.micro,AP-SOUTH-1,6,1.0315946938968616,21,1,Standard
AWS 638,m5.large,ap-south-1,5,8.0352132633462,99,-1,Standard
AWS 236,c5.xlarge,ap-south-1,6,8.198553524783199,101,1,Standard
AWS v32 860,g4dn.xlarge v11,ap-south-1,4,16.405099737461445,128,1,Standard
AWS 283,T3.NANO,ap-southeast-1,-2,0.4803971857323232,9,-2,Standard
AWS v31 701,t3.micro,ap-southeast-1,-1,0.9650676107709876,20,5,Standard v37
AWS v33 128,m5.large,ap-southeast-1 v3,2,8.052017594287213,101,3,Standard
AWS 656,c5.xlarge,AP-SOUTHEAST-1,3,7.728057307963659,104,4,Standard
AWS 900,g4dn.xlarge v8,AP-SOUTHEAST-1,-1,16.38673929842069,122,-4,Standard
AWS 491,t3.nano,ap-northeast-1,4,0.4846976933633887,14,-4,Standard
AWS 923,t3.micro,ap-northeast-1,5,1.0055084949302286,21,5,Standard
AWS v2 932,m5.large,ap-northeast-1,5,7.900207923554133,103,-2,Standard
AWS 12,c5.xlarge,AP-NORTHEAST-1,4,8.278438232904618,104,0,Standard
AWS 437,g4dn.xlarge,AP-NORTHEAST-1,-1,15.217650582819946,128,-3,Standard
AWS 70,t3.nano,asia-south1,5,0.508918941142757,7,1,Standard
AWS 906,t3.micro v19,asia-south1,1,0.9624714056911392,18,-2,Standard
AWS 469,m5.large,asia-south1 v24,2,8.074435467349428,99,0,Standard
AWS 38,c5.xlarge,asia-south1,4,8.156494517197446,99,4,Standard
AWS 119,g4dn.xlarge,asia-south1,2,15.490110847880809,123,-4,Standard
AWS 741,t3.nano,me-central-1 v7,0,0.5005054856249412,7,2,Standard
AWS v16 915,t3.micro v4,me-central-1,4,1.0103487666596456,16,-4,Standard
AWS 664,m5.large,me-central-1 v31,-1,7.998604545810763,97,0,Standard
AWS 432,c5.xlarge,me-central-1,8,8.166144747792732,98,-3,Standard
AWS 146,g4dn.xlarge,me-central-1,2,15.395802811720284,120,2,Standard v33
AWS 118,t3.nano,sa-east-1 v49,7,0.5150683457909759,15,3,Standard
AWS 752,t3.micro,sa-east-1,-3,0.9921248053294072,18,-2,Standard
AWS 602,m5.large,sa-east-1,7,8.14872901683989,105,1,Standard v9
AWS 771,c5.xlarge v16,sa-east-1,3,7.747581002506911,104,-4,Standard
AWS 849,g4dn.xlarge,sa-east-1 v13,9,15.238706822226169,125,1,Standard
Azure 426,B1s,us-east-1,6,0.9798725573588772,9,-3,Standard
Azure 49,B2s v35,us-east-1,6,4.14909210019384,19,-2,Standard
Azure 582,D2s_v3,us-east-1,1,7.966549509390314,49,-2,Standard
Azure 931,F4s_v2,us-east-1,8,7.6644812110056995,101,1,Standard
Azure v1 182,NC6,us-east-1,8,57.28524608045343,380,4,Standard
Azure 725,B1s,US-WEST-1,4,1.0251375086029046,12,3,Standard v36
Azure 163,B2s,us-west-1,4,3.822821888460502,20,1,Standard
Azure 729,D2s_v3 v28,us-west-1,4,8.379867722224889,50,4,Standard
Azure 619,F4s_v2,us-west-1,4,7.652292926051508,98,2,Standard
Azure 196,NC6,us-west-1,4,56.67031686511673,385,4,Standard v21
Azure 639,B1s,us-west-2,-3,0.9911095602600708,11,0,Standard
Azure 472,B2s,us-west-2,-2,4.092979492735236,25,-2,Standard
Azure 313,D2s_v3,us-west-2,3,7.914758277250873,54,2,Standard v14
Azure 131,F4s_v2,us-west-2,3,8.385037672397797,96,-1,Standard
Azure 915,NC6,us-west-2,7,54.30934674345455,382,-4,Standard
Azure 161,B1s v25,eu-west-1,0,1.0108527272696466,13,3,Standard
Azure 327,B2s,eu-west-1,-2,4.088003215865245,24,3,Standard
Azure 28,D2s_v3 v22,eu-west-1,3,8.03608442260856,52,-4,Standard
Azure 177,F4s_v2,eu-west-1,8,8.034036642716337,101,0,Standard
Azure 842,NC6,eu-west-1,1,56.63224090082692,380,-3,Standard v1
Azure 66,B1s,eu-central-1,0,0.9640959627521768,10,3,STANDARD
Azure v10 588,B2s,eu-central-1,-2,4.144794763361709,17,1,Standard v22
Azure 650,D2s_v3,eu-central-1,4,8.229576107934133,50,5,Standard
Azure 878,F4s_v2 v35,eu-central-1 v49,5,8.29770856001798,104,-2,Standard
Azure 79,NC6,eu-central-1,4,56.10856081322205,382,3,Standard v21
Azure 680,B1s,ap-south-1,1,0.9661619811285872,15,3,Standard
Azure 760,B2s,ap-south-1 v28,6,4.023192295513056,16,3,Standard
Azure 227,D2s_v3,ap-south-1 v3,4,7.825944718949209,54,-2,Standard
Azure 178,F4s_v2 v6,ap-south-1,5,8.125424083779436,103,5,Standard
Azure 586,NC6,ap-south-1 v43,3,55.67000408620439,385,3,Standard v12
Azure 485,B1s,ap-southeast-1,3,0.9787137958084576,13,-2,Standard
Azure 210,B2s,ap-southeast-1,1,3.924939640754205,23,2,Standard
Azure 775,D2s_v3,ap-southeast-1,6,7.958082352256174,50,-4,Standard
Azure v16 875,F4s_v2,ap-southeast-1,1,7.890480589307208,105,-4,Standard
Azure 520,NC6,ap-southeast-1,8,56.03948618164647,375,2,Standard
Azure 260,B1S,ap-northeast-1,0,1.023263523470083,15,-1,Standard
Azure 524,B2s,ap-northeast-1,2,4.187102350841355,17,3,Standard
Azure 533,D2s_v3,ap-northeast-1 v11,3,8.373701292207336,51,-1,Standard
Azure 735,F4s_v2 v30,ap-northeast-1 v13,0,7.732763916236628,100,4,STANDARD
Azure 537,NC6,ap-northeast-1,11,54.10850707238188,385,0,Standard
Azure 930,B1s,asia-south1,-2,1.0027399622122677,13,-2,Standard
Azure 701,B2s,asia-south1,6,3.831762633857212,19,-3,Standard
Azure 211,D2s_v3,asia-south1,5,8.255250811089326,46,0,Standard
Azure 728,F4s_v2 v44,ASIA-SOUTH1,7,7.976934319146252,103,-1,Standard
Azure 156,NC6,asia-south1,2,57.78782858728018,384,0,Standard
Azure 675,B1s,me-central-1,3,0.9587179467831832,5,-1,Standard
Azure 314,B2s,me-central-1,0,4.162143949711148,17,-4,Standard
Azure 837,D2s_v3,me-central-1,7,8.12091806790534,50,-5,Standard
Azure 289,F4s_v2,me-central-1,9,8.274989861125379,105,-3,Standard
Azure 47,NC6,me-central-1 v20,2,55.02058248641752,382,3,Standard v28
Azure 968,B1S,sa-east-1,2,0.966713201147122,8,-5,Standard
Azure 442,B2S,sa-east-1,3,3.911710435381764,17,-2,Standard
Azure 313,D2s_v3,sa-east-1,5,7.772423895033065,49,-3,Standard
Azure 460,F4s_v2,sa-east-1,3,7.926645074207561,98,-2,Standard
Azure 646,NC6,sa-east-1,1,57.48996274859769,377,-3,Standard v33
GCP v27 142,e2-micro,us-east-1 v23,7,0.961098946921348,12,0,Standard
GCP v36 542,e2-small,us-east-1,1,2.0093296440375576,17,-3,Standard
GCP 856,N1-STANDARD-2,us-east-1,7,7.441911321233959,53,2,Standard
GCP 622,n2-standard-8,us-east-1,12,33.49197891426176,200,3,Standard v19
GCP 284,a2-highgpu-1g,us-east-1,9,87.77133193916586,97,4,Standard
GCP 636,e2-micro v20,us-west-1 v45,3,1.012134449725353,13,5,Standard
GCP 398,e2-small,us-west-1,3,2.006535177352311,17,-2,Standard
GCP 465,n1-standard-2,us-west-1,4,7.652764483095598,48,2,Standard
GCP 89,n2-standard-8,us-west-1,11,30.43969291608741,202,-2,Standard
GCP 334,a2-highgpu-1g,us-west-1,17,81.38104742040129,103,6,Standard
GCP 873,E2-MICRO,us-west-2 v30,5,0.9548142835978354,8,2,Standard v2
GCP 670,e2-small v46,us-west-2,2,2.0784604996279303,21,-5,Standard v48
GCP 767,n1-standard-2,us-west-2,-1,7.32583250661625,46,-1,Standard
GCP 684,n2-standard-8,us-west-2,7,30.603650909717256,198,-1,Standard v3
GCP 35,a2-highgpu-1g,us-west-2 v33,11,81.54778692099853,103,-1,STANDARD
GCP 301,e2-micro,eu-west-1,-3,0.9564686893515132,5,2,Standard
GCP v23 26,e2-small v47,eu-west-1,4,1.963389317558224,23,-3,Standard
GCP 819,n1-standard-2,eu-west-1,0,7.45753501078439,52,-1,Standard
GCP v38 455,n2-standard-8 v20,eu-west-1,11,32.64842807387365,198,1,Standard
GCP 492,a2-highgpu-1g,eu-west-1,10,84.01834628498091,97,1,Standard
GCP 584,e2-micro,eu-central-1 v2,4,1.0100651066548356,11,3,Standard v1
GCP v23 913,e2-small,eu-central-1,2,1.9141864432267548,23,-4,Standard
GCP 380,n1-standard-2,eu-central-1 v12,2,7.159236559126788,52,-3,Standard
GCP v42 424,n2-standard-8,eu-central-1,3,31.841488965305015,195,-3,Standard
GCP 689,a2-highgpu-1g,eu-central-1,9,84.55347920124089,98,3,Standard
GCP 555,e2-micro,ap-south-1,2,1.0354135997650504,5,2,Standard
GCP 945,e2-small v20,ap-south-1,-3,1.9677721298677504,19,-1,Standard
GCP 344,n1-standard-2,ap-south-1,6,7.345116617406092,53,3,Standard
GCP v37 819,n2-standard-8,ap-south-1,3,32.37461285157696,202,-1,Standard
GCP 397,a2-highgpu-1g,AP-SOUTH-1,17,85.06300147910139,103,2,Standard
GCP 168,e2-micro,ap-southeast-1,7,0.9544853568023568,15,-5,Standard
GCP 109,e2-small,ap-southeast-1,-1,1.9822042150531087,22,-1,Standard
GCP 453,n1-standard-2 v12,ap-southeast-1,-3,7.74284278816597,51,4,Standard
GCP v8 689,n2-standard-8,ap-southeast-1,11,32.436484384586905,201,1,Standard
GCP 990,a2-highgpu-1g,ap-southeast-1,10,86.58601426468717,96,-1,Standard
GCP 659,e2-micro,ap-northeast-1,-3,0.9956236508955542,6,-1,Standard
GCP 755,E2-SMALL,ap-northeast-1 v47,4,2.050235609561684,15,4,Standard
GCP 450,n1-standard-2,ap-northeast-1,5,7.831294283714194,53,4,Standard
GCP 563,n2-standard-8,ap-northeast-1,5,32.29971453186732,204,-4,Standard
GCP 454,a2-highgpu-1g,ap-northeast-1 v9,15,82.06173330490617,97,-1,Standard
GCP 912,e2-micro,asia-south1,7,1.024098125027458,10,-3,Standard
GCP 235,e2-small,asia-south1 v30,4,2.064002525823871,23,-3,Standard
GCP 574,n1-standard-2 v1,asia-south1,3,7.557899915050913,54,-1,Standard v21
GCP 277,n2-standard-8 v49,asia-south1,11,32.73335516015823,203,0,Standard v28
GCP 429,a2-highgpu-1g,asia-south1,12,87.99065051342855,98,-2,Standard
GCP v9 195,E2-MICRO,me-central-1,1,1.0361742494918296,6,-3,Standard
GCP 560,e2-small,me-central-1,5,1.9861970441026595,22,5,Standard
GCP 380,n1-standard-2,me-central-1,6,7.402539251005692,50,-2,Standard
GCP 668,n2-standard-8,ME-CENTRAL-1,3,32.08260031639463,196,2,Standard
GCP 193,a2-highgpu-1g v37,me-central-1,13,81.96205022469623,102,-4,STANDARD
GCP 988,E2-MICRO,sa-east-1,0,0.9839768827151116,14,-4,Standard
GCP 817,e2-small,sa-east-1,-1,1.9681208333162583,25,5,Standard
GCP 930,n1-standard-2,sa-east-1,-3,7.632840479801256,49,2,Standard
GCP 31,n2-standard-8,sa-east-1,6,32.25670886011209,200,-5,STANDARD
GCP v4 443,a2-highgpu-1g,sa-east-1 v49,8,84.87751244710488,102,3,Standard
OracleCloud 155,VM.Standard.E2.1,us-east-1,-2,1.0464017407117705,23,4,Standard
OracleCloud 563,VM.Standard2.2,us-east-1,2,8.34050986402027,105,4,Standard
OracleCloud 485,BM.GPU2.2,us-east-1,12,117.7584751328421,499,5,Standard
OracleCloud 35,VM.STANDARD.E2.1,us-west-1,5,0.9616138960200524,29,-1,Standard
OracleCloud 369,VM.Standard2.2,US-WEST-1,3,7.955302170532601,96,3,Standard
OracleCloud 736,BM.GPU2.2,us-west-1,21,125.53362582489112,498,-4,Standard v45
OracleCloud 305,VM.Standard.E2.1,us-west-2 v48,1,1.0041407607347586,24,3,STANDARD
OracleCloud v13 947,VM.Standard2.2,us-west-2,-2,7.734669564735304,99,5,Standard v23
OracleCloud 341,BM.GPU2.2,us-west-2,13,117.62799899221793,497,5,Standard v49
OracleCloud 499,VM.Standard.E2.1,eu-west-1,0,1.046641738586641,26,-2,Standard
OracleCloud 909,VM.Standard2.2,eu-west-1,-3,8.064374080794957,102,-3,Standard
OracleCloud 99,BM.GPU2.2,eu-west-1,12,119.86677398150944,497,-4,Standard
OracleCloud 762,VM.Standard.E2.1,eu-central-1,-3,1.012340595815944,28,2,Standard
OracleCloud v19 657,VM.Standard2.2,EU-CENTRAL-1,1,8.184654422969446,102,-1,Standard
OracleCloud 117,BM.GPU2.2,eu-central-1,15,120.51629500749196,497,6,Standard
OracleCloud 758,VM.Standard.E2.1,ap-south-1,-3,1.0222143235455905,25,-1,Standard
OracleCloud 184,VM.Standard2.2,ap-south-1,7,8.039457983522539,99,-5,Standard
OracleCloud 883,BM.GPU2.2,ap-south-1 v20,19,124.52508697221828,500,-4,Standard
OracleCloud 695,VM.Standard.E2.1 v19,ap-southeast-1,5,1.0480987378162685,23,0,Standard
OracleCloud 407,VM.Standard2.2,AP-SOUTHEAST-1,6,7.993134542022846,105,-5,Standard v24
OracleCloud 754,BM.GPU2.2,ap-southeast-1,21,120.135305546409,503,-2,Standard
OracleCloud 604,VM.Standard.E2.1,ap-northeast-1,-4,1.0365577145624552,30,-4,Standard
OracleCloud 365,VM.Standard2.2,ap-northeast-1,-1,8.081693588283823,98,1,Standard
OracleCloud 116,BM.GPU2.2,ap-northeast-1,13,116.40569418634084,503,3,Standard
OracleCloud 147,VM.Standard.E2.1,asia-south1,-4,1.0140198311559625,20,2,Standard
OracleCloud 720,VM.Standard2.2,asia-south1,2,7.804838052083963,99,1,Standard
OracleCloud 566,BM.GPU2.2,asia-south1 v32,16,122.25266450916672,505,-2,Standard
OracleCloud 681,VM.Standard.E2.1,ME-CENTRAL-1,5,0.9634435129408122,24,-4,Standard
OracleCloud 19,VM.Standard2.2,me-central-1 v24,-1,7.768563971093762,103,-3,Standard
OracleCloud 327,BM.GPU2.2,me-central-1,12,122.12185558628872,495,3,Standard
OracleCloud 1,VM.Standard.E2.1,sa-east-1 v30,2,0.9544161936177832,23,3,Standard v37
OracleCloud 188,VM.Standard2.2,sa-east-1,1,7.604532651623653,102,-1,Standard
ORACLECLOUD 194,BM.GPU2.2,SA-EAST-1,19,123.19339119354704,498,-2,Standard
IBMCloud 75,bx2-2x8 v40,us-east-1,3,7.990102247733769,48,0,Standard
IBMCloud 528,bx2-4x16,us-east-1 v35,6,15.377596958066103,96,-3,Standard v38
IBMCLOUD 380,gpus-1,us-east-1,4,30.645958640883723,201,-3,Standard v42
IBMCloud v16 13,bx2-2x8,us-west-1,2,7.640180809171179,46,4,Standard
IBMCloud 451,bx2-4x16,us-west-1,6,15.67246479047671,96,1,Standard
IBMCloud 27,GPUS-1,us-west-1,10,31.336048291426373,202,2,Standard
IBMCloud 233,bx2-2x8 v29,us-west-2,3,7.9811495890750335,45,-5,Standard
IBMCloud 787,bx2-4x16 v30,us-west-2,3,15.253870685142196,97,-1,Standard
IBMCloud v25 544,gpus-1,US-WEST-2,8,31.001097128120875,201,2,Standard
IBMCloud 564,bx2-2x8,eu-west-1,6,8.068691830762816,52,0,STANDARD
IBMCloud 408,bx2-4x16 v20,eu-west-1,0,15.587090688504848,98,-1,Standard
IBMCloud v15 471,GPUS-1,eu-west-1,8,32.20252457905221,198,6,Standard
IBMCLOUD 850,bx2-2x8,eu-central-1,4,7.817127504357371,51,-4,Standard
IBMCloud 716,bx2-4x16,eu-central-1,6,16.207292315026777,105,3,STANDARD
IBMCloud 861,gpus-1,eu-central-1,3,31.41627774483557,195,5,Standard
IBMCloud 209,bx2-2x8,ap-south-1,6,8.172030975080547,50,0,Standard
IBMCloud v23 325,bx2-4x16,ap-south-1,6,16.542941587769604,103,0,Standard
IBMCloud 577,gpus-1,ap-south-1,11,30.66468947687793,205,4,Standard
IBMCloud 612,bx2-2x8,ap-southeast-1 v43,-1,8.051987486140202,46,-2,Standard
IBMCloud 624,bx2-4x16,ap-southeast-1 v18,1,15.894107871322449,95,0,Standard
IBMCloud v12 218,gpus-1,ap-southeast-1,5,30.685726478481836,204,2,Standard
IBMCloud 951,bx2-2x8,ap-northeast-1,-3,8.34413677235074,53,2,Standard
IBMCloud 235,bx2-4x16,ap-northeast-1,8,15.42258535822574,99,-1,Standard
IBMCloud 452,gpus-1,ap-northeast-1,7,33.49135201641177,205,-4,Standard
IBMCloud 979,bx2-2x8,asia-south1,5,7.838441766911554,49,-2,Standard
IBMCLOUD 101,BX2-4X16,asia-south1,1,16.230638754361465,104,-5,Standard
IBMCloud 303,gpus-1,asia-south1,8,33.461759409549714,203,-2,Standard
IBMCloud 892,bx2-2x8 v48,me-central-1,-2,8.107539316229268,47,3,Standard
IBMCloud 397,bx2-4x16,me-central-1,5,16.428108205628668,96,-1,Standard
IBMCloud v36 459,gpus-1,me-central-1,4,31.078380975035707,203,1,Standard
IBMCLOUD 621,bx2-2x8,sa-east-1,2,8.304125390337187,45,-2,Standard
IBMCloud 728,bx2-4x16,sa-east-1,5,16.172403395604356,96,3,Standard
IBMCloud 28,gpus-1,sa-east-1,10,32.48524723352728,196,-2,Standard
DigitalOcean 822,s-1vcpu-1gb,us-east-1,1,1.0144832604022314,24,2,Standard
DigitalOcean v1 49,s-2vcpu-4gb v36,us-east-1,1,3.914963838586232,77,3,Standard
DigitalOcean 586,g-2vcpu-8gb,us-east-1,2,8.225612267946374,99,-1,Standard
DigitalOcean 849,s-1vcpu-1gb,us-west-1,0,1.0411068702767383,21,0,Standard
DigitalOcean 17,s-2vcpu-4gb v36,us-west-1 v14,6,3.812568728604509,77,0,Standard
DigitalOcean 740,g-2vcpu-8gb,us-west-1 v12,2,7.813340157329582,105,3,Standard
DigitalOcean 852,s-1vcpu-1gb,us-west-2,5,1.001903228012955,25,-5,Standard
DigitalOcean 502,s-2vcpu-4gb v28,us-west-2 v16,-3,4.008518419061655,84,5,STANDARD
DigitalOcean 421,g-2vcpu-8gb,US-WEST-2,1,7.661107955993165,103,-4,Standard
DigitalOcean 33,s-1vcpu-1gb,eu-west-1,1,0.9935507625472192,24,3,Standard
DigitalOcean 638,s-2vcpu-4gb,eu-west-1,3,4.007184211085032,78,3,Standard
DigitalOcean 623,g-2vcpu-8gb,eu-west-1,7,8.130405876913422,101,-2,Standard
DigitalOcean v9 504,s-1vcpu-1gb,eu-central-1,6,1.0329763120287645,26,3,Standard
DigitalOcean 616,s-2vcpu-4gb,eu-central-1,4,3.882837967270629,85,-2,Standard
DigitalOcean 412,g-2vcpu-8gb,eu-central-1,-1,8.168108345438453,96,-4,Standard
DigitalOcean v13 104,s-1vcpu-1gb v15,ap-south-1,2,1.017164228154603,23,4,Standard
DigitalOcean 434,s-2vcpu-4gb,AP-SOUTH-1,5,3.895663511112897,82,-2,Standard
DigitalOcean 492,g-2vcpu-8gb,ap-south-1 v11,2,7.892544598609097,105,4,Standard
DigitalOcean 507,s-1vcpu-1gb v7,ap-southeast-1,5,1.0396075111794574,28,4,Standard
DigitalOcean 360,s-2vcpu-4gb,ap-southeast-1,-1,3.858785083835284,79,2,Standard
DigitalOcean 833,g-2vcpu-8gb,ap-southeast-1,0,7.9105325649015965,105,5,Standard
DigitalOcean 438,s-1vcpu-1gb,ap-northeast-1,-4,1.0447395249586446,25,2,STANDARD
DigitalOcean 794,s-2vcpu-4gb,ap-northeast-1,5,4.156056454958406,83,-4,Standard
DigitalOcean 459,g-2vcpu-8gb v49,ap-northeast-1,-2,7.606273272617534,98,3,Standard
DigitalOcean 923,s-1vcpu-1gb,asia-south1,3,0.9634274850902276,21,0,Standard
DigitalOcean v34 294,s-2vcpu-4gb,asia-south1,6,4.071848133094044,79,0,Standard
DigitalOcean 518,g-2vcpu-8gb,asia-south1,2,8.208683475611597,104,-3,Standard v30
DigitalOcean 721,s-1vcpu-1gb,me-central-1 v29,3,0.9709185465407928,30,-5,Standard
DigitalOcean 681,S-2VCPU-4GB,me-central-1,7,4.117257149598696,85,0,Standard
DigitalOcean 90,g-2vcpu-8gb,me-central-1,0,8.361143848289466,102,5,Standard
DigitalOcean v12 983,S-1VCPU-1GB,sa-east-1,6,0.99589634793773,21,-3,Standard
DigitalOcean 390,s-2vcpu-4gb,sa-east-1,3,3.885582815475295,76,4,Standard
DigitalOcean 811,g-2vcpu-8gb,sa-east-1 v4,-1,8.185698085474364,96,-5,Standard v43
Linode 520,nanode,us-east-1,0,1.0452896795997828,21,1,Standard
Linode 427,g6-standard-2,us-east-1,6,3.990760042587188,78,-5,Standard
Linode 754,g6-highmem-4,us-east-1,5,32.9003162899661,198,2,Standard
Linode 74,nanode,us-west-1,1,1.035520698501837,28,-1,Standard
Linode 981,g6-standard-2 v36,us-west-1,1,3.950794216770512,84,5,Standard
Linode 790,g6-highmem-4 v24,us-west-1 v42,6,33.11373468672475,202,5,Standard
Linode 740,nanode,us-west-2,0,0.9745807439306152,22,4,Standard
Linode 546,g6-standard-2,us-west-2,5,3.861522809856643,81,5,Standard
Linode 753,g6-highmem-4,us-west-2,1,31.982960606692107,203,1,Standard
Linode 625,nanode,eu-west-1,-2,0.989245818622948,24,-3,Standard v35
Linode 685,g6-standard-2,eu-west-1,3,4.030849034415328,75,-4,Standard
Linode 58,g6-highmem-4 v29,eu-west-1 v20,3,31.547451076879597,198,-5,Standard v1
Linode 266,nanode,eu-central-1,5,1.0418239086675438,23,1,Standard
Linode 401,g6-standard-2,eu-central-1,7,3.888341113185204,83,-1,Standard v1
Linode 709,g6-highmem-4 v22,eu-central-1,0,32.57455976682851,203,-2,Standard
Linode 588,nanode,ap-south-1,6,1.006332464203305,24,-3,Standard
Linode 327,g6-standard-2,ap-south-1,6,4.135863862283516,81,1,Standard
Linode 874,g6-highmem-4,ap-south-1,8,33.25618632795672,199,-2,Standard v23
Linode v20 147,nanode,ap-southeast-1,-3,0.9704680109057284,27,3,Standard v48
Linode 836,g6-standard-2,ap-southeast-1,3,3.813123849651444,83,5,Standard
Linode 707,g6-highmem-4,ap-southeast-1,8,33.410510465609946,199,-5,Standard
Linode 989,nanode,ap-northeast-1,3,1.0326746768026247,23,-4,Standard
Linode 953,g6-standard-2 v24,ap-northeast-1,4,4.061860274746381,77,-4,Standard
Linode 279,g6-highmem-4,ap-northeast-1,-1,32.125102568755224,202,-2,Standard
Linode 825,nanode,asia-south1,0,0.98918239632835,24,3,Standard
Linode 680,g6-standard-2,asia-south1,5,3.824532382257313,80,-1,Standard v10
Linode 384,g6-highmem-4,asia-south1 v7,5,31.3734359028361,198,-3,Standard
Linode v22 751,nanode,me-central-1,-1,1.0466845499799284,25,-3,Standard v36
Linode 702,g6-standard-2,me-central-1,5,4.13937015163621,81,4,Standard v30
Linode v37 382,g6-highmem-4,me-central-1,7,31.20900353948544,197,3,Standard
Linode 504,nanode,sa-east-1,6,1.0499543918719094,23,1,Standard v16
Linode 753,g6-standard-2,sa-east-1,2,3.957278080411169,79,2,Standard
Linode 32,g6-highmem-4,sa-east-1,9,31.7263030897259,204,4,Standard
Hetzner 651,cx11,us-east-1,6,1.953803929359662,23,-5,Standard
HETZNER 560,cx31,us-east-1,6,3.992746991709847,75,-2,STANDARD
Hetzner 869,ccx51,us-east-1,6,64.84582079479333,405,-1,Standard
Hetzner v38 804,cx11,us-west-1,-4,2.0027708928413537,23,-3,Standard
Hetzner 104,cx31,us-west-1,-3,4.173169945027869,82,-4,STANDARD
Hetzner v15 378,ccx51 v32,us-west-1,9,63.754983320403966,395,1,Standard
Hetzner v39 262,cx11 v17,us-west-2,-3,2.0614141807733404,23,0,Standard
Hetzner 76,cx31 v20,us-west-2,0,3.862930512000731,75,-5,Standard
Hetzner 474,ccx51,us-west-2,9,64.31558253747266,395,-3,Standard
Hetzner 369,cx11,eu-west-1,-1,2.057241130452212,18,-4,Standard
Hetzner 78,cx31,eu-west-1,-1,4.112868505236499,77,2,Standard
Hetzner 315,ccx51,eu-west-1 v33,4,63.601032500148506,398,2,Standard
Hetzner 168,cx11,eu-central-1 v29,-2,2.041238636592672,15,-5,Standard
Hetzner 525,cx31 v19,eu-central-1,1,4.001918239321811,85,0,Standard
Hetzner 458,ccx51,eu-central-1,5,66.89578954680222,405,5,Standard
Hetzner 514,CX11,ap-south-1,4,1.931454641635943,18,1,Standard
Hetzner 519,cx31,ap-south-1,4,4.126564313986012,83,-1,Standard v8
Hetzner 595,ccx51 v14,ap-south-1,10,66.7859014306901,396,1,Standard
Hetzner v18 12,cx11,ap-southeast-1,-1,2.0348039838117584,15,-5,Standard
Hetzner v11 517,cx31,ap-southeast-1 v5,7,3.964662184182681,80,-5,Standard
Hetzner 318,ccx51 v28,ap-southeast-1,7,61.23746048198373,405,-5,Standard
Hetzner 990,cx11 v48,ap-northeast-1 v41,-2,2.0355081891007067,25,-4,STANDARD
Hetzner v47 391,cx31,ap-northeast-1,3,4.177779433077721,78,0,Standard
Hetzner 404,ccx51 v15,ap-northeast-1 v23,9,63.47733673025459,400,2,Standard
HETZNER 569,cx11,ASIA-SOUTH1,3,1.9552638216931708,24,3,Standard
Hetzner 322,cx31,asia-south1 v8,6,3.9800466105899246,84,-5,Standard
Hetzner 82,ccx51,asia-south1,8,64.30582204405324,403,-1,Standard
Hetzner 689,cx11,me-central-1,5,2.016436646018518,15,5,Standard
Hetzner v12 345,cx31,me-central-1,3,3.905710505263456,84,-4,STANDARD
Hetzner v35 22,ccx51,ME-CENTRAL-1,4,62.6397546553424,404,0,STANDARD
Hetzner 669,cx11,sa-east-1,5,2.020727440111875,21,5,Standard
Hetzner 108,cx31,sa-east-1,2,3.8273336419382415,83,0,Standard v20
Hetzner 918,ccx51,sa-east-1,5,64.7913521810577,396,-1,Standard v34
AlibabaCloud 73,ecs.nano,us-east-1,-2,0.4936629907231379,25,4,Standard
AlibabaCloud 443,ecs.c6.large,us-east-1,-3,8.137644831001802,100,3,Standard
AlibabaCloud 595,gn5i-c8g1 v36,us-east-1,13,64.6250770092973,998,-4,Standard
AlibabaCloud 947,ecs.nano v26,us-west-1,4,0.482741430629886,25,0,Standard
AlibabaCloud 610,ecs.c6.large,us-west-1,1,7.762106107308274,100,-2,Standard
AlibabaCloud 301,gn5i-c8g1,us-west-1,11,61.12312924423941,995,-4,Standard
AlibabaCloud 83,ecs.nano,us-west-2,-1,0.521813356970661,23,-2,Standard
AlibabaCloud 176,ecs.c6.large,us-west-2 v1,6,7.919228254113948,104,0,Standard
AlibabaCloud v38 690,gn5i-c8g1,us-west-2,3,63.98745851556396,1005,1,Standard
AlibabaCloud 367,ecs.nano,eu-west-1,-2,0.5195028512732627,19,3,Standard v28
AlibabaCloud 922,ecs.c6.large,eu-west-1,0,7.947522655205288,103,5,Standard
AlibabaCloud 377,gn5i-c8g1,eu-west-1,5,64.57250553270207,995,6,STANDARD
AWS 1535_7764,t3.nano 1390,us-east-1,-6,0.47814811628513626,6,7,STANDARD
AWS_6258,t3.micro,us-east-1,2,0.9876970336199138,11,-10,STANDARD
AWS_112,m5.large,us-east-1,7,7.861910423288513,104,-10,Standard
AWS 1434_1093,C5.XLARGE,us-east-1,13,7.673291874501017,94,-10,Standard
AWS_40,g4dn.xlarge,us-east-1,11,15.18717882996096,117,11,Standard
AWS_4196,t3.nano,us-west-1,-6,0.5025462069677493,16,-3,Standard
AWS_589,t3.micro 381,us-west-1,12,0.986753591684054,12,-9,Standard
AWS_1443,m5.large,us-west-1 1705,-5,7.477894323129696,90,1,Standard
AWS_7148,c5.xlarge 827,US-WEST-1,4,7.557225269563964,108,-6,Standard
AWS_8564,g4dn.xlarge,us-west-1,6,17.13704964660193,121,4,Standard
AWS_951,t3.nano,US-WEST-2,8,0.48420395631628366,20,-3,Standard 1996
AWS 1992_7993,t3.micro,us-west-2,-7,0.9972854822820327,15,8,Standard
AWS 1330_5037,m5.large,US-WEST-2,4,8.417716224648746,91,9,Standard
AWS_2710,c5.xlarge,us-west-2,3,7.372489407578667,107,-7,Standard
AWS_9439,g4dn.xlarge,us-west-2,1,16.43344328438342,118,2,Standard
AWS 263_1223,T3.NANO,eu-west-1,1,0.4666555990665951,6,9,Standard 890
AWS_9060,t3.micro,eu-west-1 141,-2,0.9353140026579819,24,0,Standard
AWS_1670,m5.large,eu-west-1 1653,-5,8.63269109741334,103,6,Standard
AWS_3506,c5.xlarge,eu-west-1,2,8.009221526708219,104,5,Standard 1340
AWS_9029,g4dn.xlarge,eu-west-1,-6,17.049009657943405,116,10,Standard
AWS_4863,t3.nano,eu-central-1,-1,0.5273335997530173,1,10,Standard
AWS 1997_5485,t3.micro 324,eu-central-1,4,1.0078659364044176,16,-4,Standard 1166
AWS_1402,m5.large,eu-central-1,12,7.415074440876978,106,-10,Standard
AWS_4487,c5.xlarge,eu-central-1,2,8.336342604073105,103,3,Standard
AWS_7245,g4dn.xlarge,eu-central-1,-5,15.055091073700046,123,1,Standard
AWS_1453,t3.nano 461,ap-south-1 1690,2,0.5254342006769493,7,3,Standard
AWS_2564,t3.micro,ap-south-1,-7,0.9766823480946686,24,-9,Standard
AWS_6803,m5.large,ap-south-1,9,8.02708407000114,95,-9,Standard
AWS_8879,c5.xlarge,ap-south-1,8,7.807028972698554,93,8,Standard 476
AWS_5531,g4dn.xlarge,ap-south-1,3,17.23809506537401,118,2,Standard
AWS_4356,t3.nano,ap-southeast-1,3,0.49154960431622197,13,4,Standard
AWS 1636_7045,t3.micro,AP-SOUTHEAST-1,6,0.9208565261418138,26,-6,Standard
AWS_5190,m5.large,ap-southeast-1,-3,8.40618869712433,99,-8,Standard
AWS_1796,c5.xlarge,ap-southeast-1,3,8.012069454656402,92,0,Standard 1765
AWS_4952,g4dn.xlarge,ap-southeast-1,10,16.786904159183464,117,-4,Standard 1330
AWS 1878_758,t3.nano,ap-northeast-1,9,0.5131897959042635,13,0,Standard
AWS_455,t3.micro 993,ap-northeast-1,-5,0.9276847681583119,11,-3,Standard
AWS_9706,m5.large,ap-northeast-1,-5,8.488124156786643,108,-4,Standard
AWS_605,c5.xlarge,ap-northeast-1,-2,7.561005092373503,98,8,Standard 1957
AWS_4344,G4DN.XLARGE,ap-northeast-1,-3,16.298070276448662,122,3,Standard 574
AWS_9343,t3.nano,asia-south1,6,0.4939445488864794,16,6,Standard 239
AWS_1772,T3.MICRO,asia-south1,7,1.067540585765765,24,4,Standard
AWS_1640,m5.large,asia-south1,7,8.083214479276423,94,-10,Standard 1448
AWS 1883_5010,c5.xlarge,asia-south1 360,-3,7.957148905107479,91,-2,Standard
AWS_3876,g4dn.xlarge,asia-south1,7,15.031691150011017,125,6,Standard 897
AWS_4983,t3.nano,me-central-1 882,11,0.521551786965917,7,9,Standard
AWS 1359_8802,t3.micro 1054,me-central-1,11,0.9278555408996442,15,-1,Standard 1106
AWS_3359,m5.large 630,me-central-1 478,-2,7.975713632646596,107,6,Standard
AWS_3623,c5.xlarge 440,me-central-1,10,7.599236798626196,109,6,Standard
AWS_9254,g4dn.xlarge,me-central-1,-4,17.067090772323404,120,5,Standard 626
AWS 944_9620,t3.nano,sa-east-1,6,0.4793348509796318,9,7,Standard 550
AWS 443_6087,t3.micro,sa-east-1 1031,-4,0.9269156627327435,23,7,Standard
AWS_1129,m5.large,sa-east-1,-8,8.036103073371022,93,-10,Standard
AWS_9987,c5.xlarge,sa-east-1,7,7.916270316840987,107,10,Standard 852
AWS_673,g4dn.xlarge,sa-east-1,-4,17.185291432940183,129,-7,Standard
Azure_4977,B1s 952,us-east-1,-9,0.9688181834346292,9,5,Standard
Azure_6734,B2s,us-east-1 1131,6,3.696155108991772,30,-4,Standard 1761
Azure_3840,D2s_v3,us-east-1,-7,7.494970708614977,41,-3,Standard 294
Azure_2447,F4s_v2,us-east-1 881,-2,7.823714254050017,109,-5,Standard 114
Azure_3093,NC6,us-east-1,-4,56.873000650908956,371,-1,Standard 809
Azure_7392,B1s,us-west-1,5,1.0606229675363246,15,2,Standard
Azure_2918,B2s 545,us-west-1 1889,1,4.2934462355338665,20,-5,Standard
Azure_9108,D2s_v3,us-west-1,-3,8.550097475716925,47,9,Standard 1426
Azure_3122,F4s_v2,us-west-1,3,7.547055407752256,104,-8,Standard
Azure_923,NC6 1402,us-west-1 510,4,51.5893281265681,373,-2,Standard
Azure_4202,B1s,us-west-2,0,1.060019925419716,18,-3,Standard
Azure 496_8987,B2s 1608,us-west-2,9,3.824296550595814,23,2,Standard
Azure_8912,D2s_v3,us-west-2,6,7.741754103446182,47,10,Standard
Azure_2872,F4s_v2,us-west-2,1,8.553408846773864,106,-8,Standard
Azure_8007,NC6 181,us-west-2,-1,57.172131033179525,370,4,Standard 200
Azure_8627,B1s,eu-west-1,-3,1.033072193153833,0,9,Standard
Azure_4322,B2s 1648,eu-west-1,12,4.1157779193567725,19,7,Standard
Azure 1055_2202,D2s_v3 1813,eu-west-1,10,7.8590390148202145,60,9,Standard
Azure_1525,F4s_v2,eu-west-1 127,0,8.189531081665013,105,-3,Standard
Azure_6319,NC6,eu-west-1,6,54.04997074465157,374,7,Standard
Azure_9744,B1s,eu-central-1,2,1.051568610355796,10,0,Standard
Azure_5411,B2s,eu-central-1,-5,4.2148257934810305,11,-3,Standard
Azure 1088_3882,D2s_v3,eu-central-1,4,7.787917738839971,47,-2,Standard
Azure 925_6949,F4s_v2,eu-central-1,9,8.229678108132703,103,-6,Standard
Azure_5922,NC6,eu-central-1,3,56.044467191182754,379,5,Standard
Azure_7959,B1s,ap-south-1,-1,1.0356323107409295,17,-10,Standard
Azure_61,B2s,ap-south-1 289,6,3.7513917672476653,30,5,Standard
Azure_8037,D2s_v3,ap-south-1 1819,-4,7.898289618157719,59,3,Standard
Azure_7871,F4s_v2,ap-south-1 431,0,7.589291181122753,92,8,Standard 597
Azure_417,NC6,ap-south-1,15,53.35056489592196,390,-1,Standard
Azure_4311,B1s,AP-SOUTHEAST-1,6,0.9286348092627857,8,5,Standard 486
Azure_5308,B2s,ap-southeast-1,-8,3.917846928931123,22,-10,Standard
Azure_9849,D2S_V3,ap-southeast-1 905,8,8.264741384678224,46,-4,Standard
Azure_3944,F4s_v2,ap-southeast-1,-2,7.621456899002949,107,-1,Standard
Azure_8480,NC6,ap-southeast-1,10,56.2161861033421,390,5,Standard 184
Azure_8227,B1s,ap-northeast-1 1184,9,0.926509310478621,5,10,Standard
Azure_2885,B2s,ap-northeast-1,5,4.19511413750112,19,-1,Standard
Azure_4603,D2s_v3,ap-northeast-1,1,7.750325818151491,45,-3,Standard
AZURE_2742,F4s_v2 1874,ap-northeast-1,-3,7.773406646787105,98,-7,Standard
Azure_704,NC6 1852,ap-northeast-1,8,57.572788844980835,377,8,Standard
Azure 1954_2794,B1s,asia-south1,-3,0.94173613476591,14,-10,Standard
Azure_7262,B2s,asia-south1,11,3.9825660115490367,15,9,Standard
Azure_5864,D2s_v3 1492,asia-south1,0,7.836149482143078,56,7,Standard
Azure_8275,F4s_v2,asia-south1,-4,7.386337481463838,101,-5,Standard 1089
Azure_5642,NC6,asia-south1,1,52.766403462070585,378,5,Standard 255
Azure_5896,B1s,me-central-1,-2,0.9856425148110772,1,-2,Standard 1904
Azure_4886,B2s,me-central-1 1710,9,4.262438802359352,28,-4,Standard
Azure_9066,D2s_v3 1837,me-central-1 203,8,8.459413552104245,58,-8,Standard
Azure_7678,F4s_v2,me-central-1,-1,7.5122615681904055,103,6,Standard
AZURE_3136,NC6,me-central-1,5,57.2584696096608,373,-8,Standard 366
Azure 285_3314,B1s,sa-east-1 1881,5,1.0192292394996763,14,-5,Standard 865
Azure_895,B2s 1713,sa-east-1,-1,4.265658348455884,15,1,Standard 802
AZURE_626,D2s_v3,sa-east-1,-3,8.584843552466424,56,10,Standard
Azure_2330,F4s_v2,sa-east-1,14,8.143589582963958,92,-9,Standard
Azure_23,NC6,sa-east-1,7,51.520733713018465,371,2,Standard
GCP_2624,e2-micro,us-east-1,7,0.9822477882093233,13,-3,Standard
GCP 72_9594,e2-small,us-east-1,5,2.076804454630881,23,3,Standard
GCP_6672,n1-standard-2,us-east-1,-5,7.41131478644709,43,-2,Standard
GCP_6156,n2-standard-8 1888,us-east-1,12,31.538229975038597,193,4,Standard
GCP 71_6716,a2-highgpu-1g,us-east-1,5,87.38720543088024,105,-1,Standard
GCP 493_4366,e2-micro,us-west-1,12,0.9425911731924845,15,3,Standard
GCP_6381,e2-small,us-west-1,-3,1.8716324110588756,28,-3,Standard
GCP 537_1706,n1-standard-2 1901,us-west-1,3,7.835094351431376,57,-9,Standard
GCP 1859_4267,n2-standard-8 1164,us-west-1,1,33.80366493449934,201,6,Standard
GCP_2380,a2-highgpu-1g,us-west-1,9,87.58938742627083,99,-1,Standard
GCP_1945,e2-micro,us-west-2 1471,-3,1.0039785954324651,17,5,Standard
GCP_2490,e2-small 1057,us-west-2,-8,1.9929829087923094,26,0,Standard
GCP_2240,n1-standard-2,us-west-2 1171,9,7.1214856138906555,40,5,Standard 1688
GCP 698_1905,n2-standard-8,us-west-2,2,30.297506002754872,190,4,Standard 833
GCP_3004,a2-highgpu-1g,us-west-2,13,88.53662297171357,105,1,Standard
GCP_9334,e2-micro 1824,eu-west-1,-7,0.9656449653429996,13,-2,Standard
GCP 1079_5107,e2-small,eu-west-1,12,1.9310557434454818,27,9,Standard
GCP 1256_8760,n1-standard-2,eu-west-1,7,7.6089006511702815,42,3,Standard
GCP_1312,n2-standard-8,eu-west-1 990,17,32.66051382819909,205,-8,Standard 1975
GCP 1850_481,a2-highgpu-1g,eu-west-1,15,89.69569102641952,97,3,Standard
GCP_3925,e2-micro,eu-central-1 1764,4,1.0372505357777622,18,7,Standard
GCP 1326_5518,e2-small,eu-central-1,-4,2.048850394359227,30,-4,Standard
GCP_811,n1-standard-2 1764,eu-central-1 1444,4,7.74163176122188,41,-3,Standard
GCP_292,N2-STANDARD-8,eu-central-1,14,32.64464133982806,208,1,Standard
GCP_1586,a2-highgpu-1g,eu-central-1,13,79.61282556151946,98,3,Standard 220
GCP_9532,e2-micro,ap-south-1,1,0.9677726694994749,3,-5,Standard
GCP_5272,e2-small,ap-south-1,10,2.092118735268397,17,2,Standard
GCP_9070,n1-standard-2 662,ap-south-1,12,7.960218343657104,56,8,Standard
GCP_1920,n2-standard-8,ap-south-1,0,32.858482912704844,191,-9,Standard 1089
GCP_100,a2-highgpu-1g,ap-south-1,4,84.4714750392375,99,-6,Standard 1487
GCP_5673,e2-micro,ap-southeast-1,-2,1.0254028169666667,4,5,Standard
GCP_8881,e2-small,ap-southeast-1,-2,2.1423289063074007,26,10,Standard
GCP_3593,n1-standard-2,ap-southeast-1,8,8.006824665733204,55,-2,Standard
GCP 1330_8700,n2-standard-8,ap-southeast-1,4,33.58016570739456,197,8,STANDARD
GCP 511_1445,A2-HIGHGPU-1G,ap-southeast-1 134,6,86.9699605987987,93,7,Standard
GCP_1268,e2-micro,AP-NORTHEAST-1,1,1.0606512406203772,2,-3,Standard 535
GCP_700,e2-small 1863,ap-northeast-1 1397,-7,2.0271693652228784,25,-1,Standard
GCP_943,n1-standard-2,ap-northeast-1,8,7.1688159670158225,55,3,Standard
GCP_7175,n2-standard-8,ap-northeast-1,11,33.383266170847705,193,-8,Standard
GCP_8709,a2-highgpu-1g,ap-northeast-1,20,84.74334525508985,98,11,Standard
GCP_2937,E2-MICRO,asia-south1 1133,8,1.0648045532574482,0,9,Standard
GCP_2066,e2-small,asia-south1,3,1.9874153411012168,14,1,Standard
GCP_2619,n1-standard-2 1653,ASIA-SOUTH1,4,7.793194072279666,44,-9,Standard 813
GCP_6809,n2-standard-8,ASIA-SOUTH1,6,32.138615602398005,192,1,Standard
GCP_7029,a2-highgpu-1g 784,asia-south1,10,78.40421961847251,109,-6,Standard
GCP_4035,e2-micro,me-central-1,11,1.0791376618988255,6,4,Standard
GCP_2166,e2-small,me-central-1,-1,2.039727993516125,10,0,Standard
GCP_4501,n1-standard-2,me-central-1,12,7.97845523091889,41,-9,Standard
GCP_1551,n2-standard-8,me-central-1 176,-2,32.3260178831514,197,-4,Standard
GCP_2022,a2-highgpu-1g,me-central-1,10,89.26106548470155,108,11,Standard
GCP_1445,e2-micro,sa-east-1,0,0.9737342039281333,20,-8,Standard
GCP_7873,e2-small,sa-east-1,8,1.8623943006031616,20,-1,Standard
GCP_7449,n1-standard-2 202,sa-east-1,7,7.306298642675949,45,9,Standard
GCP_7356,n2-standard-8,sa-east-1,10,32.30440838820561,207,-2,Standard 1364
GCP_7781,a2-highgpu-1g,sa-east-1,9,78.77485985471316,99,-8,Standard
OracleCloud_9377,VM.Standard.E2.1,us-east-1,0,1.0212529658640235,19,-6,Standard 1317
OracleCloud 1776_3835,VM.Standard2.2 1632,us-east-1,8,7.718399937364929,105,2,Standard
ORACLECLOUD_5400,BM.GPU2.2,us-east-1,22,122.14018074636908,503,6,Standard 125
OracleCloud_8765,VM.STANDARD.E2.1,us-west-1,-3,0.9327204020320945,21,10,Standard
OracleCloud_3471,VM.Standard2.2,us-west-1,10,8.185335605196709,94,-3,Standard
OracleCloud_748,BM.GPU2.2,us-west-1,14,127.75899296352256,493,3,Standard 1083
OracleCloud_2554,VM.Standard.E2.1,US-WEST-2,-8,0.9557727408338706,17,10,Standard 1495
OracleCloud_360,VM.Standard2.2,us-west-2,11,7.699323249512761,105,-9,Standard 944
OracleCloud_6615,BM.GPU2.2 1831,us-west-2,11,120.26264305939982,501,4,Standard
OracleCloud_3307,VM.Standard.E2.1,eu-west-1,5,1.0411655878070956,23,7,Standard
OracleCloud_1710,VM.Standard2.2 963,eu-west-1,6,7.5631093036422925,97,-1,Standard
OracleCloud_1858,BM.GPU2.2 1411,eu-west-1,23,123.54865632212447,493,2,Standard
OracleCloud_7829,VM.Standard.E2.1,eu-central-1,-4,1.072338815149099,20,4,Standard
OracleCloud_7630,VM.Standard2.2,eu-central-1,11,7.855609862296982,93,10,Standard
OracleCloud_2393,BM.GPU2.2,eu-central-1 1211,11,114.73739827402063,503,4,Standard
OracleCloud_1920,VM.Standard.E2.1,ap-south-1 275,8,1.030392407559211,31,1,Standard
OracleCloud_9100,VM.Standard2.2 579,ap-south-1,-4,8.336977511059674,110,-10,STANDARD
OracleCloud_3713,BM.GPU2.2,ap-south-1,9,126.30772458613498,492,-4,Standard
OracleCloud_6753,VM.Standard.E2.1,ap-southeast-1,7,1.057659745642429,17,-2,Standard
ORACLECLOUD_5530,VM.STANDARD2.2,ap-southeast-1,2,7.4639347167997325,90,8,Standard
OracleCloud_5012,BM.GPU2.2,ap-southeast-1 981,10,120.06235059998409,502,5,Standard
OracleCloud_9395,VM.Standard.E2.1,ap-northeast-1 304,-5,1.0317461323260064,34,0,Standard 1671
OracleCloud 58_2935,VM.Standard2.2,ap-northeast-1,0,8.112051404885909,90,-3,Standard 1074
OracleCloud_457,BM.GPU2.2,ap-northeast-1,7,115.14746149632016,496,-9,Standard
OracleCloud_8275,VM.Standard.E2.1,asia-south1,2,0.9829472538762369,31,0,Standard
OracleCloud 1622_3303,VM.Standard2.2,asia-south1 265,1,8.047357545160834,100,9,Standard
OracleCloud 946_8416,BM.GPU2.2,asia-south1,20,122.05976040906806,494,5,Standard
OracleCloud_2888,VM.Standard.E2.1,me-central-1,6,0.9839816162845143,17,4,Standard 176
OracleCloud_9269,VM.Standard2.2,me-central-1,-3,7.795963440911732,105,3,Standard
OracleCloud_8328,BM.GPU2.2,me-central-1,22,122.91663567042275,510,4,Standard
OracleCloud_9698,VM.Standard.E2.1,sa-east-1,4,0.9231609744927474,17,-7,Standard
OracleCloud_2484,VM.Standard2.2,sa-east-1,-6,7.583325646469637,104,-8,Standard 425
OracleCloud_5337,BM.GPU2.2,sa-east-1 107,15,121.1097342790122,493,7,Standard
IBMCloud_4058,bx2-2x8,us-east-1,2,7.908689244594022,54,1,Standard
IBMCloud_8867,bx2-4x16,us-east-1 423,6,15.220102007186197,110,3,STANDARD
IBMCloud_242,gpus-1,us-east-1 888,10,32.9709005760475,200,1,Standard
IBMCloud_4437,bx2-2x8 1430,us-west-1 1378,-4,7.519438562083255,42,-8,Standard
IBMCloud_2903,bx2-4x16,us-west-1,14,16.430083316025097,101,-6,Standard 1164
IBMCloud_38,gpus-1 1622,us-west-1,12,32.099829897710634,202,-7,Standard
IBMCloud 772_9736,bx2-2x8,us-west-2 206,6,7.998320916474423,41,-9,Standard
IBMCloud 1017_2186,bx2-4x16,us-west-2 1753,4,15.123286006022749,106,8,STANDARD
IBMCloud_2229,gpus-1,us-west-2 1826,12,29.701766658747836,203,3,Standard
IBMCloud_6018,bx2-2x8,eu-west-1,8,8.181248281678858,60,5,Standard
IBMCloud_7164,bx2-4x16,eu-west-1,13,16.614202168196602,93,10,Standard
IBMCloud_9387,GPUS-1,eu-west-1,7,31.786741821368242,201,-4,Standard
IBMCloud_3757,bx2-2x8,eu-central-1,-4,8.10383745136791,59,4,Standard
IBMCloud 741_1146,bx2-4x16,eu-central-1 1158,14,16.678660515829858,105,6,Standard
IBMCloud_3501,gpus-1,eu-central-1,-2,32.78300854682748,210,-2,Standard 1410
IBMCloud_6789,bx2-2x8,ap-south-1,5,7.929359970214248,51,8,Standard 585
IBMCloud_1526,bx2-4x16,ap-south-1,14,15.869983868918318,102,0,Standard 1884
IBMCloud_9841,gpus-1,ap-south-1,0,32.09340271604265,206,0,Standard
IBMCloud 1152_5774,bx2-2x8,ap-southeast-1,3,7.381693842675335,46,2,Standard
IBMCloud 632_7686,bx2-4x16 794,ap-southeast-1,4,15.555163127706784,104,3,Standard 1970
IBMCloud_9516,gpus-1,ap-southeast-1 1076,-2,32.71537199660074,197,8,Standard
IBMCLOUD_9457,bx2-2x8,ap-northeast-1,6,7.732039270258753,55,-4,Standard
IBMCloud_2222,bx2-4x16,ap-northeast-1 1081,8,15.432087956588495,90,9,STANDARD
IBMCloud_231,gpus-1 1372,ap-northeast-1,10,32.97748679128198,191,0,Standard 1974
IBMCloud_474,bx2-2x8,asia-south1,8,8.439871922320313,59,-4,Standard
IBMCloud_6210,bx2-4x16,asia-south1,5,14.745008011551759,97,-9,Standard
IBMCloud_5314,GPUS-1,asia-south1,9,32.76785300698571,196,0,Standard 987
IBMCloud_4060,bx2-2x8 1379,me-central-1,5,8.55010541227174,52,-7,STANDARD
IBMCloud_2381,bx2-4x16 151,me-central-1,12,15.71872079627878,96,3,Standard
IBMCloud_2118,gpus-1,me-central-1,13,33.17541112509565,202,-2,Standard
IBMCloud_9058,bx2-2x8,SA-EAST-1,9,7.443401726235913,59,2,Standard 1142
IBMCloud_912,bx2-4x16,SA-EAST-1,1,16.72704416643247,104,-6,Standard
IBMCloud_159,gpus-1,sa-east-1,13,34.46779046341188,199,0,Standard
DIGITALOCEAN_6396,s-1vcpu-1gb 654,US-EAST-1,4,0.9919171598382454,34,4,Standard
DigitalOcean_6028,s-2vcpu-4gb 20,us-east-1,9,4.11365492416275,75,-10,Standard
DigitalOcean_8451,g-2vcpu-8gb,us-east-1,-2,8.48728926357918,109,6,Standard
DigitalOcean_4483,s-1vcpu-1gb,us-west-1,6,0.9597362629845617,19,10,Standard
DigitalOcean 317_4821,s-2vcpu-4gb,us-west-1,3,3.8496164420643098,85,1,Standard
DigitalOcean_7280,g-2vcpu-8gb,us-west-1,4,7.702062186394609,108,1,Standard
DigitalOcean_9353,s-1vcpu-1gb,us-west-2,8,0.9331377082676069,24,-8,Standard
DIGITALOCEAN_4258,s-2vcpu-4gb 1237,us-west-2,8,3.710216983737075,80,10,Standard 1221
DigitalOcean_6221,g-2vcpu-8gb 1266,us-west-2 1274,-4,7.741071471423902,99,-4,Standard
DigitalOcean 1922_3887,S-1VCPU-1GB,eu-west-1 1815,-2,1.0014040043957362,24,-8,Standard
DigitalOcean 457_9148,s-2vcpu-4gb,eu-west-1,12,4.241770785714083,89,2,Standard 961
DigitalOcean_4135,g-2vcpu-8gb,eu-west-1,-2,7.643260936024154,93,10,Standard 1054
DigitalOcean_3050,s-1vcpu-1gb,eu-central-1,7,0.9904098632257456,28,9,Standard 1064
DigitalOcean_7098,s-2vcpu-4gb 314,eu-central-1 543,-2,4.114974553348446,78,-9,Standard
DigitalOcean_2566,g-2vcpu-8gb,eu-central-1 636,-5,8.17098910510725,94,-9,Standard 1232
DigitalOcean_9474,s-1vcpu-1gb 1453,ap-south-1,6,1.0365931834060298,19,-2,Standard
DigitalOcean_2220,s-2vcpu-4gb,ap-south-1,-4,3.8905579851047745,79,8,Standard
DigitalOcean_2234,g-2vcpu-8gb,ap-south-1,8,8.30944636212356,93,-6,Standard
DigitalOcean_6128,s-1vcpu-1gb,ap-southeast-1,4,1.0462393550555857,32,-8,STANDARD
DigitalOcean 933_9883,s-2vcpu-4gb,ap-southeast-1,12,3.8546854941176965,83,-4,Standard 874
DIGITALOCEAN_3971,g-2vcpu-8gb,ap-southeast-1,8,7.5175655604041305,108,-9,Standard
DigitalOcean_8314,s-1vcpu-1gb,ap-northeast-1 1911,8,1.0684155780407254,29,-2,STANDARD
DigitalOcean_5261,s-2vcpu-4gb 593,ap-northeast-1,4,4.244236778732841,74,2,Standard
DigitalOcean_5966,g-2vcpu-8gb,ap-northeast-1,-5,7.625898227857591,108,-10,Standard
DigitalOcean 1154_2304,s-1vcpu-1gb 645,asia-south1 1393,-3,1.0179221397446645,23,5,Standard
DigitalOcean 697_523,S-2VCPU-4GB,asia-south1,5,3.7692748422046654,75,-8,Standard
DigitalOcean_9783,g-2vcpu-8gb,asia-south1,12,7.902121655335053,99,4,Standard
DigitalOcean_6824,s-1vcpu-1gb,me-central-1,-6,0.9605229720041374,21,-10,Standard
DigitalOcean_5315,s-2vcpu-4gb 727,ME-CENTRAL-1,-2,3.680871449027362,89,-5,Standard
DigitalOcean_1943,g-2vcpu-8gb,me-central-1,8,8.012488490108831,98,-2,Standard
DigitalOcean_3122,s-1vcpu-1gb,sa-east-1,4,0.9532017114540402,34,4,Standard
DIGITALOCEAN_4020,s-2vcpu-4gb,sa-east-1,11,3.8555473669252724,72,10,Standard
DigitalOcean 1932_2877,g-2vcpu-8gb,sa-east-1,-4,8.207242533780095,106,-8,Standard 1632
Linode_5205,nanode 1138,us-east-1,-4,0.9422415028784017,20,-7,Standard
Linode_9254,g6-standard-2,us-east-1,10,3.735085921263509,83,-9,Standard 137
Linode_4565,g6-highmem-4,us-east-1,2,34.38300704912893,206,10,Standard
Linode_6371,nanode,US-WEST-1,1,1.0256046220287085,33,10,Standard
Linode_3185,g6-standard-2,US-WEST-1,-7,3.96064008701927,72,9,Standard
Linode 1397_5177,g6-highmem-4,us-west-1,4,31.940176279092785,201,-8,Standard
Linode_2663,nanode 1439,us-west-2,-3,0.9235091242159129,33,-9,Standard
Linode_6519,g6-standard-2,us-west-2,7,4.034946930370873,83,-8,Standard 782
Linode 370_7387,g6-highmem-4 1211,us-west-2 1475,-1,33.29572416884379,200,-6,Standard
Linode_658,nanode,eu-west-1,1,0.9732444508590783,26,-10,Standard
Linode_2536,g6-standard-2 1384,eu-west-1,12,4.071423447620784,71,6,Standard
Linode_9515,g6-highmem-4,eu-west-1,12,33.761591849654145,193,-1,Standard
Linode_7780,nanode,EU-CENTRAL-1,4,1.0031864581840213,25,0,Standard
Linode_261,g6-standard-2,EU-CENTRAL-1,1,3.9493377135502787,86,-5,Standard
Linode_6456,g6-highmem-4,eu-central-1,12,30.23968398746604,201,-8,Standard
Linode_2118,nanode,AP-SOUTH-1,-6,0.9592719828442003,28,3,Standard
Linode_3983,G6-STANDARD-2,ap-south-1,2,4.255897276869011,72,-2,Standard
Linode 7_283,g6-highmem-4 132,ap-south-1 1056,5,31.91904198619185,204,7,Standard
Linode 1871_8565,nanode,ap-southeast-1 198,7,1.0074597403143135,15,10,Standard
Linode_3413,g6-standard-2,ap-southeast-1,-1,4.2366183422980175,78,0,Standard 1027
Linode_9179,g6-highmem-4,ap-southeast-1,13,29.961789415336007,194,5,Standard
Linode 1559_2350,nanode,ap-northeast-1,-4,0.9643169418868505,29,7,Standard 297
Linode_6145,g6-standard-2,ap-northeast-1,6,3.688613876631467,88,-4,Standard
Linode_3371,g6-highmem-4 70,ap-northeast-1,-4,30.695207323489523,194,10,Standard
Linode 1144_8020,nanode,asia-south1,-6,0.954199822706431,29,-10,Standard
Linode_6435,g6-standard-2,asia-south1,0,4.127877918686705,89,6,Standard
Linode_3632,g6-highmem-4,ASIA-SOUTH1,9,30.281417013046752,206,-4,Standard
Linode_4302,nanode,me-central-1,3,0.9758080288617033,22,-9,Standard
Linode_6429,g6-standard-2,me-central-1,11,4.085505219095418,88,-2,Standard
Linode_7204,g6-highmem-4,me-central-1,2,31.756933893261508,197,-4,Standard
Linode_7433,nanode 725,sa-east-1 1815,-6,0.9379887033883149,30,-7,Standard
Linode 451_3657,g6-standard-2,sa-east-1,1,4.19793822235667,70,-10,Standard
Linode_2330,g6-highmem-4,sa-east-1 1563,-4,33.205893298136466,190,-5,Standard
Hetzner_6452,cx11,us-east-1 366,8,2.123964399506272,27,9,Standard 692
Hetzner_5430,cx31 1194,us-east-1,4,3.7867162945150743,78,4,Standard
Hetzner_8957,ccx51 428,us-east-1,12,68.51413282203393,400,-10,Standard
Hetzner_748,cx11 1711,us-west-1,-2,2.10118150388695,16,10,Standard 742
Hetzner_1597,cx31,us-west-1,-2,3.978792886421692,74,-8,Standard 1576
Hetzner 1746_7761,ccx51,us-west-1,15,64.6527166753659,407,8,Standard
Hetzner 872_1482,cx11,us-west-2 416,11,2.1543093387089494,25,-6,STANDARD
Hetzner_2410,cx31,us-west-2,1,4.135047112123031,77,-6,Standard
Hetzner 1323_4467,ccx51 601,us-west-2 219,15,67.7731606248517,402,3,Standard
Hetzner_2262,cx11 1008,eu-west-1,8,1.8746681696292606,22,1,Standard
Hetzner 262_3556,cx31,eu-west-1,-2,4.284635967236657,75,-10,Standard
Hetzner_8446,ccx51,eu-west-1,15,68.28221064757699,401,1,Standard
Hetzner_7812,cx11,eu-central-1 1703,-4,1.8577022390353717,13,-7,Standard 1704
Hetzner_3110,cx31 1489,eu-central-1,0,3.8202109001372264,79,-5,Standard
Hetzner_4132,ccx51,eu-central-1,1,67.39115774327209,392,9,Standard 459
Hetzner_5569,CX11,ap-south-1,-2,1.8658999589067946,15,7,Standard
Hetzner 604_9889,cx31,ap-south-1,-4,4.1616055140873405,74,7,Standard
Hetzner_2206,ccx51,ap-south-1,-1,66.70595826319601,406,-2,Standard 330
Hetzner_50,CX11,AP-SOUTHEAST-1,10,2.1054566374089916,23,10,Standard 127
Hetzner 454_8816,cx31,ap-southeast-1,-3,4.233756470598206,89,-8,Standard
Hetzner_1606,ccx51,ap-southeast-1,9,59.27600767732818,392,-3,Standard 1645
Hetzner_3448,cx11,ap-northeast-1 963,8,1.9837731417198463,18,7,Standard
Hetzner 457_5954,cx31,ap-northeast-1,-5,4.071922146939947,88,3,Standard
Hetzner 1920_9085,ccx51,ap-northeast-1,10,60.94773700377029,394,6,Standard
Hetzner 1262_4391,cx11,asia-south1,6,2.057771022877008,30,2,Standard 1620
Hetzner_6775,cx31 1599,asia-south1 98,-2,4.022213276148859,88,-6,Standard
Hetzner_4134,ccx51,asia-south1,4,66.62788400140875,409,9,Standard
Hetzner_6322,cx11,me-central-1,5,1.9923245812267532,10,-7,Standard 1143
Hetzner_9630,cx31 755,me-central-1,8,3.682067128635876,78,5,Standard
Hetzner_5309,ccx51 702,me-central-1,-2,63.822686502174136,404,7,Standard 1885
Hetzner 501_184,cx11,sa-east-1 1107,-1,2.1598861602596884,19,-1,Standard 156
Hetzner 765_6214,cx31 1623,sa-east-1,9,3.8671111992185887,70,0,Standard 565
Hetzner_1325,ccx51,sa-east-1 1988,10,61.216195711112,393,-6,Standard
AlibabaCloud 1804_4530,ecs.nano,us-east-1,7,0.48242937766578825,15,10,Standard
AlibabaCloud_6871,ecs.c6.large,us-east-1 600,-4,8.440086461380922,105,8,Standard 38
AlibabaCloud_42,gn5i-c8g1 1762,us-east-1,-1,59.85648352151294,993,-5,Standard
ALIBABACLOUD_2513,ecs.nano 1658,us-west-1,8,0.46411724093822726,19,6,Standard 782
AlibabaCloud 326_8427,ecs.c6.large 1220,us-west-1,7,7.808160656053187,109,3,Standard
AlibabaCloud_7689,gn5i-c8g1,us-west-1,18,66.45685530557644,994,2,Standard
AlibabaCloud_2975,ECS.NANO,us-west-2,0,0.4815475416092303,25,-3,Standard
AlibabaCloud_3978,ecs.c6.large,us-west-2 859,0,8.44303887671469,99,-6,Standard 1073
AlibabaCloud_9670,gn5i-c8g1,us-west-2,10,62.730493003639445,990,-5,Standard
AlibabaCloud 556_4610,ecs.nano,eu-west-1,-7,0.5086839527321296,11,9,Standard
AlibabaCloud_6917,ecs.c6.large 152,eu-west-1,9,8.485137716258567,101,-9,Standard
AlibabaCloud_4701,gn5i-c8g1,eu-west-1 1785,11,64.81264059947917,1008,3,Standard
AlibabaCloud_4558,ecs.nano,eu-central-1,4,0.5214632928739831,25,6,Standard
AlibabaCloud 1940_2906,ecs.c6.large 293,eu-central-1,-3,7.745153650544207,104,0,Standard
AlibabaCloud_3712,gn5i-c8g1,eu-central-1 1351,3,64.46724353893818,992,5,Standard
AlibabaCloud 530_3927,ecs.nano,ap-south-1,2,0.4765015013707359,27,10,Standard
AlibabaCloud_6039,ecs.c6.large,ap-south-1,6,8.274466424076156,103,10,Standard
AlibabaCloud_9687,gn5i-c8g1 399,ap-south-1,2,66.72576710785194,1010,-2,Standard 1483
AlibabaCloud_7370,ecs.nano,AP-SOUTHEAST-1,7,0.5313140442192088,26,-6,Standard
AlibabaCloud_3788,ecs.c6.large,ap-southeast-1,9,8.486412865654827,106,-1,Standard 1941
AlibabaCloud_5400,gn5i-c8g1,ap-southeast-1,-1,61.87242629613936,998,-1,Standard
AlibabaCloud 143_3547,ecs.nano,ap-northeast-1,8,0.4779537647959436,20,4,STANDARD
AlibabaCloud_4838,ecs.c6.large,ap-northeast-1,3,8.213561715606037,100,-4,Standard
AlibabaCloud_3049,gn5i-c8g1,ap-northeast-1,1,65.69231373839641,995,11,Standard 1457
AlibabaCloud_7183,ecs.nano,asia-south1,-9,0.4660226539824091,28,-6,Standard
AlibabaCloud_8246,ecs.c6.large 1535,asia-south1 1891,4,7.750469049514008,110,5,Standard
AlibabaCloud_4329,gn5i-c8g1,asia-south1,13,58.97959563160095,1003,-8,Standard
AlibabaCloud_7123,ecs.nano,me-central-1,2,0.4725896541862395,20,-3,Standard 1537
AlibabaCloud 580_4780,ecs.c6.large 1588,me-central-1,6,7.8613135806431504,107,-6,Standard
AlibabaCloud_27,gn5i-c8g1,me-central-1,13,59.41968847213125,990,11,Standard
AlibabaCloud_3998,ecs.nano,sa-east-1,10,0.5336449522654014,10,9,Standard
AlibabaCloud 452_2268,ecs.c6.large,sa-east-1,9,8.07139337752057,107,-10,Standard
AlibabaCloud_1707,gn5i-c8g1,sa-east-1,1,63.36196719276747,991,1,STANDARD
TencentCloud_5858,s1.small,us-east-1,-4,1.03700366035925,15,1,Standard 351
TencentCloud_5291,s2.medium 1513,us-east-1 907,1,3.700841087361004,52,-6,STANDARD
TencentCloud_2242,gn6.large,us-east-1,-5,7.534468219516553,108,3,Standard
TencentCloud_1607,s1.small,us-west-1 465,1,0.9961550330468639,17,3,Standard
TencentCloud_6958,s2.medium,us-west-1,2,3.7841688435821386,47,1,Standard 1819
TencentCloud_2310,gn6.large,us-west-1,0,8.603296637877964,92,3,Standard
TENCENTCLOUD_871,s1.small,US-WEST-2,8,1.0098124396294126,17,10,Standard
TencentCloud_1665,s2.medium,us-west-2 1353,2,4.097013406534402,53,-1,Standard 1631
TencentCloud_8504,gn6.large,us-west-2,2,7.495639042178782,108,5,Standard
TencentCloud_9273,s1.small,eu-west-1,2,0.9433941829398492,22,-6,Standard
TENCENTCLOUD_8595,s2.medium 576,eu-west-1,4,3.9939677552564405,40,-10,Standard
TencentCloud_7226,gn6.large,eu-west-1 318,5,7.878040229449747,97,2,Standard 1621
TencentCloud_4203,s1.small,eu-central-1,6,1.0665621619728085,26,7,Standard 992
TencentCloud_2419,s2.medium,eu-central-1,8,3.8801280562508347,50,-8,Standard
TencentCloud 165_7902,gn6.large,eu-central-1,5,8.144670619268032,109,4,Standard
TencentCloud_6132,s1.small,ap-south-1,7,1.0484562437059737,15,-5,Standard
TencentCloud 79_7471,s2.medium,ap-south-1,-5,3.8165951255899646,54,-10,Standard
TencentCloud 340_9442,gn6.large,ap-south-1,-6,8.319513743620936,96,-1,Standard
TencentCloud_7780,s1.small,ap-southeast-1,11,0.9912594242944458,35,4,Standard 260
TencentCloud_4780,s2.medium 1246,ap-southeast-1,2,4.253605975482351,58,-8,Standard
TencentCloud_5811,gn6.large,ap-southeast-1,-1,8.144190243007655,92,-4,Standard
TencentCloud_4022,s1.small 660,ap-northeast-1,6,1.0519304728034655,17,-3,Standard
TencentCloud_2771,s2.medium,ap-northeast-1,5,3.753696851584283,46,4,Standard 1837
TencentCloud_6943,gn6.large,ap-northeast-1,-2,7.420868021692778,101,-7,Standard
TencentCloud_9584,s1.small,asia-south1,9,0.9877619992405602,25,7,Standard 24
TencentCloud_2430,s2.medium,ASIA-SOUTH1,6,3.847781584388933,46,10,Standard
TencentCloud_5142,gn6.large,asia-south1,-6,8.143083181544347,96,0,Standard
TencentCloud 498_2211,s1.small,me-central-1,10,0.977151136644582,32,-8,Standard
TencentCloud_9575,s2.medium,me-central-1,6,3.6800870029742128,48,0,Standard
TencentCloud 780_8735,gn6.large,me-central-1,-1,7.596280691327395,108,-2,STANDARD
TencentCloud_8715,s1.small,sa-east-1,6,0.9521447032966355,33,1,Standard
TencentCloud_57,s2.medium,sa-east-1,4,4.263338538641837,53,-9,Standard 1551
TencentCloud_1428,gn6.large,sa-east-1,13,7.888981604148075,92,3,Standard
OVHCloud_6309,b2-7,us-east-1,7,6.46745187788741,56,1,Standard
OVHCloud_5683,b2-15,us-east-1,-3,14.421224208540012,103,9,Standard
OVHCloud 1646_563,t1-45,us-east-1 822,0,29.441197413622877,204,-7,Standard
OVHCloud_8003,b2-7,us-west-1,8,7.221800594505083,58,2,STANDARD
OVHCloud_6971,b2-15,us-west-1,12,16.189020713403924,100,7,Standard
OVHCloud_6357,t1-45,us-west-1,17,31.593252327549358,201,-4,Standard 1586
OVHCloud_3547,B2-7,us-west-2,-5,7.321622996560061,50,-2,Standard 1520
OVHCloud_6040,b2-15,us-west-2,4,15.220049048821007,94,6,Standard
OVHCloud_819,t1-45,us-west-2 130,4,30.968566636749667,208,4,Standard
OVHCloud 519_2251,b2-7 270,eu-west-1,12,6.672319058330963,45,4,Standard
OVHCloud_5781,b2-15,eu-west-1 475,-6,15.838075743188742,101,-4,Standard
OVHCloud_7599,t1-45 505,eu-west-1,15,30.94212131990065,209,-2,Standard
OVHCloud 653_3434,b2-7,eu-central-1,1,6.911757828768546,60,-10,Standard
OVHCloud_3240,b2-15,eu-central-1,3,15.549570209401862,98,-7,Standard
OVHCloud 1383_4153,t1-45 1373,eu-central-1 1502,12,28.815266137238638,205,1,Standard
OVHCloud_4960,b2-7 1769,ap-south-1,-2,7.435443742863591,53,2,Standard 745
OVHCloud_4178,b2-15,ap-south-1 758,-6,14.920000712355627,103,1,Standard 621
OVHCloud_197,t1-45,ap-south-1,0,30.33710649922105,201,0,Standard
OVHCloud_4856,b2-7,ap-southeast-1,-1,7.171552987419771,52,-2,Standard
OVHCloud_5311,b2-15,ap-southeast-1,2,14.825223286771777,105,0,Standard
OVHCloud_6478,t1-45,ap-southeast-1 852,-2,32.03077901927119,203,0,STANDARD
OVHCloud_110,b2-7 1362,ap-northeast-1,12,7.372405702916548,44,5,Standard
OVHCloud_9251,b2-15,ap-northeast-1,10,14.214873610965643,94,3,Standard
OVHCloud 201_732,t1-45,ap-northeast-1,8,28.993656502300535,208,-6,Standard 1216
OVHCloud 374_8838,b2-7,ASIA-SOUTH1,5,7.451303032989882,59,-5,Standard
OVHCloud_7464,b2-15,asia-south1,5,15.29293440840814,103,-9,Standard
OVHCloud_8700,T1-45,asia-south1,2,27.73460932082648,201,5,Standard
OVHCloud_6036,b2-7 1424,me-central-1,11,6.695291912317754,48,-8,Standard
OVHCloud_3817,b2-15,me-central-1 752,-6,14.72444030968668,106,5,Standard
OVHCloud_7448,t1-45,me-central-1,14,30.90748672652034,202,7,Standard
OVHCloud_7773,b2-7,sa-east-1,3,7.273246676991498,48,-1,Standard
OVHCloud 1266_8340,b2-15,sa-east-1,6,14.910179060370838,106,-7,Standard
OVHCloud_7834,t1-45 964,sa-east-1,13,29.07905937410717,209,3,Standard
AWS 701_5773,t3.nano,us-east-1,-5,0.4965289479744861,9,8,Standard
AWS 459_1712,t3.micro,us-east-1 v21,3,0.9889430127320701,13,-4,Standard 69
AWS 662_9975,M5.LARGE,us-east-1 v24,8,8.043671573914324,96,-2,Standard 631
AWS 161_4925,c5.xlarge 49,US-EAST-1 V2,-3,8.796125280117561,103,-14,Standard v21
AWS 475_2069,g4dn.xlarge,us-east-1,2,16.06093351600432,130,-9,Standard 69
AWS 244_5139,t3.nano,US-WEST-1 1729,16,0.47306586619067176,12,2,Standard
AWS v3 167_5215,t3.micro,us-west-1,-6,1.090119556100663,19,0,Standard
AWS 777_5809,m5.large,US-WEST-1,5,8.132717213069478,92,10,Standard
AWS 428_7305,c5.xlarge 128,us-west-1,12,7.624563526216771,91,-5,Standard
AWS v8 872 420_5708,g4dn.xlarge,us-west-1,1,16.376570098993778,114,7,Standard 1513
AWS 106_4519,t3.nano,us-west-2,1,0.5213315767564145,3,9,Standard 1975
AWS 162_4237,t3.micro,us-west-2,-6,0.9582724483782721,22,7,Standard v44
AWS v10 725_7072,m5.large v36,us-west-2,11,7.683863036191113,107,6,Standard
AWS 217 1064_7100,c5.xlarge,US-WEST-2,6,8.655657127769787,96,-5,Standard
AWS 839_3816,g4dn.xlarge,us-west-2,5,16.11662254881712,124,9,STANDARD
AWS 63_2359,t3.nano,eu-west-1,7,0.48310328353251,3,-6,Standard
AWS 419_7299,t3.micro,EU-WEST-1,10,0.9052971748249773,29,0,STANDARD
AWS 41_1125,M5.LARGE,eu-west-1 v33,8,8.083480243814797,93,10,Standard
AWS v28 503_2633,c5.xlarge,eu-west-1,-5,8.333346438249544,102,-4,Standard v48
AWS 684_9573,g4dn.xlarge 137,eu-west-1 1099,12,15.443922940982322,131,2,Standard
AWS 613_4188,t3.nano,eu-central-1 142,8,0.5165064285176808,7,-1,Standard v35
AWS 767_2453,t3.micro,eu-central-1,-11,1.0979796682238556,30,9,Standard
AWS 892_6639,m5.large v14,eu-central-1 718,8,8.133347900605944,102,2,Standard
AWS 900_9829,c5.xlarge,eu-central-1,-8,7.178103016292486,106,2,Standard v32
AWS 160 383_5930,g4dn.xlarge,eu-central-1,5,16.402378862774228,121,-4,Standard v13
AWS 682 693_8253,t3.nano,ap-south-1,5,0.4625631479531129,13,2,Standard
AWS 640_6371,t3.micro,ap-south-1 1746,3,0.8962043476056484,11,13,Standard 807
AWS 190_2752,m5.large,ap-south-1,4,8.139444761494078,98,-7,Standard 1204
AWS 628_9130,c5.xlarge,ap-south-1,1,7.8182162696244735,103,-1,Standard
AWS 411_5441,g4dn.xlarge,ap-south-1,4,14.777911381167582,115,-6,Standard
AWS v9 975_7518,t3.nano,ap-southeast-1 1912,-8,0.5217694628797162,23,-5,Standard 1764
AWS 442_9176,t3.micro,ap-southeast-1 v32 515,14,1.041756815565462,9,-12,Standard
AWS 387_3596,m5.large 1731,ap-southeast-1,-9,7.711650006094641,101,4,Standard 562
AWS 2_2452,c5.xlarge 792,ap-southeast-1,7,8.151952130495326,92,-15,Standard v49
AWS 736_3184,G4DN.XLARGE,ap-southeast-1 1656,9,16.231056921827133,129,4,Standard
AWS 684_173,t3.nano,ap-northeast-1 1630,5,0.5015042529279347,16,3,Standard
AWS v26 184_918,t3.micro 1824,ap-northeast-1 1118,8,0.9212016496042638,16,-9,Standard v11
AWS v17 982_8499,m5.large v38,ap-northeast-1 404,3,7.851104473426735,94,-1,Standard
AWS 464 1852_5128,c5.xlarge 1911,ap-northeast-1,7,8.249459335037855,98,9,Standard v6
AWS 403_4010,g4dn.xlarge v29 275,ap-northeast-1,10,15.672487134772942,126,0,Standard
AWS 489 812_3693,t3.nano v26,asia-south1 v3,-9,0.48935317192219346,20,5,Standard
AWS 641 339_7857,t3.micro,asia-south1 v33,6,0.9637512328687932,17,9,Standard
AWS 151_8301,m5.large,asia-south1 969,17,7.954774558228245,103,1,Standard
AWS 572_4332,c5.xlarge,asia-south1 1116,3,8.365442654145552,102,10,Standard
AWS V49 160_6533,G4DN.XLARGE,asia-south1,8,17.37535146817423,128,10,Standard 801
AWS 152_4143,t3.nano v9,me-central-1 868,14,0.5254487311998681,7,-10,Standard
AWS 420_308,t3.micro,me-central-1 v33 937,-3,1.1162342998293788,22,11,Standard
AWS 99_4972,m5.large,me-central-1,4,7.929386541674641,98,0,Standard 1220
AWS v25 720_6470,c5.xlarge,me-central-1,9,7.4219101906679965,101,-13,Standard v35
AWS 398_8145,g4dn.xlarge,me-central-1,14,16.659422079530895,114,-13,STANDARD
AWS 135_1939,t3.nano 729,sa-east-1,1,0.4692312176279472,8,-2,Standard
AWS v3 470_960,t3.micro,sa-east-1 514,-3,0.979220403269593,15,-6,Standard
AWS 776_9663,m5.large,sa-east-1 v22,9,7.745509051294514,99,5,Standard
AWS 284_2299,c5.xlarge,SA-EAST-1 1432,13,7.495140812970298,101,3,Standard 1054
AWS 547_1017,g4dn.xlarge,sa-east-1,4,15.478355223549151,117,-7,Standard
Azure 99_3214,B1S,us-east-1,-12,0.9220671867856697,16,6,Standard 831
Azure 607_7833,B2s v41,us-east-1,5,3.90042671574018,8,-9,Standard
Azure 928_1338,D2s_v3,us-east-1,-8,8.386481664820888,41,-3,STANDARD 185
Azure 735 1021_8128,F4s_v2 v23,us-east-1,-9,7.845283150969218,99,5,Standard
Azure v3 663_5060,NC6,us-east-1,13,50.37455184440815,367,-3,Standard
Azure 986_9768,B1s,us-west-1 188,4,0.9558908098836423,7,0,Standard 1302
Azure 246_835,B2s,us-west-1,-8,4.373718740892879,19,7,Standard
Azure 867 864_7684,D2s_v3 v48,us-west-1,-4,7.300614086662889,49,-1,Standard
Azure v25 825 1277_5230,F4s_v2,us-west-1,3,7.695625303428876,114,11,Standard 1512
Azure 512_3854,NC6,us-west-1,2,54.30338088548572,380,0,Standard 864
AZURE 800_2256,B1s,us-west-2,-5,0.9519490386276298,-3,-10,Standard
Azure 698_9199,B2s,US-WEST-2,8,4.329658919336422,18,6,Standard
Azure 692_286,D2s_v3,US-WEST-2,3,7.8446836426893425,53,2,Standard
Azure v42 993 1679_1531,F4S_V2,us-west-2,-2,8.183355808557861,110,2,Standard
Azure 774_4822,NC6,us-west-2,-1,55.10557997290714,385,3,Standard v4
Azure v45 936_4002,B1s,eu-west-1,-3,0.9524118904394366,6,-1,Standard
Azure 670_5342,B2S,eu-west-1,-9,3.6147797826151966,23,-4,Standard
Azure 741_3220,D2s_v3,eu-west-1 131,-6,8.87446388483907,57,11,Standard v26 1098
Azure 634 7_8449,F4s_v2 v26,eu-west-1 v23 59,14,7.719363920493254,100,0,Standard
Azure 237_3731,NC6,eu-west-1 970,1,60.06563981784351,377,5,Standard v40 384
Azure 790_6981,B1s,eu-central-1,9,0.9477763085679395,4,-10,Standard
Azure 997_1009,B2s,eu-central-1 80,-5,4.047011672940322,21,-11,Standard 1589
Azure 94_6647,D2S_V3,eu-central-1,-6,7.084972342431449,46,-6,Standard
Azure 341_9479,F4s_v2,eu-central-1,12,7.698177127673516,94,-1,Standard v48 503
Azure 762_6002,NC6,EU-CENTRAL-1,12,50.77828389713446,373,-3,Standard
Azure 906_7744,B1s 1081,ap-south-1,15,1.0408173055887875,11,2,Standard v31
Azure 325_6323,B2s,ap-south-1,1,4.14588684892995,22,8,STANDARD
Azure 497 814_8188,D2s_v3,ap-south-1 422,-9,8.363944786752297,59,-12,Standard
Azure 929 945_8625,F4s_v2,ap-south-1,17,7.766743026896399,98,-3,Standard v33
Azure 417_5156,NC6,ap-south-1,-7,61.13977330962736,376,-3,Standard
Azure 754_3188,B1s,ap-southeast-1,-4,1.1200517114991206,3,5,STANDARD
Azure 605_3463,B2s,ap-southeast-1,-9,3.6830573713934824,20,4,Standard
Azure 617_4322,D2s_v3,ap-southeast-1,3,7.901783784254995,51,-2,Standard 431
Azure 376_4481,F4s_v2 v7 1039,ap-southeast-1,-5,8.626359112318111,92,15,Standard v29
Azure 394_790,NC6,ap-southeast-1,-6,55.57708919952904,378,-11,Standard
Azure 99 45_343,B1s,ap-northeast-1,-2,1.0278039650376434,5,5,Standard
Azure 663_3087,B2s,ap-northeast-1,-5,4.207388147381566,18,5,Standard
Azure v32 217_1054,D2s_v3,ap-northeast-1 1739,3,7.8405599374499495,46,-8,Standard
Azure 62_827,F4s_v2,ap-northeast-1,3,7.7103601272065045,96,-5,Standard
Azure 177 1926_2209,NC6,ap-northeast-1 v20,16,52.310809985056856,384,-11,Standard
Azure 76 1259_4731,B1s,asia-south1 1718,-4,0.9012110597525531,4,1,Standard 1001
Azure 506_2407,B2s v9,asia-south1,4,4.273330694383762,18,2,Standard 859
Azure 891_6833,D2s_v3,asia-south1,-7,8.136052675006304,63,-8,STANDARD 700
Azure 39_3979,F4s_v2,asia-south1,4,8.366567598071112,108,12,Standard
Azure v45 133_8705,NC6 1149,asia-south1,9,57.76006941826587,389,13,Standard
Azure 658_3816,B1s,me-central-1,8,1.0012021790132177,8,12,Standard
Azure 519_1506,B2s,me-central-1 1736,-5,4.4187858050734805,22,-2,Standard
Azure 634_5737,D2s_v3,me-central-1,0,7.084963796666754,36,5,STANDARD
Azure v2 648_8279,F4s_v2,me-central-1 722,11,8.412234568853378,98,-8,Standard 886
Azure v48 217_9417,NC6,me-central-1,-7,59.85629792329273,384,1,Standard
Azure 167 1491_8021,B1s,sa-east-1,5,1.0201974018548075,15,-8,Standard
AZURE 126_6319,B2s,sa-east-1,5,3.7039956528423787,9,2,Standard
Azure 660_5493,D2s_v3,sa-east-1,-8,8.358162423487979,45,2,Standard
Azure 1_186,F4s_v2 1316,sa-east-1,6,7.354708240828104,110,-5,Standard 1123
Azure 409_7207,NC6,sa-east-1,4,55.021783240053615,391,-6,Standard
GCP 80_6429,e2-micro,us-east-1 v33 1320,-5,0.9157308512719702,11,-7,Standard 1838
GCP 227_734,e2-small,us-east-1 1208,11,2.19100054028289,25,4,Standard
GCP 305_3005,n1-standard-2,us-east-1,9,7.643186146846155,48,5,Standard
GCP 471_1335,n2-standard-8,us-east-1,-3,31.87017008942184,210,-3,Standard v16
GCP v11 972_7995,a2-highgpu-1g,us-east-1 1148,17,88.20552279845353,104,8,Standard
GCP 348_3006,e2-micro,US-WEST-1,0,0.9427351690086393,8,-3,Standard 1544
GCP 732_2721,e2-small,us-west-1 138,-3,1.8672854549798223,30,-6,Standard v28
GCP 959_4808,n1-standard-2 1977,us-west-1 v37,11,7.362815043990799,51,5,Standard
GCP 461_639,n2-standard-8,us-west-1,-7,29.49716330200396,208,-4,Standard
GCP 256_5353,a2-highgpu-1g,us-west-1,14,82.07992231650714,103,-11,Standard
GCP 824 476_862,e2-micro,us-west-2,1,1.0779064789048405,8,12,Standard
GCP 801_7149,E2-SMALL,us-west-2,-2,1.91800015021904,13,-7,Standard 767
GCP 853_8952,n1-standard-2,us-west-2,-1,7.913963001634441,53,7,Standard
GCP 795 1105_6618,n2-standard-8,us-west-2,4,29.37559116247117,190,8,Standard
GCP v49 405 1563_2966,a2-highgpu-1g,us-west-2,5,78.75278810135492,104,-7,Standard
GCP 863_6044,e2-micro,eu-west-1,7,1.0924552157941525,6,3,Standard
GCP 997 1689_4663,e2-small,eu-west-1,6,1.9793282785174908,19,5,Standard
GCP 78 1064_6903,N1-STANDARD-2,eu-west-1 v37,6,7.990469553354011,42,5,Standard
GCP 446_7447,n2-standard-8,EU-WEST-1,10,29.76141900683352,204,-10,STANDARD
GCP 551 665_7186,a2-highgpu-1g,eu-west-1 v1 780,-1,89.09581288087243,86,-5,Standard
GCP 891_856,e2-micro v26,eu-central-1,4,1.0499528474376527,13,1,Standard
GCP 990_8132,e2-small,eu-central-1,-4,1.9559860473299018,21,5,STANDARD
GCP 853_9594,n1-standard-2 v30,eu-central-1 573,8,7.913559367715829,58,8,STANDARD
GCP 704_8641,n2-standard-8,eu-central-1 v14,1,31.53444848399826,201,-7,Standard
GCP 435_4802,a2-highgpu-1g,eu-central-1 v34,22,81.83513632776538,95,10,Standard 572
GCP 335_6369,E2-MICRO,ap-south-1,-11,0.9299752668826315,5,-1,Standard v24
GCP 797 1091_817,e2-small,ap-south-1,-1,1.896889892660172,25,1,Standard 258
GCP 508_2405,n1-standard-2,ap-south-1 v4,-2,8.131270775836882,55,2,Standard
GCP 450_4172,n2-standard-8 v20,ap-south-1 162,9,31.075202832954368,198,-3,Standard
GCP v13 111 1715_9363,a2-highgpu-1g,ap-south-1,15,87.23791195013415,110,-10,Standard
GCP v23 360_6327,e2-micro,ap-southeast-1 v16 415,5,1.004731688920555,5,2,Standard
GCP 667_1818,e2-small,ap-southeast-1,-2,1.9115021800009806,7,4,Standard
GCP 789_1943,n1-standard-2 v29 574,ap-southeast-1 1524,-6,8.160817254736946,56,-12,Standard
GCP 838_9352,N2-STANDARD-8,ap-southeast-1,3,29.631390556046448,199,-6,Standard v21 1155
GCP 945 295_7874,a2-highgpu-1g,ap-southeast-1 898,1,81.69319314998644,100,-4,Standard
GCP 249 1537_3376,e2-micro,AP-NORTHEAST-1,10,1.058831687787105,9,13,Standard
GCP 831_980,e2-small,ap-northeast-1 v47,-4,2.105351039925141,29,13,STANDARD
GCP 625_2405,n1-standard-2,ap-northeast-1 v48,-10,7.196850829617989,36,0,Standard
GCP 526_4903,n2-standard-8 1408,ap-northeast-1,2,32.451510679435245,197,-1,Standard
GCP 526_966,a2-highgpu-1g v26,ap-northeast-1,23,87.26217271053677,90,1,Standard
GCP 919_178,e2-micro 1939,asia-south1,11,0.9388430582110008,7,4,Standard v47
GCP 806_1408,e2-small,asia-south1,10,2.0328107307345498,15,14,STANDARD
GCP 485_7772,n1-standard-2,ASIA-SOUTH1,-2,7.026124402988416,46,8,Standard
GCP 474_7943,n2-standard-8,asia-south1,15,30.29120525160443,196,-9,STANDARD V22
GCP v44 580 598_5349,a2-highgpu-1g,asia-south1,20,90.24429689091542,90,-4,Standard
GCP 111_6118,e2-micro,me-central-1,4,1.0525792633711446,14,-8,Standard
GCP 748_1682,e2-small 561,me-central-1 v22 1543,3,1.857882065045629,17,-8,Standard
GCP v19 320_3957,n1-standard-2,me-central-1 v42,5,7.363728518157017,54,-2,Standard 168
GCP 741_3889,n2-standard-8,me-central-1 943,0,32.06710424265899,212,-5,STANDARD 131
GCP V33 503_2196,a2-highgpu-1g,me-central-1,18,84.35264376198649,109,6,Standard
GCP v48 137_5960,e2-micro v4 406,sa-east-1,6,0.9946044942170654,7,-5,Standard
GCP 548 899_3848,e2-small,sa-east-1,11,1.8527883264539204,16,8,Standard
GCP 847_7949,n1-standard-2,sa-east-1 v24 888,-1,7.091959872315165,58,6,Standard
GCP 947_4558,n2-standard-8,sa-east-1,8,31.734560274931432,210,3,Standard
GCP 26 1031_7610,a2-highgpu-1g,sa-east-1 504,19,89.16907370939543,112,11,Standard
OracleCloud 410 858_5023,VM.Standard.E2.1,us-east-1,4,1.038617651500423,22,10,Standard 933
OracleCloud 532 711_9389,VM.Standard2.2,us-east-1,0,8.719866826705074,93,-15,Standard
OracleCloud 654_9424,BM.GPU2.2,us-east-1,10,112.09924065627857,488,2,Standard 1543
OracleCloud 845_350,VM.Standard.E2.1,us-west-1,11,1.067325392036549,30,-2,Standard
OracleCloud v43 261_9868,VM.Standard2.2 v3 884,us-west-1,-5,8.095136972470776,102,3,Standard
OracleCloud 642_8728,BM.GPU2.2,US-WEST-1,20,118.6578313216262,489,2,Standard
OracleCloud 777_5035,VM.Standard.E2.1 1366,us-west-2,5,1.004983310205612,16,-6,Standard v17
OracleCloud 419_2295,VM.Standard2.2,us-west-2,6,8.084900227097247,100,0,Standard
OracleCloud v30 376 312_8032,BM.GPU2.2,us-west-2,7,132.09154353880734,500,4,Standard 1229
OracleCloud 513 1587_1198,VM.Standard.E2.1,eu-west-1 311,-4,0.9605508067818121,18,-6,Standard
OracleCloud 873 129_947,VM.Standard2.2,eu-west-1,-5,8.683189367133323,103,-2,Standard
OracleCloud 379_7383,BM.GPU2.2 v37,EU-WEST-1 V14,7,124.45103313006314,495,1,Standard 527
OracleCloud 402 1560_7561,VM.STANDARD.E2.1,eu-central-1,-5,1.0117103262994054,29,-5,Standard v25
OracleCloud 637_4967,VM.Standard2.2 1962,eu-central-1,0,8.110653113462408,92,-11,Standard
OracleCloud 145 761_8506,BM.GPU2.2,eu-central-1,14,120.92611020211518,493,4,Standard
OracleCloud 616_9153,VM.Standard.E2.1,ap-south-1,-1,1.0596527993521263,13,9,Standard
OracleCloud 646_9691,VM.Standard2.2,ap-south-1 376,8,7.479745784394662,87,6,Standard 791
OracleCloud 15_9150,BM.GPU2.2 v3,ap-south-1 1885,21,129.21056937863216,514,3,Standard 958
OracleCloud 420 1260_7592,VM.Standard.E2.1 v47,ap-southeast-1,2,0.9614898013835139,26,2,Standard 1646
ORACLECLOUD 951_4868,VM.Standard2.2 v29,ap-southeast-1 115,-6,8.386421870479033,102,13,Standard
OracleCloud v33 865_1217,BM.GPU2.2,ap-southeast-1,15,121.0923310241369,495,6,Standard v10
OracleCloud 157_6754,VM.Standard.E2.1,ap-northeast-1,6,0.9650033187927103,31,6,Standard v15 958
ORACLECLOUD V8 411_6844,VM.Standard2.2,ap-northeast-1,-6,7.613911973036564,108,-8,Standard
OracleCloud 811_9649,BM.GPU2.2 v31,ap-northeast-1,20,127.9290865263117,503,8,Standard
OracleCloud 134_7213,VM.Standard.E2.1 v27,asia-south1,-3,1.028223232644944,30,6,Standard v38
OracleCloud 396_5174,VM.Standard2.2,asia-south1,13,8.120419859614636,94,10,Standard
OracleCloud 993_2294,BM.GPU2.2,asia-south1,30,119.91125241202148,505,4,Standard
ORACLECLOUD 133_400,VM.Standard.E2.1,me-central-1,-5,1.006536887835774,29,-4,Standard
ORACLECLOUD 604_2176,VM.Standard2.2 1379,me-central-1,11,7.612480120164766,112,-4,Standard 1389
OracleCloud 297_1915,BM.GPU2.2 v31,me-central-1,25,108.03003098955564,495,-3,STANDARD
ORACLECLOUD 405_6414,VM.Standard.E2.1,sa-east-1,-4,1.0157016271363446,14,-8,Standard 809
OracleCloud 825_9458,VM.Standard2.2,sa-east-1,6,8.586792554659663,106,-2,Standard
OracleCloud 936_9076,BM.GPU2.2,sa-east-1,16,123.3457332067938,501,7,Standard
IBMCloud 202_2533,bx2-2x8 v15 729,us-east-1,1,8.107524906554692,51,4,Standard
IBMCloud v26 602_7557,bx2-4x16,us-east-1 1097,17,16.165966473834803,107,-3,Standard
IBMCloud v11 418_2621,GPUS-1,us-east-1,12,31.935196866878965,206,6,Standard
IBMCloud v27 179 1172_1487,bx2-2x8,us-west-1,-12,8.015946789512146,45,0,Standard
IBMCloud 161 1747_7914,bx2-4x16 v24,us-west-1 v25,6,16.606025644299077,89,12,Standard 1747
IBMCloud 666_874,gpus-1,us-west-1,-2,31.900457973817502,203,-5,Standard 717
IBMCLOUD 84_9454,bx2-2x8,us-west-2 v28,-7,8.437089308908877,58,-6,Standard
IBMCloud 476_8286,bx2-4x16 860,us-west-2 341,1,16.30480167936523,110,9,Standard 835
IBMCloud 318_4727,gpus-1,us-west-2,11,34.48223261678703,193,9,Standard v19 94
IBMCloud 18 1772_1496,BX2-2X8,eu-west-1 v32 1774,1,7.940958833278436,53,-13,Standard
IBMCloud 113_6138,bx2-4x16 1382,eu-west-1,-7,15.371109659924096,89,0,Standard v28
IBMCloud 897_9279,GPUS-1,eu-west-1,5,33.913870413516506,199,8,Standard
IBMCloud 800 374_7150,bx2-2x8,EU-CENTRAL-1,10,8.909428394165783,57,-6,Standard
IBMCloud v10 87_5744,bx2-4x16,eu-central-1,1,16.394543136686558,99,-5,Standard
IBMCloud 8_8913,gpus-1,eu-central-1,8,29.813521932340407,196,8,Standard v29 1950
IBMCloud v1 443_8825,bx2-2x8 241,ap-south-1,2,7.4059422259053145,56,-7,Standard
IBMCloud 51 1063_2469,bx2-4x16,ap-south-1,16,16.332418493589454,100,-12,Standard
IBMCloud 803_1876,gpus-1,ap-south-1,-7,30.205924405104284,198,5,Standard
IBMCLOUD 165_4564,bx2-2x8 v32,ap-southeast-1 v24 828,-5,8.849156198943492,51,-10,Standard
IBMCloud 7_1753,bx2-4x16,ap-southeast-1,-5,16.484447442983875,111,6,Standard
IBMCloud 381 1069_473,gpus-1 1468,ap-southeast-1 v10,16,34.176464562493344,196,-3,Standard v48
IBMCloud 897_4564,bx2-2x8,ap-northeast-1,5,8.549136773310309,47,5,Standard
IBMCloud 707_5316,bx2-4x16,AP-NORTHEAST-1,-6,16.38950851643059,98,-13,Standard
IBMCloud v23 934_162,gpus-1 694,ap-northeast-1,1,33.43218451880323,208,-3,Standard
IBMCloud 506_376,bx2-2x8,asia-south1,3,7.445385182015872,51,-10,Standard
IBMCloud v22 727 1398_7607,bx2-4x16,asia-south1,7,16.5365498479088,102,6,Standard
IBMCloud 552 1366_3307,gpus-1,asia-south1,-7,34.269612809882446,201,10,Standard
IBMCloud 758 1533_3715,bx2-2x8,me-central-1,-3,8.347993885934978,58,-1,Standard 1845
IBMCloud 442_23,bx2-4x16,me-central-1,10,17.71940059485954,91,2,Standard
IBMCloud 146_6583,gpus-1,me-central-1,4,31.11098222257017,208,-8,STANDARD
IBMCloud v21 17_7452,BX2-2X8,SA-EAST-1,3,7.426417782861925,47,1,Standard
IBMCloud 629_922,bx2-4x16,sa-east-1,-5,16.476569116844658,102,6,Standard
IBMCloud 287_7001,gpus-1,sa-east-1,22,29.70927447981345,204,14,Standard
DigitalOcean 455_4312,s-1vcpu-1gb v6,us-east-1,11,1.020642031836685,18,-7,Standard
DigitalOcean 476_5706,s-2vcpu-4gb 182,us-east-1 935,16,4.420395233255174,85,-1,Standard 809
DIGITALOCEAN 819 197_8109,g-2vcpu-8gb,us-east-1 v46,-4,7.317110131951981,104,-12,Standard
DigitalOcean 296_7533,s-1vcpu-1gb,us-west-1,-2,1.0294946184242348,27,-6,STANDARD V11
DIGITALOCEAN V11 227_7216,s-2vcpu-4gb,us-west-1,-5,4.015555606118467,89,6,Standard
DigitalOcean 406 410_4749,g-2vcpu-8gb,us-west-1,5,7.5274845405570145,92,-5,Standard
DigitalOcean 751_3260,s-1vcpu-1gb,us-west-2,-6,0.9982213373797417,37,-12,Standard 251
DigitalOcean 958 910_997,s-2vcpu-4gb,us-west-2,-10,3.8678666603863694,88,6,Standard v17
DigitalOcean 154_4421,g-2vcpu-8gb 871,us-west-2,12,7.465954663217219,87,-2,STANDARD
DigitalOcean 17_3750,s-1vcpu-1gb,eu-west-1,-2,0.8977481611062573,26,-1,Standard
DigitalOcean 42_3692,s-2vcpu-4gb,eu-west-1,-6,3.936010457103366,79,12,Standard
DigitalOcean v25 478_95,g-2vcpu-8gb,eu-west-1 v39,-5,7.733596672719341,90,6,STANDARD
DigitalOcean 44_4459,s-1vcpu-1gb 1112,eu-central-1,-7,1.0748423324008902,27,-7,Standard
DigitalOcean 569_5656,s-2vcpu-4gb,eu-central-1,9,4.2778012553494085,76,10,Standard 1290
DigitalOcean 776 1095_2917,g-2vcpu-8gb,EU-CENTRAL-1,11,8.476485689240244,101,-13,STANDARD
DigitalOcean 976_3943,s-1vcpu-1gb,ap-south-1 v31,7,0.9758818644174044,26,-7,Standard
DigitalOcean 268_4156,S-2VCPU-4GB,ap-south-1,7,4.27169310192038,76,-6,Standard
DigitalOcean 16_9809,g-2vcpu-8gb 18,ap-south-1,11,7.913072855601102,108,-6,Standard
DigitalOcean 86_6332,s-1vcpu-1gb,ap-southeast-1,-4,1.0473663648876639,36,-8,Standard
DigitalOcean 498_7452,s-2vcpu-4gb v7,ap-southeast-1,10,4.2204915352230605,78,0,Standard
DigitalOcean 995_7530,g-2vcpu-8gb,ap-southeast-1 v23,5,8.129248718552383,105,11,Standard 494
DigitalOcean v18 620_7513,s-1vcpu-1gb v42,ap-northeast-1 367,5,1.0242355508335053,23,7,Standard
DigitalOcean 986 1672_6760,s-2vcpu-4gb v45,ap-northeast-1,-10,4.276811180457243,95,8,Standard 342
DigitalOcean v23 349_2731,g-2vcpu-8gb,ap-northeast-1,-2,8.210811616900669,99,8,Standard
DigitalOcean 493_1699,s-1vcpu-1gb,asia-south1,-5,0.9085527749586868,18,4,Standard v16
DigitalOcean 414_1455,s-2vcpu-4gb v42,asia-south1,0,4.007255566869346,77,5,Standard
DigitalOcean 39_7106,g-2vcpu-8gb,asia-south1 v13,2,8.6993688071373,102,5,Standard
DIGITALOCEAN V46 748_7530,s-1vcpu-1gb,me-central-1,0,0.9173285501977126,14,-7,Standard
DigitalOcean 926_8671,s-2vcpu-4gb,me-central-1,0,3.828636350670334,89,12,STANDARD
DIGITALOCEAN 3_5590,g-2vcpu-8gb,me-central-1 v25,6,7.678096085397851,103,-8,STANDARD 1603
DigitalOcean 958_1833,s-1vcpu-1gb,sa-east-1 319,-2,0.9878505713882849,15,-5,Standard
DigitalOcean 975_6201,s-2vcpu-4gb,SA-EAST-1,9,3.740045740685812,73,2,Standard
DigitalOcean 140 889_5738,g-2vcpu-8gb,SA-EAST-1,9,8.240040609580609,96,4,Standard v4
Linode 380 1121_7737,nanode 1256,us-east-1,-1,1.0191486930321378,20,5,Standard
Linode 62_565,g6-standard-2 v6,US-EAST-1,2,4.375342955508856,91,-3,Standard
Linode v13 584 340_9212,g6-highmem-4,us-east-1 v34,4,31.920075388148888,191,2,Standard
Linode v20 226_8214,nanode,us-west-1,-9,0.9766813747949822,36,3,Standard
Linode 259_1793,g6-standard-2 1725,us-west-1,0,3.845861563550412,79,14,Standard
Linode 47_4121,g6-highmem-4,us-west-1,-1,32.2688143973805,194,2,Standard 1195
Linode 890_4793,nanode,us-west-2,6,0.9835954606470768,32,8,Standard 1556
Linode 62_9390,g6-standard-2 v49,us-west-2,8,4.165244649996553,83,-10,Standard
Linode 781 432_671,g6-highmem-4,us-west-2 1755,-2,30.413442106058405,204,-8,Standard
Linode 580_1239,nanode,eu-west-1,9,1.1019590862475919,20,8,Standard
Linode 323_260,g6-standard-2,eu-west-1,3,3.69523323718449,74,11,Standard 456
Linode 521 1737_2792,G6-HIGHMEM-4,eu-west-1 v28 1795,16,28.13181475661339,202,-4,Standard 1334
Linode v15 226_7519,nanode,eu-central-1,11,1.0097358116676778,25,7,Standard 1100
Linode 251 1572_8109,g6-standard-2,eu-central-1,6,3.893436456538214,71,10,Standard
Linode v5 973_5322,g6-highmem-4,eu-central-1,16,32.129515822900125,204,-3,Standard
Linode 323_6340,nanode v17,ap-south-1 1342,4,0.9872282130826102,29,4,Standard 317
Linode 973_2459,g6-standard-2,ap-south-1,-2,4.13416436615087,79,-3,Standard
Linode 92_8505,g6-highmem-4,ap-south-1,6,35.51553956514846,197,-6,Standard
Linode 345_9945,nanode 350,ap-southeast-1 v33,8,1.064493004188778,30,13,Standard v45
Linode 700 72_5947,g6-standard-2,ap-southeast-1 1517,-6,3.835652533093019,75,1,Standard
Linode v7 31_4059,g6-highmem-4,ap-southeast-1 278,-3,32.613455601444144,210,-4,Standard
LINODE 670_8585,NANODE 1969,ap-northeast-1 1685,2,0.8824112697218939,21,-1,STANDARD
Linode 525_6995,g6-standard-2,ap-northeast-1 v39,-11,4.062047002561549,74,0,Standard v32 722
Linode v46 223_6177,g6-highmem-4,ap-northeast-1,18,35.36598642194081,202,1,Standard
Linode 326_3894,nanode,asia-south1,-4,0.9691930595219064,30,3,Standard
Linode 278_2143,g6-standard-2,asia-south1 v19,10,3.95227197282373,67,-3,Standard v29 1082
LINODE 731_2,g6-highmem-4,asia-south1,-7,31.785292585413664,207,-4,Standard v4
LINODE 22_8117,nanode,me-central-1,3,1.0287068170208982,16,7,Standard v1
Linode v26 763_1231,G6-STANDARD-2,ME-CENTRAL-1 700,10,3.7745337662936866,76,-12,Standard
Linode 33 1904_3152,g6-highmem-4,me-central-1,9,31.304439322436085,206,12,Standard
Linode 570_1399,nanode,sa-east-1,-1,1.0505764471810948,32,-4,Standard
Linode 977 1131_6922,g6-standard-2 v23 56,sa-east-1 1642,7,3.6848886479032865,86,-7,Standard
Linode 797 551_2547,G6-HIGHMEM-4,sa-east-1,4,34.3170331841034,192,0,Standard 689
Hetzner 22_3015,cx11 1701,us-east-1 v29,6,1.8457768555786351,25,-1,Standard
Hetzner 604_9888,cx31 390,us-east-1,10,3.687066153875664,70,-5,Standard
Hetzner v29 84_9348,ccx51,us-east-1,7,62.20414805243003,392,8,Standard
HETZNER 257_6604,cx11 v6,us-west-1,5,2.0907834965728216,25,4,Standard
Hetzner 832_30,cx31 620,us-west-1,-3,4.265802290612469,75,-2,Standard
Hetzner 60 572_4384,ccx51 v49,us-west-1,17,66.71442523752636,397,-5,Standard v8
Hetzner 591_213,cx11 1104,us-west-2,8,2.068754628357,18,8,Standard
Hetzner 387 167_9221,cx31,us-west-2,0,3.8476555991603,87,2,Standard
Hetzner 916_5400,ccx51 1925,us-west-2 v29,17,68.32859157102835,410,6,Standard
Hetzner 894_8503,cx11,eu-west-1,5,1.8544206590942685,19,1,Standard
Hetzner 956_2964,cx31,eu-west-1 v44 787,-8,3.85591169688561,77,-7,Standard
Hetzner 344_3931,ccx51,eu-west-1,18,66.84500838917872,400,-6,Standard
Hetzner 789_4498,cx11,eu-central-1,2,1.9360603735226414,24,6,Standard
Hetzner 301_772,CX31 V18,eu-central-1 1284,7,3.849669945275624,85,4,Standard 1926
Hetzner 392 1254_9588,ccx51,eu-central-1,2,63.828319956512274,393,5,Standard 638
Hetzner v11 889_2618,cx11 144,ap-south-1 337,5,2.02897201314724,14,-4,Standard v12
Hetzner 936_9388,cx31,ap-south-1,-6,3.8158380431376755,81,4,Standard v10
Hetzner 801 192_4894,ccx51,ap-south-1 1423,5,66.74605431525794,391,3,Standard
Hetzner 103 1771_9403,CX11 1047,AP-SOUTHEAST-1 V41,6,2.033335149192695,19,7,Standard
Hetzner v2 143 497_711,cx31,ap-southeast-1,-7,4.030248456984107,74,-14,Standard
Hetzner 317_4625,ccx51,AP-SOUTHEAST-1,-2,64.09072995224128,387,-5,Standard v11
HETZNER 73_7143,cx11 1714,ap-northeast-1,-12,2.17906755637464,25,-5,Standard
Hetzner 716_4316,cx31,ap-northeast-1,-5,3.929904152917166,86,-5,STANDARD
Hetzner 383_4909,ccx51,ap-northeast-1,6,62.64888297839454,400,-2,Standard
Hetzner v7 22 987_3864,cx11 v11,ASIA-SOUTH1,5,2.127927299853928,27,-5,Standard
Hetzner 14_4846,cx31,asia-south1,16,3.6740731709276426,73,-5,Standard 993
Hetzner 243_6882,ccx51,asia-south1,21,64.85154391305147,395,13,Standard v45
Hetzner v19 695 622_9327,cx11 v46,me-central-1,8,2.04707791371704,17,3,Standard
Hetzner 723_4878,cx31,me-central-1,-4,4.020220362079554,84,0,Standard 577
Hetzner 924_5880,ccx51 v22,me-central-1 886,11,65.92467422147875,410,0,Standard v3
HETZNER 903 806_6279,cx11 v10 1132,sa-east-1 746,-2,1.9228172459995532,21,-10,Standard
Hetzner 805_6473,cx31 1248,sa-east-1 v12,1,4.128754708263671,89,-4,Standard v20
Hetzner 562_532,ccx51,sa-east-1,7,63.230245810918845,404,-3,Standard
AlibabaCloud 117 1565_8403,ecs.nano v49 1784,us-east-1,4,0.5329262319676089,9,5,Standard
AlibabaCloud v34 774_5475,ecs.c6.large,us-east-1,-1,7.659191756004659,101,7,STANDARD
AlibabaCloud 246_7207,gn5i-c8g1,us-east-1,16,63.148673188300094,1006,6,Standard
ALIBABACLOUD 911_8930,ecs.nano,us-west-1 793,-6,0.5331880912752939,17,-3,Standard
AlibabaCloud 298_4175,ecs.c6.large v33,us-west-1,-6,7.802298808476324,90,5,Standard
AlibabaCloud 553_6974,gn5i-c8g1,us-west-1,-4,60.86728800058761,1006,3,Standard v45
AlibabaCloud 985 1149_6191,ecs.nano,us-west-2,10,0.5418499290192886,19,7,Standard
AlibabaCloud 891_954,ecs.c6.large,US-WEST-2,-10,8.273559388476095,98,-2,Standard
AlibabaCloud 229 1423_7479,gn5i-c8g1,us-west-2,19,66.77981804627841,996,5,Standard 208
ALIBABACLOUD 301_5242,ecs.nano v5,eu-west-1 1995,-4,0.5334284546146153,19,-2,Standard 1620
AlibabaCloud 605_9635,ECS.C6.LARGE V23,eu-west-1 743,-1,7.679448023999251,97,13,Standard
AlibabaCloud 133_5203,gn5i-c8g1,eu-west-1,15,69.78868408003352,1001,-13,Standard
AlibabaCloud v20 284_402,ecs.nano v8,eu-central-1 418,4,0.5564237968584996,29,2,Standard v20
AlibabaCloud 497_4464,ecs.c6.large v43,eu-central-1,-5,7.414144857959378,100,3,Standard
AlibabaCloud 957_3269,gn5i-c8g1,EU-CENTRAL-1,9,63.36842918461343,999,4,Standard
AlibabaCloud 511 839_3363,ecs.nano,ap-south-1,-7,0.5106844814316062,21,9,STANDARD 486
AlibabaCloud 35_2805,ecs.c6.large,ap-south-1 v37,9,7.17545101855376,85,5,Standard
AlibabaCloud 691_8401,gn5i-c8g1 v6,ap-south-1 v37,14,56.463755037802095,989,-9,Standard
AlibabaCloud v14 251 1791_6598,ecs.nano,ap-southeast-1 v12,15,0.5208934314702723,22,9,Standard
AlibabaCloud v43 223_9297,ecs.c6.large,AP-SOUTHEAST-1,8,7.662679713080297,101,-6,Standard
AlibabaCloud 294_1095,gn5i-c8g1,ap-southeast-1 119,19,62.14957120040568,990,-2,Standard v44
AlibabaCloud v20 746_1167,ecs.nano,ap-northeast-1,0,0.4880592719959407,10,-10,Standard
AlibabaCloud 776_2865,ecs.c6.large,ap-northeast-1,6,8.183762136872874,89,-13,Standard 148
AlibabaCloud 311_5356,gn5i-c8g1,ap-northeast-1,2,64.4988484970103,1009,-1,Standard v1 1637
AlibabaCloud 978_8189,ecs.nano 405,asia-south1 1140,8,0.5589443754609833,34,-11,Standard
AlibabaCloud 588_4817,ecs.c6.large v17,asia-south1,8,8.463515593161556,109,0,Standard
AlibabaCloud 1 1433_5400,GN5I-C8G1 1560,asia-south1 v27,16,65.97632616292307,988,-9,STANDARD 1845
AlibabaCloud v19 958_5811,ecs.nano,ME-CENTRAL-1,-8,0.5163033046167088,20,11,Standard 1541
AlibabaCloud v28 161_4486,ecs.c6.large,me-central-1,8,8.369264791989071,99,-2,Standard 1648
AlibabaCloud 159_5127,gn5i-c8g1,me-central-1,13,67.95038575843446,1002,6,Standard v13
AlibabaCloud 614_7111,ecs.nano 148,sa-east-1 v41,16,0.5241863306628274,12,0,Standard
AlibabaCloud 851_5173,ecs.c6.large,sa-east-1 v19,-3,8.75867627569332,113,5,Standard
AlibabaCloud 725_190,gn5i-c8g1,sa-east-1,13,63.75736159478686,1001,-7,Standard v25 154
TencentCloud 915_3742,s1.small,us-east-1 v15,-9,1.0570124153274378,25,-1,Standard
TencentCloud v29 940 92_1429,s2.medium,us-east-1 v25,4,4.08940867772605,37,2,Standard
TencentCloud 962_2411,gn6.large,us-east-1 v38,4,8.574526855075455,98,1,Standard
TencentCloud 816_9465,s1.small v46,us-west-1,-1,1.0536639411948385,29,3,Standard
TencentCloud 665_8243,s2.medium,us-west-1 1648,-1,3.9299677791324727,48,1,Standard 296
TencentCloud 783_4678,gn6.large,us-west-1,3,7.815087746856167,104,8,Standard
TENCENTCLOUD 364_5570,s1.small,us-west-2 1273,5,1.0713999624018216,21,-7,Standard
TENCENTCLOUD 619_120,s2.medium 1408,us-west-2,-2,4.2167596695314895,58,-1,Standard 1706
TencentCloud 715_6451,gn6.large,us-west-2,-2,7.698511234680593,97,5,Standard v36
TencentCloud 802_5607,s1.small,eu-west-1,-11,1.0184541849966666,18,0,Standard v19
TencentCloud 669_2592,s2.medium,EU-WEST-1,4,4.013226132362906,49,-4,Standard
TENCENTCLOUD 670_9973,GN6.LARGE V47,eu-west-1,9,8.621266921173651,105,-10,Standard 1832
TencentCloud 459_3584,s1.small v18 1354,eu-central-1 v2,-12,1.0563115396568337,39,2,Standard v30
TencentCloud 909_8123,s2.medium,eu-central-1,5,4.103677019015465,51,-2,Standard 45
TencentCloud 445_8862,gn6.large,eu-central-1,10,7.506873441408151,95,-1,Standard
TencentCloud 886_4528,S1.SMALL,ap-south-1,-1,1.0114418948922832,17,3,Standard
TencentCloud 559 1239_6359,s2.medium v7,ap-south-1 224,8,3.9148064721520877,59,3,Standard
TencentCloud v13 521_7752,gn6.large,ap-south-1 v22,4,8.038220855786347,99,13,Standard 1773
TENCENTCLOUD 584_7404,s1.small,ap-southeast-1 v15,9,0.9650620845369814,34,12,Standard 1072
TencentCloud 531_1874,s2.medium,ap-southeast-1 v24,-6,4.089670674645062,41,2,Standard v24
TencentCloud 676_9172,gn6.large v36,ap-southeast-1,15,7.806184698002982,90,-8,Standard
TencentCloud 483 1177_2151,S1.SMALL,ap-northeast-1 v10,0,0.9174362445220647,20,-11,Standard
TencentCloud v44 662_4633,s2.medium,AP-NORTHEAST-1,-2,3.9485723030835533,50,3,Standard
TencentCloud 650_7188,GN6.LARGE,ap-northeast-1,11,7.876651539789634,107,2,Standard
TencentCloud 263_5780,s1.small v9,asia-south1,10,1.0492825423279402,24,-11,Standard
TencentCloud 637_9564,s2.medium,asia-south1,-8,4.212010067075243,61,-9,Standard
TencentCloud 280 1111_703,GN6.LARGE,asia-south1,0,8.459132316313521,101,-2,Standard
TencentCloud 288_9034,s1.small,me-central-1,-8,1.0374810628056157,28,7,Standard
TencentCloud 741_1548,s2.medium,me-central-1,6,3.826979429183783,48,-6,Standard 174
TencentCloud 891_7045,gn6.large v33,me-central-1,4,7.8863884851554795,104,-4,Standard 37
TencentCloud 828_2489,s1.small,sa-east-1,5,0.9068564260189529,17,-10,Standard
TencentCloud v2 230_7800,s2.medium,sa-east-1,4,4.098037277195676,45,0,Standard
TencentCloud 342 1352_36,gn6.large 1412,sa-east-1 v8,8,8.139590152901503,105,6,Standard
OVHCLOUD 209_8858,b2-7,us-east-1 v6 328,-4,7.017407475304301,40,8,Standard
OVHCloud 662_4255,b2-15 v35,us-east-1,-7,15.68091711308248,88,0,Standard 545
OVHCloud 208_655,t1-45,us-east-1,3,29.10826661338165,213,6,Standard
OVHCloud 912_4625,b2-7,us-west-1,10,6.677965740583266,56,-6,Standard
OVHCloud 515_3697,b2-15 280,us-west-1 495,-10,15.297084234290992,109,-10,Standard
OVHCloud 980_199,t1-45,us-west-1 1219,0,31.198111194623046,212,-6,Standard v5
OVHCloud 149_4609,b2-7,us-west-2,-3,7.344711666599998,44,4,Standard v30
OVHCloud 743_8782,b2-15,us-west-2 887,6,14.076848394884978,95,4,Standard
OVHCloud 738_4160,t1-45,us-west-2 v32,-2,29.035957920721966,209,5,Standard 769
OVHCloud v14 361_6787,b2-7,eu-west-1,-10,6.882738513624753,46,-10,Standard
OVHCloud 449_8610,b2-15,eu-west-1,9,15.131585708789132,113,9,Standard
OVHCloud 196_714,t1-45,eu-west-1 v11,9,29.992251675592314,193,2,Standard 1474
OVHCLOUD 939_8809,b2-7,eu-central-1,5,7.41925646297854,52,1,STANDARD
OVHCloud 12 1481_1417,b2-15,eu-central-1 v15 183,8,15.41239378368979,102,11,Standard
OVHCloud 216_2032,t1-45,eu-central-1 1835,1,28.48677235668657,187,-9,Standard v30
OVHCloud 848 1331_9495,b2-7,ap-south-1,12,7.724648489584965,48,-2,Standard 938
OVHCLOUD 578_748,b2-15,ap-south-1 v7,-8,16.049265005650774,95,-8,Standard
OVHCLOUD 978_3402,t1-45,ap-south-1 350,20,32.58324018926793,191,-3,Standard 120
OVHCloud 289_2403,b2-7,ap-southeast-1,-2,7.518618515325952,50,3,Standard
OVHCloud v36 899_3963,b2-15,ap-southeast-1,-10,16.28169706775452,98,7,Standard
OVHCloud 482 1851_259,t1-45 611,ap-southeast-1,10,27.553117867909798,195,-6,STANDARD
OVHCloud 79_5565,b2-7 1705,ap-northeast-1,12,6.877698447338683,54,-2,Standard
OVHCloud 989_1428,b2-15,ap-northeast-1,4,14.294940081741611,105,1,Standard 377
OVHCloud 60_2494,t1-45,ap-northeast-1,3,28.634173856640274,200,-9,Standard
OVHCloud 467_7690,b2-7 1617,asia-south1 32,12,6.984920712032628,56,-10,Standard
OVHCloud 690_5512,b2-15,asia-south1,9,15.59318903820626,96,-1,Standard
OVHCloud 905_9166,T1-45,asia-south1,3,30.899108163163838,195,5,Standard
OVHCLOUD 400_4091,b2-7,me-central-1,4,6.64751089351401,51,8,Standard v16 1494
OVHCloud 101_3843,b2-15,me-central-1 166,-4,15.139214792181049,101,-3,Standard v17 741
OVHCloud 124_1925,t1-45,me-central-1 1652,16,28.047538022065954,195,-3,Standard
OVHCloud 703 1479_6350,b2-7,sa-east-1,5,6.8113953448018165,54,3,Standard
OVHCloud 741_7243,b2-15,sa-east-1,-2,15.86385593534135,106,2,Standard
OVHCloud 405_9399,t1-45,sa-east-1 v22 1053,0,30.201564307125732,193,6,Standard
AWS 471 492_9182,t3.nano,us-east-1,0,0.5237375060717965,8,-3,Standard 1309
AWS 242_6918,t3.micro v39 700,us-east-1,-6,1.042492798808656,27,5,Standard
AWS 465_8174,m5.large 1570,us-east-1,7,8.087626487879241,99,2,Standard
AWS 308_3887,c5.xlarge,US-EAST-1,7,7.973504499965367,97,4,Standard
AWS v26 227_4395,G4DN.XLARGE,us-east-1 v4,-1,14.69013067658147,126,9,Standard
AWS 21_9980,t3.nano,us-west-1,-4,0.5425559797074377,1,13,STANDARD
AWS 120 1677_9567,t3.micro,us-west-1,-3,1.037354434643166,22,4,Standard
AWS 10 1617_8546,m5.large,us-west-1 462,6,8.37185641555781,105,-9,Standard
AWS v40 776 212_4416,c5.xlarge,us-west-1,11,7.765684320111565,95,-3,Standard
AWS 956_3756,g4dn.xlarge,us-west-1 727,14,16.608665982741204,128,-7,Standard
AWS 416 1756_4972,t3.nano,us-west-2,7,0.4853251416434093,14,-10,STANDARD
AWS 505_2219,t3.micro 1328,us-west-2 225,-1,1.0681865025175092,15,0,Standard
AWS 664_7279,m5.large 528,us-west-2,-5,8.728564807999843,105,8,Standard v35
AWS v17 927_7713,c5.xlarge,US-WEST-2,11,7.67327689549769,109,5,Standard
AWS v46 499_8496,g4dn.xlarge,us-west-2,1,14.892759170980307,125,-7,Standard
AWS 352 1532_7039,t3.nano,eu-west-1,-7,0.4801611949348145,3,-4,Standard v30
AWS 223_3340,t3.micro,EU-WEST-1,4,1.0103522588289597,10,-5,Standard
AWS 962_5826,m5.large,eu-west-1,10,7.977883647314576,93,7,Standard
AWS 590_896,c5.xlarge,eu-west-1 v15,7,7.634992896217507,106,4,Standard 728
AWS 778_5550,g4dn.xlarge,eu-west-1 v41,17,18.00085583224886,126,-11,Standard 499
AWS 374_8858,T3.NANO,eu-central-1,9,0.44352817683883955,21,2,Standard v2 1708
AWS 522_9477,t3.micro,eu-central-1 271,1,1.038547465246311,21,6,Standard
AWS v15 665 146_3318,m5.large,eu-central-1,-11,8.613563525238398,91,13,Standard
AWS 626_4250,c5.xlarge,eu-central-1,15,8.3020716927166,98,7,Standard
AWS 288_1097,G4DN.XLARGE,eu-central-1,13,16.70217551380483,117,-3,Standard v44
AWS 995_7750,t3.nano,AP-SOUTH-1 1743,9,0.5343185866992721,3,-2,Standard
AWS 497 805_5715,t3.micro,AP-SOUTH-1,9,1.0131888399127806,17,10,Standard
AWS 638_3027,m5.large 305,ap-south-1 119,3,7.748560897805745,102,4,Standard
AWS 236 1661_4177,c5.xlarge,ap-south-1,14,7.851448787438881,109,5,Standard
AWS v32 860_273,g4dn.xlarge v11,ap-south-1 400,7,16.83202977455905,131,-6,Standard 1938
AWS 283_6869,T3.NANO,ap-southeast-1,-7,0.45763699455169426,6,-8,Standard
AWS v31 701_5147,t3.micro 844,ap-southeast-1,-11,0.9057695338829191,19,9,Standard v37 8
AWS v33 128_1471,m5.large 983,ap-southeast-1 v3,0,7.743165279783706,108,10,Standard 1137
AWS 656_6122,c5.xlarge 1464,AP-SOUTHEAST-1,-2,7.847302157092631,100,1,Standard
AWS 900_5076,g4dn.xlarge v8,AP-SOUTHEAST-1 1158,-6,17.29383558283556,127,6,Standard 1050
AWS 491_9934,t3.nano 1048,ap-northeast-1,1,0.4894085035658179,12,-2,Standard 1989
AWS 923_3773,t3.micro 501,ap-northeast-1,7,0.9772976446288154,12,-3,Standard
AWS v2 932_993,m5.large,ap-northeast-1,4,7.321145186869494,107,8,Standard
AWS 12_1347,c5.xlarge,AP-NORTHEAST-1,0,8.765564670789008,108,0,Standard
AWS 437_2590,g4dn.xlarge,AP-NORTHEAST-1,-1,14.672728747611112,132,-11,Standard
AWS 70_2599,t3.nano,asia-south1,-5,0.4766764613001455,17,1,Standard
AWS 906_7564,t3.micro v19,asia-south1,7,0.9021670949130951,22,-10,Standard
AWS 469 1488_3448,m5.large,asia-south1 v24,-5,8.516744700440949,93,-4,Standard
AWS 38_8454,c5.xlarge,asia-south1,3,8.785352923359294,107,12,Standard
AWS 119_2212,G4DN.XLARGE,asia-south1,-7,16.637355166085857,129,3,Standard
AWS 741_66,t3.nano,me-central-1 v7 154,2,0.5331022397369831,7,9,Standard
AWS v16 915_7576,T3.MICRO V4,me-central-1,0,1.0064715277185612,26,4,Standard
AWS 664_8168,m5.large,me-central-1 v31,-9,8.22138902042101,95,4,STANDARD
AWS 432_5027,c5.xlarge,me-central-1,7,8.715810237939989,105,-9,Standard
AWS 146_8919,g4dn.xlarge 533,me-central-1,2,14.669203536037402,129,-6,Standard v33
AWS 118_8201,t3.nano 1778,sa-east-1 v49,9,0.4796848076174086,22,3,Standard
AWS 752_9451,t3.micro 132,sa-east-1,1,0.9854475663966489,21,1,Standard 1326
AWS 602 103_648,m5.large 411,sa-east-1,15,8.390947836588499,108,-8,Standard v9
AWS 771_2732,c5.xlarge v16 966,sa-east-1,10,8.357245387815286,113,6,Standard
AWS 849_407,g4dn.xlarge,SA-EAST-1 V13,9,16.04901320831049,115,-3,Standard 1325
Azure 426 1894_2447,B1s,us-east-1 1941,13,1.019373960417137,4,-13,Standard
Azure 49_1966,B2s v35,us-east-1 1485,14,4.4446061866757285,10,7,Standard
Azure 582_6145,D2s_v3,us-east-1,6,7.539435785374264,59,4,Standard
Azure 931_7764,F4s_v2,us-east-1,-1,7.207373474484927,108,0,Standard
AZURE V1 182_1144,NC6,us-east-1 1880,15,54.14741538062647,380,8,Standard
Azure 725_2770,B1s,US-WEST-1,11,0.95396621401784,14,-6,Standard v36
Azure 163_5552,B2s,us-west-1,10,3.985500873675276,21,11,Standard
Azure 729_8817,D2s_v3 v28,us-west-1,6,7.814298768510724,45,-6,Standard
Azure 619 444_1577,F4s_v2,us-west-1,4,7.82174595247883,88,0,Standard
Azure 196_2161,NC6,us-west-1 212,10,60.494164432986814,384,5,Standard v21
Azure 639 648_615,B1s,us-west-2,4,0.9495441261347505,21,-10,Standard
Azure 472 472_1849,B2s 744,us-west-2,7,3.9373216274252787,22,1,Standard
Azure 313_1768,D2s_v3,us-west-2,4,8.097020980792339,58,3,Standard v14
Azure 131_838,F4s_v2,us-west-2 1586,5,7.855523444771329,92,-1,Standard
Azure 915_4782,NC6,us-west-2,1,50.77589142219388,388,0,Standard
Azure 161_2989,B1s v25,eu-west-1,0,1.0141995795881287,16,-6,Standard
Azure 327 984_8657,B2s,eu-west-1,2,4.239773270412961,24,12,Standard
Azure 28_400,D2s_v3 v22,eu-west-1 1833,4,7.763910799093704,57,1,Standard
Azure 177_9379,F4s_v2,eu-west-1 1758,3,7.926246930842726,91,6,Standard
Azure 842_3458,NC6,EU-WEST-1,4,57.42708823509018,389,-3,Standard v1
Azure 66_9721,B1s,eu-central-1,-1,1.0011961041097064,1,-7,STANDARD
Azure v10 588_1644,B2s,eu-central-1,1,4.1910833959563565,11,-5,Standard v22 633
Azure 650_5641,D2s_v3 241,eu-central-1,-5,8.679270490710424,50,0,Standard
Azure 878_9987,F4s_v2 v35,eu-central-1 v49,-5,8.660430237971491,96,2,Standard
Azure 79_819,NC6 988,eu-central-1,-1,58.552193528153545,388,-6,Standard v21
Azure 680_1026,B1s,ap-south-1 702,-3,0.9048458557276933,5,12,Standard 293
Azure 760_6289,B2s,ap-south-1 v28,-2,3.7227899767277584,22,-4,Standard
Azure 227_5209,D2s_v3,ap-south-1 v3 1240,3,8.067797704019714,60,6,Standard
Azure 178 1771_9036,F4s_v2 v6,ap-south-1,7,8.257470836068626,102,11,Standard 643
Azure 586_2090,NC6,ap-south-1 v43,2,58.80018948372157,386,12,Standard v12 1766
AZURE 485_1729,B1s,ap-southeast-1,7,0.9628009387015217,9,-8,Standard
Azure 210_2318,B2s,ap-southeast-1,6,3.935343017501498,20,-8,Standard
Azure 775_7755,D2s_v3,ap-southeast-1,-3,8.420413777605589,55,-1,Standard 1401
AZURE V16 875_6824,F4s_v2,ap-southeast-1,-2,7.512733996391436,101,-8,Standard
Azure 520 130_5249,NC6,ap-southeast-1 1949,16,58.61734534103316,380,-5,Standard
Azure 260_1366,B1S,ap-northeast-1,10,0.9938093375658495,5,-6,Standard
Azure 524_9007,B2s,ap-northeast-1 152,-4,4.316241346138922,22,7,Standard
Azure 533 154_8180,D2s_v3,ap-northeast-1 v11 1515,5,7.709755259945612,50,6,Standard
Azure 735 30_66,F4s_v2 v30,ap-northeast-1 v13,6,7.831252397290092,90,-1,STANDARD
Azure 537_9103,NC6,ap-northeast-1,21,52.63751040000868,393,-8,Standard
Azure 930 176_751,B1s,asia-south1,-10,1.0534060863761796,13,-1,Standard
Azure 701_6705,B2s,ASIA-SOUTH1,14,3.642982512584922,20,-9,Standard 410
Azure 211_3643,D2s_v3,asia-south1 440,2,8.517032322389953,39,-6,Standard
AZURE 728_6980,F4s_v2 v44,ASIA-SOUTH1,-1,7.404876487278273,102,-6,Standard 396
Azure 156 978_6926,NC6,asia-south1,9,54.04937846141909,388,3,Standard
Azure 675_7428,B1s,me-central-1,11,0.8994337726531912,-4,4,Standard
AZURE 314_6308,B2s,me-central-1 536,-2,4.364355174731592,23,6,Standard 1459
Azure 837 352_4462,D2s_v3,me-central-1,7,8.567364879283359,55,-14,Standard
Azure 289 557_4732,F4s_v2 435,me-central-1 1503,4,7.622662896489826,107,-4,Standard
Azure 47_8339,NC6 1320,me-central-1 v20 1457,-5,54.45796661601881,380,1,Standard v28 1817
Azure 968 227_4715,B1S,SA-EAST-1,1,0.9676320077630725,3,-7,Standard
Azure 442_9568,B2S,sa-east-1,-7,3.9058687158998002,9,5,Standard
Azure 313_6766,D2s_v3,SA-EAST-1,0,7.325448188775835,53,-1,Standard
Azure 460_3279,F4s_v2,sa-east-1 1195,-5,7.892032366965707,97,5,STANDARD
Azure 646_4827,NC6,sa-east-1,-5,55.5375318670644,380,4,Standard v33 1962
GCP v27 142 1603_2251,e2-micro,us-east-1 v23,14,0.9581054251129885,10,-4,Standard
GCP v36 542 1260_3788,e2-small,us-east-1,6,2.0819779103704636,11,-10,Standard
GCP 856_9450,N1-STANDARD-2 1236,us-east-1,17,7.6695043717543925,60,-5,Standard
GCP 622_536,n2-standard-8 1033,us-east-1,16,32.21550228027336,202,2,STANDARD V19
GCP 284_9907,a2-highgpu-1g,us-east-1,5,93.8670329672732,92,11,Standard
GCP 636_2479,e2-micro v20,us-west-1 v45 595,4,1.0584875740233188,22,0,Standard
GCP 398_7543,e2-small,us-west-1,-7,2.115196035342412,16,-7,Standard 862
GCP 465_4600,n1-standard-2 316,us-west-1 1558,13,7.42728491050216,57,-8,STANDARD
GCP 89_527,n2-standard-8,us-west-1,8,31.62713179688419,212,7,Standard
GCP 334_8588,a2-highgpu-1g,us-west-1,16,75.81693943450658,109,6,Standard
GCP 873_1391,E2-MICRO,us-west-2 v30,1,0.9095829488275593,13,-5,Standard v2 935
GCP 670 1181_7223,e2-small v46,us-west-2 587,11,2.2319319389615027,25,-7,Standard v48
GCP 767_5408,n1-standard-2,us-west-2,9,7.103786226409035,49,-11,Standard
GCP 684_6108,n2-standard-8 610,us-west-2,11,30.936433891327038,199,-4,Standard v3
GCP 35_62,a2-highgpu-1g,us-west-2 v33,17,80.28707990582116,99,3,STANDARD
GCP 301_3551,e2-micro,eu-west-1 602,-2,0.9135067961028386,6,11,Standard
GCP v23 26_3406,e2-small v47 112,eu-west-1,12,2.1204537547955478,14,-11,Standard
GCP 819_8819,n1-standard-2,eu-west-1,5,7.808941838355827,59,-1,Standard
GCP v38 455 1134_7595,n2-standard-8 v20 1248,eu-west-1,19,33.894170450377864,206,11,Standard
GCP 492_6909,a2-highgpu-1g,eu-west-1,6,80.04068093181074,87,9,STANDARD
GCP 584_913,e2-micro,eu-central-1 v2,11,1.0524913216182767,15,13,Standard v1
GCP v23 913_9421,E2-SMALL,eu-central-1,10,1.9365767671316585,28,3,STANDARD
GCP 380_1722,n1-standard-2,eu-central-1 v12 733,-7,6.781497266936954,56,0,Standard
GCP v42 424_7980,n2-standard-8,eu-central-1,6,31.288903475031034,186,-8,Standard
GCP 689_2466,a2-highgpu-1g 763,eu-central-1,9,88.80972136693613,108,10,Standard 1831
GCP 555_5413,e2-micro,ap-south-1,4,0.9884775789250745,-1,-8,Standard
GCP 945_5487,e2-small v20,ap-south-1,1,2.0222024599136064,27,9,Standard 1190
GCP 344_6736,n1-standard-2,ap-south-1,8,6.878996046358792,46,1,Standard
GCP v37 819_5257,n2-standard-8,ap-south-1,-4,31.70304723815778,205,4,Standard
GCP 397_3749,a2-highgpu-1g,AP-SOUTH-1,7,80.32426857993782,98,-7,Standard
GCP 168_8275,e2-micro 839,ap-southeast-1 744,1,0.9409484915330932,5,-5,Standard
GCP 109_1125,e2-small 1394,ap-southeast-1,-9,2.1028653471590686,18,-7,Standard 791
GCP 453_1198,n1-standard-2 v12 1432,ap-southeast-1,-1,7.6409994325373916,41,13,Standard
GCP v8 689 33_1562,N2-STANDARD-8,ap-southeast-1 478,16,33.21815055963036,207,7,Standard
GCP 990 1958_4575,a2-highgpu-1g 1072,ap-southeast-1,19,89.46230728536823,101,0,Standard
GCP 659_6505,e2-micro 1297,ap-northeast-1,4,1.0670531768818783,1,8,Standard
GCP 755 95_5452,E2-SMALL,ap-northeast-1 v47,10,2.088633318324207,13,1,Standard 1890
GCP 450_6375,n1-standard-2,ap-northeast-1,8,8.034176972157196,51,0,Standard
GCP 563_694,N2-STANDARD-8,AP-NORTHEAST-1,14,30.5905822300291,214,-2,Standard
GCP 454 411_5771,a2-highgpu-1g,ap-northeast-1 v9,17,80.43711929066644,103,-9,Standard
GCP 912_6023,E2-MICRO,asia-south1,-2,1.0362744986054158,1,-13,STANDARD
GCP 235_546,e2-small,asia-south1 v30,3,1.909308249357752,29,0,Standard
GCP 574 858_3164,n1-standard-2 v1,asia-south1,9,7.028904147122309,63,3,Standard v21 149
GCP 277 1394_2620,n2-standard-8 v49 611,asia-south1,13,33.0762692084849,196,1,Standard v28
GCP 429 990_7699,a2-highgpu-1g,asia-south1,10,92.36976963970517,93,4,Standard
GCP v9 195_917,E2-MICRO,me-central-1,3,0.9921251469402869,3,-3,Standard
GCP 560 1263_5963,e2-small,me-central-1,10,1.882272476752364,19,11,Standard
GCP 380_3718,n1-standard-2 447,me-central-1,-3,7.400148083674025,43,-10,Standard
GCP 668_5107,n2-standard-8 749,ME-CENTRAL-1,-4,32.851317817073145,199,-7,Standard 1776
GCP 193 1017_1159,a2-highgpu-1g v37,me-central-1,9,78.40328493060892,97,2,STANDARD
GCP 988_2891,E2-MICRO,SA-EAST-1,-1,0.9848117433772938,12,4,Standard 530
GCP 817_865,e2-small,sa-east-1,2,1.8148132335846647,27,7,Standard
GCP 930_1956,n1-standard-2,sa-east-1,-10,7.4561103540627425,59,-6,Standard
GCP 31_3149,n2-standard-8,sa-east-1,3,33.797396210811584,207,1,STANDARD
GCP V4 443_7322,a2-highgpu-1g,sa-east-1 v49,10,84.45820853761495,92,1,Standard
OracleCloud 155_72,VM.Standard.E2.1,US-EAST-1,6,0.973758807331228,29,9,Standard
OracleCloud 563_9984,VM.Standard2.2,us-east-1 1988,-2,8.92222834261441,108,5,Standard
OracleCloud 485_3739,BM.GPU2.2,us-east-1,14,120.91833024505334,504,-4,Standard
ORACLECLOUD 35_1364,VM.STANDARD.E2.1,us-west-1,2,0.9433820941845182,26,7,Standard 1820
OracleCloud 369_8115,VM.Standard2.2 312,US-WEST-1,8,7.612629389462243,97,2,Standard
OracleCloud 736_1870,BM.GPU2.2,us-west-1,21,129.0201774138466,504,-2,Standard v45
OracleCloud 305_7969,VM.Standard.E2.1,us-west-2 v48,8,1.0201611067174656,31,9,STANDARD
OracleCloud v13 947_9433,VM.Standard2.2,us-west-2,-9,7.483505303731315,107,-1,Standard v23
OracleCloud 341 557_3287,BM.GPU2.2,us-west-2,3,118.96777622554995,507,10,Standard v49
OracleCloud 499_685,VM.Standard.E2.1,eu-west-1 910,-4,1.0949992540018747,30,-10,Standard 1396
OracleCloud 909_5469,VM.Standard2.2 686,eu-west-1,-11,7.808277040251518,106,1,Standard
OracleCloud 99_4060,BM.GPU2.2,eu-west-1,7,123.36381577413931,501,1,Standard
OracleCloud 762_165,VM.Standard.E2.1 1276,eu-central-1,-7,0.9677216661183491,29,-6,Standard
OracleCloud v19 657_9937,VM.Standard2.2,EU-CENTRAL-1,-3,8.346961550701842,102,3,Standard
OracleCloud 117_8028,BM.GPU2.2,eu-central-1,7,116.75732209679668,491,4,Standard
OracleCloud 758 1311_4756,VM.Standard.E2.1,ap-south-1,1,0.9596964087005162,28,6,Standard
OracleCloud 184_3600,VM.Standard2.2,AP-SOUTH-1,17,8.555865056382364,105,-2,Standard
OracleCloud 883 1243_1121,BM.GPU2.2,AP-SOUTH-1 V20,21,129.79559577307754,502,-10,Standard
OracleCloud 695_6580,VM.Standard.E2.1 v19,ap-southeast-1,5,1.0426896709963858,22,5,Standard
OracleCloud 407 1256_719,VM.Standard2.2,AP-SOUTHEAST-1,9,8.346146939430543,97,-3,Standard v24
OracleCloud 754 576_4593,BM.GPU2.2,ap-southeast-1 180,21,123.30002820242836,508,-6,Standard 802
OracleCloud 604_9389,VM.Standard.E2.1,ap-northeast-1 1309,1,1.0117204104853956,20,-11,Standard
OracleCloud 365 1880_3757,VM.Standard2.2,ap-northeast-1,5,8.562441545001334,91,2,Standard
OracleCloud 116_7758,BM.GPU2.2 1772,ap-northeast-1,22,121.8694428987146,496,3,Standard
OracleCloud 147_5327,VM.Standard.E2.1 1362,asia-south1,-4,1.0732114559359371,24,-4,Standard
OracleCloud 720_1275,VM.Standard2.2,asia-south1 1373,-8,8.283221887745256,95,3,Standard
OracleCloud 566_1370,BM.GPU2.2,asia-south1 v32,15,119.3747443662123,504,-12,Standard
OracleCloud 681_8347,VM.Standard.E2.1,ME-CENTRAL-1,10,0.94614970312039,34,-10,STANDARD
ORACLECLOUD 19_9124,VM.Standard2.2,me-central-1 v24 232,-7,8.033101980712479,97,-7,Standard
OracleCloud 327_9017,BM.GPU2.2,me-central-1,20,129.7348491505484,490,0,Standard
OracleCloud 1_1387,VM.STANDARD.E2.1,sa-east-1 v30,2,0.9087154348779393,15,-7,Standard v37 1107
OracleCloud 188 654_3813,VM.Standard2.2 1666,SA-EAST-1,4,7.557965849557309,110,4,Standard
ORACLECLOUD 194_6527,BM.GPU2.2,SA-EAST-1,17,120.70104646439339,496,-9,Standard
IBMCloud 75_9283,bx2-2x8 v40,us-east-1 1865,12,7.574158088760645,55,-1,Standard
IBMCloud 528_2338,bx2-4x16,us-east-1 v35 1906,1,14.71792166513904,98,-3,Standard v38 775
IBMCLOUD 380_5090,gpus-1 813,us-east-1,3,32.859668564647286,195,-7,Standard v42
IBMCloud v16 13 892_7617,bx2-2x8,us-west-1 1263,-7,7.520576610852862,47,6,Standard
IBMCloud 451_7626,BX2-4X16,us-west-1,8,15.044466452525068,104,-6,Standard
IBMCloud 27 1212_7343,GPUS-1,us-west-1 1004,15,30.56098361230633,197,12,Standard
IBMCloud 233_2827,bx2-2x8 v29,us-west-2,6,8.42926447745354,53,3,Standard
IBMCloud 787_992,bx2-4x16 v30 65,us-west-2,-7,14.648629895789938,102,7,Standard
IBMCloud v25 544 1845_4765,gpus-1,US-WEST-2,13,30.439853085039065,195,10,Standard 1188
IBMCLOUD 564_9604,bx2-2x8,eu-west-1,4,7.9945035616416975,55,0,STANDARD
IBMCloud 408_6583,bx2-4x16 v20,eu-west-1,7,15.933229541623668,93,-7,Standard
IBMCloud v15 471_6517,GPUS-1,eu-west-1,2,30.402595228147998,201,10,Standard
IBMCLOUD 850_1086,bx2-2x8,eu-central-1 747,8,7.6082850615870115,49,-14,Standard
IBMCloud 716_4959,bx2-4x16 1075,eu-central-1 1051,8,15.402032927027317,101,-7,STANDARD
IBMCloud 861_587,gpus-1,eu-central-1,-2,32.84312116500283,185,-1,Standard
IBMCloud 209 308_404,bx2-2x8,ap-south-1,6,7.720323208416495,48,2,Standard
IBMCloud v23 325_6245,bx2-4x16,ap-south-1,13,15.942375108109905,102,-8,Standard
IBMCloud 577_8694,gpus-1,ap-south-1,5,32.88083640229742,199,9,Standard
IBMCloud 612_1532,bx2-2x8 1654,ap-southeast-1 v43,8,7.512310105718458,37,6,Standard
IBMCloud 624 1773_3482,bx2-4x16,ap-southeast-1 v18,3,15.957528080803,91,-2,Standard
IBMCloud v12 218_4978,gpus-1,ap-southeast-1,15,30.284598125107088,200,9,Standard
IBMCloud 951_5467,bx2-2x8,ap-northeast-1,-10,8.495555679319788,61,1,Standard 1982
IBMCloud 235 1986_4009,bx2-4x16,ap-northeast-1,15,14.926994758620419,94,-10,STANDARD
IBMCloud 452 775_4574,gpus-1,ap-northeast-1,15,35.29300166874258,203,-2,Standard
IBMCloud 979_3906,bx2-2x8,asia-south1,8,8.105748082067127,50,-6,Standard 965
IBMCLOUD 101_5155,BX2-4X16,asia-south1,1,15.099867508713713,113,-5,Standard
IBMCloud 303 772_6045,gpus-1,asia-south1,6,32.56037989837061,211,-8,Standard
IBMCloud 892_3476,bx2-2x8 v48,me-central-1,-6,8.301946434832741,42,5,Standard
IBMCloud 397_1760,bx2-4x16,me-central-1,11,16.202021110713083,90,7,Standard
IBMCloud v36 459_4698,gpus-1,me-central-1,-2,33.450781032059325,198,-8,Standard
IBMCLOUD 621 1559_5886,bx2-2x8,sa-east-1,6,8.814218474471962,51,-9,Standard
IBMCloud 728 1582_907,bx2-4x16,sa-east-1,6,16.90106567860557,88,-1,Standard
IBMCloud 28_1662,gpus-1 1228,sa-east-1,15,33.89937263983941,204,6,STANDARD
DigitalOcean 822 821_8007,s-1vcpu-1gb,us-east-1,6,1.0380279822567302,22,6,Standard
DigitalOcean v1 49_3842,s-2vcpu-4gb v36,us-east-1,8,3.931631793764238,72,13,Standard 1640
DigitalOcean 586_9961,g-2vcpu-8gb 50,us-east-1,1,8.469179397932216,98,3,Standard 1674
DigitalOcean 849 805_190,s-1vcpu-1gb,us-west-1,-7,1.0559123344046295,27,-5,Standard 675
DigitalOcean 17_9625,s-2vcpu-4gb v36,us-west-1 v14,6,3.887446157367553,79,10,Standard
DigitalOcean 740_3533,g-2vcpu-8gb,us-west-1 v12,5,8.232862203896076,100,12,Standard
DigitalOcean 852 508_5608,s-1vcpu-1gb 997,us-west-2 867,-4,1.0527968200967677,34,-2,Standard
DigitalOcean 502_902,s-2vcpu-4gb v28,us-west-2 v16,7,3.7885165984179205,75,-5,STANDARD
DigitalOcean 421_4926,g-2vcpu-8gb,US-WEST-2,11,7.756984523103679,93,-13,Standard
DigitalOcean 33_7481,s-1vcpu-1gb 1370,eu-west-1,-6,1.0015347856416215,28,4,Standard
DigitalOcean 638_4416,s-2vcpu-4gb,eu-west-1,-3,4.2622719246632705,87,7,Standard
DigitalOcean 623_8822,g-2vcpu-8gb,EU-WEST-1,-1,8.644997061514067,111,1,Standard 1116
DigitalOcean v9 504 1979_9914,S-1VCPU-1GB,eu-central-1,-2,1.085225121240187,22,10,Standard
DigitalOcean 616 1679_1603,s-2vcpu-4gb,eu-central-1,2,3.673690861138385,88,-5,Standard
DIGITALOCEAN 412_9185,g-2vcpu-8gb,EU-CENTRAL-1,6,8.147961624972634,92,-13,Standard
DigitalOcean v13 104 1992_7727,s-1vcpu-1gb v15,ap-south-1,-1,0.94872671674179,16,1,Standard
DigitalOcean 434_907,s-2vcpu-4gb,AP-SOUTH-1,0,3.7380770039448983,76,-11,Standard
DIGITALOCEAN 492_3413,g-2vcpu-8gb,ap-south-1 v11,-8,7.901377083731788,101,-1,Standard
DigitalOcean 507_9887,s-1vcpu-1gb v7,ap-southeast-1 1907,7,1.0310482822144742,27,-1,Standard
DigitalOcean 360_62,s-2vcpu-4gb,ap-southeast-1,-4,3.655787554567836,70,1,Standard
DigitalOcean 833_755,g-2vcpu-8gb,ap-southeast-1,5,8.382930301076145,95,8,Standard
DigitalOcean 438_9214,s-1vcpu-1gb,ap-northeast-1,-3,1.1069277969231608,18,-2,STANDARD
DIGITALOCEAN 794_2918,s-2vcpu-4gb,ap-northeast-1 478,3,4.340769028043889,73,-7,Standard
DigitalOcean 459_7109,g-2vcpu-8gb v49,ap-northeast-1,-1,7.439010526115983,89,-6,Standard
DigitalOcean 923 37_9154,s-1vcpu-1gb,asia-south1 1318,10,0.9286039678884749,17,-5,Standard
DigitalOcean v34 294_7834,s-2vcpu-4gb,asia-south1,1,4.23977814404391,82,-1,Standard
DigitalOcean 518_6574,g-2vcpu-8gb,asia-south1,2,8.682383424591661,108,-1,Standard v30 1453
DigitalOcean 721 320_8784,s-1vcpu-1gb,me-central-1 v29,4,0.9547954899200035,28,-5,Standard
DigitalOcean 681_808,S-2VCPU-4GB 1380,me-central-1,11,4.234887025070826,84,9,Standard 118
DigitalOcean 90_8098,g-2vcpu-8gb,me-central-1,10,8.564301249134045,92,6,Standard 216
DigitalOcean v12 983 1870_7190,S-1VCPU-1GB,sa-east-1,8,0.91941247283131,23,6,Standard
DigitalOcean 390_5891,s-2vcpu-4gb,sa-east-1,8,4.084038467920871,66,1,Standard
DigitalOcean 811 1028_9315,g-2vcpu-8gb,sa-east-1 v4,8,8.047351339377393,86,-14,Standard v43 937
Linode 520_8770,nanode 272,us-east-1 1670,1,1.0381725420332892,30,2,Standard
Linode 427_7409,g6-standard-2,us-east-1 1513,12,3.871375606722268,88,-11,Standard
Linode 754 962_9134,g6-highmem-4,us-east-1,1,33.8533067804028,203,8,Standard
Linode 74_3618,nanode,us-west-1,-9,1.069103111935887,36,3,Standard
Linode 981_3527,g6-standard-2 v36,us-west-1,-1,4.243200886476461,90,14,Standard
Linode 790_7479,g6-highmem-4 v24,us-west-1 v42,8,35.427406287768655,199,0,Standard
Linode 740 1982_3496,nanode,us-west-2 334,-7,1.0481580997945243,17,7,Standard
Linode 546_3182,g6-standard-2,us-west-2,-2,4.166641660647825,79,15,Standard
Linode 753_5890,g6-highmem-4,us-west-2,-7,33.08047365918136,195,4,Standard 358
Linode 625_8016,nanode,eu-west-1,6,1.000961131422044,25,-7,Standard v35
Linode 685 250_6326,g6-standard-2 1299,eu-west-1 1002,-3,4.042406190335446,74,-1,Standard
Linode 58_9625,g6-highmem-4 v29,eu-west-1 v20,5,31.157784694033925,196,-3,Standard v1
LINODE 266_5587,nanode,EU-CENTRAL-1,7,0.9867054151683317,22,9,Standard 1115
Linode 401_2781,g6-standard-2 1987,eu-central-1,16,3.694215831742827,92,-8,Standard v1
Linode 709_86,g6-highmem-4 v22,eu-central-1,-1,30.896494752155153,203,-1,Standard 767
Linode 588_3535,nanode 719,ap-south-1,9,1.0604741371821573,15,-4,Standard
Linode 327 280_3995,g6-standard-2,ap-south-1,8,4.040771364195984,91,-9,Standard
Linode 874_8657,g6-highmem-4,ap-south-1,2,31.00879858073862,204,-3,Standard v23 67
LINODE V20 147_5516,nanode,ap-southeast-1,-4,0.9191708507066491,20,-5,Standard v48
Linode 836_3823,g6-standard-2,ap-southeast-1,7,3.8793845922485963,73,13,Standard
Linode 707_5571,g6-highmem-4 810,ap-southeast-1,14,34.3308401820646,203,0,Standard
Linode 989_9339,nanode,ap-northeast-1,5,1.0655388743519698,33,-9,Standard 1895
Linode 953_2405,g6-standard-2 v24 126,ap-northeast-1,9,3.781268602401707,74,-2,Standard
Linode 279_6664,g6-highmem-4,ap-northeast-1,-10,29.854432129750325,199,-9,STANDARD
Linode 825 1816_9789,nanode 526,asia-south1 1434,5,1.0418866350889353,14,-5,Standard 238
Linode 680_8273,g6-standard-2 227,asia-south1,1,3.9881670449418807,74,-3,Standard v10
Linode 384 1984_834,g6-highmem-4,asia-south1 v7,11,32.99018283514487,205,-6,Standard 654
Linode v22 751_8153,nanode,me-central-1,-11,1.0172760317186702,32,3,Standard v36
LINODE 702_504,g6-standard-2 1145,me-central-1,0,4.0520268314272565,85,10,Standard v30
Linode v37 382 857_6145,g6-highmem-4,me-central-1,16,33.159118528248115,192,-3,Standard
Linode 504_5847,nanode,sa-east-1,1,1.1229365747232456,20,1,Standard v16
Linode 753_9029,g6-standard-2,sa-east-1,11,4.124672136762693,69,0,STANDARD
Linode 32_9240,g6-highmem-4,sa-east-1,18,34.066093685117494,211,9,Standard
Hetzner 651 1498_6416,cx11,us-east-1,8,2.0632331773076396,15,-5,Standard 1345
HETZNER 560_5255,cx31 709,us-east-1,-1,4.192081868673582,76,-10,STANDARD
Hetzner 869_861,ccx51 438,us-east-1,7,64.09161276352302,399,-1,Standard 1682
Hetzner v38 804_9774,cx11 226,us-west-1,-12,2.0978189205350115,30,-8,Standard
Hetzner 104_9387,cx31 1851,us-west-1,-13,4.2481850709818625,90,-8,STANDARD
Hetzner v15 378 1014_3646,ccx51 v32,us-west-1,12,67.0319773636785,405,-7,Standard
Hetzner v39 262_8588,CX11 V17,us-west-2,-9,1.9322095027645267,17,-6,Standard
Hetzner 76_9916,cx31 v20,US-WEST-2,10,4.029687401953109,75,-4,Standard 1505
Hetzner 474_782,ccx51,us-west-2,10,64.0800454674671,401,-6,Standard 451
Hetzner 369_9397,cx11,eu-west-1,0,2.005112445910964,21,-12,Standard 1133
Hetzner 78_2513,cx31,eu-west-1,-3,4.397126831039239,86,2,Standard
Hetzner 315_8068,ccx51,eu-west-1 v33,1,65.8286769272416,401,5,Standard
Hetzner 168_4573,cx11,eu-central-1 v29 512,-9,2.0397220871657757,16,-7,Standard 1628
Hetzner 525 1942_6618,cx31 v19,eu-central-1,-3,3.7498662800776374,86,0,Standard
HETZNER 458_3005,ccx51,eu-central-1,12,62.48760469375632,404,11,STANDARD
Hetzner 514_1199,CX11,ap-south-1,0,2.057092275881486,15,10,Standard 842
Hetzner 519_3505,cx31,ap-south-1,10,4.2178811941781635,87,-9,STANDARD V8
Hetzner 595_8074,ccx51 v14,ap-south-1,13,64.83314368524464,401,10,STANDARD
Hetzner v18 12 1619_2410,cx11 489,ap-southeast-1 1214,-11,2.119209845971831,20,-4,Standard
Hetzner v11 517_2451,cx31,ap-southeast-1 v5,2,3.9851986369429517,78,-11,Standard
Hetzner 318_99,ccx51 v28,ap-southeast-1,12,64.08777738106551,396,-8,Standard 154
Hetzner 990_8161,cx11 v48,ap-northeast-1 v41 1973,6,2.184720719470507,30,-7,STANDARD
Hetzner v47 391_4818,cx31,ap-northeast-1,7,4.000418304113207,82,-2,Standard
Hetzner 404 1089_9841,ccx51 v15 1178,ap-northeast-1 v23,1,64.95969905308999,397,6,Standard
HETZNER 569_9297,CX11,ASIA-SOUTH1,7,1.8045024744164737,16,1,STANDARD
Hetzner 322_9288,cx31 253,asia-south1 v8,15,4.157442848376329,76,-1,Standard
Hetzner 82_2874,ccx51,asia-south1,12,66.24414899774592,393,-11,Standard
Hetzner 689_838,cx11 681,me-central-1,0,2.1733784444928057,19,-5,Standard
Hetzner v12 345_7152,cx31,me-central-1 1754,-6,4.139046196703211,93,-6,STANDARD
Hetzner v35 22_5553,CCX51,ME-CENTRAL-1,3,65.76825880705167,399,-5,STANDARD
Hetzner 669_4880,cx11,sa-east-1,3,2.181516581283944,17,-3,Standard
Hetzner 108_2524,cx31,sa-east-1,10,3.870144753800503,88,9,Standard v20
Hetzner 918 1116_2692,ccx51 92,sa-east-1 1923,11,63.33267532257331,393,8,Standard v34
AlibabaCloud 73 772_6974,ecs.nano,us-east-1,2,0.5246943554268011,21,5,STANDARD
AlibabaCloud 443_8202,ecs.c6.large,us-east-1 188,5,8.256797886442897,110,-2,Standard
AlibabaCloud 595_2222,gn5i-c8g1 v36,us-east-1,21,66.54491457806652,990,-8,Standard 1567
AlibabaCloud 947_9350,ECS.NANO V26,us-west-1 1589,-5,0.5172468767739569,33,-7,Standard
AlibabaCloud 610_353,ecs.c6.large,us-west-1,-8,8.20555879365102,102,-10,Standard 1217
AlibabaCloud 301_7073,gn5i-c8g1,us-west-1 223,11,57.16158952086349,1001,1,Standard 853
AlibabaCloud 83 94_5052,ecs.nano,us-west-2,8,0.5363524291549622,30,-4,STANDARD
AlibabaCloud 176_5422,ecs.c6.large,US-WEST-2 V1,-1,8.36991866955062,97,-5,Standard
AlibabaCloud v38 690_7737,gn5i-c8g1,us-west-2,3,67.0196623303027,1015,-6,Standard 1519
ALIBABACLOUD 367_7793,ecs.nano,eu-west-1,-8,0.5032094975706771,16,-5,Standard v28
ALIBABACLOUD 922_4286,ecs.c6.large,eu-west-1 1003,6,7.78711833978822,95,7,Standard
AlibabaCloud 377_5925,gn5i-c8g1,eu-west-1 1661,2,59.43180350814479,1002,7,STANDARD
AWS 858_8641,t3.nano,us-east-1 261,1,0.5162193446847981,8,6,STANDARD
AWS_5128,T3.MICRO,us-east-1,-7,1.0658195714025778,10,-8,Standard
AWS 237_9600,m5.large,us-east-1,3,8.369644856085008,107,-4,Standard
AWS_7226,c5.xlarge,us-east-1,13,7.633713353469963,110,5,Standard 630
AWS_6511,g4dn.xlarge 714,us-east-1,10,16.513285307331504,121,7,Standard 1548
AWS_9961,t3.nano 783,us-west-1,11,0.49859686283138077,9,-10,Standard 560
AWS_5698,t3.micro 1089,us-west-1,3,1.0786966341018835,24,2,Standard
AWS_2878,M5.LARGE,us-west-1,-5,8.315337300397987,108,-10,Standard
AWS_2587,c5.xlarge,us-west-1 990,8,8.150093104198048,100,7,Standard
AWS_2018,g4dn.xlarge,us-west-1 363,11,16.998846210444164,132,-8,Standard
AWS_2357,t3.nano 1092,us-west-2,12,0.4742946315701637,14,-9,Standard
AWS_1202,t3.micro,us-west-2,-2,0.9349409646007814,13,-7,Standard
AWS_7028,m5.large,us-west-2,5,7.384865816387711,110,-9,Standard
AWS_2323,C5.XLARGE,us-west-2,4,7.922429647767311,93,-9,Standard
AWS_4703,g4dn.xlarge,us-west-2 1859,4,17.03239770525517,130,5,Standard
AWS_8634,t3.nano,eu-west-1,-2,0.47098563473863053,8,-1,Standard
AWS_6771,t3.micro,eu-west-1,11,0.9692099824403088,15,4,Standard
AWS 1076_2889,m5.large,eu-west-1 1199,-7,7.646816648000813,95,-9,Standard
AWS_3408,c5.xlarge,EU-WEST-1,6,8.603469168500279,95,-6,Standard
AWS_195,g4dn.xlarge 708,eu-west-1 1265,2,14.946671458705078,119,7,Standard 1841
AWS 1672_1,t3.nano,eu-central-1,-4,0.5056778156011639,15,-3,STANDARD
AWS_6990,t3.micro 1468,eu-central-1,12,1.032829103491359,30,-2,Standard
AWS_2779,m5.large,eu-central-1,6,8.60091539589596,91,-6,STANDARD
AWS_4730,c5.xlarge,eu-central-1,0,8.113805653054033,96,8,Standard
AWS_570,g4dn.xlarge,eu-central-1 1614,14,16.700409058369974,116,-7,Standard
AWS_8613,t3.nano,ap-south-1,1,0.4886819777819296,1,0,Standard
AWS_3361,t3.micro,ap-south-1,11,1.056882161161811,20,-5,Standard 1404
AWS_7059,m5.large 796,ap-south-1,7,7.967188982585853,97,5,Standard
AWS 1085_969,c5.xlarge,ap-south-1,4,8.168230711162698,95,-10,Standard
AWS_2423,g4dn.xlarge,ap-south-1,1,16.85491353120409,131,3,Standard
AWS_1527,t3.nano,ap-southeast-1,0,0.49068705496572806,15,1,Standard
AWS_8720,t3.micro,ap-southeast-1,5,1.032828933909446,14,-6,Standard
AWS_3557,m5.large,ap-southeast-1 1213,11,8.423992863178144,109,-8,Standard
AWS_2563,c5.xlarge,ap-southeast-1 836,-5,8.42214357532901,90,1,Standard
AWS_9186,g4dn.xlarge,ap-southeast-1 527,3,16.175904776135848,129,5,Standard 1793
AWS_4883,t3.nano,ap-northeast-1 1721,5,0.5086721374555359,10,-6,STANDARD
AWS_465,t3.micro 1043,ap-northeast-1,-2,0.9405702465442133,29,7,Standard
AWS_3395,m5.large,ap-northeast-1,-1,7.494223433906512,90,2,STANDARD
AWS_2917,c5.xlarge 1022,ap-northeast-1 659,11,7.896891063839179,93,-3,Standard
AWS_8556,g4dn.xlarge,ap-northeast-1,-2,15.634013243884764,134,8,Standard 520
AWS_1818,t3.nano,asia-south1,-2,0.510424035251948,1,1,Standard
AWS_8217,t3.micro,asia-south1,10,1.0544673658883668,20,10,Standard 1076
AWS 45_6162,m5.large,asia-south1,12,8.141424566547455,109,10,Standard
AWS_1942,c5.xlarge,asia-south1,1,8.0371645408382,90,-7,Standard 1956
AWS_9879,g4dn.xlarge,asia-south1,3,16.536793734417998,124,-8,Standard
AWS_6492,t3.nano,me-central-1,10,0.5162352727278139,0,-5,Standard 1082
AWS_1624,t3.micro 907,me-central-1 1424,-1,1.0418297718255416,12,-3,Standard 473
AWS_3711,M5.LARGE,me-central-1,-3,8.01582670717895,105,10,Standard
AWS_8540,c5.xlarge,me-central-1,12,7.521051965922847,108,-9,Standard
AWS_3666,G4DN.XLARGE,me-central-1,2,15.319267682593036,134,-7,Standard
AWS_7955,t3.nano,sa-east-1,-4,0.48220071119183217,12,-4,Standard
AWS_2720,t3.micro,sa-east-1,10,1.0338228113246,13,-1,Standard
AWS_5944,m5.large,sa-east-1 163,-8,8.03605347749804,101,9,Standard 3
AWS 336_3290,c5.xlarge,sa-east-1,6,7.7425978883704385,109,-9,Standard
AWS_2638,g4dn.xlarge 1959,sa-east-1,9,16.901158325291135,129,-1,Standard 235
Azure_1202,B1s,us-east-1,-8,0.9312742365524076,0,3,Standard
Azure_5583,B2s,us-east-1 1631,-4,3.6975393824271165,25,1,Standard
AZURE_8580,D2s_v3,us-east-1,5,7.9141802144753735,45,-6,Standard 60
Azure_3869,F4s_v2,us-east-1 299,0,8.567076177358752,103,-2,Standard 1792
Azure_9607,NC6,us-east-1,-2,53.40465221581655,386,7,Standard 948
Azure_7380,B1s,us-west-1,-8,1.020440444507435,13,4,Standard
Azure 794_9994,B2s,us-west-1,5,3.771181952591869,12,4,STANDARD
Azure_1352,D2s_v3,us-west-1 1699,4,8.269253440829473,44,5,Standard
AZURE_5808,F4s_v2 662,us-west-1,9,8.60594270398064,102,-1,Standard
Azure_651,NC6,us-west-1,5,55.02575238506978,373,9,Standard 1951
Azure_9079,B1s,us-west-2,-7,0.9545567453219514,1,-8,Standard 679
Azure_5976,B2s,us-west-2,1,4.111439566456176,24,9,Standard
Azure_3245,D2s_v3,us-west-2,-3,7.493464549380475,52,4,Standard
Azure_5981,F4s_v2,us-west-2,0,7.947188770361425,108,-4,Standard 385
Azure_6754,NC6 1049,us-west-2 203,15,58.140167985172624,371,4,Standard
Azure_6234,B1s,EU-WEST-1,-4,0.9220481156455493,11,-4,Standard
Azure_8345,B2s,eu-west-1,7,3.98341301428473,23,6,Standard
Azure_2887,D2s_v3,eu-west-1,3,8.462639697667635,42,6,Standard
Azure_1133,F4s_v2,eu-west-1 1563,-3,7.716918316153851,97,3,Standard
Azure_8950,NC6,eu-west-1 34,6,56.00013639697498,383,6,Standard
Azure_9067,B1S,eu-central-1,1,0.9807997470014712,11,-7,Standard
Azure_4707,B2s 1948,EU-CENTRAL-1,3,4.1143264034044975,22,-1,Standard
Azure_3944,D2s_v3,eu-central-1,5,7.518393309381979,41,4,Standard
Azure_2975,F4s_v2,eu-central-1,-2,8.311696525217107,91,6,Standard
Azure_5691,NC6 693,eu-central-1,15,60.395125505341724,385,2,Standard
Azure_4061,B1s,ap-south-1,7,0.9427559690663341,8,10,Standard
Azure_6864,B2s,AP-SOUTH-1,-7,3.825795528292276,20,4,Standard
Azure_3125,D2s_v3,ap-south-1,-4,7.7823726735009835,58,5,Standard
Azure 1006_5126,F4s_v2,ap-south-1,-4,8.5644864010347,103,-4,Standard
Azure_9809,NC6,ap-south-1,14,51.612327274251655,380,1,Standard
Azure_8141,B1s,ap-southeast-1 1469,1,0.9317817349296567,3,-10,Standard
Azure_5117,B2S,ap-southeast-1,-4,3.709270209282917,26,-2,Standard
Azure_6996,D2s_v3 1724,ap-southeast-1 85,6,8.051793548195494,60,-8,Standard
Azure_6369,F4s_v2,ap-southeast-1,-4,8.047414965301067,109,-1,Standard
AZURE_2522,NC6,ap-southeast-1,-1,57.55824526928945,381,9,Standard
Azure 897_847,B1s,ap-northeast-1,1,1.0099920962341549,8,-5,Standard
AZURE_1468,B2s,ap-northeast-1,4,3.7771647111487,13,3,Standard
Azure_3444,D2s_v3,ap-northeast-1 17,-3,8.448091385318273,40,-4,Standard
Azure_2300,F4s_v2,ap-northeast-1,10,7.681731018103541,90,-1,Standard
Azure_2042,NC6 776,ap-northeast-1,-2,54.51845580961886,390,3,Standard
Azure_9388,B1s 832,asia-south1,-7,1.0305566798391594,11,6,Standard 1096
Azure_8767,B2s,asia-south1,-6,4.031729059780078,29,2,Standard
Azure_8389,D2s_v3,asia-south1,2,8.12433355431527,43,2,Standard
Azure 774_2612,F4s_v2,asia-south1 540,2,7.437562979126577,95,-1,Standard
AZURE_6171,NC6,asia-south1,-1,55.94134289776837,370,11,Standard 479
Azure 1238_8049,B1s,me-central-1,2,1.0103249633736429,8,-1,Standard
Azure_8050,B2s 952,me-central-1,-3,3.8464139141043177,25,1,Standard
Azure 674_3630,D2s_v3,me-central-1,-6,8.166859741162673,56,-10,Standard
Azure_2506,F4s_v2,me-central-1,8,8.207649933998978,110,4,Standard 741
Azure_5816,NC6,me-central-1 1576,8,53.83265419890586,372,-6,Standard
Azure_3563,B1s,sa-east-1 1887,-7,1.0494383229911985,5,-8,Standard 1109
Azure_3557,B2s,sa-east-1 207,-1,3.6803806321460737,17,-3,Standard
Azure 698_9405,D2s_v3,sa-east-1,7,7.408439838178654,57,3,Standard 1590
Azure_6146,F4s_v2,sa-east-1,-3,8.214824985228619,110,-5,Standard
Azure_2469,NC6,sa-east-1 919,3,54.30004036508406,387,1,Standard 88
GCP_796,e2-micro 1112,us-east-1,10,0.9820151179428348,4,10,STANDARD
GCP_6191,e2-small 1273,us-east-1 575,-2,2.0725618938655597,22,4,Standard
GCP 1682_8557,n1-standard-2 1404,us-east-1,-5,7.82723857826898,55,-9,Standard
GCP_1341,n2-standard-8,us-east-1,13,32.83730861776857,210,4,Standard
GCP_7474,A2-HIGHGPU-1G,us-east-1,19,81.90162910233039,97,4,Standard
GCP_678,e2-micro,us-west-1 1468,11,0.9730603442535914,5,7,Standard 518
GCP_8138,e2-small,us-west-1,-3,2.073661293899095,11,-9,Standard 350
GCP 560_289,n1-standard-2,us-west-1 68,0,6.930412718796308,47,-6,Standard
GCP_7220,n2-standard-8,us-west-1,18,34.5289951502298,209,6,Standard
GCP_7019,a2-highgpu-1g,us-west-1,12,83.58922494862401,97,-7,Standard
GCP 1359_3730,e2-micro,us-west-2 882,9,0.9452516855897548,13,7,Standard
GCP_8872,e2-small 1623,us-west-2,12,2.067283160760594,12,10,Standard
GCP_4835,n1-standard-2 1074,us-west-2,8,6.929664367079268,42,-6,Standard
GCP_8320,n2-standard-8,us-west-2,5,33.106438337081634,197,3,Standard
GCP 442_275,a2-highgpu-1g,us-west-2,17,85.35025736134827,98,5,Standard
GCP_7679,e2-micro 791,eu-west-1,0,1.0753961856793703,9,-4,Standard
GCP_3617,e2-small,eu-west-1,-6,2.0660724273562217,26,-1,Standard 334
GCP_7998,n1-standard-2,eu-west-1 1230,-2,7.707819172003998,48,6,Standard
GCP_2137,N2-STANDARD-8,eu-west-1,-2,32.19624439819242,210,-1,Standard
GCP_9040,A2-HIGHGPU-1G,eu-west-1,13,89.08585854522659,105,5,Standard
GCP_7657,e2-micro,eu-central-1,5,1.0403293841354637,18,7,Standard
GCP_4697,e2-small,eu-central-1,0,1.9298225453369815,13,4,Standard
GCP_5256,n1-standard-2,eu-central-1,7,7.598805972066934,51,2,Standard 537
GCP_7293,n2-standard-8,EU-CENTRAL-1,15,30.099772046937556,205,-9,Standard 382
GCP 1738_3140,a2-highgpu-1g,eu-central-1 1968,12,89.92667632500782,103,-5,Standard
GCP_1419,e2-micro 1497,ap-south-1 352,4,0.9607794644619994,17,6,Standard
GCP_2894,e2-small,ap-south-1 1197,5,2.1178879527411376,30,7,Standard
GCP_5303,n1-standard-2,ap-south-1,3,6.9142333578120985,53,-6,Standard
GCP_8533,n2-standard-8,ap-south-1,-1,30.97303741806945,207,3,Standard
GCP 1037_9843,a2-highgpu-1g 961,ap-south-1,3,82.46466804697528,97,11,Standard
GCP_1323,e2-micro,ap-southeast-1,4,1.0760234519535499,14,-10,Standard
GCP_9838,e2-small,ap-southeast-1,12,2.080957615133945,11,-9,Standard
GCP 183_2082,n1-standard-2,ap-southeast-1 1027,4,7.4956560091509505,56,0,Standard
GCP_331,N2-STANDARD-8,ap-southeast-1,15,31.16094556283315,204,5,Standard
GCP_8428,a2-highgpu-1g,ap-southeast-1,14,84.76284915465043,107,1,Standard
GCP_4809,e2-micro,ap-northeast-1 483,5,0.981845044860099,5,7,Standard
GCP 1220_5587,e2-small 1257,ap-northeast-1,-1,1.9873106826635876,20,-7,Standard 739
GCP_628,n1-standard-2 618,ap-northeast-1,-3,7.133366097087027,55,10,Standard
GCP_1517,n2-standard-8,ap-northeast-1,0,32.1637923328574,205,-9,Standard 1246
GCP_4084,a2-highgpu-1g,ap-northeast-1,10,79.07156492416277,101,-5,STANDARD
GCP 1385_5353,e2-micro 113,asia-south1,-8,1.0709327387640672,8,9,Standard
GCP 161_2763,e2-small 167,asia-south1 474,-6,2.022661796873696,12,5,Standard
GCP_23,n1-standard-2,asia-south1,-4,7.100322534057215,52,-9,Standard
GCP_8322,n2-standard-8,asia-south1,-1,31.37089748348388,206,-2,Standard
GCP_9027,a2-highgpu-1g,asia-south1,21,90.74306462686789,102,10,Standard
GCP_4324,e2-micro,me-central-1,-3,0.9958598884812979,0,5,Standard
GCP_1640,E2-SMALL,me-central-1,6,1.9021749987404604,22,5,Standard
GCP_2264,n1-standard-2,me-central-1,3,7.442776150775047,58,10,Standard
GCP_3369,n2-standard-8,me-central-1,13,32.651957389066254,198,-9,STANDARD
GCP 368_5742,a2-highgpu-1g,me-central-1,15,80.52602923107273,93,-5,Standard
GCP_7242,e2-micro,sa-east-1,3,0.9553620796315133,11,4,Standard
GCP_7753,e2-small,sa-east-1,6,1.9179873010227315,23,-3,Standard
GCP_1601,n1-standard-2,sa-east-1,-1,7.882367790130465,58,-10,Standard
GCP_6443,n2-standard-8,sa-east-1,18,31.067756858938015,205,-5,Standard 217
GCP_534,a2-highgpu-1g,sa-east-1,9,91.26913004922419,97,-5,Standard
OracleCloud_7077,VM.Standard.E2.1,us-east-1,4,1.0002710267967783,28,0,Standard
OracleCloud 50_1626,VM.Standard2.2,us-east-1,11,7.455391850315425,93,4,Standard
OracleCloud 74_7912,BM.GPU2.2,us-east-1,25,115.28544803597953,508,5,STANDARD
OracleCloud_2955,VM.Standard.E2.1,us-west-1,4,1.051807922466715,34,-1,Standard
OracleCloud_1080,VM.Standard2.2,us-west-1,3,7.491260194965479,100,-10,Standard
OracleCloud_6108,BM.GPU2.2,us-west-1,19,116.72640335116014,491,2,Standard 1027
OracleCloud_8253,VM.Standard.E2.1,us-west-2,11,1.052504168309187,27,7,Standard
OracleCloud 856_7372,VM.Standard2.2,us-west-2,1,7.433849898962744,99,-7,Standard
OracleCloud_7997,BM.GPU2.2,us-west-2,7,114.51509439300456,493,-5,Standard
OracleCloud_6874,VM.Standard.E2.1,eu-west-1,6,0.9917883973351486,35,-9,Standard
OracleCloud_6844,VM.Standard2.2,eu-west-1,10,7.89628172447112,97,-3,Standard
OracleCloud_8605,BM.GPU2.2,eu-west-1,8,111.24052753026393,502,7,Standard 1663
OracleCloud_1875,VM.Standard.E2.1,eu-central-1,10,1.0343254406093312,29,1,Standard 318
OracleCloud_8715,VM.Standard2.2,eu-central-1,5,8.22751891687355,100,9,Standard
ORACLECLOUD_9418,BM.GPU2.2 1597,eu-central-1,24,121.6764075426912,490,9,Standard
ORACLECLOUD_9205,VM.Standard.E2.1,ap-south-1,3,0.978593029159409,27,-3,Standard
OracleCloud 705_3451,VM.Standard2.2,ap-south-1,12,7.479797027051231,108,-5,Standard
OracleCloud 412_5591,BM.GPU2.2,ap-south-1 5,21,119.22775952110246,490,2,Standard
OracleCloud_5491,VM.Standard.E2.1,ap-southeast-1,2,1.0435084742200613,16,-4,Standard 1321
OracleCloud_8005,VM.Standard2.2 1898,ap-southeast-1 985,9,8.552298599497147,98,-10,Standard
OracleCloud_6435,BM.GPU2.2,ap-southeast-1,17,115.0526876296597,500,3,Standard
OracleCloud_8938,VM.Standard.E2.1,ap-northeast-1 645,-8,0.9968228612236386,33,-9,Standard
OracleCloud_9690,VM.Standard2.2 842,ap-northeast-1,6,7.951127757846658,96,5,Standard
OracleCloud_4262,BM.GPU2.2,ap-northeast-1 1485,12,113.11633471136184,497,5,Standard
OracleCloud_4448,VM.Standard.E2.1,asia-south1 342,3,0.9352967436482778,31,4,Standard
OracleCloud_2918,VM.Standard2.2,asia-south1,-7,8.229083759107526,90,8,Standard
OracleCloud 353_3967,BM.GPU2.2,asia-south1,25,117.46233593292891,495,11,STANDARD
OracleCloud_6815,VM.Standard.E2.1 1522,me-central-1,5,1.0390847185652408,34,-10,Standard
OracleCloud_7534,VM.Standard2.2,me-central-1,4,7.362489677780559,103,3,Standard
OracleCloud 1576_7335,BM.GPU2.2,me-central-1 896,6,121.66235039855938,504,7,Standard
ORACLECLOUD_1747,VM.Standard.E2.1 1750,sa-east-1,2,1.0049600913526906,15,3,Standard
OracleCloud_5625,VM.Standard2.2,sa-east-1,12,8.029739156971733,109,-4,Standard 942
OracleCloud_2870,BM.GPU2.2,sa-east-1,20,113.94605393942422,499,-1,Standard 502
IBMCloud 475_8688,bx2-2x8,us-east-1,6,8.544458444580556,57,4,Standard 1488
IBMCloud 172_2115,bx2-4x16,us-east-1 1473,-1,14.912435498267856,99,-7,STANDARD
IBMCloud_8204,gpus-1 1940,us-east-1,2,30.927242605209795,193,-5,Standard
IBMCloud_9371,bx2-2x8,US-WEST-1,-6,8.44794048942916,55,0,Standard
IBMCloud_2183,bx2-4x16,us-west-1,5,15.338143402762825,105,6,Standard
IBMCloud 1892_268,gpus-1,us-west-1,2,33.39548947783196,200,-1,Standard
IBMCloud_293,bx2-2x8,us-west-2 134,-1,7.454024918327658,58,1,Standard
IBMCloud 188_9711,bx2-4x16,us-west-2 1717,-5,15.74081741431953,101,5,Standard
IBMCLOUD_462,gpus-1,us-west-2,2,34.03065683581737,193,-9,Standard 1623
IBMCloud_2253,bx2-2x8,eu-west-1,-6,7.809966272805075,45,0,Standard
IBMCloud 548_4915,bx2-4x16,eu-west-1,11,15.995924929536653,106,-6,Standard
IBMCloud_819,gpus-1 1937,EU-WEST-1,11,31.320867133058936,209,-3,Standard
IBMCloud_8018,bx2-2x8,eu-central-1,-1,7.465840615449602,48,-10,Standard
IBMCloud 584_7820,bx2-4x16 81,eu-central-1,5,15.088484584986645,96,2,Standard
IBMCloud_9114,gpus-1,eu-central-1,15,34.36928388182177,201,-2,Standard
IBMCloud_7545,bx2-2x8 330,ap-south-1 199,12,7.444264452176288,60,-7,Standard 1069
IBMCloud_9241,bx2-4x16,ap-south-1,5,15.909221891180959,105,7,Standard
IBMCloud 828_2491,gpus-1,ap-south-1,9,31.307592635116208,203,5,Standard
IBMCloud 252_5284,bx2-2x8 1715,ap-southeast-1,-6,7.61476661248579,42,-1,Standard
IBMCloud_3472,bx2-4x16,ap-southeast-1,6,15.446089540729814,110,-10,Standard 1453
IBMCloud_5922,gpus-1,ap-southeast-1,6,34.33361132262175,194,9,Standard
IBMCloud 721_4456,bx2-2x8,ap-northeast-1 1590,11,8.4533153938964,41,-5,Standard 1348
IBMCloud_9985,bx2-4x16,ap-northeast-1,8,15.371632770104783,104,-8,Standard
IBMCloud 77_3743,gpus-1 1591,ap-northeast-1,3,32.84354621625367,201,6,Standard 65
IBMCloud 807_8686,bx2-2x8,asia-south1 1818,5,8.074600580814007,57,10,Standard
IBMCloud_3468,bx2-4x16 1504,asia-south1,-4,15.434307754272222,108,4,Standard
IBMCloud 304_4291,gpus-1,asia-south1 870,3,29.75812320600367,197,8,Standard
IBMCloud_673,BX2-2X8,me-central-1,3,7.808517319437578,50,7,Standard
IBMCloud_6111,bx2-4x16 1509,me-central-1,13,16.43826241893132,110,0,Standard
IBMCloud_9073,gpus-1 1799,me-central-1,12,31.123406970968034,197,8,Standard
IBMCloud_63,bx2-2x8,sa-east-1,-4,7.9566598841592455,53,2,Standard
IBMCloud_8758,bx2-4x16,sa-east-1 960,5,15.202716054773829,97,-10,Standard
IBMCloud 1739_2194,gpus-1 1538,sa-east-1,10,30.326785246518543,193,0,Standard
DigitalOcean 1033_8673,s-1vcpu-1gb,us-east-1,2,1.0665643928434705,32,9,Standard
DigitalOcean_3404,s-2vcpu-4gb 1158,us-east-1,-4,4.2872447182356215,73,-3,Standard
DigitalOcean_5722,g-2vcpu-8gb 600,us-east-1 1213,-8,8.297282765236911,90,-10,Standard
DigitalOcean_6330,s-1vcpu-1gb 833,us-west-1,-5,1.02325703311118,19,-7,Standard
DigitalOcean_9930,s-2vcpu-4gb,us-west-1,3,3.8084881165861333,86,7,Standard
DigitalOcean_2084,g-2vcpu-8gb 1943,us-west-1,-6,8.358226611385879,96,3,Standard
DigitalOcean_8797,s-1vcpu-1gb,us-west-2,-5,1.0341998970445783,21,6,Standard 1397
DigitalOcean_6686,s-2vcpu-4gb,us-west-2 985,7,4.2969152252899425,87,8,Standard
DigitalOcean_1518,g-2vcpu-8gb,us-west-2,8,7.766579249191914,99,-2,Standard
DigitalOcean_8833,s-1vcpu-1gb,eu-west-1,9,0.9368968368004869,22,0,Standard
DigitalOcean_1327,s-2vcpu-4gb 1857,eu-west-1,-1,3.7250779697337717,87,2,Standard
DigitalOcean_2135,g-2vcpu-8gb,eu-west-1,4,8.47561627793832,97,-6,Standard
DigitalOcean_4920,s-1vcpu-1gb 1515,eu-central-1,-4,1.0671648905291284,24,4,Standard 232
DigitalOcean_3421,s-2vcpu-4gb,eu-central-1 1073,2,3.937641823886153,74,-7,Standard
DigitalOcean 151_4051,g-2vcpu-8gb,eu-central-1,0,7.4247302026142314,105,-3,Standard
DigitalOcean_9191,s-1vcpu-1gb,ap-south-1,-7,0.9577492277086107,33,7,Standard
DigitalOcean_264,s-2vcpu-4gb 1120,ap-south-1,-1,4.112528125883437,82,-1,Standard
DigitalOcean_4472,g-2vcpu-8gb 1353,ap-south-1,-3,8.198803908504763,109,8,Standard
DigitalOcean_8726,s-1vcpu-1gb,ap-southeast-1,-7,0.9929490805423102,23,9,Standard
DigitalOcean 1090_1235,s-2vcpu-4gb,AP-SOUTHEAST-1,8,4.002442573244956,77,-10,Standard
DigitalOcean_5453,g-2vcpu-8gb,ap-southeast-1 608,-1,8.598744105718724,95,-6,Standard
DigitalOcean_6870,s-1vcpu-1gb,ap-northeast-1 433,8,1.0666458790657916,34,1,Standard
DigitalOcean_3706,s-2vcpu-4gb,ap-northeast-1,-6,4.160385130155743,82,5,Standard
DigitalOcean_468,g-2vcpu-8gb,ap-northeast-1 953,3,7.430627039379664,110,3,STANDARD
DigitalOcean_9527,s-1vcpu-1gb,asia-south1,-4,1.051113734989936,25,-10,Standard
DigitalOcean_8314,s-2vcpu-4gb,asia-south1,3,3.7740518243405257,81,-5,Standard
DigitalOcean_3354,g-2vcpu-8gb,asia-south1 1406,3,7.556116440048158,92,-2,STANDARD
DigitalOcean_2820,s-1vcpu-1gb 1559,me-central-1,0,1.0018282443002386,23,2,Standard
DigitalOcean_7544,s-2vcpu-4gb 1665,me-central-1,12,4.103334100024853,70,3,Standard
DigitalOcean_8149,G-2VCPU-8GB,me-central-1 220,0,7.969598022605709,102,-1,Standard
DigitalOcean 1997_9369,s-1vcpu-1gb 995,sa-east-1,3,1.0589951419554646,28,6,Standard
DigitalOcean_5782,s-2vcpu-4gb,sa-east-1,-2,3.8204965048295687,79,-2,Standard
DigitalOcean_497,g-2vcpu-8gb,sa-east-1 310,-3,8.557460163872966,103,-9,Standard
Linode_8465,nanode,us-east-1 990,-8,0.9468515596842351,31,-1,Standard
Linode_5560,g6-standard-2,us-east-1,0,3.968836048985019,72,8,Standard 649
Linode_5635,g6-highmem-4 550,us-east-1,0,30.39209107718847,207,-7,Standard
LINODE_1962,nanode,us-west-1,-1,1.0673686467339611,16,-9,Standard
Linode_3758,g6-standard-2 688,us-west-1,-2,4.101011924916473,80,-8,Standard
Linode_6403,g6-highmem-4,us-west-1,-6,31.343437990115167,208,5,Standard
Linode_3894,nanode,us-west-2 1019,-5,0.9572235108678122,31,2,Standard 1250
Linode_5644,g6-standard-2 215,us-west-2,8,3.9028636188767636,89,6,Standard
Linode_7526,g6-highmem-4,us-west-2 1188,11,34.186966526763136,199,6,Standard 335
Linode_195,nanode,eu-west-1,-3,0.9693444295376484,28,-8,Standard
Linode_563,g6-standard-2,eu-west-1 587,-4,3.9477504038076243,83,-4,Standard
Linode_4420,g6-highmem-4,eu-west-1,7,30.214775240844006,210,-4,Standard
Linode 728_4410,nanode,eu-central-1,3,0.9323770887807226,31,-4,Standard
Linode_203,g6-standard-2,eu-central-1,-7,4.179264690217172,74,-3,Standard
Linode_2964,g6-highmem-4 1668,eu-central-1,5,32.38727547882402,198,1,Standard 149
Linode 1036_9920,nanode,ap-south-1,9,0.9706871167834916,20,5,Standard
Linode_6946,g6-standard-2,ap-south-1,11,3.7945160063412633,73,1,Standard 1384
Linode_2147,g6-highmem-4,ap-south-1 129,8,30.94647669142218,202,-6,Standard
Linode_4653,nanode,ap-southeast-1,-7,0.945961513531163,20,4,Standard
Linode_830,g6-standard-2,ap-southeast-1,-4,4.043655211488508,90,5,Standard
Linode_2403,g6-highmem-4,ap-southeast-1,-5,31.908246009329357,198,-3,Standard 776
Linode_2813,nanode 362,ap-northeast-1,7,1.0378134522955003,23,-5,Standard 1103
Linode_1817,G6-STANDARD-2,ap-northeast-1,3,4.044277193620678,83,6,Standard
Linode_7379,g6-highmem-4,ap-northeast-1,5,30.22342583572977,198,-4,Standard 911
Linode 1599_9197,nanode,asia-south1 1721,-4,0.9403446218481242,19,6,Standard 1685
Linode_2915,g6-standard-2,asia-south1,-5,3.7834236756878146,70,-7,Standard
Linode 915_4112,g6-highmem-4 1916,asia-south1,8,30.04642485635807,201,1,Standard 1148
Linode 1435_3363,nanode,me-central-1 286,-4,1.0108573901145155,23,-6,Standard
Linode 1969_5061,g6-standard-2,me-central-1,9,3.7693701121722625,85,4,Standard
Linode_6002,g6-highmem-4 1454,me-central-1 1379,-5,31.295975035697495,190,-3,Standard
LINODE_2552,nanode,sa-east-1,6,0.9794089780748243,30,-7,Standard
Linode_4160,G6-STANDARD-2,sa-east-1,10,4.093891611202107,70,1,Standard
Linode 1775_5363,G6-HIGHMEM-4,sa-east-1 1763,4,34.444601162578515,209,10,Standard
Hetzner_1244,cx11 1207,us-east-1,8,2.146784169511688,23,7,Standard
Hetzner_7521,cx31,us-east-1,11,4.0277490194062135,82,9,Standard 103
Hetzner_9663,ccx51,us-east-1,17,59.43240591608393,396,6,STANDARD
Hetzner_3888,cx11,us-west-1 156,3,1.9183269788205182,30,-10,Standard 1008
Hetzner_1117,cx31,us-west-1 107,-8,4.280633404464715,71,-7,Standard 1779
Hetzner_9511,ccx51,US-WEST-1,16,65.55631065013418,403,10,Standard
Hetzner 202_1420,cx11,us-west-2,11,1.9978312799300344,18,-5,Standard
Hetzner 83_3031,cx31,us-west-2,7,4.036906384871783,81,-8,Standard 336
Hetzner 1601_9232,ccx51,us-west-2,15,64.90580864700983,403,-10,Standard
Hetzner 1031_5183,cx11,eu-west-1,3,2.021032619976179,29,-4,Standard
Hetzner_7778,cx31,eu-west-1,9,3.7222844391419687,81,-1,Standard
Hetzner_4443,ccx51,eu-west-1,4,63.50545764715629,395,5,Standard 1843
Hetzner_9554,cx11 1466,EU-CENTRAL-1,2,1.8990956427904424,15,8,Standard
Hetzner_1050,cx31,eu-central-1,11,4.063655816622344,71,8,Standard
Hetzner_2245,ccx51,eu-central-1,1,66.34790344137714,390,-9,Standard
Hetzner 1623_182,cx11 1941,ap-south-1,-3,1.9367286282793617,28,-3,STANDARD
Hetzner_5843,cx31,ap-south-1,12,3.973649682459295,71,-6,Standard
Hetzner 1305_3308,ccx51,ap-south-1,2,66.3589403331064,407,7,Standard
Hetzner_2175,cx11,ap-southeast-1 825,2,2.1279216359082813,25,3,STANDARD
Hetzner_4634,cx31 1382,ap-southeast-1 1891,-3,4.046821245616488,70,-9,Standard
Hetzner_6280,ccx51,ap-southeast-1,10,62.867197302590576,399,2,Standard
Hetzner_383,cx11,ap-northeast-1,-4,1.959775418014901,20,-3,Standard
Hetzner_5162,CX31,ap-northeast-1,5,3.8700747901563792,81,-6,Standard 1071
Hetzner_903,ccx51,ap-northeast-1,3,67.64818021968313,395,-9,Standard
Hetzner_1791,cx11,asia-south1 890,9,2.056532702686063,26,-9,Standard 703
Hetzner_887,cx31 653,asia-south1 1352,7,4.151261844456327,88,-2,Standard
Hetzner_6158,ccx51,asia-south1,5,61.38144647423738,410,2,Standard
HETZNER_4058,cx11,me-central-1 729,-2,1.843515448264362,15,10,Standard
Hetzner_2549,cx31,me-central-1,12,4.022576906982368,82,-10,Standard
Hetzner_6780,ccx51,me-central-1,4,61.22748402991626,401,-9,Standard
Hetzner_9133,cx11,sa-east-1 9,-7,2.0852228884172668,30,-4,Standard 1878
Hetzner 892_9896,cx31,sa-east-1,7,4.005649513117043,72,-10,Standard
HETZNER_8028,ccx51 1490,sa-east-1,-1,62.9444770712919,405,0,Standard 926
AlibabaCloud_4413,ecs.nano,us-east-1,-9,0.4858537987390361,30,-1,Standard
AlibabaCloud_8564,ecs.c6.large,us-east-1,-8,7.616587309744852,101,-3,Standard
AlibabaCloud_1375,GN5I-C8G1,us-east-1 1164,5,61.23199152306742,1005,-2,Standard
AlibabaCloud_5759,ecs.nano,us-west-1,-9,0.5245123480007663,15,-4,Standard 21
AlibabaCloud_6263,ecs.c6.large,us-west-1,1,8.4284251326263,93,8,Standard 403
AlibabaCloud_1828,gn5i-c8g1 17,us-west-1 387,1,66.5233937342568,1001,9,Standard
AlibabaCloud_8452,ecs.nano,us-west-2,1,0.49755726643830983,17,10,Standard
ALIBABACLOUD_2696,ecs.c6.large,us-west-2,4,8.002956266186729,96,0,STANDARD
AlibabaCloud_1822,gn5i-c8g1 422,us-west-2,13,62.37358813475686,1006,8,Standard
AlibabaCloud_4038,ecs.nano,eu-west-1 638,11,0.48435889219996975,22,-8,Standard
AlibabaCloud 719_4974,ecs.c6.large,eu-west-1,3,7.598601535822262,110,-10,Standard
AlibabaCloud_8078,gn5i-c8g1,eu-west-1 1025,10,62.99650333788875,1010,3,Standard
AlibabaCloud_9658,ecs.nano,eu-central-1,9,0.4710554526115281,26,6,Standard
AlibabaCloud_1962,ecs.c6.large,eu-central-1,10,8.085452267730043,98,5,Standard 361
AlibabaCloud 73_6360,gn5i-c8g1,eu-central-1,0,64.61504378971517,995,-5,Standard
AlibabaCloud_1634,ecs.nano,ap-south-1 1012,0,0.47037775386058783,18,-1,Standard
AlibabaCloud_5322,ecs.c6.large 514,ap-south-1,8,8.412815070455668,101,5,Standard
AlibabaCloud_3211,gn5i-c8g1 824,ap-south-1,5,63.429299522582895,1007,-3,Standard
AlibabaCloud_6066,ecs.nano,ap-southeast-1 1286,-5,0.5102170400979898,25,-3,Standard
AlibabaCloud_7968,ecs.c6.large,ap-southeast-1 1291,10,8.562136425270536,94,-7,Standard
AlibabaCloud_4828,gn5i-c8g1,ap-southeast-1,18,63.20352260521756,998,-8,STANDARD
AlibabaCloud_1972,ecs.nano,ap-northeast-1,7,0.4977214792360666,10,-9,Standard
AlibabaCloud_7738,ecs.c6.large,ap-northeast-1,-1,8.193539662512118,90,-1,Standard
AlibabaCloud_8853,gn5i-c8g1 161,AP-NORTHEAST-1,15,62.095865831254436,999,-2,Standard
AlibabaCloud 1620_2391,ecs.nano,ASIA-SOUTH1,3,0.48943182439143096,22,2,Standard
AlibabaCloud_5340,ECS.C6.LARGE,asia-south1,2,8.047172080550428,92,-10,Standard
AlibabaCloud_7358,gn5i-c8g1,asia-south1 1796,17,62.30557596711065,999,6,Standard
AlibabaCloud_2094,ecs.nano,me-central-1,1,0.5137702528690502,28,9,Standard 1704
AlibabaCloud_7713,ecs.c6.large,me-central-1,9,7.736584503476179,95,8,Standard
AlibabaCloud_9148,gn5i-c8g1 1309,ME-CENTRAL-1,11,68.92048607941238,1009,10,Standard
AlibabaCloud_3045,ecs.nano,sa-east-1,5,0.4955415206470261,11,-5,Standard
AlibabaCloud_7729,ecs.c6.large 236,sa-east-1,-6,8.280247506909834,103,6,Standard
AlibabaCloud_663,gn5i-c8g1,sa-east-1,16,63.57734998454072,998,-2,Standard
TencentCloud 560_9414,s1.small,us-east-1,-3,0.974642483644718,27,2,Standard
TencentCloud_7051,s2.medium,us-east-1,-3,4.102813333552972,57,-7,Standard
TencentCloud_8702,GN6.LARGE,us-east-1,9,7.777327888770576,102,-10,Standard
TencentCloud 868_6414,s1.small,us-west-1,2,1.073633433025494,27,-6,Standard
TENCENTCLOUD_8231,s2.medium,us-west-1,-2,4.310787183983341,57,1,Standard 56
TencentCloud_3905,gn6.large,us-west-1,13,8.489554712596,98,-10,Standard 1873
TencentCloud 351_2438,s1.small,us-west-2,2,1.0163658091766585,34,-8,Standard
TencentCloud 965_3635,s2.medium,us-west-2 1546,-7,4.0137628738536515,54,5,Standard
TencentCloud_5667,gn6.large,us-west-2,-3,7.562026065026593,104,0,Standard
TencentCloud 923_3149,s1.small,eu-west-1,4,0.9928090091812131,26,6,Standard
TencentCloud_2865,s2.medium,eu-west-1,8,4.270933092784826,60,-7,Standard
TencentCloud 1669_6859,gn6.large,eu-west-1,1,7.431036624865715,91,7,Standard
TencentCloud_9062,s1.small 28,eu-central-1 1925,8,0.9498724752927122,19,8,Standard 1418
TencentCloud_8292,s2.medium,eu-central-1,0,3.813030955830373,43,-2,STANDARD
TencentCloud 1194_2354,gn6.large,eu-central-1 1628,-4,8.49291178710049,108,10,Standard
TencentCloud_9540,s1.small,ap-south-1 765,10,0.9288212715049081,22,6,Standard
TencentCloud_7768,s2.medium,ap-south-1,6,4.040273169952813,58,1,Standard
TencentCloud 315_9545,gn6.large,ap-south-1,-5,7.663340280700186,105,9,Standard 430
TENCENTCLOUD_6115,s1.small,ap-southeast-1,-6,0.9365161124047462,20,0,Standard
TencentCloud 1527_5364,s2.medium,ap-southeast-1 765,1,4.074884347014326,43,-5,Standard
TencentCloud_7812,gn6.large,ap-southeast-1,4,8.550551710453712,95,7,STANDARD
TencentCloud_7181,s1.small,ap-northeast-1 1232,-9,0.9591850918027861,23,-2,Standard
TencentCloud_3753,s2.medium 1272,ap-northeast-1,9,3.7057451192747135,52,-6,Standard
TencentCloud_9248,gn6.large,ap-northeast-1,4,7.494411892033971,100,3,Standard
TencentCloud_1657,s1.small,asia-south1,0,1.0625826295792908,24,6,Standard
TencentCloud 1806_8362,s2.medium,ASIA-SOUTH1,12,4.056936474714493,58,-4,Standard
TencentCloud_7762,gn6.large 1291,asia-south1 174,-6,8.346417806312237,91,3,Standard
TencentCloud_4293,s1.small,me-central-1,10,1.0471468406534428,33,10,Standard 59
TencentCloud_766,s2.medium,me-central-1 479,4,4.305050600694287,40,6,Standard
TencentCloud 495_6559,gn6.large,me-central-1,9,7.902886306278618,94,-6,Standard 1125
TencentCloud_4776,S1.SMALL,SA-EAST-1,-1,1.01360425416199,18,-2,Standard
TencentCloud 1641_7619,s2.medium,sa-east-1,2,3.891718275405928,40,-1,Standard
TencentCloud_9780,gn6.large 1581,sa-east-1,7,7.6054846122086035,97,8,Standard
OVHCloud_3684,b2-7,us-east-1 961,-4,6.874183261532448,43,3,Standard
OVHCloud_3141,b2-15,US-EAST-1,-2,14.231148445369609,91,-7,Standard 868
OVHCloud_2889,t1-45,us-east-1,14,28.791036667027537,200,10,Standard
OVHCloud_9657,b2-7,us-west-1,-7,7.0060217965923055,40,-2,Standard
OVHCloud_4339,b2-15 507,us-west-1,-3,14.195558668639347,100,-1,Standard
OVHCloud 132_986,t1-45 133,us-west-1,0,30.136089191206445,191,8,Standard
OVHCloud_3991,b2-7,us-west-2,3,6.746907516980452,54,5,Standard
OVHCloud_8552,b2-15,us-west-2,14,14.266264647600847,101,-4,Standard 1605
OVHCloud_3934,t1-45,us-west-2 1441,15,28.759748428140938,199,7,Standard
OVHCloud_9928,b2-7,eu-west-1,-6,7.258381996731277,53,-6,Standard 882
OVHCloud_9249,b2-15,eu-west-1 1332,8,14.445032245223008,104,-7,Standard 448
OVHCloud_5367,t1-45,EU-WEST-1,8,27.80066414440547,190,9,Standard
OVHCloud 210_8808,b2-7,eu-central-1,-5,6.607017030217532,59,-2,Standard
OVHCloud_1626,b2-15,eu-central-1,-1,16.102344468937503,109,6,Standard
OVHCloud_2990,t1-45,eu-central-1,9,30.663069783361635,192,1,Standard
OVHCloud_5050,b2-7 444,ap-south-1,2,6.760438629257937,48,-5,Standard
OVHCloud_4603,b2-15,ap-south-1,-4,14.575867110784893,95,-1,Standard
OVHCloud_6469,t1-45,ap-south-1,12,29.76710496788305,200,10,Standard
OVHCloud 1153_1153,b2-7,ap-southeast-1,-5,7.393029887518047,50,-4,Standard
OVHCloud_5503,b2-15 1107,ap-southeast-1 631,12,14.996541404897616,92,-9,Standard 192
OVHCloud_4368,t1-45 1719,ap-southeast-1 1257,16,30.524417948152664,205,1,Standard
OVHCloud_1626,b2-7 1629,ap-northeast-1 485,-8,7.361910171876257,43,-10,Standard
OVHCloud_4262,b2-15 1440,ap-northeast-1,2,15.861658575377277,103,-1,Standard
OVHCloud_2247,t1-45 1191,ap-northeast-1,-2,32.3721691776058,203,-3,Standard
OVHCloud_1962,b2-7 1026,asia-south1 1945,5,6.754507386091854,48,-6,Standard 179
OVHCloud_1551,b2-15,asia-south1 934,6,15.61796978440269,94,6,Standard
OVHCloud 1254_2214,t1-45,asia-south1 194,8,32.35746976778522,190,-6,Standard
OVHCloud_6233,b2-7,me-central-1,9,7.390401595664959,52,9,Standard
OVHCloud_6209,b2-15 1643,me-central-1,-6,15.192792781685668,106,-1,Standard
OVHCloud_6524,t1-45,me-central-1 1009,15,28.790537034584148,210,-4,Standard
OVHCloud_1362,b2-7,sa-east-1,5,7.230332115823085,47,3,Standard 366
OVHCloud 1259_3271,b2-15,sa-east-1,0,14.509935232746628,104,6,Standard
OVHCloud_569,T1-45,sa-east-1,4,31.028504371035478,194,8,Standard 1727
AWS 701_1767,t3.nano 1970,us-east-1,2,0.5115735456143686,24,6,Standard 1751
AWS 459_3221,t3.micro 160,us-east-1 v21,4,1.0230662264972636,11,10,Standard 1837
AWS 662_7118,m5.large,us-east-1 v24,-1,8.192797045675023,98,-2,Standard
AWS 161_3692,c5.xlarge,us-east-1 v2,4,7.881115100586392,91,-14,Standard v21
AWS 475_9436,G4DN.XLARGE,us-east-1,12,15.017250691120738,121,-1,Standard
AWS 244_2752,t3.nano 133,US-WEST-1,13,0.4843136906842773,5,0,Standard
AWS v3 167_6622,t3.micro,us-west-1,-8,0.9751588743725443,9,3,Standard 1415
AWS 777_4128,m5.large,us-west-1,5,8.243984399194947,86,0,Standard
AWS 428_2373,c5.xlarge,us-west-1,8,7.2343467759217965,106,0,Standard
AWS v8 872_2849,g4dn.xlarge,us-west-1,7,17.087838051857343,129,-1,Standard
AWS 106_3825,t3.nano,us-west-2,-2,0.495370716908833,19,10,Standard
AWS 162 1181_3726,t3.micro,us-west-2,-4,0.9746332580132222,23,-3,Standard v44
AWS v10 725_8010,m5.large v36 1002,us-west-2,12,7.768294045781054,111,12,Standard
AWS 217 793_9899,c5.xlarge,US-WEST-2 765,0,7.845297048658044,96,7,Standard 452
AWS 839_8868,g4dn.xlarge,us-west-2,13,14.67009502905297,111,1,Standard
AWS 63_4265,t3.nano,eu-west-1,11,0.5275610173127119,5,-3,Standard
AWS 419_862,t3.micro,EU-WEST-1 1342,12,0.9284577545401517,12,6,STANDARD
AWS 41_1798,m5.large,eu-west-1 v33,5,7.62060296053091,105,-1,Standard
AWS v28 503_3931,c5.xlarge,eu-west-1,3,7.982016398061747,103,4,Standard v48
AWS 684_3529,g4dn.xlarge,eu-west-1,13,15.528407892144582,114,-9,Standard
AWS 613_788,t3.nano,eu-central-1 619,12,0.45686450426047626,14,3,Standard v35
AWS 767_9975,t3.micro,eu-central-1,5,1.0731920120554581,21,2,Standard
AWS 892_5495,m5.large v14,eu-central-1,11,8.22568643118259,102,-3,Standard
AWS 900_4728,c5.xlarge,eu-central-1,2,8.148296593375042,106,-7,Standard v32 725
AWS 160_1199,g4dn.xlarge,eu-central-1,13,14.772364748534228,125,-5,Standard v13
AWS 682_5512,t3.nano 1282,ap-south-1,-7,0.5276083884193701,3,-12,Standard
AWS 640_2860,t3.micro,ap-south-1,-1,1.0283502548864174,14,11,Standard
AWS 190_7452,m5.large,ap-south-1 1647,-4,7.186332820918834,102,8,STANDARD
AWS 628_818,c5.xlarge,ap-south-1 1943,-4,8.118001274971451,108,-7,Standard
AWS 411 839_5563,g4dn.xlarge,ap-south-1,8,15.367996475550862,121,-5,Standard
AWS v9 975_9004,t3.nano,ap-southeast-1,-9,0.489553432410623,5,12,Standard 497
AWS 442 1287_9220,t3.micro,ap-southeast-1 v32,10,1.009806617342884,19,-5,Standard
AWS 387_6874,m5.large,ap-southeast-1,-4,8.100279080411068,107,-7,Standard
AWS 2_151,c5.xlarge,ap-southeast-1,-6,7.887867379879302,92,0,Standard v49
AWS 736_8711,g4dn.xlarge,ap-southeast-1 697,-3,15.785989817653926,127,2,Standard
AWS 684_9107,t3.nano 1713,ap-northeast-1 1531,6,0.5170253145723843,2,-6,Standard
AWS v26 184_7410,t3.micro 258,ap-northeast-1,9,0.9583586788283459,19,-2,Standard v11
AWS v17 982_5972,m5.large v38 315,ap-northeast-1 1328,5,7.669480131745215,89,-3,Standard 1636
AWS 464_6943,c5.xlarge,ap-northeast-1 1402,11,8.361132249935173,95,12,Standard v6 475
AWS 403_1710,g4dn.xlarge v29,ap-northeast-1,-3,15.34893143509489,132,-6,Standard
AWS 489_8557,t3.nano v26,asia-south1 v3,-9,0.487689418424004,11,6,Standard
AWS 641_796,t3.micro,asia-south1 v33,12,0.9673144156413912,13,3,Standard
AWS 151_5619,m5.large,asia-south1,4,7.792789670611724,111,-1,Standard
AWS 572_2181,c5.xlarge 259,asia-south1 250,4,7.966870796483044,108,10,Standard
AWS v49 160_8643,g4dn.xlarge,asia-south1,-3,17.12371183233531,134,-4,Standard
AWS 152 581_5649,t3.nano v9 1719,me-central-1,9,0.5013342460617369,15,-10,Standard
AWS 420_9020,t3.micro 27,me-central-1 v33,9,1.0573403224985178,23,6,Standard
AWS 99_5674,m5.large,me-central-1,1,8.4936912162036,100,13,Standard 287
AWS v25 720 1082_9004,c5.xlarge 448,me-central-1,-7,7.333407657993363,88,-7,Standard v35 1282
AWS 398_2032,g4dn.xlarge 1056,me-central-1 247,11,14.930597236524008,120,-2,Standard
AWS 135_4108,t3.nano 1846,SA-EAST-1,3,0.4724411468479717,3,6,STANDARD
AWS V3 470_9451,t3.micro,sa-east-1,-4,0.9516635406755382,22,-3,Standard 1185
AWS 776_7169,m5.large,sa-east-1 v22,-6,8.198853751971624,91,-10,Standard
AWS 284_6553,c5.xlarge,SA-EAST-1,13,8.003434249144295,107,-8,Standard
AWS 547_2140,g4dn.xlarge,sa-east-1,-1,15.01095991687867,126,3,Standard
Azure 99_5839,B1s,us-east-1 623,-10,1.014098613645304,11,0,Standard
Azure 607_1055,B2s v41,us-east-1,6,4.205262130364868,20,7,Standard
Azure 928_5798,D2s_v3,us-east-1,-8,7.890490472850213,54,-5,STANDARD
Azure 735_3259,F4s_v2 v23 627,us-east-1,-1,7.338992738535955,86,8,Standard
Azure v3 663_1440,NC6,us-east-1,17,54.184662393140194,376,5,Standard 1168
Azure 986_34,B1s,us-west-1,2,0.9484881349075542,14,5,Standard 1458
Azure 246_764,B2s,us-west-1,-13,4.456975193469948,30,2,Standard 1145
Azure 867_3724,D2s_v3 v48 1930,us-west-1,-1,7.515197762038214,50,10,Standard
AZURE V25 825_3870,F4s_v2,us-west-1,-3,7.8973301754633844,107,11,Standard
Azure 512 1448_8411,NC6,us-west-1,-6,54.166192932205306,378,0,Standard 1021
AZURE 800_2461,B1s,US-WEST-2,4,0.9644356587137072,14,-11,Standard
Azure 698 1609_699,B2s,US-WEST-2,-3,4.058392573879236,14,-1,Standard
Azure 692_3696,D2s_v3 1512,US-WEST-2 1539,12,7.6705236072157295,44,4,Standard
Azure v42 993_1267,F4s_v2,us-west-2 684,7,7.403612961251675,110,8,Standard
Azure 774_138,NC6,us-west-2,16,57.46783743771852,375,0,Standard v4
Azure v45 936 1577_4512,B1s 397,eu-west-1,1,1.0147499666301416,10,-7,Standard
Azure 670_3739,B2S,eu-west-1 1152,2,3.9956405032075377,21,3,Standard 1787
Azure 741_6736,D2s_v3,eu-west-1,2,8.837844340605228,51,2,Standard v26
Azure 634 32_7695,F4s_v2 v26,eu-west-1 v23 580,4,8.502925379618983,101,8,Standard
AZURE 237_6825,NC6,eu-west-1 1237,5,58.868892343363456,384,-5,Standard v40
Azure 790 314_9596,B1s,eu-central-1,-7,1.0795139874702102,2,-3,Standard
Azure 997 682_4769,B2s 800,eu-central-1 927,-4,3.625154689117037,18,-5,Standard
Azure 94_8900,D2s_v3,eu-central-1,-4,7.670730404369132,42,-2,Standard
Azure 341_5045,F4s_v2,eu-central-1,5,8.025548746182437,97,5,Standard v48 830
Azure 762 1938_7578,NC6,EU-CENTRAL-1,4,58.935595195476786,387,12,Standard
Azure 906_1984,B1s,ap-south-1,4,1.0752274228724101,-2,2,Standard v31
Azure 325_3912,B2s,ap-south-1,14,4.115266833697325,22,6,Standard
Azure 497_55,D2s_v3,ap-south-1,9,8.696141705837725,55,0,Standard
Azure 929_5306,F4s_v2 1659,ap-south-1,-1,8.233810742283538,106,-4,Standard v33
Azure 417_7835,NC6,ap-south-1 1169,10,54.166065314236356,376,-3,Standard
Azure 754 1917_4509,B1s,ap-southeast-1,9,1.0029533976322587,16,-1,STANDARD
Azure 605_9389,B2s,ap-southeast-1,-8,3.983025068215998,21,6,Standard 679
Azure 617_9125,D2s_v3,ap-southeast-1,11,8.270467449455252,46,1,Standard
Azure 376 804_7512,F4s_v2 v7,ap-southeast-1,-7,7.844422589431966,86,8,Standard v29
Azure 394_5968,NC6,ap-southeast-1,9,59.681693624989165,384,7,Standard
Azure 99_1045,B1s,ap-northeast-1,-3,0.9938880796954398,-1,-6,Standard
Azure 663_2631,B2s,ap-northeast-1,-6,3.83912766759329,27,9,Standard
Azure v32 217_2094,D2s_v3 573,ap-northeast-1 645,6,7.454949898932774,60,4,Standard
Azure 62 544_6391,F4s_v2,ap-northeast-1 1305,-8,7.269023737976111,89,2,Standard
Azure 177_6804,NC6,ap-northeast-1 v20 108,15,51.63555420505786,388,-4,Standard
Azure 76_7902,B1s,asia-south1 67,-2,0.9286030137008143,3,0,Standard 1204
Azure 506_7312,B2s v9 1585,asia-south1,8,4.062868287217835,28,-7,Standard 277
Azure 891_9191,D2s_v3,asia-south1,-4,7.566306913678399,44,-1,STANDARD
Azure 39 1346_4294,F4s_v2,asia-south1,11,8.696865017639524,105,9,Standard
Azure v45 133_7543,NC6,asia-south1,-3,54.01595371200617,389,-2,Standard
Azure 658_7305,B1s,ME-CENTRAL-1,-7,0.9701442282328773,15,4,Standard
Azure 519_4295,B2s,me-central-1,8,4.171711059422146,24,4,Standard
Azure 634_7769,D2s_v3,me-central-1,8,7.57188107352797,53,8,Standard
Azure v2 648_1777,F4s_v2,me-central-1,1,8.604066491246817,96,4,Standard
Azure v48 217_3451,NC6,me-central-1,-1,56.30264391290203,381,-3,Standard 1068
Azure 167_6023,B1s,sa-east-1 264,-2,0.9179963776497105,6,-6,Standard
Azure 126_625,B2s,sa-east-1 333,3,4.166216676092576,25,8,Standard 1364
Azure 660_4747,D2s_v3 120,sa-east-1,-11,7.6471114574783545,40,9,Standard
Azure 1_3202,F4s_v2,sa-east-1 26,10,7.492641194832634,112,8,Standard
Azure 409 517_2744,NC6,sa-east-1,6,55.94819264495061,375,6,STANDARD
GCP 80 361_4799,e2-micro 1835,us-east-1 v33 563,-2,0.933418774955457,19,6,Standard
GCP 227_2637,e2-small 36,us-east-1,10,2.2455143102837236,12,-4,Standard 1012
GCP 305 1796_2802,n1-standard-2,us-east-1,5,8.293211143032059,42,12,Standard
GCP 471_2073,n2-standard-8,us-east-1,1,32.553776388991984,197,1,Standard v16
GCP v11 972_7167,a2-highgpu-1g,us-east-1,17,87.86963085135446,102,-2,Standard
GCP 348_9514,e2-micro,US-WEST-1,3,0.9776935490763562,15,3,Standard
GCP 732_4076,e2-small,US-WEST-1,-3,2.0155609601540583,26,-1,Standard v28
GCP 959_4431,n1-standard-2,us-west-1 v37 1124,-5,6.82519268172481,54,-3,Standard
GCP 461 1_910,n2-standard-8,us-west-1,4,30.256120394782766,207,8,Standard 1185
GCP 256_6826,a2-highgpu-1g,us-west-1,-1,85.81070128408057,102,-12,Standard 279
GCP 824_2798,e2-micro,us-west-2,8,0.9851470477316395,13,-6,Standard 1816
GCP 801_9644,E2-SMALL,us-west-2 171,-9,2.0859671982582006,13,7,Standard
GCP 853 655_4553,n1-standard-2,US-WEST-2,4,7.338481375468901,55,3,Standard
GCP 795_447,n2-standard-8 1245,us-west-2,21,32.239084472407754,191,13,Standard
GCP v49 405_7770,a2-highgpu-1g,us-west-2 1530,2,85.29088353939892,102,-14,Standard 1814
GCP 863 1762_1808,e2-micro,eu-west-1,9,1.110552712414672,9,2,Standard 965
GCP 997_3571,e2-small,eu-west-1,-3,2.1029397560637033,19,-9,Standard
GCP 78 1048_7274,n1-standard-2,eu-west-1 v37,5,8.242893646235359,45,-2,Standard
GCP 446 987_3108,n2-standard-8,eu-west-1,9,31.976588486265836,200,0,STANDARD
GCP 551_1580,a2-highgpu-1g,eu-west-1 v1 549,14,88.82420114456686,101,9,Standard
GCP 891_4685,e2-micro v26 190,eu-central-1,8,0.9366474682993773,1,2,STANDARD
GCP 990_8297,e2-small,eu-central-1,-8,2.011668288712993,10,1,Standard
GCP 853_1447,n1-standard-2 v30,eu-central-1 332,-2,7.716128419486414,54,-3,STANDARD
GCP 704_9942,n2-standard-8,EU-CENTRAL-1 V14,8,35.00449081540193,198,-5,Standard 1686
GCP 435_5069,a2-highgpu-1g,eu-central-1 v34,3,86.73814186532714,106,3,Standard
GCP 335_8122,E2-MICRO 643,ap-south-1 1153,-1,0.9668503098115513,0,5,Standard v24
GCP 797_618,e2-small,ap-south-1,13,1.9887900742678555,12,3,Standard
GCP 508_5823,n1-standard-2,ap-south-1 v4,-1,8.416514018595747,51,-11,Standard
GCP 450_7776,n2-standard-8 v20,ap-south-1,5,29.4416463221001,194,-10,Standard
GCP v13 111_9733,a2-highgpu-1g,ap-south-1,20,91.47044365763668,99,-1,Standard
GCP v23 360_6183,e2-micro,ap-southeast-1 v16,-3,0.9711777121622222,8,-4,Standard
GCP 667_2786,e2-small 307,ap-southeast-1,10,1.917439133806788,14,-2,Standard 1542
GCP 789_3044,n1-standard-2 v29,AP-SOUTHEAST-1,-6,7.2081023009784495,50,-4,Standard
GCP 838_3927,n2-standard-8,ap-southeast-1,8,32.33684613769845,211,5,Standard v21
GCP 945_6612,a2-highgpu-1g,ap-southeast-1,13,79.44814577164381,95,-7,Standard
GCP 249_4698,e2-micro,ap-northeast-1,11,0.9768558462553145,22,-3,Standard
GCP 831_486,e2-small,ap-northeast-1 v47,2,2.067357804809072,29,9,Standard 851
GCP 625 1132_7787,n1-standard-2,ap-northeast-1 v48,-13,6.963415283465915,54,-2,Standard
GCP 526_7349,n2-standard-8,ap-northeast-1,1,32.7528393645034,205,5,Standard
GCP 526_6659,a2-highgpu-1g v26,ap-northeast-1 769,7,82.38071123216527,97,-2,Standard
GCP 919_8844,e2-micro,asia-south1,9,1.0098252856669268,18,7,Standard v47
GCP 806_8710,e2-small,asia-south1 296,10,1.9494061313452145,19,10,STANDARD
GCP 485_8445,n1-standard-2,ASIA-SOUTH1,-6,7.009316418506275,46,3,Standard
GCP 474_2071,n2-standard-8,asia-south1,12,32.487050183747215,188,-6,Standard v22
GCP v44 580_7769,a2-highgpu-1g,asia-south1 306,19,84.92152519874456,105,8,Standard
GCP 111 1231_7102,e2-micro 923,me-central-1,4,0.9954347697682028,-3,-11,Standard
GCP 748_529,e2-small,me-central-1 v22 1830,-6,2.1248188572368982,32,-3,Standard
GCP V19 320_5352,n1-standard-2,me-central-1 v42,1,7.508691621111203,56,3,Standard
GCP 741 1007_1406,n2-standard-8 144,me-central-1,-6,31.23266235423332,215,10,STANDARD
GCP v33 503 881_6967,a2-highgpu-1g,me-central-1,16,87.39228351120822,108,8,Standard
GCP v48 137_8487,e2-micro v4,sa-east-1 619,12,1.0059724552404785,8,-6,Standard
GCP 548_9706,e2-small,sa-east-1,0,2.0058004875882856,21,2,Standard
GCP 847_8335,n1-standard-2 724,sa-east-1 v24,2,7.033471221388501,61,4,Standard
GCP 947_1083,n2-standard-8 335,sa-east-1 1698,14,33.63546395259384,203,8,Standard
GCP 26_2110,a2-highgpu-1g,sa-east-1 1045,24,88.52572092746924,113,11,Standard
OracleCloud 410_5603,VM.Standard.E2.1,us-east-1,7,0.9639428220908546,28,1,STANDARD
OracleCloud 532_3974,VM.Standard2.2 83,us-east-1,12,7.9810885629800135,101,2,Standard
OracleCloud 654_3722,BM.GPU2.2,us-east-1,9,119.93416948470936,492,1,Standard
OracleCloud 845_5031,VM.Standard.E2.1,us-west-1,-6,0.9716601201438605,36,-3,Standard 1831
OracleCloud v43 261_5095,VM.Standard2.2 v3,us-west-1,6,8.301578275416869,103,2,STANDARD
OracleCloud 642_80,BM.GPU2.2 1900,us-west-1,12,115.5641993413318,501,-5,Standard
