strategy_id,organization,primary_use_case,cloud_providers,strategy_type,orchestration_tools,cost_model,risk_score,estimated_savings_percent,notes
MCS-1000,HealthCore Systems,Disaster Recovery,"GCP, Azure, DigitalOcean, IBM Cloud",Compliance Segmentation,Kubernetes,Multi-year Contract,0.43,43.0,Strategy tailored for global expansion.
MCS-1001,FinTrust Bank,Disaster Recovery,"Azure, Alibaba Cloud",Cost Optimization,"Terraform, Crossplane, Kubernetes",Usage-based Scaling,0.75,28.9,Strategy tailored for global expansion.
MCS-1002,RetailHub Online,Hybrid Analytics,"GCP, AWS, Azure, Oracle Cloud",Hybrid Integration,"Anthos, Kubernetes",Committed Use Discount,0.24,11.2,Strategy tailored for latency reduction.
MCS-1003,HealthCore Systems,High-Performance Computing,"GCP, Alibaba Cloud",Cost Optimization,"Terraform, HashiCorp Vault",Spot Instances,0.15,39.6,Strategy tailored for latency reduction.
MCS-1004,MediPulse Clinics,AI/ML Model Training,"GCP, DigitalOcean, IBM Cloud, Alibaba Cloud",Cost Optimization,Kubernetes,Pay-as-you-go,0.63,33.3,Strategy tailored for cost savings.
MCS-1005,AgriSmart Farms,AI/ML Model Training,"Alibaba Cloud, AWS",Distributed Workload,"Spinnaker, HashiCorp Vault",Committed Use Discount,0.12,43.8,Strategy tailored for cost savings.
MCS-1006,TechNova Solutions,IoT Processing,"DigitalOcean, GCP",Compliance Segmentation,"Kubernetes, Crossplane, HashiCorp Vault",Reserved Instances,0.84,13.5,Strategy tailored for cost savings.
MCS-1007,EduPrime University,Hybrid Analytics,"GCP, DigitalOcean, IBM Cloud",Failover/DR,"HashiCorp Vault, Istio, Terraform",Reserved Instances,0.26,12.3,Strategy tailored for latency reduction.
MCS-1008,TechNova Solutions,High-Performance Computing,"AWS, Azure, IBM Cloud",Compliance Segmentation,"Azure Arc, HashiCorp Vault",Spot Instances,0.37,26.0,Strategy tailored for global expansion.
MCS-1009,LogiTrans Freight,Data Warehousing,"Azure, Alibaba Cloud, IBM Cloud",Cost Optimization,"Istio, Crossplane",Spot Instances,0.48,16.6,Strategy tailored for regulatory compliance.
MCS-1010,RetailHub Online,Data Warehousing,"Oracle Cloud, AWS, DigitalOcean, IBM Cloud",Failover/DR,"Anthos, Istio, HashiCorp Vault",Spot Instances,0.64,10.6,Strategy tailored for latency reduction.
MCS-1011,MediPulse Clinics,High-Performance Computing,"Oracle Cloud, IBM Cloud, GCP, AWS",Compliance Segmentation,"Kubernetes, HashiCorp Vault, Crossplane",Committed Use Discount,0.36,19.7,Strategy tailored for regulatory compliance.
MCS-1012,HealthCore Systems,Edge Computing,"Azure, Oracle Cloud, AWS",Compliance Segmentation,"Crossplane, Spinnaker, Kubernetes",Multi-year Contract,0.51,36.4,Strategy tailored for latency reduction.
MCS-1013,AgriSmart Farms,Backup & Archival,"Azure, Alibaba Cloud, GCP, DigitalOcean",Cost Optimization,"Terraform, Crossplane, Anthos",Spot Instances,0.28,25.6,Strategy tailored for latency reduction.
MCS-1014,HealthCore Systems,IoT Processing,"Azure, AWS, Alibaba Cloud",Cost Optimization,Kubernetes,Usage-based Scaling,0.63,6.9,Strategy tailored for global expansion.
MCS-1015,HealthCore Systems,Backup & Archival,"Azure, DigitalOcean",Distributed Workload,"Anthos, Spinnaker, Crossplane",Multi-year Contract,0.64,11.8,Strategy tailored for global expansion.
MCS-1016,RetailHub Online,Backup & Archival,"DigitalOcean, Azure, GCP, Oracle Cloud",Compliance Segmentation,"HashiCorp Vault, Azure Arc, Crossplane",Spot Instances,0.16,43.0,Strategy tailored for latency reduction.
MCS-1017,RetailHub Online,Global App Deployment,"GCP, AWS",Cost Optimization,"Azure Arc, Crossplane, Kubernetes",Pay-as-you-go,0.96,37.3,Strategy tailored for latency reduction.
MCS-1018,FinTrust Bank,Global App Deployment,"AWS, GCP",Best-of-Breed,"Azure Arc, Anthos, HashiCorp Vault",Spot Instances,0.37,8.9,Strategy tailored for cost savings.
MCS-1019,GovSecure Dept,Data Warehousing,"IBM Cloud, Alibaba Cloud, Oracle Cloud, Azure",Vendor Risk Mitigation,"Istio, Kubernetes",Pay-as-you-go,0.71,22.6,Strategy tailored for latency reduction.
MCS-1020,MediPulse Clinics,IoT Processing,"Oracle Cloud, Alibaba Cloud, AWS",Compliance Segmentation,"Kubernetes, Terraform, Azure Arc",Usage-based Scaling,0.21,24.8,Strategy tailored for regulatory compliance.
MCS-1021,HealthCore Systems,Global App Deployment,"Azure, IBM Cloud",Distributed Workload,Istio,Reserved Instances,0.13,41.4,Strategy tailored for regulatory compliance.
MCS-1022,LogiTrans Freight,Global App Deployment,"Oracle Cloud, IBM Cloud",Best-of-Breed,Terraform,Pay-as-you-go,0.33,31.5,Strategy tailored for cost savings.
MCS-1023,EduPrime University,High-Performance Computing,"Oracle Cloud, Azure, Alibaba Cloud",Best-of-Breed,Istio,Pay-as-you-go,0.38,25.8,Strategy tailored for global expansion.
MCS-1024,AgriSmart Farms,Hybrid Analytics,"Oracle Cloud, DigitalOcean, IBM Cloud",Compliance Segmentation,"Spinnaker, Kubernetes, Istio",Committed Use Discount,0.59,12.4,Strategy tailored for cost savings.
MCS-1025,FinTrust Bank,Backup & Archival,"DigitalOcean, GCP",Best-of-Breed,Spinnaker,Multi-year Contract,0.96,36.0,Strategy tailored for cost savings.
MCS-1026,FinTrust Bank,Backup & Archival,"Alibaba Cloud, Azure",Best-of-Breed,"Kubernetes, HashiCorp Vault, Spinnaker",Spot Instances,0.94,40.8,Strategy tailored for latency reduction.
MCS-1027,AeroX Manufacturing,Global App Deployment,"IBM Cloud, AWS, Alibaba Cloud, DigitalOcean",Distributed Workload,"HashiCorp Vault, Anthos, Kubernetes",Usage-based Scaling,0.63,41.9,Strategy tailored for regulatory compliance.
MCS-1028,RetailHub Online,Edge Computing,"Azure, DigitalOcean, GCP",Distributed Workload,"Kubernetes, Terraform",Spot Instances,0.18,12.8,Strategy tailored for latency reduction.
MCS-1029,HealthCore Systems,Backup & Archival,"IBM Cloud, GCP",Failover/DR,"Kubernetes, Spinnaker",Committed Use Discount,0.14,18.0,Strategy tailored for regulatory compliance.
MCS-1030,EduPrime University,Hybrid Analytics,"DigitalOcean, GCP, IBM Cloud, AWS",Compliance Segmentation,"Crossplane, HashiCorp Vault, Terraform",Reserved Instances,0.45,15.9,Strategy tailored for regulatory compliance.
MCS-1031,HealthCore Systems,AI/ML Model Training,"IBM Cloud, Azure, GCP, Alibaba Cloud",Cost Optimization,HashiCorp Vault,Reserved Instances,0.84,19.3,Strategy tailored for regulatory compliance.
MCS-1032,GovSecure Dept,Hybrid Analytics,"Alibaba Cloud, AWS, DigitalOcean",Compliance Segmentation,"Crossplane, Terraform",Pay-as-you-go,0.35,26.7,Strategy tailored for regulatory compliance.
MCS-1033,EduPrime University,Edge Computing,"DigitalOcean, Oracle Cloud",Cost Optimization,"Istio, Crossplane, Terraform",Pay-as-you-go,0.23,37.1,Strategy tailored for latency reduction.
MCS-1034,EduPrime University,Backup & Archival,"Alibaba Cloud, GCP",Cost Optimization,"Anthos, Azure Arc, Kubernetes",Pay-as-you-go,0.17,44.5,Strategy tailored for regulatory compliance.
MCS-1035,TechNova Solutions,Disaster Recovery,"Azure, DigitalOcean, Alibaba Cloud",Compliance Segmentation,HashiCorp Vault,Multi-year Contract,0.79,12.9,Strategy tailored for global expansion.
MCS-1036,AeroX Manufacturing,Data Warehousing,"Alibaba Cloud, Azure",Vendor Risk Mitigation,Istio,Pay-as-you-go,0.1,37.6,Strategy tailored for cost savings.
MCS-1037,TechNova Solutions,High-Performance Computing,"Alibaba Cloud, DigitalOcean, Azure, GCP",Failover/DR,"Kubernetes, Azure Arc, Terraform",Spot Instances,0.73,34.2,Strategy tailored for cost savings.
MCS-1038,RetailHub Online,Hybrid Analytics,"GCP, Azure, DigitalOcean",Best-of-Breed,"Azure Arc, Spinnaker, Anthos",Committed Use Discount,0.79,8.0,Strategy tailored for latency reduction.
MCS-1039,AgriSmart Farms,IoT Processing,"IBM Cloud, Oracle Cloud, Alibaba Cloud, GCP",Best-of-Breed,Crossplane,Reserved Instances,0.42,9.6,Strategy tailored for regulatory compliance.
MCS-1040,FinTrust Bank,AI/ML Model Training,"Oracle Cloud, GCP, DigitalOcean, Alibaba Cloud",Cost Optimization,"Kubernetes, Azure Arc, Crossplane",Reserved Instances,0.87,29.9,Strategy tailored for regulatory compliance.
MCS-1041,FinTrust Bank,High-Performance Computing,"IBM Cloud, Alibaba Cloud",Compliance Segmentation,"Azure Arc, Anthos, Spinnaker",Pay-as-you-go,0.39,7.5,Strategy tailored for regulatory compliance.
MCS-1042,AeroX Manufacturing,IoT Processing,"Alibaba Cloud, AWS, GCP, IBM Cloud",Compliance Segmentation,"HashiCorp Vault, Azure Arc",Usage-based Scaling,0.38,18.0,Strategy tailored for regulatory compliance.
MCS-1043,GovSecure Dept,Data Warehousing,"Oracle Cloud, DigitalOcean",Distributed Workload,"Anthos, Crossplane, Istio",Committed Use Discount,0.75,30.5,Strategy tailored for global expansion.
MCS-1044,GovSecure Dept,Disaster Recovery,"GCP, Azure, Oracle Cloud",Vendor Risk Mitigation,"HashiCorp Vault, Azure Arc, Istio",Spot Instances,0.89,23.9,Strategy tailored for cost savings.
MCS-1045,GovSecure Dept,Hybrid Analytics,"Azure, DigitalOcean, AWS, GCP",Cost Optimization,"HashiCorp Vault, Terraform, Kubernetes",Usage-based Scaling,0.21,33.5,Strategy tailored for regulatory compliance.
MCS-1046,RetailHub Online,Global App Deployment,"AWS, Alibaba Cloud",Failover/DR,"Kubernetes, Azure Arc",Spot Instances,0.78,27.5,Strategy tailored for cost savings.
MCS-1047,MediPulse Clinics,Hybrid Analytics,"Azure, Alibaba Cloud, AWS",Vendor Risk Mitigation,Istio,Reserved Instances,0.79,24.8,Strategy tailored for cost savings.
MCS-1048,GovSecure Dept,Hybrid Analytics,"IBM Cloud, Azure",Vendor Risk Mitigation,Spinnaker,Reserved Instances,0.57,22.1,Strategy tailored for global expansion.
MCS-1049,GovSecure Dept,Backup & Archival,"GCP, Oracle Cloud, IBM Cloud, DigitalOcean",Vendor Risk Mitigation,"Spinnaker, Kubernetes, HashiCorp Vault",Spot Instances,0.12,9.3,Strategy tailored for global expansion.
MCS-1050,AgriSmart Farms,Global App Deployment,"GCP, IBM Cloud, Oracle Cloud, Azure",Hybrid Integration,"Kubernetes, HashiCorp Vault",Committed Use Discount,0.13,30.5,Strategy tailored for cost savings.
MCS-1051,AgriSmart Farms,IoT Processing,"IBM Cloud, AWS, Azure",Failover/DR,Istio,Usage-based Scaling,0.38,25.3,Strategy tailored for cost savings.
MCS-1052,RetailHub Online,AI/ML Model Training,"Oracle Cloud, GCP, IBM Cloud",Distributed Workload,"Terraform, Kubernetes",Spot Instances,0.91,15.0,Strategy tailored for global expansion.
MCS-1053,AeroX Manufacturing,Disaster Recovery,"Oracle Cloud, Alibaba Cloud, AWS, GCP",Hybrid Integration,"Istio, Crossplane",Usage-based Scaling,0.47,35.2,Strategy tailored for cost savings.
MCS-1054,LogiTrans Freight,Global App Deployment,"Oracle Cloud, Alibaba Cloud, AWS",Distributed Workload,"Istio, HashiCorp Vault",Reserved Instances,0.3,8.1,Strategy tailored for global expansion.
MCS-1055,EduPrime University,Backup & Archival,"Oracle Cloud, IBM Cloud",Cost Optimization,"Terraform, Spinnaker, HashiCorp Vault",Spot Instances,0.36,11.4,Strategy tailored for cost savings.
MCS-1056,LogiTrans Freight,Data Warehousing,"GCP, Oracle Cloud",Hybrid Integration,Spinnaker,Committed Use Discount,0.93,37.3,Strategy tailored for regulatory compliance.
MCS-1057,MediPulse Clinics,Edge Computing,"GCP, AWS, Oracle Cloud",Best-of-Breed,"Terraform, Anthos, Kubernetes",Usage-based Scaling,0.66,39.9,Strategy tailored for latency reduction.
MCS-1058,FinTrust Bank,Disaster Recovery,"Azure, AWS",Cost Optimization,Azure Arc,Reserved Instances,0.82,12.5,Strategy tailored for global expansion.
MCS-1059,HealthCore Systems,Global App Deployment,"DigitalOcean, GCP, Alibaba Cloud",Failover/DR,"Kubernetes, Istio, Spinnaker",Committed Use Discount,0.89,26.6,Strategy tailored for latency reduction.
MCS-1060,AeroX Manufacturing,Disaster Recovery,"IBM Cloud, DigitalOcean, Oracle Cloud",Distributed Workload,"Azure Arc, Terraform, Crossplane",Usage-based Scaling,0.82,40.8,Strategy tailored for cost savings.
MCS-1061,HealthCore Systems,Edge Computing,"IBM Cloud, AWS, Alibaba Cloud, DigitalOcean",Hybrid Integration,"Istio, HashiCorp Vault, Anthos",Pay-as-you-go,0.38,9.4,Strategy tailored for regulatory compliance.
MCS-1062,FinTrust Bank,High-Performance Computing,"AWS, Oracle Cloud, GCP",Compliance Segmentation,"Anthos, Azure Arc",Reserved Instances,0.3,22.1,Strategy tailored for regulatory compliance.
MCS-1063,AeroX Manufacturing,Backup & Archival,"Oracle Cloud, Alibaba Cloud, IBM Cloud",Hybrid Integration,"Azure Arc, Istio",Pay-as-you-go,0.83,39.4,Strategy tailored for regulatory compliance.
MCS-1064,LogiTrans Freight,Global App Deployment,"IBM Cloud, Alibaba Cloud, Oracle Cloud",Hybrid Integration,Spinnaker,Committed Use Discount,0.11,25.4,Strategy tailored for cost savings.
MCS-1065,LogiTrans Freight,Global App Deployment,"Alibaba Cloud, GCP, DigitalOcean",Hybrid Integration,"Crossplane, Spinnaker, Terraform",Multi-year Contract,0.47,13.9,Strategy tailored for cost savings.
MCS-1066,HealthCore Systems,Global App Deployment,"Oracle Cloud, Alibaba Cloud, IBM Cloud, Azure",Compliance Segmentation,"Spinnaker, Azure Arc",Pay-as-you-go,0.21,18.5,Strategy tailored for latency reduction.
MCS-1067,AgriSmart Farms,Global App Deployment,"DigitalOcean, Azure, GCP",Compliance Segmentation,"HashiCorp Vault, Azure Arc, Crossplane",Multi-year Contract,0.94,17.9,Strategy tailored for regulatory compliance.
MCS-1068,MediPulse Clinics,Backup & Archival,"GCP, DigitalOcean, Oracle Cloud",Hybrid Integration,"Crossplane, Kubernetes",Pay-as-you-go,0.56,33.1,Strategy tailored for cost savings.
MCS-1069,TechNova Solutions,AI/ML Model Training,"IBM Cloud, DigitalOcean, Azure, Alibaba Cloud",Failover/DR,"Spinnaker, Anthos, HashiCorp Vault",Multi-year Contract,0.42,43.9,Strategy tailored for regulatory compliance.
MCS-1070,HealthCore Systems,Global App Deployment,"Azure, GCP, Alibaba Cloud",Hybrid Integration,Anthos,Committed Use Discount,0.96,15.1,Strategy tailored for latency reduction.
MCS-1071,FinTrust Bank,Backup & Archival,"DigitalOcean, Azure, Oracle Cloud",Best-of-Breed,Crossplane,Spot Instances,0.54,17.0,Strategy tailored for global expansion.
MCS-1072,LogiTrans Freight,IoT Processing,"AWS, GCP",Vendor Risk Mitigation,"Kubernetes, Istio",Pay-as-you-go,0.35,6.5,Strategy tailored for global expansion.
MCS-1073,LogiTrans Freight,AI/ML Model Training,"DigitalOcean, Alibaba Cloud, AWS, Azure",Failover/DR,"Crossplane, Terraform, Kubernetes",Pay-as-you-go,0.64,25.1,Strategy tailored for global expansion.
MCS-1074,AeroX Manufacturing,Global App Deployment,"Oracle Cloud, Alibaba Cloud, DigitalOcean, GCP",Vendor Risk Mitigation,"Istio, Anthos, Crossplane",Multi-year Contract,0.15,16.1,Strategy tailored for latency reduction.
MCS-1075,AeroX Manufacturing,AI/ML Model Training,"DigitalOcean, Azure",Hybrid Integration,"Kubernetes, Spinnaker, Istio",Reserved Instances,0.91,14.6,Strategy tailored for latency reduction.
MCS-1076,EduPrime University,Disaster Recovery,"Oracle Cloud, DigitalOcean, IBM Cloud",Distributed Workload,"Terraform, Kubernetes",Committed Use Discount,0.23,24.6,Strategy tailored for regulatory compliance.
MCS-1077,LogiTrans Freight,AI/ML Model Training,"Azure, GCP, IBM Cloud, Alibaba Cloud",Distributed Workload,Azure Arc,Usage-based Scaling,0.98,14.7,Strategy tailored for cost savings.
MCS-1078,AgriSmart Farms,Data Warehousing,"AWS, Azure",Vendor Risk Mitigation,"Crossplane, Azure Arc",Pay-as-you-go,0.7,35.5,Strategy tailored for global expansion.
MCS-1079,AgriSmart Farms,High-Performance Computing,"IBM Cloud, Alibaba Cloud, Oracle Cloud",Distributed Workload,Terraform,Spot Instances,0.31,34.1,Strategy tailored for regulatory compliance.
MCS-1080,AeroX Manufacturing,Edge Computing,"AWS, Azure",Compliance Segmentation,"Terraform, Istio, HashiCorp Vault",Committed Use Discount,0.43,30.3,Strategy tailored for latency reduction.
MCS-1081,EduPrime University,Hybrid Analytics,"DigitalOcean, Oracle Cloud, GCP, Azure",Cost Optimization,"Spinnaker, Terraform",Spot Instances,0.66,26.4,Strategy tailored for regulatory compliance.
MCS-1082,MediPulse Clinics,IoT Processing,"DigitalOcean, AWS, Azure",Hybrid Integration,"Spinnaker, Anthos",Usage-based Scaling,0.18,38.4,Strategy tailored for global expansion.
MCS-1083,GovSecure Dept,Disaster Recovery,"AWS, GCP, DigitalOcean",Hybrid Integration,Istio,Multi-year Contract,0.39,12.5,Strategy tailored for latency reduction.
MCS-1084,GovSecure Dept,Hybrid Analytics,"AWS, Azure, IBM Cloud",Hybrid Integration,"Spinnaker, HashiCorp Vault, Azure Arc",Pay-as-you-go,0.14,28.6,Strategy tailored for cost savings.
MCS-1085,AgriSmart Farms,Backup & Archival,"GCP, Oracle Cloud",Compliance Segmentation,"Kubernetes, Terraform",Usage-based Scaling,0.7,5.7,Strategy tailored for cost savings.
MCS-1086,EduPrime University,Edge Computing,"AWS, IBM Cloud, Oracle Cloud, Alibaba Cloud",Failover/DR,Spinnaker,Pay-as-you-go,0.56,14.1,Strategy tailored for cost savings.
MCS-1087,LogiTrans Freight,Edge Computing,"DigitalOcean, GCP, Oracle Cloud, IBM Cloud",Distributed Workload,Spinnaker,Multi-year Contract,0.67,12.0,Strategy tailored for cost savings.
MCS-1088,MediPulse Clinics,Global App Deployment,"IBM Cloud, DigitalOcean, Azure, AWS",Hybrid Integration,"HashiCorp Vault, Istio",Multi-year Contract,0.71,20.5,Strategy tailored for regulatory compliance.
MCS-1089,FinTrust Bank,Edge Computing,"GCP, IBM Cloud, DigitalOcean, Oracle Cloud",Vendor Risk Mitigation,Spinnaker,Multi-year Contract,0.93,10.5,Strategy tailored for global expansion.
MCS-1090,TechNova Solutions,IoT Processing,"Alibaba Cloud, IBM Cloud, Oracle Cloud, DigitalOcean",Hybrid Integration,Azure Arc,Multi-year Contract,0.4,9.5,Strategy tailored for global expansion.
MCS-1091,RetailHub Online,High-Performance Computing,"GCP, DigitalOcean",Distributed Workload,"Istio, Azure Arc, HashiCorp Vault",Usage-based Scaling,0.92,40.1,Strategy tailored for cost savings.
MCS-1092,LogiTrans Freight,Disaster Recovery,"IBM Cloud, Alibaba Cloud",Hybrid Integration,Spinnaker,Pay-as-you-go,0.33,31.4,Strategy tailored for global expansion.
MCS-1093,FinTrust Bank,Data Warehousing,"Alibaba Cloud, DigitalOcean, Azure",Best-of-Breed,"Crossplane, Anthos",Multi-year Contract,0.83,27.2,Strategy tailored for global expansion.
MCS-1094,HealthCore Systems,IoT Processing,"Alibaba Cloud, IBM Cloud, Oracle Cloud, GCP",Compliance Segmentation,"Spinnaker, Istio, Crossplane",Pay-as-you-go,0.57,14.7,Strategy tailored for latency reduction.
MCS-1095,RetailHub Online,Edge Computing,"DigitalOcean, AWS",Distributed Workload,Kubernetes,Spot Instances,0.18,40.9,Strategy tailored for cost savings.
MCS-1096,AgriSmart Farms,Disaster Recovery,"GCP, AWS",Hybrid Integration,"HashiCorp Vault, Azure Arc",Reserved Instances,0.9,30.3,Strategy tailored for cost savings.
MCS-1097,GovSecure Dept,High-Performance Computing,"DigitalOcean, Azure, Alibaba Cloud, IBM Cloud",Best-of-Breed,"Istio, Crossplane, HashiCorp Vault",Reserved Instances,0.4,19.0,Strategy tailored for global expansion.
MCS-1098,AeroX Manufacturing,Data Warehousing,"Oracle Cloud, DigitalOcean",Hybrid Integration,"Crossplane, HashiCorp Vault",Pay-as-you-go,0.75,40.9,Strategy tailored for global expansion.
MCS-1099,AgriSmart Farms,Backup & Archival,"AWS, Oracle Cloud",Hybrid Integration,"Crossplane, HashiCorp Vault, Azure Arc",Usage-based Scaling,0.89,36.2,Strategy tailored for regulatory compliance.
MCS-1100,LogiTrans Freight,Edge Computing,"Oracle Cloud, Alibaba Cloud",Best-of-Breed,Istio,Multi-year Contract,0.67,8.4,Strategy tailored for regulatory compliance.
MCS-1101,AeroX Manufacturing,Edge Computing,"GCP, AWS, Oracle Cloud, Alibaba Cloud",Best-of-Breed,"Terraform, Crossplane, HashiCorp Vault",Spot Instances,0.24,40.9,Strategy tailored for regulatory compliance.
MCS-1102,RetailHub Online,IoT Processing,"DigitalOcean, Azure",Cost Optimization,"Anthos, HashiCorp Vault",Pay-as-you-go,0.64,5.4,Strategy tailored for latency reduction.
MCS-1103,AgriSmart Farms,Hybrid Analytics,"IBM Cloud, GCP",Compliance Segmentation,Kubernetes,Committed Use Discount,0.19,31.5,Strategy tailored for regulatory compliance.
MCS-1104,MediPulse Clinics,Data Warehousing,"Azure, IBM Cloud",Hybrid Integration,"Crossplane, Istio, Kubernetes",Committed Use Discount,0.1,11.4,Strategy tailored for global expansion.
MCS-1105,AgriSmart Farms,IoT Processing,"Oracle Cloud, AWS",Failover/DR,Istio,Multi-year Contract,0.59,32.7,Strategy tailored for regulatory compliance.
MCS-1106,HealthCore Systems,High-Performance Computing,"GCP, IBM Cloud",Best-of-Breed,"HashiCorp Vault, Spinnaker",Usage-based Scaling,0.68,14.0,Strategy tailored for regulatory compliance.
MCS-1107,AeroX Manufacturing,High-Performance Computing,"GCP, AWS, Azure, Oracle Cloud",Best-of-Breed,"HashiCorp Vault, Crossplane, Kubernetes",Usage-based Scaling,0.73,14.5,Strategy tailored for latency reduction.
MCS-1108,LogiTrans Freight,Edge Computing,"Oracle Cloud, AWS, Azure, DigitalOcean",Best-of-Breed,"Spinnaker, Terraform",Pay-as-you-go,0.39,34.9,Strategy tailored for cost savings.
MCS-1109,GovSecure Dept,Data Warehousing,"Oracle Cloud, GCP, IBM Cloud",Distributed Workload,"Anthos, Azure Arc, HashiCorp Vault",Pay-as-you-go,0.68,39.0,Strategy tailored for global expansion.
MCS-1110,AeroX Manufacturing,High-Performance Computing,"AWS, DigitalOcean, GCP",Failover/DR,"Spinnaker, Kubernetes",Committed Use Discount,0.69,27.7,Strategy tailored for latency reduction.
MCS-1111,TechNova Solutions,Backup & Archival,"GCP, AWS, Oracle Cloud, Alibaba Cloud",Failover/DR,Spinnaker,Pay-as-you-go,0.18,19.7,Strategy tailored for cost savings.
MCS-1112,AeroX Manufacturing,Disaster Recovery,"Alibaba Cloud, GCP",Failover/DR,Azure Arc,Pay-as-you-go,0.34,14.8,Strategy tailored for cost savings.
MCS-1113,AeroX Manufacturing,Global App Deployment,"GCP, Azure",Vendor Risk Mitigation,"Terraform, Anthos, Kubernetes",Reserved Instances,0.97,20.7,Strategy tailored for regulatory compliance.
MCS-1114,EduPrime University,AI/ML Model Training,"Alibaba Cloud, AWS, Azure, DigitalOcean",Hybrid Integration,HashiCorp Vault,Pay-as-you-go,0.89,30.2,Strategy tailored for cost savings.
MCS-1115,AgriSmart Farms,Disaster Recovery,"DigitalOcean, Oracle Cloud",Cost Optimization,Kubernetes,Spot Instances,0.81,25.1,Strategy tailored for global expansion.
MCS-1116,TechNova Solutions,Backup & Archival,"AWS, Oracle Cloud, IBM Cloud, Azure",Cost Optimization,Crossplane,Spot Instances,0.61,24.7,Strategy tailored for latency reduction.
MCS-1117,FinTrust Bank,Hybrid Analytics,"Oracle Cloud, DigitalOcean, AWS",Distributed Workload,"Spinnaker, Terraform, Istio",Committed Use Discount,0.27,33.9,Strategy tailored for cost savings.
MCS-1118,HealthCore Systems,Data Warehousing,"IBM Cloud, DigitalOcean, Alibaba Cloud",Cost Optimization,"HashiCorp Vault, Azure Arc, Crossplane",Multi-year Contract,0.35,6.0,Strategy tailored for regulatory compliance.
MCS-1119,LogiTrans Freight,Backup & Archival,"Oracle Cloud, AWS, DigitalOcean, Azure",Distributed Workload,"Azure Arc, Spinnaker",Committed Use Discount,0.67,12.1,Strategy tailored for global expansion.
MCS-1120,MediPulse Clinics,High-Performance Computing,"AWS, GCP, Oracle Cloud, DigitalOcean",Compliance Segmentation,"HashiCorp Vault, Kubernetes",Usage-based Scaling,0.94,43.2,Strategy tailored for global expansion.
MCS-1121,HealthCore Systems,AI/ML Model Training,"AWS, Oracle Cloud",Best-of-Breed,"HashiCorp Vault, Istio, Kubernetes",Multi-year Contract,0.91,19.8,Strategy tailored for latency reduction.
MCS-1122,AeroX Manufacturing,Backup & Archival,"GCP, DigitalOcean, AWS, Oracle Cloud",Hybrid Integration,"Istio, Spinnaker, HashiCorp Vault",Pay-as-you-go,0.11,42.1,Strategy tailored for regulatory compliance.
MCS-1123,AeroX Manufacturing,Edge Computing,"AWS, IBM Cloud, DigitalOcean",Failover/DR,Spinnaker,Reserved Instances,0.48,43.7,Strategy tailored for latency reduction.
MCS-1124,TechNova Solutions,Backup & Archival,"AWS, GCP, IBM Cloud",Failover/DR,"Terraform, Crossplane",Usage-based Scaling,0.96,39.1,Strategy tailored for regulatory compliance.
MCS-1125,FinTrust Bank,Data Warehousing,"DigitalOcean, GCP, Alibaba Cloud",Hybrid Integration,Anthos,Reserved Instances,0.36,20.4,Strategy tailored for global expansion.
MCS-1126,HealthCore Systems,Data Warehousing,"DigitalOcean, AWS, Alibaba Cloud, Azure",Distributed Workload,"Spinnaker, Anthos",Reserved Instances,0.86,17.7,Strategy tailored for regulatory compliance.
MCS-1127,AgriSmart Farms,IoT Processing,"IBM Cloud, AWS, DigitalOcean, Azure",Failover/DR,"Terraform, HashiCorp Vault, Spinnaker",Committed Use Discount,0.25,27.3,Strategy tailored for global expansion.
MCS-1128,MediPulse Clinics,Hybrid Analytics,"Oracle Cloud, Alibaba Cloud, GCP, Azure",Vendor Risk Mitigation,"Kubernetes, Anthos, Azure Arc",Pay-as-you-go,0.93,32.8,Strategy tailored for regulatory compliance.
MCS-1129,AeroX Manufacturing,Hybrid Analytics,"DigitalOcean, GCP, AWS, Azure",Distributed Workload,"Terraform, Spinnaker, Kubernetes",Committed Use Discount,0.61,8.9,Strategy tailored for cost savings.
MCS-1130,EduPrime University,Edge Computing,"GCP, AWS, DigitalOcean",Distributed Workload,"Istio, Kubernetes, Spinnaker",Spot Instances,0.65,44.6,Strategy tailored for cost savings.
MCS-1131,GovSecure Dept,Backup & Archival,"Alibaba Cloud, GCP, AWS, Oracle Cloud",Vendor Risk Mitigation,"Terraform, Azure Arc, Spinnaker",Spot Instances,0.22,25.7,Strategy tailored for latency reduction.
MCS-1132,TechNova Solutions,High-Performance Computing,"Oracle Cloud, DigitalOcean, Alibaba Cloud, GCP",Best-of-Breed,"Terraform, Anthos",Reserved Instances,0.88,34.6,Strategy tailored for global expansion.
MCS-1133,TechNova Solutions,AI/ML Model Training,"Alibaba Cloud, AWS, Azure",Distributed Workload,"Istio, Crossplane, Terraform",Spot Instances,0.72,33.1,Strategy tailored for regulatory compliance.
MCS-1134,TechNova Solutions,Global App Deployment,"Alibaba Cloud, Azure, AWS",Cost Optimization,"Kubernetes, Crossplane, Istio",Reserved Instances,0.42,16.7,Strategy tailored for regulatory compliance.
MCS-1135,TechNova Solutions,Data Warehousing,"AWS, Azure",Hybrid Integration,Anthos,Multi-year Contract,0.82,37.4,Strategy tailored for cost savings.
MCS-1136,HealthCore Systems,Data Warehousing,"Oracle Cloud, Alibaba Cloud, IBM Cloud, DigitalOcean",Compliance Segmentation,"HashiCorp Vault, Istio, Spinnaker",Committed Use Discount,0.87,41.5,Strategy tailored for cost savings.
MCS-1137,LogiTrans Freight,AI/ML Model Training,"Oracle Cloud, DigitalOcean, GCP",Vendor Risk Mitigation,"Terraform, Anthos",Multi-year Contract,0.56,25.1,Strategy tailored for latency reduction.
MCS-1138,AgriSmart Farms,Hybrid Analytics,"AWS, Alibaba Cloud, GCP",Vendor Risk Mitigation,"Kubernetes, HashiCorp Vault",Pay-as-you-go,0.81,31.0,Strategy tailored for global expansion.
MCS-1139,LogiTrans Freight,Backup & Archival,"AWS, Oracle Cloud, IBM Cloud, Azure",Hybrid Integration,"Spinnaker, Crossplane, Kubernetes",Pay-as-you-go,0.72,36.8,Strategy tailored for global expansion.
MCS-1140,HealthCore Systems,IoT Processing,"AWS, IBM Cloud, Azure, Alibaba Cloud",Failover/DR,"Spinnaker, Azure Arc, Crossplane",Multi-year Contract,0.89,18.5,Strategy tailored for cost savings.
MCS-1141,TechNova Solutions,IoT Processing,"Oracle Cloud, Alibaba Cloud, GCP",Compliance Segmentation,"Terraform, Istio, HashiCorp Vault",Usage-based Scaling,0.43,8.8,Strategy tailored for regulatory compliance.
MCS-1142,HealthCore Systems,IoT Processing,"IBM Cloud, DigitalOcean",Distributed Workload,"Crossplane, HashiCorp Vault",Usage-based Scaling,0.61,6.4,Strategy tailored for cost savings.
MCS-1143,TechNova Solutions,AI/ML Model Training,"DigitalOcean, Azure, GCP, IBM Cloud",Compliance Segmentation,"Istio, Kubernetes, Crossplane",Usage-based Scaling,0.51,26.7,Strategy tailored for latency reduction.
MCS-1144,AgriSmart Farms,Backup & Archival,"DigitalOcean, GCP, Azure",Compliance Segmentation,"Kubernetes, HashiCorp Vault, Istio",Spot Instances,0.36,28.6,Strategy tailored for regulatory compliance.
MCS-1145,FinTrust Bank,IoT Processing,"Azure, Alibaba Cloud, GCP",Vendor Risk Mitigation,"Azure Arc, Kubernetes",Reserved Instances,0.13,6.5,Strategy tailored for cost savings.
MCS-1146,HealthCore Systems,Edge Computing,"IBM Cloud, Alibaba Cloud",Vendor Risk Mitigation,"Terraform, HashiCorp Vault, Anthos",Multi-year Contract,0.83,19.4,Strategy tailored for cost savings.
MCS-1147,AeroX Manufacturing,High-Performance Computing,"Azure, Alibaba Cloud",Vendor Risk Mitigation,"Anthos, HashiCorp Vault, Azure Arc",Pay-as-you-go,0.21,25.9,Strategy tailored for global expansion.
MCS-1148,TechNova Solutions,Global App Deployment,"IBM Cloud, GCP, Oracle Cloud",Failover/DR,"Azure Arc, Anthos, Spinnaker",Reserved Instances,0.79,13.6,Strategy tailored for regulatory compliance.
MCS-1149,AeroX Manufacturing,Hybrid Analytics,"Alibaba Cloud, GCP, Oracle Cloud",Cost Optimization,"Istio, Kubernetes, Spinnaker",Multi-year Contract,0.65,8.4,Strategy tailored for cost savings.
MCS-1150,AgriSmart Farms,Disaster Recovery,"Oracle Cloud, GCP, IBM Cloud, AWS",Compliance Segmentation,"Kubernetes, Anthos, Terraform",Reserved Instances,0.15,26.3,Strategy tailored for regulatory compliance.
MCS-1151,LogiTrans Freight,Backup & Archival,"Alibaba Cloud, Oracle Cloud",Best-of-Breed,Spinnaker,Committed Use Discount,0.58,30.5,Strategy tailored for latency reduction.
MCS-1152,MediPulse Clinics,Disaster Recovery,"IBM Cloud, GCP, Azure",Distributed Workload,HashiCorp Vault,Reserved Instances,0.75,44.0,Strategy tailored for latency reduction.
MCS-1153,TechNova Solutions,AI/ML Model Training,"DigitalOcean, GCP, Azure, IBM Cloud",Best-of-Breed,"Spinnaker, HashiCorp Vault",Reserved Instances,0.56,17.9,Strategy tailored for global expansion.
MCS-1154,LogiTrans Freight,Disaster Recovery,"AWS, GCP",Failover/DR,Istio,Pay-as-you-go,0.81,15.8,Strategy tailored for regulatory compliance.
MCS-1155,RetailHub Online,Edge Computing,"AWS, Azure",Distributed Workload,"Spinnaker, Terraform, Istio",Spot Instances,0.49,8.1,Strategy tailored for latency reduction.
MCS-1156,GovSecure Dept,Global App Deployment,"Azure, GCP, Oracle Cloud, AWS",Cost Optimization,"Azure Arc, Crossplane",Spot Instances,0.12,43.5,Strategy tailored for cost savings.
MCS-1157,HealthCore Systems,Backup & Archival,"AWS, IBM Cloud, DigitalOcean",Cost Optimization,"Terraform, Azure Arc, Istio",Pay-as-you-go,0.84,32.8,Strategy tailored for global expansion.
MCS-1158,TechNova Solutions,Edge Computing,"AWS, GCP, Alibaba Cloud, DigitalOcean",Failover/DR,"Kubernetes, Istio, Crossplane",Usage-based Scaling,0.46,11.9,Strategy tailored for regulatory compliance.
MCS-1159,EduPrime University,Disaster Recovery,"IBM Cloud, GCP, Azure",Vendor Risk Mitigation,"Spinnaker, HashiCorp Vault, Azure Arc",Usage-based Scaling,0.24,15.0,Strategy tailored for cost savings.
MCS-1160,EduPrime University,AI/ML Model Training,"Alibaba Cloud, Oracle Cloud, AWS, GCP",Failover/DR,Azure Arc,Pay-as-you-go,0.59,33.6,Strategy tailored for regulatory compliance.
MCS-1161,AgriSmart Farms,Backup & Archival,"Alibaba Cloud, IBM Cloud, Oracle Cloud",Hybrid Integration,Azure Arc,Committed Use Discount,0.69,16.2,Strategy tailored for regulatory compliance.
MCS-1162,FinTrust Bank,IoT Processing,"AWS, GCP, Oracle Cloud",Distributed Workload,"Spinnaker, Azure Arc, Anthos",Reserved Instances,0.95,34.5,Strategy tailored for global expansion.
MCS-1163,LogiTrans Freight,IoT Processing,"GCP, AWS, Oracle Cloud, DigitalOcean",Distributed Workload,"Anthos, Crossplane, Spinnaker",Committed Use Discount,0.59,29.5,Strategy tailored for latency reduction.
MCS-1164,HealthCore Systems,IoT Processing,"GCP, Alibaba Cloud, Oracle Cloud, IBM Cloud",Failover/DR,"Spinnaker, Anthos, Azure Arc",Pay-as-you-go,0.47,14.9,Strategy tailored for regulatory compliance.
MCS-1165,AeroX Manufacturing,High-Performance Computing,"DigitalOcean, AWS, Alibaba Cloud",Compliance Segmentation,"Istio, Anthos, Crossplane",Usage-based Scaling,0.42,35.3,Strategy tailored for cost savings.
MCS-1166,FinTrust Bank,Data Warehousing,"DigitalOcean, Oracle Cloud, AWS, Azure",Best-of-Breed,HashiCorp Vault,Committed Use Discount,0.11,9.6,Strategy tailored for global expansion.
MCS-1167,AeroX Manufacturing,Disaster Recovery,"Azure, DigitalOcean, Oracle Cloud, GCP",Hybrid Integration,"Kubernetes, Crossplane",Reserved Instances,0.14,6.6,Strategy tailored for regulatory compliance.
MCS-1168,MediPulse Clinics,IoT Processing,"GCP, Azure, AWS, IBM Cloud",Compliance Segmentation,Spinnaker,Multi-year Contract,0.86,33.1,Strategy tailored for global expansion.
MCS-1169,GovSecure Dept,AI/ML Model Training,"Alibaba Cloud, GCP, Oracle Cloud",Failover/DR,"Crossplane, HashiCorp Vault, Azure Arc",Reserved Instances,0.52,8.9,Strategy tailored for latency reduction.
MCS-1170,EduPrime University,AI/ML Model Training,"Azure, DigitalOcean, Oracle Cloud",Best-of-Breed,"HashiCorp Vault, Spinnaker, Anthos",Usage-based Scaling,0.54,23.9,Strategy tailored for latency reduction.
MCS-1171,GovSecure Dept,Backup & Archival,"GCP, Azure, DigitalOcean",Vendor Risk Mitigation,"Azure Arc, Terraform",Reserved Instances,0.25,22.4,Strategy tailored for cost savings.
MCS-1172,RetailHub Online,Hybrid Analytics,"GCP, IBM Cloud",Cost Optimization,"Spinnaker, Istio",Multi-year Contract,0.45,29.6,Strategy tailored for cost savings.
MCS-1173,AeroX Manufacturing,AI/ML Model Training,"GCP, Oracle Cloud",Compliance Segmentation,"Spinnaker, Crossplane, Azure Arc",Spot Instances,0.67,6.8,Strategy tailored for latency reduction.
MCS-1174,EduPrime University,IoT Processing,"AWS, Oracle Cloud, DigitalOcean, GCP",Failover/DR,"Anthos, Istio, Kubernetes",Spot Instances,0.43,30.0,Strategy tailored for latency reduction.
MCS-1175,HealthCore Systems,Backup & Archival,"GCP, Azure",Failover/DR,"Azure Arc, Anthos",Multi-year Contract,0.55,39.3,Strategy tailored for regulatory compliance.
MCS-1176,HealthCore Systems,Edge Computing,"DigitalOcean, IBM Cloud",Hybrid Integration,Crossplane,Multi-year Contract,0.69,11.5,Strategy tailored for latency reduction.
MCS-1177,GovSecure Dept,Data Warehousing,"IBM Cloud, Azure, DigitalOcean, GCP",Vendor Risk Mitigation,"Terraform, Istio, Spinnaker",Pay-as-you-go,0.16,30.7,Strategy tailored for latency reduction.
MCS-1178,AeroX Manufacturing,Edge Computing,"Azure, IBM Cloud, Oracle Cloud, AWS",Distributed Workload,"Crossplane, HashiCorp Vault, Anthos",Spot Instances,0.12,28.4,Strategy tailored for cost savings.
MCS-1179,MediPulse Clinics,Edge Computing,"AWS, DigitalOcean, Alibaba Cloud",Failover/DR,"Istio, Azure Arc",Spot Instances,0.94,28.0,Strategy tailored for cost savings.
MCS-1180,TechNova Solutions,Data Warehousing,"Alibaba Cloud, DigitalOcean, GCP",Compliance Segmentation,"Istio, Kubernetes",Committed Use Discount,0.45,30.7,Strategy tailored for latency reduction.
MCS-1181,TechNova Solutions,Global App Deployment,"AWS, GCP, Oracle Cloud",Failover/DR,Kubernetes,Pay-as-you-go,0.51,26.8,Strategy tailored for regulatory compliance.
MCS-1182,MediPulse Clinics,High-Performance Computing,"Alibaba Cloud, Azure",Vendor Risk Mitigation,"HashiCorp Vault, Kubernetes",Reserved Instances,0.94,20.4,Strategy tailored for global expansion.
MCS-1183,GovSecure Dept,Hybrid Analytics,"GCP, Oracle Cloud, AWS",Best-of-Breed,"Spinnaker, Kubernetes",Reserved Instances,0.96,41.2,Strategy tailored for regulatory compliance.
MCS-1184,FinTrust Bank,Disaster Recovery,"Oracle Cloud, IBM Cloud, Alibaba Cloud",Hybrid Integration,"Terraform, Istio, Spinnaker",Spot Instances,0.27,7.8,Strategy tailored for cost savings.
MCS-1185,AgriSmart Farms,IoT Processing,"GCP, AWS, Oracle Cloud",Best-of-Breed,"Azure Arc, Anthos, Crossplane",Committed Use Discount,0.19,5.7,Strategy tailored for latency reduction.
MCS-1186,MediPulse Clinics,Backup & Archival,"Alibaba Cloud, IBM Cloud, GCP",Vendor Risk Mitigation,"Kubernetes, Spinnaker, Terraform",Spot Instances,0.18,32.3,Strategy tailored for regulatory compliance.
MCS-1187,TechNova Solutions,Backup & Archival,"Alibaba Cloud, Azure, DigitalOcean",Cost Optimization,"Istio, Crossplane, Terraform",Pay-as-you-go,0.16,17.8,Strategy tailored for latency reduction.
MCS-1188,EduPrime University,IoT Processing,"IBM Cloud, Oracle Cloud, Azure",Cost Optimization,"Anthos, Spinnaker, Crossplane",Committed Use Discount,0.85,5.9,Strategy tailored for cost savings.
MCS-1189,MediPulse Clinics,Edge Computing,"GCP, IBM Cloud, DigitalOcean, Oracle Cloud",Compliance Segmentation,"Crossplane, Azure Arc, Terraform",Committed Use Discount,0.82,16.3,Strategy tailored for regulatory compliance.
MCS-1190,HealthCore Systems,High-Performance Computing,"GCP, DigitalOcean, AWS, Oracle Cloud",Hybrid Integration,"Azure Arc, HashiCorp Vault, Terraform",Multi-year Contract,0.21,32.9,Strategy tailored for global expansion.
MCS-1191,EduPrime University,Backup & Archival,"DigitalOcean, IBM Cloud, Oracle Cloud, Azure",Vendor Risk Mitigation,"Azure Arc, Terraform, Crossplane",Usage-based Scaling,0.66,40.1,Strategy tailored for latency reduction.
MCS-1192,RetailHub Online,Disaster Recovery,"GCP, Oracle Cloud, Azure",Distributed Workload,"Azure Arc, Spinnaker, Crossplane",Multi-year Contract,0.75,37.1,Strategy tailored for global expansion.
MCS-1193,FinTrust Bank,Data Warehousing,"Azure, IBM Cloud, GCP, Oracle Cloud",Cost Optimization,"HashiCorp Vault, Kubernetes",Spot Instances,0.35,12.1,Strategy tailored for regulatory compliance.
MCS-1194,GovSecure Dept,IoT Processing,"Alibaba Cloud, DigitalOcean, GCP, Oracle Cloud",Failover/DR,Crossplane,Multi-year Contract,0.77,37.3,Strategy tailored for regulatory compliance.
MCS-1195,RetailHub Online,Edge Computing,"DigitalOcean, Azure, Oracle Cloud",Hybrid Integration,"HashiCorp Vault, Crossplane",Usage-based Scaling,0.98,21.5,Strategy tailored for regulatory compliance.
MCS-1196,AgriSmart Farms,AI/ML Model Training,"DigitalOcean, IBM Cloud, Oracle Cloud, Alibaba Cloud",Vendor Risk Mitigation,"Anthos, Spinnaker",Pay-as-you-go,0.43,36.1,Strategy tailored for regulatory compliance.
MCS-1197,HealthCore Systems,IoT Processing,"DigitalOcean, GCP, Oracle Cloud",Failover/DR,Crossplane,Multi-year Contract,0.4,42.2,Strategy tailored for regulatory compliance.
MCS-1198,EduPrime University,AI/ML Model Training,"DigitalOcean, IBM Cloud, Azure, Alibaba Cloud",Best-of-Breed,"Azure Arc, HashiCorp Vault, Kubernetes",Pay-as-you-go,0.86,22.2,Strategy tailored for latency reduction.
MCS-1199,MediPulse Clinics,IoT Processing,"Oracle Cloud, AWS, Azure, DigitalOcean",Cost Optimization,Istio,Usage-based Scaling,0.77,35.2,Strategy tailored for global expansion.
MCS-1200,LogiTrans Freight,Global App Deployment,"GCP, Alibaba Cloud, AWS",Vendor Risk Mitigation,Azure Arc,Multi-year Contract,0.19,41.1,Strategy tailored for latency reduction.
MCS-1201,EduPrime University,High-Performance Computing,"AWS, Oracle Cloud",Vendor Risk Mitigation,"Anthos, HashiCorp Vault",Committed Use Discount,0.55,38.1,Strategy tailored for latency reduction.
MCS-1202,FinTrust Bank,Edge Computing,"IBM Cloud, AWS, GCP, Alibaba Cloud",Distributed Workload,"Spinnaker, Kubernetes, Crossplane",Spot Instances,0.38,40.8,Strategy tailored for regulatory compliance.
MCS-1203,RetailHub Online,AI/ML Model Training,"Azure, DigitalOcean, Oracle Cloud",Compliance Segmentation,"Anthos, Terraform",Usage-based Scaling,0.45,5.4,Strategy tailored for regulatory compliance.
MCS-1204,AgriSmart Farms,Global App Deployment,"IBM Cloud, DigitalOcean",Distributed Workload,"HashiCorp Vault, Terraform",Spot Instances,0.91,8.7,Strategy tailored for latency reduction.
MCS-1205,EduPrime University,Data Warehousing,"GCP, Azure, AWS",Hybrid Integration,"Azure Arc, Spinnaker",Committed Use Discount,0.38,43.0,Strategy tailored for regulatory compliance.
MCS-1206,AgriSmart Farms,Disaster Recovery,"DigitalOcean, GCP, Azure",Best-of-Breed,"Kubernetes, Azure Arc, Anthos",Reserved Instances,0.95,27.9,Strategy tailored for global expansion.
MCS-1207,GovSecure Dept,Edge Computing,"AWS, DigitalOcean, GCP, IBM Cloud",Cost Optimization,Azure Arc,Reserved Instances,0.66,22.9,Strategy tailored for global expansion.
MCS-1208,EduPrime University,Hybrid Analytics,"IBM Cloud, GCP, Oracle Cloud, Alibaba Cloud",Vendor Risk Mitigation,"Azure Arc, Istio, Kubernetes",Usage-based Scaling,0.36,18.1,Strategy tailored for latency reduction.
MCS-1209,GovSecure Dept,Hybrid Analytics,"DigitalOcean, GCP, AWS, IBM Cloud",Best-of-Breed,"Azure Arc, Crossplane, Istio",Reserved Instances,0.7,35.1,Strategy tailored for cost savings.
MCS-1210,TechNova Solutions,Backup & Archival,"AWS, DigitalOcean, Azure",Compliance Segmentation,"Spinnaker, Terraform, Crossplane",Spot Instances,0.8,36.6,Strategy tailored for latency reduction.
MCS-1211,LogiTrans Freight,Data Warehousing,"Oracle Cloud, Alibaba Cloud, IBM Cloud, AWS",Cost Optimization,"Crossplane, HashiCorp Vault",Pay-as-you-go,0.18,24.8,Strategy tailored for global expansion.
MCS-1212,AgriSmart Farms,Disaster Recovery,"Azure, IBM Cloud, AWS, DigitalOcean",Distributed Workload,"Kubernetes, Crossplane",Pay-as-you-go,0.15,27.0,Strategy tailored for latency reduction.
MCS-1213,LogiTrans Freight,Disaster Recovery,"Oracle Cloud, Azure, DigitalOcean",Vendor Risk Mitigation,"Istio, Anthos, Azure Arc",Spot Instances,0.49,40.5,Strategy tailored for global expansion.
MCS-1214,MediPulse Clinics,AI/ML Model Training,"DigitalOcean, IBM Cloud, Azure, GCP",Best-of-Breed,Istio,Multi-year Contract,0.41,9.7,Strategy tailored for cost savings.
MCS-1215,RetailHub Online,Disaster Recovery,"GCP, Oracle Cloud",Compliance Segmentation,"Istio, Crossplane, Azure Arc",Reserved Instances,0.23,35.5,Strategy tailored for cost savings.
MCS-1216,LogiTrans Freight,IoT Processing,"GCP, Azure",Compliance Segmentation,Terraform,Usage-based Scaling,0.65,9.0,Strategy tailored for global expansion.
MCS-1217,AeroX Manufacturing,Disaster Recovery,"Azure, AWS",Best-of-Breed,"Terraform, Azure Arc, Crossplane",Usage-based Scaling,0.17,33.0,Strategy tailored for latency reduction.
MCS-1218,RetailHub Online,Disaster Recovery,"Oracle Cloud, Azure, IBM Cloud",Failover/DR,Anthos,Multi-year Contract,0.16,37.9,Strategy tailored for regulatory compliance.
MCS-1219,RetailHub Online,IoT Processing,"IBM Cloud, DigitalOcean, GCP, Azure",Hybrid Integration,Azure Arc,Spot Instances,0.73,8.3,Strategy tailored for regulatory compliance.
MCS-1220,AgriSmart Farms,Disaster Recovery,"IBM Cloud, DigitalOcean, Azure, Oracle Cloud",Cost Optimization,"Terraform, Anthos",Usage-based Scaling,0.18,44.5,Strategy tailored for global expansion.
MCS-1221,GovSecure Dept,IoT Processing,"Oracle Cloud, Alibaba Cloud, Azure, GCP",Distributed Workload,Spinnaker,Reserved Instances,0.43,19.8,Strategy tailored for cost savings.
MCS-1222,AgriSmart Farms,Data Warehousing,"AWS, IBM Cloud, Oracle Cloud",Distributed Workload,"Anthos, Azure Arc, Kubernetes",Committed Use Discount,0.82,42.9,Strategy tailored for cost savings.
MCS-1223,TechNova Solutions,AI/ML Model Training,"Alibaba Cloud, GCP, AWS",Cost Optimization,"Azure Arc, Terraform, Anthos",Spot Instances,0.98,35.1,Strategy tailored for latency reduction.
MCS-1224,HealthCore Systems,Global App Deployment,"DigitalOcean, Alibaba Cloud, IBM Cloud, Azure",Distributed Workload,HashiCorp Vault,Committed Use Discount,0.43,8.3,Strategy tailored for latency reduction.
MCS-1225,RetailHub Online,Global App Deployment,"AWS, DigitalOcean, Oracle Cloud, Azure",Compliance Segmentation,"Azure Arc, Spinnaker, Kubernetes",Multi-year Contract,0.79,27.3,Strategy tailored for regulatory compliance.
MCS-1226,AgriSmart Farms,High-Performance Computing,"IBM Cloud, DigitalOcean, GCP",Hybrid Integration,"HashiCorp Vault, Crossplane",Spot Instances,0.48,41.3,Strategy tailored for global expansion.
MCS-1227,HealthCore Systems,Hybrid Analytics,"Azure, GCP, DigitalOcean",Distributed Workload,Azure Arc,Usage-based Scaling,0.2,24.7,Strategy tailored for cost savings.
MCS-1228,FinTrust Bank,Edge Computing,"IBM Cloud, Alibaba Cloud, Oracle Cloud, GCP",Failover/DR,HashiCorp Vault,Reserved Instances,0.11,23.7,Strategy tailored for global expansion.
MCS-1229,AeroX Manufacturing,Global App Deployment,"IBM Cloud, DigitalOcean, GCP",Hybrid Integration,"Spinnaker, Azure Arc",Reserved Instances,0.15,9.8,Strategy tailored for regulatory compliance.
MCS-1230,EduPrime University,Data Warehousing,"IBM Cloud, Oracle Cloud, Azure, AWS",Cost Optimization,Kubernetes,Usage-based Scaling,0.2,31.0,Strategy tailored for latency reduction.
MCS-1231,FinTrust Bank,High-Performance Computing,"Alibaba Cloud, DigitalOcean",Failover/DR,Anthos,Pay-as-you-go,0.76,28.3,Strategy tailored for cost savings.
MCS-1232,GovSecure Dept,Hybrid Analytics,"AWS, IBM Cloud, DigitalOcean",Distributed Workload,"Spinnaker, Terraform, Istio",Multi-year Contract,0.96,20.0,Strategy tailored for global expansion.
MCS-1233,FinTrust Bank,Disaster Recovery,"DigitalOcean, GCP, IBM Cloud, Alibaba Cloud",Best-of-Breed,"Istio, Spinnaker, Kubernetes",Pay-as-you-go,0.35,39.7,Strategy tailored for latency reduction.
MCS-1234,GovSecure Dept,Data Warehousing,"Azure, IBM Cloud",Cost Optimization,"HashiCorp Vault, Anthos",Spot Instances,0.3,43.5,Strategy tailored for latency reduction.
MCS-1235,TechNova Solutions,High-Performance Computing,"IBM Cloud, Azure, DigitalOcean",Hybrid Integration,"Kubernetes, HashiCorp Vault, Istio",Pay-as-you-go,0.11,43.8,Strategy tailored for latency reduction.
MCS-1236,MediPulse Clinics,High-Performance Computing,"IBM Cloud, Oracle Cloud, AWS",Compliance Segmentation,Anthos,Pay-as-you-go,0.14,40.6,Strategy tailored for global expansion.
MCS-1237,MediPulse Clinics,IoT Processing,"Alibaba Cloud, AWS, IBM Cloud, DigitalOcean",Failover/DR,Spinnaker,Committed Use Discount,0.57,44.7,Strategy tailored for latency reduction.
MCS-1238,HealthCore Systems,Edge Computing,"IBM Cloud, DigitalOcean, AWS, Azure",Vendor Risk Mitigation,"Terraform, Kubernetes",Multi-year Contract,0.17,27.2,Strategy tailored for cost savings.
MCS-1239,MediPulse Clinics,AI/ML Model Training,"Azure, IBM Cloud, Alibaba Cloud",Cost Optimization,"HashiCorp Vault, Azure Arc",Usage-based Scaling,0.96,25.9,Strategy tailored for cost savings.
MCS-1240,HealthCore Systems,Backup & Archival,"GCP, AWS, DigitalOcean, Oracle Cloud",Failover/DR,HashiCorp Vault,Multi-year Contract,0.66,32.8,Strategy tailored for global expansion.
MCS-1241,TechNova Solutions,Disaster Recovery,"GCP, Oracle Cloud, DigitalOcean, Azure",Hybrid Integration,"Istio, Azure Arc, Kubernetes",Usage-based Scaling,0.5,30.1,Strategy tailored for global expansion.
MCS-1242,HealthCore Systems,Edge Computing,"DigitalOcean, AWS",Best-of-Breed,"Anthos, Azure Arc",Usage-based Scaling,0.62,41.0,Strategy tailored for cost savings.
MCS-1243,MediPulse Clinics,IoT Processing,"AWS, Alibaba Cloud, DigitalOcean",Hybrid Integration,"HashiCorp Vault, Istio",Committed Use Discount,0.14,16.2,Strategy tailored for latency reduction.
MCS-1244,EduPrime University,AI/ML Model Training,"Oracle Cloud, Alibaba Cloud",Cost Optimization,"Istio, Terraform, Spinnaker",Pay-as-you-go,0.95,40.6,Strategy tailored for regulatory compliance.
MCS-1245,GovSecure Dept,AI/ML Model Training,"IBM Cloud, GCP, Oracle Cloud, AWS",Hybrid Integration,"Istio, Spinnaker",Pay-as-you-go,0.51,29.8,Strategy tailored for cost savings.
MCS-1246,AeroX Manufacturing,Backup & Archival,"DigitalOcean, Oracle Cloud",Failover/DR,Crossplane,Committed Use Discount,0.35,12.5,Strategy tailored for regulatory compliance.
MCS-1247,LogiTrans Freight,Data Warehousing,"Azure, Oracle Cloud",Hybrid Integration,"Crossplane, Azure Arc",Pay-as-you-go,0.51,19.1,Strategy tailored for regulatory compliance.
MCS-1248,AgriSmart Farms,Global App Deployment,"DigitalOcean, Oracle Cloud, IBM Cloud, Azure",Distributed Workload,Anthos,Committed Use Discount,0.62,8.1,Strategy tailored for latency reduction.
MCS-1249,MediPulse Clinics,IoT Processing,"Oracle Cloud, GCP, Alibaba Cloud, DigitalOcean",Distributed Workload,"Anthos, Spinnaker, Istio",Multi-year Contract,0.97,44.4,Strategy tailored for cost savings.
MCS-1250,LogiTrans Freight,IoT Processing,"Oracle Cloud, GCP",Hybrid Integration,"Spinnaker, Crossplane, Kubernetes",Committed Use Discount,0.72,26.4,Strategy tailored for global expansion.
MCS-1251,AgriSmart Farms,High-Performance Computing,"AWS, IBM Cloud, Azure",Cost Optimization,"Anthos, HashiCorp Vault, Crossplane",Pay-as-you-go,0.38,37.6,Strategy tailored for global expansion.
MCS-1252,RetailHub Online,Hybrid Analytics,"Alibaba Cloud, DigitalOcean, AWS",Vendor Risk Mitigation,"Spinnaker, Kubernetes",Usage-based Scaling,0.71,11.5,Strategy tailored for regulatory compliance.
MCS-1253,RetailHub Online,Edge Computing,"Azure, DigitalOcean, Oracle Cloud, IBM Cloud",Best-of-Breed,"Spinnaker, Crossplane",Spot Instances,0.91,37.9,Strategy tailored for global expansion.
MCS-1254,GovSecure Dept,Disaster Recovery,"DigitalOcean, IBM Cloud, Alibaba Cloud",Compliance Segmentation,Kubernetes,Reserved Instances,0.95,34.0,Strategy tailored for regulatory compliance.
MCS-1255,EduPrime University,Disaster Recovery,"DigitalOcean, Alibaba Cloud, Oracle Cloud, GCP",Vendor Risk Mitigation,"Kubernetes, Terraform",Pay-as-you-go,0.65,21.7,Strategy tailored for regulatory compliance.
MCS-1256,RetailHub Online,Backup & Archival,"IBM Cloud, Alibaba Cloud, DigitalOcean, Azure",Distributed Workload,"Istio, Azure Arc",Usage-based Scaling,0.93,39.6,Strategy tailored for cost savings.
MCS-1257,TechNova Solutions,Disaster Recovery,"AWS, GCP, Oracle Cloud",Best-of-Breed,Anthos,Committed Use Discount,0.14,6.1,Strategy tailored for regulatory compliance.
MCS-1258,TechNova Solutions,Hybrid Analytics,"IBM Cloud, Oracle Cloud",Hybrid Integration,"Kubernetes, Azure Arc",Usage-based Scaling,0.44,37.4,Strategy tailored for global expansion.
MCS-1259,TechNova Solutions,AI/ML Model Training,"AWS, DigitalOcean, Alibaba Cloud",Best-of-Breed,"Kubernetes, HashiCorp Vault",Reserved Instances,0.98,11.0,Strategy tailored for cost savings.
MCS-1260,GovSecure Dept,Data Warehousing,"Azure, GCP, IBM Cloud, Oracle Cloud",Distributed Workload,Istio,Usage-based Scaling,0.63,20.2,Strategy tailored for cost savings.
MCS-1261,EduPrime University,High-Performance Computing,"AWS, DigitalOcean, IBM Cloud",Failover/DR,"Istio, Azure Arc",Pay-as-you-go,0.96,38.7,Strategy tailored for cost savings.
MCS-1262,RetailHub Online,Edge Computing,"Alibaba Cloud, AWS, IBM Cloud, DigitalOcean",Vendor Risk Mitigation,"Anthos, Spinnaker, Istio",Reserved Instances,0.85,23.7,Strategy tailored for global expansion.
MCS-1263,HealthCore Systems,Edge Computing,"Alibaba Cloud, Oracle Cloud, IBM Cloud, GCP",Cost Optimization,"Istio, Crossplane",Pay-as-you-go,0.47,15.9,Strategy tailored for regulatory compliance.
MCS-1264,TechNova Solutions,Hybrid Analytics,"Azure, DigitalOcean, GCP, AWS",Compliance Segmentation,HashiCorp Vault,Pay-as-you-go,0.15,39.6,Strategy tailored for cost savings.
MCS-1265,AgriSmart Farms,AI/ML Model Training,"GCP, DigitalOcean",Failover/DR,"Istio, Azure Arc, Crossplane",Reserved Instances,0.82,45.0,Strategy tailored for global expansion.
MCS-1266,MediPulse Clinics,Data Warehousing,"DigitalOcean, IBM Cloud, Azure",Cost Optimization,Spinnaker,Committed Use Discount,0.99,27.2,Strategy tailored for cost savings.
MCS-1267,EduPrime University,IoT Processing,"IBM Cloud, AWS, GCP",Best-of-Breed,"Anthos, Kubernetes",Spot Instances,0.78,42.8,Strategy tailored for global expansion.
MCS-1268,MediPulse Clinics,Hybrid Analytics,"DigitalOcean, Oracle Cloud, Alibaba Cloud",Failover/DR,Terraform,Reserved Instances,0.86,14.9,Strategy tailored for regulatory compliance.
MCS-1269,FinTrust Bank,Edge Computing,"IBM Cloud, GCP",Failover/DR,"Spinnaker, Crossplane",Multi-year Contract,0.5,10.2,Strategy tailored for latency reduction.
MCS-1270,AeroX Manufacturing,AI/ML Model Training,"Alibaba Cloud, IBM Cloud, GCP",Cost Optimization,Spinnaker,Multi-year Contract,0.95,29.2,Strategy tailored for cost savings.
MCS-1271,MediPulse Clinics,AI/ML Model Training,"Alibaba Cloud, DigitalOcean, Azure, GCP",Vendor Risk Mitigation,Spinnaker,Committed Use Discount,0.3,31.9,Strategy tailored for regulatory compliance.
MCS-1272,HealthCore Systems,Hybrid Analytics,"Alibaba Cloud, Azure",Failover/DR,"HashiCorp Vault, Istio, Spinnaker",Multi-year Contract,0.65,19.3,Strategy tailored for global expansion.
MCS-1273,EduPrime University,Data Warehousing,"Alibaba Cloud, Azure",Vendor Risk Mitigation,HashiCorp Vault,Multi-year Contract,0.2,31.9,Strategy tailored for regulatory compliance.
MCS-1274,AeroX Manufacturing,Backup & Archival,"GCP, DigitalOcean",Hybrid Integration,"Crossplane, Istio",Multi-year Contract,0.56,35.9,Strategy tailored for latency reduction.
MCS-1275,EduPrime University,High-Performance Computing,"GCP, DigitalOcean",Failover/DR,"Anthos, Kubernetes, Istio",Usage-based Scaling,0.56,39.1,Strategy tailored for regulatory compliance.
MCS-1276,RetailHub Online,High-Performance Computing,"Azure, IBM Cloud, GCP",Compliance Segmentation,"Istio, Azure Arc",Pay-as-you-go,0.59,27.4,Strategy tailored for latency reduction.
MCS-1277,MediPulse Clinics,Backup & Archival,"GCP, DigitalOcean, Alibaba Cloud, Oracle Cloud",Distributed Workload,"Terraform, Istio",Usage-based Scaling,0.88,21.1,Strategy tailored for latency reduction.
MCS-1278,LogiTrans Freight,IoT Processing,"Alibaba Cloud, IBM Cloud",Distributed Workload,Istio,Reserved Instances,0.22,6.2,Strategy tailored for global expansion.
MCS-1279,AgriSmart Farms,IoT Processing,"GCP, IBM Cloud, DigitalOcean",Failover/DR,"Spinnaker, Istio, Anthos",Usage-based Scaling,0.77,29.8,Strategy tailored for latency reduction.
MCS-1280,FinTrust Bank,AI/ML Model Training,"Alibaba Cloud, Oracle Cloud, AWS, IBM Cloud",Vendor Risk Mitigation,Spinnaker,Spot Instances,0.73,13.5,Strategy tailored for latency reduction.
MCS-1281,MediPulse Clinics,Global App Deployment,"Azure, DigitalOcean, GCP, Alibaba Cloud",Vendor Risk Mitigation,"Kubernetes, HashiCorp Vault",Committed Use Discount,0.22,5.6,Strategy tailored for regulatory compliance.
MCS-1282,HealthCore Systems,IoT Processing,"DigitalOcean, Azure, AWS, Oracle Cloud",Compliance Segmentation,"Azure Arc, Spinnaker",Usage-based Scaling,0.41,28.6,Strategy tailored for latency reduction.
MCS-1283,HealthCore Systems,Disaster Recovery,"Oracle Cloud, AWS",Failover/DR,"Azure Arc, Crossplane, HashiCorp Vault",Spot Instances,0.45,22.5,Strategy tailored for latency reduction.
MCS-1284,FinTrust Bank,IoT Processing,"Alibaba Cloud, Oracle Cloud",Compliance Segmentation,Spinnaker,Pay-as-you-go,0.9,18.9,Strategy tailored for cost savings.
MCS-1285,MediPulse Clinics,AI/ML Model Training,"Alibaba Cloud, AWS, DigitalOcean, GCP",Hybrid Integration,"Anthos, Azure Arc",Reserved Instances,0.56,36.3,Strategy tailored for cost savings.
MCS-1286,HealthCore Systems,Backup & Archival,"AWS, IBM Cloud, Azure, Oracle Cloud",Hybrid Integration,"Azure Arc, HashiCorp Vault, Istio",Reserved Instances,0.45,29.9,Strategy tailored for global expansion.
MCS-1287,AeroX Manufacturing,Hybrid Analytics,"AWS, Alibaba Cloud",Failover/DR,Istio,Committed Use Discount,0.87,43.0,Strategy tailored for global expansion.
MCS-1288,TechNova Solutions,Data Warehousing,"GCP, DigitalOcean",Best-of-Breed,Crossplane,Usage-based Scaling,0.23,42.1,Strategy tailored for latency reduction.
MCS-1289,AgriSmart Farms,Global App Deployment,"IBM Cloud, Alibaba Cloud, Azure, Oracle Cloud",Hybrid Integration,"Terraform, Istio, Kubernetes",Spot Instances,0.54,15.3,Strategy tailored for global expansion.
MCS-1290,HealthCore Systems,Global App Deployment,"DigitalOcean, IBM Cloud, AWS",Cost Optimization,HashiCorp Vault,Committed Use Discount,0.51,44.2,Strategy tailored for cost savings.
MCS-1291,MediPulse Clinics,High-Performance Computing,"IBM Cloud, DigitalOcean, Azure",Vendor Risk Mitigation,"Kubernetes, Terraform",Multi-year Contract,0.54,18.2,Strategy tailored for latency reduction.
MCS-1292,FinTrust Bank,Edge Computing,"AWS, Alibaba Cloud",Vendor Risk Mitigation,"Crossplane, HashiCorp Vault",Usage-based Scaling,0.66,14.6,Strategy tailored for global expansion.
MCS-1293,MediPulse Clinics,High-Performance Computing,"DigitalOcean, IBM Cloud",Cost Optimization,"Anthos, Spinnaker, Terraform",Committed Use Discount,0.17,10.2,Strategy tailored for latency reduction.
MCS-1294,GovSecure Dept,Global App Deployment,"IBM Cloud, GCP",Distributed Workload,"Kubernetes, Anthos, HashiCorp Vault",Spot Instances,0.21,11.1,Strategy tailored for cost savings.
MCS-1295,FinTrust Bank,Global App Deployment,"Oracle Cloud, AWS",Distributed Workload,"Terraform, Anthos, HashiCorp Vault",Usage-based Scaling,0.22,30.6,Strategy tailored for cost savings.
MCS-1296,HealthCore Systems,Disaster Recovery,"Azure, DigitalOcean, AWS, Alibaba Cloud",Distributed Workload,"Crossplane, Kubernetes",Committed Use Discount,0.26,18.8,Strategy tailored for cost savings.
MCS-1297,AgriSmart Farms,AI/ML Model Training,"GCP, Oracle Cloud",Hybrid Integration,"Kubernetes, Anthos, HashiCorp Vault",Multi-year Contract,0.9,24.0,Strategy tailored for latency reduction.
MCS-1298,LogiTrans Freight,Hybrid Analytics,"GCP, AWS, Oracle Cloud, Azure",Hybrid Integration,Crossplane,Pay-as-you-go,0.69,11.9,Strategy tailored for latency reduction.
MCS-1299,RetailHub Online,Backup & Archival,"AWS, Alibaba Cloud",Failover/DR,Spinnaker,Committed Use Discount,0.27,6.6,Strategy tailored for global expansion.
MCS-1300,EduPrime University,Data Warehousing,"IBM Cloud, DigitalOcean",Compliance Segmentation,"Istio, Kubernetes, Anthos",Reserved Instances,0.25,16.1,Strategy tailored for global expansion.
MCS-1301,TechNova Solutions,Edge Computing,"IBM Cloud, GCP",Best-of-Breed,"Terraform, Kubernetes, Istio",Multi-year Contract,0.26,8.5,Strategy tailored for latency reduction.
MCS-1302,MediPulse Clinics,AI/ML Model Training,"Alibaba Cloud, GCP, DigitalOcean",Hybrid Integration,Spinnaker,Pay-as-you-go,0.21,23.4,Strategy tailored for regulatory compliance.
MCS-1303,RetailHub Online,Edge Computing,"Alibaba Cloud, GCP, IBM Cloud, Azure",Distributed Workload,"Spinnaker, Istio",Reserved Instances,0.28,19.6,Strategy tailored for cost savings.
MCS-1304,EduPrime University,Disaster Recovery,"AWS, Azure, IBM Cloud",Hybrid Integration,"Terraform, Anthos, Spinnaker",Usage-based Scaling,0.55,32.6,Strategy tailored for global expansion.
MCS-1305,AgriSmart Farms,AI/ML Model Training,"IBM Cloud, Azure",Distributed Workload,"Terraform, Kubernetes",Usage-based Scaling,0.13,37.0,Strategy tailored for regulatory compliance.
MCS-1306,HealthCore Systems,Disaster Recovery,"Alibaba Cloud, IBM Cloud",Distributed Workload,"HashiCorp Vault, Azure Arc, Spinnaker",Pay-as-you-go,0.66,8.3,Strategy tailored for latency reduction.
MCS-1307,GovSecure Dept,Data Warehousing,"Alibaba Cloud, Oracle Cloud, AWS, IBM Cloud",Distributed Workload,"Anthos, Kubernetes, Spinnaker",Committed Use Discount,0.88,41.8,Strategy tailored for regulatory compliance.
MCS-1308,MediPulse Clinics,IoT Processing,"Oracle Cloud, GCP, Azure",Best-of-Breed,Anthos,Multi-year Contract,0.15,16.1,Strategy tailored for latency reduction.
MCS-1309,EduPrime University,AI/ML Model Training,"Oracle Cloud, Alibaba Cloud",Hybrid Integration,"Kubernetes, Crossplane",Committed Use Discount,0.82,34.9,Strategy tailored for cost savings.
MCS-1310,LogiTrans Freight,Edge Computing,"GCP, AWS, DigitalOcean",Failover/DR,"Crossplane, Istio, HashiCorp Vault",Usage-based Scaling,0.26,13.4,Strategy tailored for latency reduction.
MCS-1311,RetailHub Online,IoT Processing,"AWS, DigitalOcean",Failover/DR,"Istio, Crossplane",Pay-as-you-go,0.43,24.4,Strategy tailored for regulatory compliance.
MCS-1312,AgriSmart Farms,Data Warehousing,"Oracle Cloud, Alibaba Cloud",Cost Optimization,"Azure Arc, Terraform, Spinnaker",Pay-as-you-go,0.65,19.8,Strategy tailored for cost savings.
MCS-1313,HealthCore Systems,Disaster Recovery,"Alibaba Cloud, Azure",Failover/DR,Istio,Committed Use Discount,0.51,34.9,Strategy tailored for latency reduction.
MCS-1314,AeroX Manufacturing,Edge Computing,"AWS, Alibaba Cloud",Failover/DR,"Spinnaker, Istio, Kubernetes",Pay-as-you-go,0.13,15.1,Strategy tailored for regulatory compliance.
MCS-1315,HealthCore Systems,Disaster Recovery,"AWS, Azure, IBM Cloud",Distributed Workload,"Istio, Azure Arc, Terraform",Spot Instances,0.73,40.8,Strategy tailored for global expansion.
MCS-1316,EduPrime University,IoT Processing,"Azure, GCP",Hybrid Integration,"Anthos, Terraform",Multi-year Contract,0.56,26.3,Strategy tailored for cost savings.
MCS-1317,AgriSmart Farms,Hybrid Analytics,"IBM Cloud, Oracle Cloud, AWS",Best-of-Breed,"Istio, Kubernetes",Spot Instances,0.2,22.9,Strategy tailored for cost savings.
MCS-1318,GovSecure Dept,Global App Deployment,"Alibaba Cloud, IBM Cloud, AWS, Oracle Cloud",Vendor Risk Mitigation,"HashiCorp Vault, Azure Arc, Crossplane",Spot Instances,0.57,14.7,Strategy tailored for regulatory compliance.
MCS-1319,AeroX Manufacturing,Backup & Archival,"Oracle Cloud, GCP, Azure",Best-of-Breed,"Azure Arc, Terraform",Committed Use Discount,0.34,20.1,Strategy tailored for latency reduction.
MCS-1320,LogiTrans Freight,Backup & Archival,"Alibaba Cloud, IBM Cloud, Azure",Failover/DR,Azure Arc,Usage-based Scaling,0.12,17.9,Strategy tailored for cost savings.
MCS-1321,AgriSmart Farms,Backup & Archival,"AWS, Azure, IBM Cloud, Oracle Cloud",Hybrid Integration,Anthos,Reserved Instances,0.29,18.1,Strategy tailored for regulatory compliance.
MCS-1322,TechNova Solutions,Disaster Recovery,"DigitalOcean, GCP, IBM Cloud, Azure",Cost Optimization,Spinnaker,Multi-year Contract,0.21,40.6,Strategy tailored for regulatory compliance.
MCS-1323,EduPrime University,Hybrid Analytics,"AWS, Alibaba Cloud",Failover/DR,"Azure Arc, Terraform, Crossplane",Spot Instances,0.63,32.2,Strategy tailored for latency reduction.
MCS-1324,TechNova Solutions,Global App Deployment,"GCP, DigitalOcean",Failover/DR,"Terraform, Spinnaker",Reserved Instances,0.8,24.9,Strategy tailored for cost savings.
MCS-1325,HealthCore Systems,Backup & Archival,"AWS, GCP, Oracle Cloud",Cost Optimization,HashiCorp Vault,Committed Use Discount,0.18,26.5,Strategy tailored for regulatory compliance.
MCS-1326,EduPrime University,Data Warehousing,"Oracle Cloud, DigitalOcean, Alibaba Cloud, GCP",Failover/DR,"HashiCorp Vault, Kubernetes, Spinnaker",Multi-year Contract,0.62,34.8,Strategy tailored for cost savings.
MCS-1327,MediPulse Clinics,Edge Computing,"DigitalOcean, GCP, Azure, IBM Cloud",Compliance Segmentation,Istio,Multi-year Contract,0.48,10.1,Strategy tailored for latency reduction.
MCS-1328,EduPrime University,IoT Processing,"Azure, DigitalOcean, IBM Cloud, AWS",Distributed Workload,HashiCorp Vault,Usage-based Scaling,0.35,19.5,Strategy tailored for latency reduction.
MCS-1329,RetailHub Online,IoT Processing,"Azure, DigitalOcean, AWS",Vendor Risk Mitigation,"HashiCorp Vault, Azure Arc, Terraform",Committed Use Discount,0.67,27.8,Strategy tailored for cost savings.
MCS-1330,RetailHub Online,AI/ML Model Training,"GCP, AWS, DigitalOcean",Best-of-Breed,"Spinnaker, HashiCorp Vault",Spot Instances,0.42,44.5,Strategy tailored for cost savings.
MCS-1331,MediPulse Clinics,Hybrid Analytics,"GCP, IBM Cloud, Oracle Cloud",Best-of-Breed,"Azure Arc, Kubernetes",Spot Instances,0.64,14.5,Strategy tailored for latency reduction.
MCS-1332,FinTrust Bank,Edge Computing,"GCP, Alibaba Cloud",Best-of-Breed,HashiCorp Vault,Reserved Instances,0.19,11.1,Strategy tailored for global expansion.
MCS-1333,EduPrime University,AI/ML Model Training,"AWS, GCP, IBM Cloud, Oracle Cloud",Compliance Segmentation,Istio,Usage-based Scaling,0.32,11.4,Strategy tailored for cost savings.
MCS-1334,AeroX Manufacturing,High-Performance Computing,"AWS, Alibaba Cloud",Hybrid Integration,Azure Arc,Spot Instances,0.27,16.4,Strategy tailored for regulatory compliance.
MCS-1335,AgriSmart Farms,Edge Computing,"AWS, Alibaba Cloud",Distributed Workload,"Spinnaker, Kubernetes, Terraform",Committed Use Discount,0.25,40.9,Strategy tailored for latency reduction.
MCS-1336,MediPulse Clinics,AI/ML Model Training,"Alibaba Cloud, DigitalOcean, IBM Cloud",Distributed Workload,Kubernetes,Pay-as-you-go,0.17,26.0,Strategy tailored for cost savings.
MCS-1337,EduPrime University,Edge Computing,"Oracle Cloud, AWS",Hybrid Integration,"Spinnaker, Azure Arc",Usage-based Scaling,0.47,44.3,Strategy tailored for regulatory compliance.
MCS-1338,HealthCore Systems,Backup & Archival,"Azure, GCP, Oracle Cloud",Hybrid Integration,Spinnaker,Pay-as-you-go,0.2,20.9,Strategy tailored for regulatory compliance.
MCS-1339,LogiTrans Freight,Hybrid Analytics,"Azure, GCP, IBM Cloud",Best-of-Breed,Kubernetes,Pay-as-you-go,0.96,39.6,Strategy tailored for regulatory compliance.
MCS-1340,GovSecure Dept,High-Performance Computing,"Azure, IBM Cloud, AWS, Oracle Cloud",Vendor Risk Mitigation,"Istio, Crossplane, HashiCorp Vault",Spot Instances,0.83,15.3,Strategy tailored for cost savings.
MCS-1341,LogiTrans Freight,Edge Computing,"Oracle Cloud, DigitalOcean",Best-of-Breed,"Anthos, Terraform, Azure Arc",Reserved Instances,0.25,31.7,Strategy tailored for cost savings.
MCS-1342,RetailHub Online,Global App Deployment,"AWS, Oracle Cloud",Best-of-Breed,"Istio, Kubernetes, HashiCorp Vault",Reserved Instances,0.93,27.3,Strategy tailored for regulatory compliance.
MCS-1343,TechNova Solutions,AI/ML Model Training,"Oracle Cloud, IBM Cloud",Distributed Workload,"HashiCorp Vault, Istio, Anthos",Multi-year Contract,0.61,16.2,Strategy tailored for global expansion.
MCS-1344,FinTrust Bank,Backup & Archival,"AWS, Oracle Cloud, Azure",Failover/DR,"Kubernetes, Terraform, Crossplane",Pay-as-you-go,0.78,12.5,Strategy tailored for regulatory compliance.
MCS-1345,GovSecure Dept,IoT Processing,"GCP, Oracle Cloud, DigitalOcean",Cost Optimization,"Spinnaker, Terraform, Kubernetes",Committed Use Discount,0.39,22.0,Strategy tailored for global expansion.
MCS-1346,EduPrime University,High-Performance Computing,"Oracle Cloud, GCP",Compliance Segmentation,Terraform,Usage-based Scaling,0.55,14.7,Strategy tailored for global expansion.
MCS-1347,AgriSmart Farms,IoT Processing,"GCP, Alibaba Cloud",Hybrid Integration,"Spinnaker, Istio",Usage-based Scaling,0.2,29.4,Strategy tailored for latency reduction.
MCS-1348,RetailHub Online,Data Warehousing,"DigitalOcean, Oracle Cloud, GCP",Hybrid Integration,"Istio, Crossplane, HashiCorp Vault",Pay-as-you-go,0.36,28.2,Strategy tailored for cost savings.
MCS-1349,LogiTrans Freight,Global App Deployment,"DigitalOcean, Oracle Cloud, IBM Cloud",Vendor Risk Mitigation,"Terraform, Crossplane",Reserved Instances,0.24,24.2,Strategy tailored for latency reduction.
MCS-1350,AgriSmart Farms,Backup & Archival,"Azure, IBM Cloud, DigitalOcean",Best-of-Breed,Azure Arc,Reserved Instances,0.57,7.1,Strategy tailored for latency reduction.
MCS-1351,RetailHub Online,Disaster Recovery,"AWS, GCP, Azure",Hybrid Integration,"Spinnaker, Crossplane",Spot Instances,0.4,10.4,Strategy tailored for latency reduction.
MCS-1352,FinTrust Bank,Global App Deployment,"Oracle Cloud, IBM Cloud, Alibaba Cloud",Failover/DR,"HashiCorp Vault, Anthos",Reserved Instances,0.16,44.6,Strategy tailored for regulatory compliance.
MCS-1353,HealthCore Systems,Edge Computing,"Oracle Cloud, AWS",Failover/DR,"Azure Arc, Istio, Kubernetes",Usage-based Scaling,0.39,37.4,Strategy tailored for cost savings.
MCS-1354,RetailHub Online,Edge Computing,"Oracle Cloud, IBM Cloud, AWS, DigitalOcean",Distributed Workload,Anthos,Multi-year Contract,0.33,32.3,Strategy tailored for latency reduction.
MCS-1355,RetailHub Online,Edge Computing,"Alibaba Cloud, GCP, DigitalOcean, Oracle Cloud",Distributed Workload,"Spinnaker, Anthos",Reserved Instances,0.78,28.8,Strategy tailored for global expansion.
MCS-1356,AgriSmart Farms,Backup & Archival,"Oracle Cloud, IBM Cloud, AWS, DigitalOcean",Cost Optimization,"HashiCorp Vault, Crossplane, Spinnaker",Multi-year Contract,0.52,21.5,Strategy tailored for regulatory compliance.
MCS-1357,AgriSmart Farms,AI/ML Model Training,"AWS, GCP, DigitalOcean",Compliance Segmentation,"Crossplane, Anthos",Usage-based Scaling,0.41,42.2,Strategy tailored for regulatory compliance.
MCS-1358,RetailHub Online,Data Warehousing,"Alibaba Cloud, Azure, AWS, Oracle Cloud",Compliance Segmentation,"Anthos, HashiCorp Vault",Pay-as-you-go,0.84,43.6,Strategy tailored for global expansion.
MCS-1359,AgriSmart Farms,Edge Computing,"Oracle Cloud, Alibaba Cloud, AWS",Cost Optimization,"Azure Arc, Anthos, HashiCorp Vault",Usage-based Scaling,0.21,34.2,Strategy tailored for cost savings.
MCS-1360,GovSecure Dept,Hybrid Analytics,"GCP, IBM Cloud, Alibaba Cloud, Azure",Vendor Risk Mitigation,"Anthos, Spinnaker, Terraform",Spot Instances,0.94,12.2,Strategy tailored for cost savings.
MCS-1361,AgriSmart Farms,Backup & Archival,"DigitalOcean, GCP",Compliance Segmentation,Azure Arc,Committed Use Discount,0.16,34.6,Strategy tailored for cost savings.
MCS-1362,AgriSmart Farms,High-Performance Computing,"GCP, Alibaba Cloud, IBM Cloud",Hybrid Integration,"Kubernetes, Azure Arc",Pay-as-you-go,0.61,38.7,Strategy tailored for latency reduction.
MCS-1363,LogiTrans Freight,Global App Deployment,"AWS, DigitalOcean, Oracle Cloud, GCP",Distributed Workload,Anthos,Reserved Instances,0.22,36.8,Strategy tailored for cost savings.
MCS-1364,TechNova Solutions,High-Performance Computing,"Oracle Cloud, Azure, GCP, DigitalOcean",Vendor Risk Mitigation,Spinnaker,Committed Use Discount,0.28,11.5,Strategy tailored for cost savings.
MCS-1365,TechNova Solutions,Disaster Recovery,"Oracle Cloud, GCP",Failover/DR,Anthos,Spot Instances,0.25,37.6,Strategy tailored for latency reduction.
MCS-1366,EduPrime University,High-Performance Computing,"Oracle Cloud, Alibaba Cloud, DigitalOcean, IBM Cloud",Distributed Workload,Terraform,Multi-year Contract,0.69,25.9,Strategy tailored for cost savings.
MCS-1367,TechNova Solutions,Disaster Recovery,"Alibaba Cloud, IBM Cloud, Azure",Best-of-Breed,"Terraform, HashiCorp Vault, Istio",Reserved Instances,0.42,40.1,Strategy tailored for cost savings.
MCS-1368,TechNova Solutions,Edge Computing,"AWS, Oracle Cloud",Cost Optimization,"Crossplane, Kubernetes, Terraform",Pay-as-you-go,0.45,37.7,Strategy tailored for regulatory compliance.
MCS-1369,AgriSmart Farms,Hybrid Analytics,"IBM Cloud, Alibaba Cloud, DigitalOcean, GCP",Distributed Workload,"Anthos, Spinnaker, Azure Arc",Committed Use Discount,0.49,20.1,Strategy tailored for cost savings.
MCS-1370,EduPrime University,High-Performance Computing,"Azure, Alibaba Cloud",Compliance Segmentation,Azure Arc,Usage-based Scaling,0.51,17.1,Strategy tailored for latency reduction.
MCS-1371,AeroX Manufacturing,Backup & Archival,"AWS, GCP",Compliance Segmentation,"Terraform, Azure Arc, HashiCorp Vault",Committed Use Discount,0.77,25.1,Strategy tailored for latency reduction.
MCS-1372,AeroX Manufacturing,Disaster Recovery,"AWS, DigitalOcean, Alibaba Cloud, IBM Cloud",Compliance Segmentation,Istio,Spot Instances,0.31,41.0,Strategy tailored for global expansion.
MCS-1373,HealthCore Systems,Backup & Archival,"Oracle Cloud, DigitalOcean, Azure",Failover/DR,"Terraform, Anthos, Azure Arc",Usage-based Scaling,0.44,26.7,Strategy tailored for latency reduction.
MCS-1374,GovSecure Dept,Edge Computing,"IBM Cloud, DigitalOcean, Azure, Oracle Cloud",Vendor Risk Mitigation,Kubernetes,Committed Use Discount,0.91,30.0,Strategy tailored for latency reduction.
MCS-1375,HealthCore Systems,Hybrid Analytics,"IBM Cloud, Azure",Vendor Risk Mitigation,"Azure Arc, Anthos",Usage-based Scaling,0.2,42.6,Strategy tailored for global expansion.
MCS-1376,AgriSmart Farms,Data Warehousing,"IBM Cloud, Oracle Cloud",Failover/DR,"Spinnaker, Anthos, Kubernetes",Pay-as-you-go,0.66,18.4,Strategy tailored for latency reduction.
MCS-1377,HealthCore Systems,AI/ML Model Training,"DigitalOcean, Oracle Cloud, Azure, AWS",Vendor Risk Mitigation,"Kubernetes, HashiCorp Vault, Istio",Pay-as-you-go,0.22,36.8,Strategy tailored for regulatory compliance.
MCS-1378,RetailHub Online,Hybrid Analytics,"GCP, Oracle Cloud, AWS",Best-of-Breed,Terraform,Committed Use Discount,0.65,26.3,Strategy tailored for regulatory compliance.
MCS-1379,TechNova Solutions,High-Performance Computing,"AWS, Alibaba Cloud, DigitalOcean, IBM Cloud",Vendor Risk Mitigation,Anthos,Committed Use Discount,0.9,36.5,Strategy tailored for regulatory compliance.
MCS-1380,LogiTrans Freight,Edge Computing,"AWS, GCP, DigitalOcean, Azure",Best-of-Breed,"Istio, Azure Arc",Committed Use Discount,0.23,17.5,Strategy tailored for global expansion.
MCS-1381,LogiTrans Freight,High-Performance Computing,"Alibaba Cloud, Azure, AWS, DigitalOcean",Compliance Segmentation,"Terraform, Istio, Kubernetes",Pay-as-you-go,0.32,34.8,Strategy tailored for global expansion.
MCS-1382,AeroX Manufacturing,Hybrid Analytics,"DigitalOcean, Oracle Cloud, Azure, Alibaba Cloud",Vendor Risk Mitigation,"Terraform, Istio",Usage-based Scaling,0.13,27.8,Strategy tailored for cost savings.
MCS-1383,LogiTrans Freight,Hybrid Analytics,"Oracle Cloud, Alibaba Cloud",Best-of-Breed,Crossplane,Usage-based Scaling,0.78,40.1,Strategy tailored for regulatory compliance.
MCS-1384,FinTrust Bank,Backup & Archival,"IBM Cloud, DigitalOcean, Alibaba Cloud, Azure",Compliance Segmentation,"Kubernetes, Azure Arc",Usage-based Scaling,0.4,37.9,Strategy tailored for cost savings.
MCS-1385,LogiTrans Freight,IoT Processing,"DigitalOcean, Alibaba Cloud, Oracle Cloud, Azure",Vendor Risk Mitigation,"Terraform, Spinnaker, HashiCorp Vault",Reserved Instances,0.2,38.9,Strategy tailored for global expansion.
MCS-1386,LogiTrans Freight,Data Warehousing,"Alibaba Cloud, Oracle Cloud",Hybrid Integration,HashiCorp Vault,Committed Use Discount,0.21,20.9,Strategy tailored for latency reduction.
MCS-1387,GovSecure Dept,Global App Deployment,"DigitalOcean, Oracle Cloud, Alibaba Cloud, Azure",Best-of-Breed,"Spinnaker, Istio",Multi-year Contract,0.81,11.0,Strategy tailored for global expansion.
MCS-1388,HealthCore Systems,Hybrid Analytics,"GCP, AWS, Oracle Cloud",Compliance Segmentation,"Terraform, Spinnaker, Azure Arc",Spot Instances,0.3,33.9,Strategy tailored for latency reduction.
MCS-1389,GovSecure Dept,Backup & Archival,"Alibaba Cloud, AWS",Vendor Risk Mitigation,"Crossplane, Spinnaker, Istio",Reserved Instances,0.74,30.6,Strategy tailored for global expansion.
MCS-1390,TechNova Solutions,IoT Processing,"Alibaba Cloud, Azure",Vendor Risk Mitigation,"HashiCorp Vault, Crossplane",Multi-year Contract,0.72,26.7,Strategy tailored for global expansion.
MCS-1391,TechNova Solutions,Hybrid Analytics,"AWS, DigitalOcean",Failover/DR,HashiCorp Vault,Committed Use Discount,0.32,18.8,Strategy tailored for regulatory compliance.
MCS-1392,GovSecure Dept,Backup & Archival,"DigitalOcean, AWS, Alibaba Cloud",Failover/DR,"Anthos, Istio",Usage-based Scaling,0.26,41.3,Strategy tailored for global expansion.
MCS-1393,HealthCore Systems,Edge Computing,"Azure, Alibaba Cloud, AWS, Oracle Cloud",Failover/DR,"Azure Arc, HashiCorp Vault",Committed Use Discount,0.62,21.0,Strategy tailored for latency reduction.
MCS-1394,MediPulse Clinics,Disaster Recovery,"Alibaba Cloud, DigitalOcean, IBM Cloud, AWS",Vendor Risk Mitigation,"Spinnaker, HashiCorp Vault",Multi-year Contract,0.51,42.9,Strategy tailored for cost savings.
MCS-1395,LogiTrans Freight,Disaster Recovery,"DigitalOcean, AWS, IBM Cloud, Oracle Cloud",Vendor Risk Mitigation,"Spinnaker, Crossplane, Kubernetes",Usage-based Scaling,0.24,28.4,Strategy tailored for cost savings.
MCS-1396,EduPrime University,AI/ML Model Training,"DigitalOcean, IBM Cloud, Alibaba Cloud",Hybrid Integration,"Istio, Azure Arc, Crossplane",Usage-based Scaling,0.55,29.5,Strategy tailored for cost savings.
MCS-1397,AgriSmart Farms,High-Performance Computing,"GCP, Oracle Cloud, Azure",Failover/DR,"Crossplane, Istio",Usage-based Scaling,0.12,39.9,Strategy tailored for regulatory compliance.
MCS-1398,GovSecure Dept,Global App Deployment,"Azure, IBM Cloud",Compliance Segmentation,"HashiCorp Vault, Spinnaker",Reserved Instances,0.93,27.6,Strategy tailored for cost savings.
MCS-1399,GovSecure Dept,Backup & Archival,"DigitalOcean, GCP, AWS, Alibaba Cloud",Cost Optimization,"Istio, HashiCorp Vault",Usage-based Scaling,0.72,41.9,Strategy tailored for regulatory compliance.
MCS-1400,MediPulse Clinics,Disaster Recovery,"AWS, Alibaba Cloud, Oracle Cloud, Azure",Best-of-Breed,"Terraform, Kubernetes, Anthos",Reserved Instances,0.73,11.1,Strategy tailored for regulatory compliance.
MCS-1401,AgriSmart Farms,Data Warehousing,"DigitalOcean, GCP",Failover/DR,"Terraform, Anthos, Azure Arc",Pay-as-you-go,0.61,29.3,Strategy tailored for cost savings.
MCS-1402,GovSecure Dept,High-Performance Computing,"IBM Cloud, DigitalOcean",Hybrid Integration,"Terraform, Azure Arc, Istio",Spot Instances,0.48,34.5,Strategy tailored for regulatory compliance.
MCS-1403,GovSecure Dept,Disaster Recovery,"DigitalOcean, GCP",Failover/DR,"Spinnaker, Istio, Kubernetes",Usage-based Scaling,0.93,42.0,Strategy tailored for regulatory compliance.
MCS-1404,AeroX Manufacturing,Backup & Archival,"IBM Cloud, Azure, DigitalOcean, GCP",Distributed Workload,Kubernetes,Reserved Instances,0.5,9.5,Strategy tailored for cost savings.
MCS-1405,GovSecure Dept,AI/ML Model Training,"AWS, Oracle Cloud, GCP",Cost Optimization,"Anthos, Kubernetes",Multi-year Contract,0.98,38.6,Strategy tailored for regulatory compliance.
MCS-1406,FinTrust Bank,IoT Processing,"DigitalOcean, Azure, AWS",Failover/DR,"Terraform, Istio",Usage-based Scaling,0.21,41.8,Strategy tailored for regulatory compliance.
MCS-1407,LogiTrans Freight,Backup & Archival,"AWS, DigitalOcean, GCP",Cost Optimization,Anthos,Multi-year Contract,0.87,25.8,Strategy tailored for latency reduction.
MCS-1408,GovSecure Dept,Data Warehousing,"IBM Cloud, Alibaba Cloud, Oracle Cloud",Best-of-Breed,"Azure Arc, Kubernetes",Usage-based Scaling,0.63,21.0,Strategy tailored for regulatory compliance.
MCS-1409,TechNova Solutions,IoT Processing,"Azure, IBM Cloud, DigitalOcean",Distributed Workload,"Terraform, Spinnaker, HashiCorp Vault",Committed Use Discount,0.15,18.4,Strategy tailored for global expansion.
MCS-1410,RetailHub Online,Global App Deployment,"DigitalOcean, GCP",Distributed Workload,Istio,Committed Use Discount,0.81,5.2,Strategy tailored for regulatory compliance.
MCS-1411,FinTrust Bank,Backup & Archival,"IBM Cloud, Alibaba Cloud, Oracle Cloud",Distributed Workload,Crossplane,Usage-based Scaling,0.4,20.9,Strategy tailored for cost savings.
MCS-1412,TechNova Solutions,Backup & Archival,"AWS, Azure",Vendor Risk Mitigation,"Terraform, HashiCorp Vault, Spinnaker",Reserved Instances,0.58,41.8,Strategy tailored for cost savings.
MCS-1413,MediPulse Clinics,AI/ML Model Training,"IBM Cloud, DigitalOcean",Compliance Segmentation,"Kubernetes, HashiCorp Vault",Usage-based Scaling,0.41,18.9,Strategy tailored for cost savings.
MCS-1414,FinTrust Bank,Hybrid Analytics,"GCP, AWS, DigitalOcean, IBM Cloud",Best-of-Breed,Crossplane,Multi-year Contract,0.76,23.1,Strategy tailored for latency reduction.
MCS-1415,AeroX Manufacturing,Global App Deployment,"Oracle Cloud, Alibaba Cloud, DigitalOcean",Compliance Segmentation,"Istio, Anthos",Pay-as-you-go,0.3,23.1,Strategy tailored for global expansion.
MCS-1416,HealthCore Systems,Backup & Archival,"DigitalOcean, Alibaba Cloud",Cost Optimization,Terraform,Usage-based Scaling,0.23,12.1,Strategy tailored for latency reduction.
MCS-1417,TechNova Solutions,Backup & Archival,"GCP, DigitalOcean",Hybrid Integration,"Kubernetes, Anthos, Azure Arc",Spot Instances,0.54,21.8,Strategy tailored for global expansion.
MCS-1418,FinTrust Bank,Hybrid Analytics,"IBM Cloud, Azure",Failover/DR,"Istio, Spinnaker, Crossplane",Committed Use Discount,0.91,19.5,Strategy tailored for cost savings.
MCS-1419,AgriSmart Farms,IoT Processing,"IBM Cloud, Alibaba Cloud",Failover/DR,Terraform,Pay-as-you-go,0.62,30.3,Strategy tailored for global expansion.
MCS-1420,GovSecure Dept,Backup & Archival,"GCP, Azure",Compliance Segmentation,"HashiCorp Vault, Kubernetes, Azure Arc",Usage-based Scaling,0.11,31.5,Strategy tailored for cost savings.
MCS-1421,EduPrime University,Data Warehousing,"IBM Cloud, GCP",Failover/DR,Anthos,Usage-based Scaling,0.26,43.4,Strategy tailored for latency reduction.
MCS-1422,GovSecure Dept,Hybrid Analytics,"IBM Cloud, AWS, GCP, DigitalOcean",Hybrid Integration,Azure Arc,Usage-based Scaling,0.23,21.6,Strategy tailored for global expansion.
MCS-1423,TechNova Solutions,IoT Processing,"DigitalOcean, Alibaba Cloud",Failover/DR,Crossplane,Multi-year Contract,0.18,44.9,Strategy tailored for latency reduction.
MCS-1424,RetailHub Online,IoT Processing,"Oracle Cloud, GCP, IBM Cloud",Compliance Segmentation,"Anthos, Crossplane",Multi-year Contract,0.55,28.8,Strategy tailored for regulatory compliance.
MCS-1425,TechNova Solutions,High-Performance Computing,"AWS, GCP",Failover/DR,Istio,Committed Use Discount,0.16,35.0,Strategy tailored for regulatory compliance.
MCS-1426,EduPrime University,IoT Processing,"Oracle Cloud, Alibaba Cloud, GCP",Vendor Risk Mitigation,"Spinnaker, Crossplane",Pay-as-you-go,0.29,40.9,Strategy tailored for cost savings.
MCS-1427,AeroX Manufacturing,AI/ML Model Training,"Alibaba Cloud, Azure, IBM Cloud",Failover/DR,"Kubernetes, HashiCorp Vault",Pay-as-you-go,0.28,12.6,Strategy tailored for latency reduction.
MCS-1428,GovSecure Dept,Disaster Recovery,"IBM Cloud, Oracle Cloud, Alibaba Cloud, Azure",Best-of-Breed,"Crossplane, Spinnaker, Istio",Spot Instances,0.13,23.9,Strategy tailored for cost savings.
MCS-1429,TechNova Solutions,High-Performance Computing,"Alibaba Cloud, IBM Cloud",Compliance Segmentation,"Anthos, Azure Arc",Multi-year Contract,0.6,7.6,Strategy tailored for latency reduction.
MCS-1430,MediPulse Clinics,IoT Processing,"AWS, DigitalOcean, Azure, IBM Cloud",Vendor Risk Mitigation,"Anthos, Azure Arc, Kubernetes",Reserved Instances,0.79,23.1,Strategy tailored for cost savings.
MCS-1431,LogiTrans Freight,IoT Processing,"Azure, Oracle Cloud",Failover/DR,Crossplane,Committed Use Discount,0.57,22.6,Strategy tailored for cost savings.
MCS-1432,FinTrust Bank,Global App Deployment,"Alibaba Cloud, GCP, Oracle Cloud, IBM Cloud",Distributed Workload,Terraform,Usage-based Scaling,0.46,27.4,Strategy tailored for regulatory compliance.
MCS-1433,HealthCore Systems,Backup & Archival,"Alibaba Cloud, GCP, DigitalOcean, Azure",Distributed Workload,"Istio, Anthos, Crossplane",Usage-based Scaling,0.24,12.3,Strategy tailored for latency reduction.
MCS-1434,GovSecure Dept,Edge Computing,"Azure, IBM Cloud, Oracle Cloud",Hybrid Integration,"Spinnaker, Istio",Spot Instances,0.87,42.8,Strategy tailored for latency reduction.
MCS-1435,GovSecure Dept,Data Warehousing,"Azure, Alibaba Cloud, AWS",Cost Optimization,"Crossplane, Kubernetes, Istio",Reserved Instances,0.43,15.8,Strategy tailored for cost savings.
MCS-1436,TechNova Solutions,AI/ML Model Training,"Azure, Oracle Cloud, GCP, AWS",Distributed Workload,"Spinnaker, Azure Arc, Kubernetes",Multi-year Contract,0.67,21.3,Strategy tailored for cost savings.
MCS-1437,MediPulse Clinics,Disaster Recovery,"AWS, Azure",Cost Optimization,"Anthos, Kubernetes, HashiCorp Vault",Multi-year Contract,0.12,11.2,Strategy tailored for latency reduction.
MCS-1438,AeroX Manufacturing,Data Warehousing,"Azure, GCP",Failover/DR,"Istio, Crossplane, Spinnaker",Usage-based Scaling,0.74,31.4,Strategy tailored for latency reduction.
MCS-1439,AgriSmart Farms,AI/ML Model Training,"Oracle Cloud, IBM Cloud",Distributed Workload,"Anthos, Kubernetes",Spot Instances,0.12,13.9,Strategy tailored for cost savings.
MCS-1440,AeroX Manufacturing,Data Warehousing,"DigitalOcean, IBM Cloud, GCP, Azure",Compliance Segmentation,"HashiCorp Vault, Azure Arc, Crossplane",Multi-year Contract,0.31,31.9,Strategy tailored for latency reduction.
MCS-1441,RetailHub Online,High-Performance Computing,"Azure, AWS, DigitalOcean",Failover/DR,"Istio, Spinnaker, Kubernetes",Multi-year Contract,0.12,9.2,Strategy tailored for latency reduction.
MCS-1442,EduPrime University,Hybrid Analytics,"IBM Cloud, AWS, Alibaba Cloud, DigitalOcean",Best-of-Breed,"Anthos, Crossplane",Multi-year Contract,0.81,12.1,Strategy tailored for latency reduction.
MCS-1443,MediPulse Clinics,Backup & Archival,"GCP, AWS, IBM Cloud",Distributed Workload,Spinnaker,Spot Instances,0.68,14.5,Strategy tailored for regulatory compliance.
MCS-1444,AeroX Manufacturing,AI/ML Model Training,"Azure, GCP, Oracle Cloud",Vendor Risk Mitigation,Kubernetes,Committed Use Discount,0.19,14.7,Strategy tailored for global expansion.
MCS-1445,AgriSmart Farms,Global App Deployment,"DigitalOcean, Alibaba Cloud",Vendor Risk Mitigation,Kubernetes,Multi-year Contract,0.74,39.2,Strategy tailored for latency reduction.
MCS-1446,MediPulse Clinics,Global App Deployment,"Alibaba Cloud, GCP, Oracle Cloud, DigitalOcean",Best-of-Breed,Istio,Usage-based Scaling,0.84,20.9,Strategy tailored for regulatory compliance.
MCS-1447,AgriSmart Farms,Backup & Archival,"IBM Cloud, GCP, Alibaba Cloud",Hybrid Integration,"Istio, Spinnaker, Kubernetes",Spot Instances,0.69,13.2,Strategy tailored for global expansion.
MCS-1448,EduPrime University,IoT Processing,"IBM Cloud, Oracle Cloud, GCP, Alibaba Cloud",Cost Optimization,"Istio, HashiCorp Vault",Reserved Instances,0.36,40.9,Strategy tailored for latency reduction.
MCS-1449,RetailHub Online,Hybrid Analytics,"Azure, AWS, Alibaba Cloud, Oracle Cloud",Vendor Risk Mitigation,"Terraform, Kubernetes",Spot Instances,0.11,8.4,Strategy tailored for latency reduction.
MCS-1450,HealthCore Systems,Data Warehousing,"IBM Cloud, Oracle Cloud, AWS",Best-of-Breed,"Azure Arc, Anthos",Pay-as-you-go,0.29,6.1,Strategy tailored for latency reduction.
MCS-1451,MediPulse Clinics,High-Performance Computing,"DigitalOcean, IBM Cloud, GCP, AWS",Vendor Risk Mitigation,Spinnaker,Spot Instances,0.26,28.3,Strategy tailored for latency reduction.
MCS-1452,RetailHub Online,Backup & Archival,"Azure, AWS, IBM Cloud",Cost Optimization,"Azure Arc, Crossplane, Kubernetes",Usage-based Scaling,0.48,40.7,Strategy tailored for latency reduction.
MCS-1453,TechNova Solutions,Global App Deployment,"AWS, Azure, Alibaba Cloud, GCP",Vendor Risk Mitigation,"HashiCorp Vault, Spinnaker",Spot Instances,0.83,18.7,Strategy tailored for global expansion.
MCS-1454,AeroX Manufacturing,Global App Deployment,"AWS, DigitalOcean, Alibaba Cloud, IBM Cloud",Cost Optimization,"HashiCorp Vault, Anthos",Committed Use Discount,0.33,20.2,Strategy tailored for cost savings.
MCS-1455,AeroX Manufacturing,Global App Deployment,"Oracle Cloud, IBM Cloud, AWS",Hybrid Integration,Istio,Multi-year Contract,0.63,15.7,Strategy tailored for latency reduction.
MCS-1456,GovSecure Dept,AI/ML Model Training,"GCP, Alibaba Cloud, AWS, DigitalOcean",Cost Optimization,"Crossplane, HashiCorp Vault, Azure Arc",Spot Instances,0.66,21.4,Strategy tailored for global expansion.
MCS-1457,RetailHub Online,IoT Processing,"DigitalOcean, Oracle Cloud, IBM Cloud",Vendor Risk Mitigation,Spinnaker,Pay-as-you-go,0.59,22.4,Strategy tailored for regulatory compliance.
MCS-1458,HealthCore Systems,High-Performance Computing,"Alibaba Cloud, Azure, DigitalOcean, GCP",Distributed Workload,"Terraform, HashiCorp Vault",Committed Use Discount,0.36,42.9,Strategy tailored for cost savings.
MCS-1459,AgriSmart Farms,AI/ML Model Training,"DigitalOcean, Alibaba Cloud, GCP",Best-of-Breed,"Anthos, Azure Arc, Spinnaker",Committed Use Discount,0.78,10.6,Strategy tailored for cost savings.
MCS-1460,AeroX Manufacturing,Edge Computing,"DigitalOcean, Alibaba Cloud",Failover/DR,"Azure Arc, Kubernetes",Usage-based Scaling,0.87,24.5,Strategy tailored for cost savings.
MCS-1461,AgriSmart Farms,Global App Deployment,"Azure, Alibaba Cloud",Vendor Risk Mitigation,"HashiCorp Vault, Kubernetes, Terraform",Pay-as-you-go,0.9,37.0,Strategy tailored for latency reduction.
MCS-1462,LogiTrans Freight,Disaster Recovery,"AWS, Oracle Cloud, GCP, IBM Cloud",Distributed Workload,"Crossplane, Azure Arc, Kubernetes",Multi-year Contract,0.48,5.9,Strategy tailored for regulatory compliance.
MCS-1463,MediPulse Clinics,Global App Deployment,"Azure, AWS, IBM Cloud, Oracle Cloud",Distributed Workload,"Terraform, Crossplane, Anthos",Spot Instances,0.34,26.7,Strategy tailored for cost savings.
MCS-1464,LogiTrans Freight,AI/ML Model Training,"IBM Cloud, Oracle Cloud, GCP, AWS",Best-of-Breed,"Azure Arc, Spinnaker, Crossplane",Pay-as-you-go,0.66,15.3,Strategy tailored for regulatory compliance.
MCS-1465,TechNova Solutions,Edge Computing,"IBM Cloud, GCP",Failover/DR,"Spinnaker, Crossplane",Committed Use Discount,0.22,38.4,Strategy tailored for regulatory compliance.
MCS-1466,EduPrime University,Hybrid Analytics,"Azure, Oracle Cloud, GCP",Hybrid Integration,"Crossplane, Azure Arc",Reserved Instances,0.98,26.0,Strategy tailored for cost savings.
MCS-1467,AeroX Manufacturing,Global App Deployment,"DigitalOcean, GCP",Vendor Risk Mitigation,Istio,Spot Instances,0.25,15.9,Strategy tailored for cost savings.
MCS-1468,EduPrime University,Data Warehousing,"Alibaba Cloud, AWS, Azure",Distributed Workload,"Anthos, Istio",Usage-based Scaling,0.12,41.6,Strategy tailored for regulatory compliance.
MCS-1469,LogiTrans Freight,Edge Computing,"IBM Cloud, Alibaba Cloud, AWS",Distributed Workload,Anthos,Pay-as-you-go,0.2,28.1,Strategy tailored for cost savings.
MCS-1470,AgriSmart Farms,Hybrid Analytics,"AWS, Oracle Cloud, GCP, IBM Cloud",Hybrid Integration,"Crossplane, Anthos",Pay-as-you-go,0.34,27.2,Strategy tailored for global expansion.
MCS-1471,HealthCore Systems,IoT Processing,"IBM Cloud, Azure, Alibaba Cloud, DigitalOcean",Vendor Risk Mitigation,"HashiCorp Vault, Anthos",Usage-based Scaling,0.68,38.2,Strategy tailored for global expansion.
MCS-1472,LogiTrans Freight,AI/ML Model Training,"IBM Cloud, GCP, Oracle Cloud",Compliance Segmentation,Anthos,Usage-based Scaling,0.28,5.4,Strategy tailored for regulatory compliance.
MCS-1473,MediPulse Clinics,High-Performance Computing,"AWS, Azure",Hybrid Integration,HashiCorp Vault,Committed Use Discount,0.22,41.0,Strategy tailored for regulatory compliance.
MCS-1474,AgriSmart Farms,High-Performance Computing,"Oracle Cloud, GCP, IBM Cloud",Cost Optimization,"Istio, Kubernetes",Reserved Instances,0.88,28.9,Strategy tailored for latency reduction.
MCS-1475,EduPrime University,Global App Deployment,"GCP, DigitalOcean, AWS, Azure",Failover/DR,"Kubernetes, Terraform",Pay-as-you-go,0.63,31.6,Strategy tailored for global expansion.
MCS-1476,GovSecure Dept,Disaster Recovery,"Alibaba Cloud, Oracle Cloud",Cost Optimization,Kubernetes,Committed Use Discount,0.26,41.6,Strategy tailored for cost savings.
MCS-1477,HealthCore Systems,High-Performance Computing,"Azure, Alibaba Cloud, GCP",Distributed Workload,"Anthos, Kubernetes, Crossplane",Reserved Instances,0.47,20.3,Strategy tailored for latency reduction.
MCS-1478,FinTrust Bank,IoT Processing,"Alibaba Cloud, Oracle Cloud, DigitalOcean",Vendor Risk Mitigation,"Crossplane, Spinnaker, Azure Arc",Reserved Instances,0.56,6.9,Strategy tailored for cost savings.
MCS-1479,AeroX Manufacturing,Hybrid Analytics,"DigitalOcean, Alibaba Cloud, IBM Cloud, Oracle Cloud",Cost Optimization,"Crossplane, Anthos, Azure Arc",Multi-year Contract,0.25,34.5,Strategy tailored for cost savings.
MCS-1480,HealthCore Systems,Hybrid Analytics,"GCP, Oracle Cloud, Alibaba Cloud",Failover/DR,"Terraform, Spinnaker",Multi-year Contract,0.17,29.1,Strategy tailored for cost savings.
MCS-1481,TechNova Solutions,Edge Computing,"IBM Cloud, AWS, Oracle Cloud",Vendor Risk Mitigation,"Crossplane, Terraform",Spot Instances,0.32,20.6,Strategy tailored for regulatory compliance.
MCS-1482,AeroX Manufacturing,Global App Deployment,"IBM Cloud, GCP",Failover/DR,"Istio, Azure Arc",Reserved Instances,0.36,19.2,Strategy tailored for cost savings.
MCS-1483,MediPulse Clinics,High-Performance Computing,"GCP, AWS",Distributed Workload,"Azure Arc, Crossplane, Istio",Usage-based Scaling,0.74,16.9,Strategy tailored for regulatory compliance.
MCS-1484,AgriSmart Farms,Backup & Archival,"Oracle Cloud, Azure, AWS",Failover/DR,Crossplane,Pay-as-you-go,0.6,24.0,Strategy tailored for global expansion.
MCS-1485,AeroX Manufacturing,Hybrid Analytics,"DigitalOcean, IBM Cloud, Oracle Cloud",Failover/DR,"Terraform, Kubernetes",Pay-as-you-go,0.69,42.5,Strategy tailored for latency reduction.
MCS-1486,EduPrime University,AI/ML Model Training,"GCP, Azure, Oracle Cloud",Compliance Segmentation,Azure Arc,Pay-as-you-go,0.75,13.6,Strategy tailored for cost savings.
MCS-1487,FinTrust Bank,Hybrid Analytics,"GCP, Oracle Cloud",Hybrid Integration,"HashiCorp Vault, Azure Arc",Usage-based Scaling,0.13,15.5,Strategy tailored for latency reduction.
MCS-1488,TechNova Solutions,AI/ML Model Training,"AWS, GCP",Vendor Risk Mitigation,"Kubernetes, Crossplane",Spot Instances,0.63,7.1,Strategy tailored for cost savings.
MCS-1489,RetailHub Online,Edge Computing,"Alibaba Cloud, AWS, DigitalOcean",Vendor Risk Mitigation,"Azure Arc, Spinnaker, Istio",Reserved Instances,0.54,28.9,Strategy tailored for latency reduction.
MCS-1490,RetailHub Online,Hybrid Analytics,"Alibaba Cloud, AWS, IBM Cloud, Azure",Distributed Workload,"Crossplane, Anthos",Reserved Instances,0.4,35.8,Strategy tailored for latency reduction.
MCS-1491,GovSecure Dept,Backup & Archival,"GCP, Oracle Cloud",Compliance Segmentation,"Azure Arc, Anthos",Pay-as-you-go,0.19,8.0,Strategy tailored for cost savings.
MCS-1492,HealthCore Systems,Global App Deployment,"Oracle Cloud, GCP, AWS, Azure",Vendor Risk Mitigation,"Kubernetes, Azure Arc",Reserved Instances,0.75,24.8,Strategy tailored for latency reduction.
MCS-1493,FinTrust Bank,Hybrid Analytics,"IBM Cloud, Azure, GCP, AWS",Failover/DR,Spinnaker,Pay-as-you-go,0.71,22.4,Strategy tailored for regulatory compliance.
MCS-1494,FinTrust Bank,Disaster Recovery,"DigitalOcean, Azure, IBM Cloud",Vendor Risk Mitigation,Anthos,Spot Instances,0.32,37.8,Strategy tailored for cost savings.
MCS-1495,TechNova Solutions,Backup & Archival,"Alibaba Cloud, GCP, Oracle Cloud, Azure",Best-of-Breed,"Istio, Anthos, HashiCorp Vault",Reserved Instances,0.81,32.8,Strategy tailored for regulatory compliance.
MCS-1496,FinTrust Bank,Hybrid Analytics,"Oracle Cloud, IBM Cloud, GCP, Alibaba Cloud",Failover/DR,"Anthos, Crossplane, Spinnaker",Committed Use Discount,0.34,28.6,Strategy tailored for global expansion.
MCS-1497,AgriSmart Farms,Backup & Archival,"AWS, IBM Cloud",Failover/DR,"Crossplane, Istio",Committed Use Discount,0.42,8.7,Strategy tailored for regulatory compliance.
MCS-1498,LogiTrans Freight,Disaster Recovery,"IBM Cloud, Oracle Cloud, Azure, AWS",Cost Optimization,"Azure Arc, Anthos",Usage-based Scaling,0.92,10.5,Strategy tailored for latency reduction.
MCS-1499,GovSecure Dept,High-Performance Computing,"IBM Cloud, DigitalOcean",Distributed Workload,"Anthos, Crossplane, Spinnaker",Committed Use Discount,0.95,22.8,Strategy tailored for global expansion.
MCS-1500,TechNova Solutions,AI/ML Model Training,"IBM Cloud, DigitalOcean",Best-of-Breed,Anthos,Reserved Instances,0.26,26.7,Strategy tailored for latency reduction.
MCS-1501,RetailHub Online,AI/ML Model Training,"Azure, AWS, DigitalOcean",Cost Optimization,"Istio, HashiCorp Vault, Azure Arc",Multi-year Contract,0.88,34.3,Strategy tailored for regulatory compliance.
MCS-1502,FinTrust Bank,IoT Processing,"IBM Cloud, DigitalOcean",Best-of-Breed,Azure Arc,Usage-based Scaling,0.82,31.4,Strategy tailored for global expansion.
MCS-1503,HealthCore Systems,Hybrid Analytics,"AWS, GCP, IBM Cloud, Oracle Cloud",Vendor Risk Mitigation,"Terraform, Istio",Multi-year Contract,0.72,39.0,Strategy tailored for regulatory compliance.
MCS-1504,GovSecure Dept,Disaster Recovery,"AWS, GCP, Alibaba Cloud, Azure",Cost Optimization,Kubernetes,Usage-based Scaling,0.32,24.6,Strategy tailored for cost savings.
MCS-1505,GovSecure Dept,High-Performance Computing,"Azure, IBM Cloud",Compliance Segmentation,Anthos,Multi-year Contract,0.3,44.5,Strategy tailored for global expansion.
MCS-1506,HealthCore Systems,IoT Processing,"Oracle Cloud, DigitalOcean, Alibaba Cloud, AWS",Failover/DR,Istio,Multi-year Contract,0.94,6.6,Strategy tailored for regulatory compliance.
MCS-1507,EduPrime University,Backup & Archival,"Oracle Cloud, GCP, DigitalOcean, IBM Cloud",Vendor Risk Mitigation,"Istio, Spinnaker",Usage-based Scaling,0.73,42.0,Strategy tailored for global expansion.
MCS-1508,TechNova Solutions,Global App Deployment,"IBM Cloud, Azure, Oracle Cloud, GCP",Hybrid Integration,"Spinnaker, Azure Arc",Pay-as-you-go,0.26,27.7,Strategy tailored for latency reduction.
MCS-1509,AgriSmart Farms,Disaster Recovery,"Azure, GCP, AWS, DigitalOcean",Failover/DR,HashiCorp Vault,Pay-as-you-go,0.91,6.4,Strategy tailored for regulatory compliance.
MCS-1510,GovSecure Dept,Backup & Archival,"IBM Cloud, Alibaba Cloud, Azure, AWS",Best-of-Breed,"HashiCorp Vault, Kubernetes",Reserved Instances,0.72,16.9,Strategy tailored for regulatory compliance.
MCS-1511,TechNova Solutions,Global App Deployment,"GCP, Alibaba Cloud",Best-of-Breed,"Istio, Crossplane, Kubernetes",Usage-based Scaling,0.92,43.8,Strategy tailored for latency reduction.
MCS-1512,TechNova Solutions,Hybrid Analytics,"Oracle Cloud, DigitalOcean",Compliance Segmentation,"Kubernetes, Crossplane, HashiCorp Vault",Committed Use Discount,0.94,24.0,Strategy tailored for latency reduction.
MCS-1513,AeroX Manufacturing,High-Performance Computing,"Alibaba Cloud, AWS",Vendor Risk Mitigation,"HashiCorp Vault, Istio",Spot Instances,0.87,38.8,Strategy tailored for global expansion.
MCS-1514,HealthCore Systems,Global App Deployment,"DigitalOcean, IBM Cloud, AWS, Oracle Cloud",Best-of-Breed,"Terraform, Anthos",Multi-year Contract,0.38,38.2,Strategy tailored for cost savings.
MCS-1515,TechNova Solutions,Backup & Archival,"Azure, Alibaba Cloud, AWS, Oracle Cloud",Distributed Workload,"Kubernetes, Spinnaker, Azure Arc",Committed Use Discount,0.13,28.9,Strategy tailored for global expansion.
MCS-1516,EduPrime University,Data Warehousing,"AWS, Oracle Cloud, IBM Cloud",Compliance Segmentation,Istio,Committed Use Discount,0.3,9.8,Strategy tailored for latency reduction.
MCS-1517,MediPulse Clinics,Backup & Archival,"Alibaba Cloud, DigitalOcean, Azure",Vendor Risk Mitigation,Spinnaker,Multi-year Contract,0.17,32.9,Strategy tailored for cost savings.
MCS-1518,LogiTrans Freight,High-Performance Computing,"IBM Cloud, Azure, Alibaba Cloud, DigitalOcean",Failover/DR,Crossplane,Spot Instances,0.4,34.0,Strategy tailored for regulatory compliance.
MCS-1519,AeroX Manufacturing,AI/ML Model Training,"DigitalOcean, Oracle Cloud",Distributed Workload,"HashiCorp Vault, Kubernetes",Committed Use Discount,0.16,17.6,Strategy tailored for regulatory compliance.
MCS-1520,AeroX Manufacturing,Disaster Recovery,"Azure, GCP, IBM Cloud",Vendor Risk Mitigation,"Anthos, Azure Arc",Pay-as-you-go,0.58,36.6,Strategy tailored for cost savings.
MCS-1521,RetailHub Online,IoT Processing,"Alibaba Cloud, DigitalOcean",Vendor Risk Mitigation,Kubernetes,Usage-based Scaling,0.38,30.0,Strategy tailored for latency reduction.
MCS-1522,RetailHub Online,Data Warehousing,"AWS, GCP, Alibaba Cloud",Hybrid Integration,"Spinnaker, Terraform",Committed Use Discount,0.89,29.6,Strategy tailored for cost savings.
MCS-1523,GovSecure Dept,Global App Deployment,"IBM Cloud, Alibaba Cloud",Vendor Risk Mitigation,"Spinnaker, Crossplane",Usage-based Scaling,0.31,6.0,Strategy tailored for cost savings.
MCS-1524,FinTrust Bank,High-Performance Computing,"DigitalOcean, IBM Cloud, AWS, GCP",Failover/DR,Crossplane,Reserved Instances,0.87,5.9,Strategy tailored for regulatory compliance.
MCS-1525,FinTrust Bank,Hybrid Analytics,"AWS, Alibaba Cloud, Oracle Cloud, GCP",Compliance Segmentation,"HashiCorp Vault, Istio, Terraform",Pay-as-you-go,0.88,26.2,Strategy tailored for regulatory compliance.
MCS-1526,MediPulse Clinics,Global App Deployment,"IBM Cloud, DigitalOcean, AWS",Hybrid Integration,"Kubernetes, Spinnaker",Reserved Instances,0.94,37.0,Strategy tailored for global expansion.
MCS-1527,GovSecure Dept,Disaster Recovery,"Azure, IBM Cloud",Hybrid Integration,"Spinnaker, Azure Arc",Usage-based Scaling,0.99,19.0,Strategy tailored for cost savings.
MCS-1528,FinTrust Bank,IoT Processing,"GCP, Alibaba Cloud, DigitalOcean, Azure",Cost Optimization,"Terraform, HashiCorp Vault",Committed Use Discount,0.78,21.1,Strategy tailored for global expansion.
MCS-1529,FinTrust Bank,Backup & Archival,"Azure, Alibaba Cloud, GCP",Distributed Workload,"Anthos, Terraform, HashiCorp Vault",Spot Instances,0.53,30.1,Strategy tailored for cost savings.
MCS-1530,MediPulse Clinics,Global App Deployment,"Azure, Oracle Cloud, GCP, IBM Cloud",Distributed Workload,"Anthos, Kubernetes, HashiCorp Vault",Reserved Instances,0.88,44.4,Strategy tailored for cost savings.
MCS-1531,EduPrime University,Edge Computing,"DigitalOcean, IBM Cloud, Azure, Oracle Cloud",Vendor Risk Mitigation,Anthos,Committed Use Discount,0.78,21.7,Strategy tailored for latency reduction.
MCS-1532,GovSecure Dept,Backup & Archival,"AWS, Azure, GCP, DigitalOcean",Compliance Segmentation,HashiCorp Vault,Spot Instances,0.48,34.5,Strategy tailored for global expansion.
MCS-1533,AgriSmart Farms,Hybrid Analytics,"Alibaba Cloud, DigitalOcean, GCP, Azure",Vendor Risk Mitigation,Kubernetes,Reserved Instances,0.31,9.4,Strategy tailored for cost savings.
MCS-1534,FinTrust Bank,Edge Computing,"IBM Cloud, Alibaba Cloud, Azure, DigitalOcean",Failover/DR,"Terraform, Anthos, Spinnaker",Usage-based Scaling,0.42,16.5,Strategy tailored for global expansion.
MCS-1535,EduPrime University,Backup & Archival,"Oracle Cloud, DigitalOcean, GCP, Azure",Vendor Risk Mitigation,"Spinnaker, Azure Arc",Reserved Instances,0.36,14.3,Strategy tailored for cost savings.
MCS-1536,RetailHub Online,Global App Deployment,"Oracle Cloud, AWS",Hybrid Integration,"Azure Arc, HashiCorp Vault",Usage-based Scaling,0.14,5.7,Strategy tailored for cost savings.
MCS-1537,RetailHub Online,AI/ML Model Training,"Oracle Cloud, IBM Cloud",Distributed Workload,"HashiCorp Vault, Istio, Azure Arc",Reserved Instances,0.98,22.1,Strategy tailored for global expansion.
MCS-1538,MediPulse Clinics,Disaster Recovery,"DigitalOcean, Oracle Cloud, GCP, Alibaba Cloud",Cost Optimization,"Terraform, Crossplane, Spinnaker",Spot Instances,0.44,32.2,Strategy tailored for global expansion.
MCS-1539,FinTrust Bank,Global App Deployment,"IBM Cloud, Oracle Cloud, AWS, DigitalOcean",Cost Optimization,"Terraform, Kubernetes, Anthos",Spot Instances,0.29,43.0,Strategy tailored for global expansion.
MCS-1540,AgriSmart Farms,Edge Computing,"Azure, Oracle Cloud, GCP",Cost Optimization,Anthos,Spot Instances,0.8,8.6,Strategy tailored for global expansion.
MCS-1541,HealthCore Systems,Backup & Archival,"Azure, IBM Cloud",Compliance Segmentation,"Anthos, Azure Arc, Istio",Committed Use Discount,0.47,40.2,Strategy tailored for global expansion.
MCS-1542,FinTrust Bank,Data Warehousing,"IBM Cloud, DigitalOcean, Azure",Distributed Workload,Crossplane,Committed Use Discount,0.94,23.7,Strategy tailored for cost savings.
MCS-1543,HealthCore Systems,AI/ML Model Training,"DigitalOcean, Oracle Cloud",Compliance Segmentation,"Kubernetes, Crossplane",Usage-based Scaling,0.65,11.7,Strategy tailored for global expansion.
MCS-1544,GovSecure Dept,Data Warehousing,"IBM Cloud, Oracle Cloud, AWS",Vendor Risk Mitigation,HashiCorp Vault,Multi-year Contract,0.98,14.3,Strategy tailored for cost savings.
MCS-1545,EduPrime University,Data Warehousing,"Alibaba Cloud, DigitalOcean",Best-of-Breed,"Crossplane, Anthos",Usage-based Scaling,0.94,31.0,Strategy tailored for global expansion.
MCS-1546,AgriSmart Farms,Data Warehousing,"Azure, Alibaba Cloud",Best-of-Breed,"Crossplane, Terraform, Azure Arc",Spot Instances,0.64,25.5,Strategy tailored for global expansion.
MCS-1547,GovSecure Dept,Disaster Recovery,"Oracle Cloud, Azure, DigitalOcean, Alibaba Cloud",Distributed Workload,"Spinnaker, Terraform",Multi-year Contract,0.31,12.1,Strategy tailored for latency reduction.
MCS-1548,RetailHub Online,Backup & Archival,"IBM Cloud, DigitalOcean, Alibaba Cloud",Vendor Risk Mitigation,Terraform,Reserved Instances,0.3,12.5,Strategy tailored for cost savings.
MCS-1549,FinTrust Bank,IoT Processing,"Azure, AWS",Compliance Segmentation,"Crossplane, Anthos, Terraform",Pay-as-you-go,0.79,19.0,Strategy tailored for latency reduction.
MCS-1550,MediPulse Clinics,Data Warehousing,"DigitalOcean, GCP",Cost Optimization,"Anthos, Azure Arc, HashiCorp Vault",Multi-year Contract,0.15,43.8,Strategy tailored for regulatory compliance.
MCS-1551,FinTrust Bank,AI/ML Model Training,"GCP, Alibaba Cloud, Oracle Cloud",Vendor Risk Mitigation,Istio,Multi-year Contract,0.89,42.1,Strategy tailored for latency reduction.
MCS-1552,AgriSmart Farms,Hybrid Analytics,"AWS, DigitalOcean",Vendor Risk Mitigation,"HashiCorp Vault, Crossplane",Spot Instances,0.99,12.0,Strategy tailored for cost savings.
MCS-1553,RetailHub Online,Disaster Recovery,"IBM Cloud, DigitalOcean",Compliance Segmentation,"Kubernetes, Azure Arc, HashiCorp Vault",Usage-based Scaling,0.45,35.3,Strategy tailored for regulatory compliance.
MCS-1554,MediPulse Clinics,IoT Processing,"IBM Cloud, Alibaba Cloud, DigitalOcean",Hybrid Integration,Spinnaker,Multi-year Contract,0.72,11.2,Strategy tailored for global expansion.
MCS-1555,LogiTrans Freight,Data Warehousing,"Azure, DigitalOcean, GCP, Alibaba Cloud",Best-of-Breed,Terraform,Spot Instances,0.83,14.0,Strategy tailored for latency reduction.
MCS-1556,RetailHub Online,High-Performance Computing,"AWS, GCP, DigitalOcean",Cost Optimization,"Azure Arc, Terraform, HashiCorp Vault",Reserved Instances,0.3,26.5,Strategy tailored for regulatory compliance.
MCS-1557,AgriSmart Farms,AI/ML Model Training,"GCP, IBM Cloud, DigitalOcean",Hybrid Integration,Kubernetes,Usage-based Scaling,0.63,28.2,Strategy tailored for regulatory compliance.
MCS-1558,TechNova Solutions,High-Performance Computing,"IBM Cloud, Alibaba Cloud, AWS, Azure",Failover/DR,"HashiCorp Vault, Spinnaker",Spot Instances,0.18,40.1,Strategy tailored for global expansion.
MCS-1559,FinTrust Bank,Data Warehousing,"Azure, DigitalOcean, Oracle Cloud",Vendor Risk Mitigation,"HashiCorp Vault, Azure Arc, Istio",Usage-based Scaling,0.34,10.2,Strategy tailored for latency reduction.
MCS-1560,GovSecure Dept,Edge Computing,"DigitalOcean, Alibaba Cloud, GCP, AWS",Failover/DR,"HashiCorp Vault, Istio, Anthos",Pay-as-you-go,0.89,43.2,Strategy tailored for cost savings.
MCS-1561,AgriSmart Farms,Disaster Recovery,"Oracle Cloud, DigitalOcean, IBM Cloud",Vendor Risk Mitigation,Istio,Reserved Instances,0.87,37.4,Strategy tailored for latency reduction.
MCS-1562,AgriSmart Farms,IoT Processing,"AWS, GCP, Oracle Cloud, Alibaba Cloud",Distributed Workload,HashiCorp Vault,Spot Instances,0.68,27.0,Strategy tailored for regulatory compliance.
MCS-1563,RetailHub Online,Backup & Archival,"Azure, AWS, GCP",Vendor Risk Mitigation,Azure Arc,Pay-as-you-go,0.18,21.3,Strategy tailored for global expansion.
MCS-1564,GovSecure Dept,Disaster Recovery,"IBM Cloud, Azure, DigitalOcean",Hybrid Integration,"Crossplane, Istio",Committed Use Discount,0.43,15.4,Strategy tailored for cost savings.
MCS-1565,HealthCore Systems,Backup & Archival,"Azure, Alibaba Cloud, AWS, Oracle Cloud",Distributed Workload,"Kubernetes, Terraform, Anthos",Pay-as-you-go,0.74,24.8,Strategy tailored for latency reduction.
MCS-1566,TechNova Solutions,Hybrid Analytics,"AWS, IBM Cloud",Vendor Risk Mitigation,"Crossplane, Terraform, Spinnaker",Committed Use Discount,0.17,13.8,Strategy tailored for cost savings.
MCS-1567,TechNova Solutions,Global App Deployment,"GCP, Alibaba Cloud",Cost Optimization,"Spinnaker, HashiCorp Vault",Pay-as-you-go,0.71,8.0,Strategy tailored for regulatory compliance.
MCS-1568,EduPrime University,Data Warehousing,"AWS, Alibaba Cloud, IBM Cloud",Cost Optimization,"Kubernetes, Spinnaker, Crossplane",Committed Use Discount,0.86,24.8,Strategy tailored for regulatory compliance.
MCS-1569,AgriSmart Farms,Data Warehousing,"Alibaba Cloud, GCP, IBM Cloud, Azure",Failover/DR,Crossplane,Multi-year Contract,0.53,28.7,Strategy tailored for regulatory compliance.
MCS-1570,GovSecure Dept,Hybrid Analytics,"Azure, AWS",Distributed Workload,"Terraform, Spinnaker, Azure Arc",Pay-as-you-go,0.83,18.9,Strategy tailored for latency reduction.
MCS-1571,MediPulse Clinics,High-Performance Computing,"DigitalOcean, IBM Cloud",Cost Optimization,"Spinnaker, Crossplane, Anthos",Committed Use Discount,0.7,27.6,Strategy tailored for regulatory compliance.
MCS-1572,RetailHub Online,Backup & Archival,"Alibaba Cloud, Oracle Cloud",Cost Optimization,Kubernetes,Usage-based Scaling,0.34,40.1,Strategy tailored for global expansion.
MCS-1573,HealthCore Systems,Hybrid Analytics,"DigitalOcean, Alibaba Cloud, Oracle Cloud",Distributed Workload,Azure Arc,Reserved Instances,0.81,31.3,Strategy tailored for regulatory compliance.
MCS-1574,TechNova Solutions,High-Performance Computing,"DigitalOcean, Alibaba Cloud",Hybrid Integration,"Spinnaker, Azure Arc",Pay-as-you-go,0.86,39.7,Strategy tailored for latency reduction.
MCS-1575,LogiTrans Freight,AI/ML Model Training,"Oracle Cloud, Alibaba Cloud, Azure",Hybrid Integration,"Anthos, Crossplane",Pay-as-you-go,0.73,38.5,Strategy tailored for global expansion.
MCS-1576,HealthCore Systems,IoT Processing,"DigitalOcean, AWS, GCP, Oracle Cloud",Distributed Workload,"Istio, Kubernetes, Crossplane",Reserved Instances,0.72,32.2,Strategy tailored for cost savings.
MCS-1577,LogiTrans Freight,High-Performance Computing,"GCP, Azure",Vendor Risk Mitigation,"Istio, Spinnaker, Azure Arc",Multi-year Contract,0.65,35.1,Strategy tailored for regulatory compliance.
MCS-1578,GovSecure Dept,Global App Deployment,"DigitalOcean, Alibaba Cloud",Best-of-Breed,"Spinnaker, Terraform, Crossplane",Multi-year Contract,0.24,40.2,Strategy tailored for global expansion.
MCS-1579,TechNova Solutions,Backup & Archival,"Alibaba Cloud, Oracle Cloud",Failover/DR,"Istio, Terraform",Multi-year Contract,0.88,6.2,Strategy tailored for latency reduction.
MCS-1580,AeroX Manufacturing,High-Performance Computing,"Oracle Cloud, DigitalOcean, AWS",Best-of-Breed,Anthos,Multi-year Contract,0.83,10.2,Strategy tailored for latency reduction.
MCS-1581,EduPrime University,Data Warehousing,"IBM Cloud, GCP, Oracle Cloud",Cost Optimization,"Spinnaker, Kubernetes, Istio",Usage-based Scaling,0.4,34.7,Strategy tailored for regulatory compliance.
MCS-1582,AgriSmart Farms,Edge Computing,"DigitalOcean, GCP, AWS",Cost Optimization,Istio,Reserved Instances,0.24,37.7,Strategy tailored for regulatory compliance.
MCS-1583,FinTrust Bank,IoT Processing,"AWS, Alibaba Cloud, IBM Cloud, GCP",Best-of-Breed,"Terraform, Kubernetes",Spot Instances,0.84,25.3,Strategy tailored for global expansion.
MCS-1584,TechNova Solutions,High-Performance Computing,"Oracle Cloud, Alibaba Cloud, IBM Cloud",Failover/DR,"Anthos, Azure Arc, Kubernetes",Reserved Instances,0.11,16.5,Strategy tailored for global expansion.
MCS-1585,TechNova Solutions,High-Performance Computing,"GCP, DigitalOcean",Failover/DR,Terraform,Pay-as-you-go,0.65,44.2,Strategy tailored for latency reduction.
MCS-1586,EduPrime University,Hybrid Analytics,"Oracle Cloud, Azure, AWS, DigitalOcean",Compliance Segmentation,"Spinnaker, Istio",Usage-based Scaling,0.66,15.4,Strategy tailored for global expansion.
MCS-1587,AeroX Manufacturing,Data Warehousing,"IBM Cloud, Oracle Cloud, Alibaba Cloud",Vendor Risk Mitigation,"Istio, Anthos",Reserved Instances,0.66,26.6,Strategy tailored for cost savings.
MCS-1588,MediPulse Clinics,Disaster Recovery,"Oracle Cloud, DigitalOcean, Azure, GCP",Distributed Workload,"HashiCorp Vault, Terraform, Istio",Multi-year Contract,0.79,9.3,Strategy tailored for global expansion.
MCS-1589,TechNova Solutions,AI/ML Model Training,"Oracle Cloud, DigitalOcean, AWS, Azure",Compliance Segmentation,"Crossplane, Azure Arc, Spinnaker",Pay-as-you-go,0.78,26.7,Strategy tailored for latency reduction.
MCS-1590,RetailHub Online,Hybrid Analytics,"DigitalOcean, Alibaba Cloud, AWS, GCP",Cost Optimization,HashiCorp Vault,Multi-year Contract,0.96,18.7,Strategy tailored for latency reduction.
MCS-1591,LogiTrans Freight,Hybrid Analytics,"Oracle Cloud, IBM Cloud, GCP, Alibaba Cloud",Hybrid Integration,"Crossplane, Kubernetes",Pay-as-you-go,0.66,42.3,Strategy tailored for regulatory compliance.
MCS-1592,AeroX Manufacturing,Edge Computing,"DigitalOcean, Oracle Cloud",Cost Optimization,Terraform,Usage-based Scaling,0.19,42.5,Strategy tailored for regulatory compliance.
MCS-1593,AeroX Manufacturing,Disaster Recovery,"Oracle Cloud, AWS, Azure",Cost Optimization,Crossplane,Committed Use Discount,0.71,7.7,Strategy tailored for cost savings.
MCS-1594,AeroX Manufacturing,Edge Computing,"Alibaba Cloud, GCP, AWS",Compliance Segmentation,Anthos,Multi-year Contract,0.37,33.3,Strategy tailored for cost savings.
MCS-1595,LogiTrans Freight,IoT Processing,"GCP, DigitalOcean",Failover/DR,"Anthos, Istio",Multi-year Contract,0.16,28.3,Strategy tailored for latency reduction.
MCS-1596,TechNova Solutions,AI/ML Model Training,"IBM Cloud, Azure",Vendor Risk Mitigation,"Istio, Spinnaker",Spot Instances,0.41,29.8,Strategy tailored for cost savings.
MCS-1597,LogiTrans Freight,Data Warehousing,"IBM Cloud, DigitalOcean",Vendor Risk Mitigation,"Terraform, HashiCorp Vault",Committed Use Discount,0.14,39.9,Strategy tailored for latency reduction.
MCS-1598,FinTrust Bank,Data Warehousing,"Oracle Cloud, Alibaba Cloud, GCP",Distributed Workload,"Azure Arc, Spinnaker, HashiCorp Vault",Usage-based Scaling,0.97,43.8,Strategy tailored for global expansion.
MCS-1599,LogiTrans Freight,Edge Computing,"IBM Cloud, Oracle Cloud",Best-of-Breed,"Spinnaker, Azure Arc",Usage-based Scaling,0.77,10.2,Strategy tailored for regulatory compliance.
MCS-1600,GovSecure Dept,Disaster Recovery,"IBM Cloud, DigitalOcean",Hybrid Integration,"Crossplane, Anthos",Committed Use Discount,0.77,6.0,Strategy tailored for regulatory compliance.
MCS-1601,HealthCore Systems,Edge Computing,"IBM Cloud, Oracle Cloud, DigitalOcean, Azure",Compliance Segmentation,"Azure Arc, Crossplane, Anthos",Usage-based Scaling,0.12,17.9,Strategy tailored for cost savings.
MCS-1602,TechNova Solutions,Backup & Archival,"DigitalOcean, AWS",Vendor Risk Mitigation,Terraform,Spot Instances,0.53,35.8,Strategy tailored for latency reduction.
MCS-1603,GovSecure Dept,AI/ML Model Training,"Oracle Cloud, GCP, Azure, DigitalOcean",Hybrid Integration,Terraform,Pay-as-you-go,0.71,22.8,Strategy tailored for latency reduction.
MCS-1604,FinTrust Bank,Global App Deployment,"DigitalOcean, AWS, Alibaba Cloud, IBM Cloud",Vendor Risk Mitigation,"Anthos, Azure Arc, HashiCorp Vault",Usage-based Scaling,0.34,44.9,Strategy tailored for cost savings.
MCS-1605,HealthCore Systems,Data Warehousing,"GCP, Oracle Cloud, AWS",Compliance Segmentation,"Crossplane, Istio",Spot Instances,0.48,23.1,Strategy tailored for regulatory compliance.
MCS-1606,AgriSmart Farms,Data Warehousing,"GCP, AWS",Distributed Workload,"HashiCorp Vault, Terraform",Committed Use Discount,0.25,36.8,Strategy tailored for regulatory compliance.
MCS-1607,EduPrime University,Hybrid Analytics,"Oracle Cloud, Azure",Cost Optimization,"Anthos, HashiCorp Vault",Spot Instances,0.72,13.8,Strategy tailored for latency reduction.
MCS-1608,EduPrime University,Backup & Archival,"Azure, IBM Cloud, AWS",Distributed Workload,"Crossplane, Terraform, Istio",Pay-as-you-go,0.17,32.2,Strategy tailored for latency reduction.
MCS-1609,AeroX Manufacturing,Edge Computing,"AWS, Oracle Cloud, Azure",Compliance Segmentation,"Terraform, Spinnaker, HashiCorp Vault",Spot Instances,0.68,15.9,Strategy tailored for regulatory compliance.
MCS-1610,EduPrime University,IoT Processing,"IBM Cloud, AWS, Alibaba Cloud",Compliance Segmentation,"Spinnaker, Azure Arc",Spot Instances,0.95,11.0,Strategy tailored for latency reduction.
MCS-1611,GovSecure Dept,Global App Deployment,"Oracle Cloud, DigitalOcean",Vendor Risk Mitigation,"Kubernetes, Crossplane",Multi-year Contract,0.48,42.7,Strategy tailored for regulatory compliance.
MCS-1612,TechNova Solutions,Edge Computing,"AWS, DigitalOcean, Alibaba Cloud",Hybrid Integration,"HashiCorp Vault, Terraform, Azure Arc",Committed Use Discount,0.47,30.5,Strategy tailored for cost savings.
MCS-1613,EduPrime University,Backup & Archival,"Oracle Cloud, DigitalOcean",Failover/DR,"Istio, Terraform",Usage-based Scaling,0.45,16.0,Strategy tailored for regulatory compliance.
MCS-1614,LogiTrans Freight,AI/ML Model Training,"Oracle Cloud, DigitalOcean, Azure, IBM Cloud",Best-of-Breed,Terraform,Usage-based Scaling,0.98,21.4,Strategy tailored for cost savings.
MCS-1615,LogiTrans Freight,High-Performance Computing,"Alibaba Cloud, IBM Cloud",Compliance Segmentation,"Spinnaker, Crossplane",Spot Instances,0.9,14.2,Strategy tailored for latency reduction.
MCS-1616,FinTrust Bank,IoT Processing,"GCP, DigitalOcean",Best-of-Breed,"Kubernetes, Spinnaker",Usage-based Scaling,0.29,6.2,Strategy tailored for global expansion.
MCS-1617,GovSecure Dept,Data Warehousing,"IBM Cloud, Azure, AWS, Alibaba Cloud",Compliance Segmentation,Spinnaker,Usage-based Scaling,0.68,19.7,Strategy tailored for latency reduction.
MCS-1618,LogiTrans Freight,Disaster Recovery,"DigitalOcean, Alibaba Cloud",Failover/DR,Anthos,Usage-based Scaling,0.87,23.9,Strategy tailored for latency reduction.
MCS-1619,AgriSmart Farms,AI/ML Model Training,"IBM Cloud, Azure, Alibaba Cloud",Best-of-Breed,Kubernetes,Spot Instances,0.96,12.4,Strategy tailored for cost savings.
MCS-1620,HealthCore Systems,Global App Deployment,"GCP, DigitalOcean, Oracle Cloud",Hybrid Integration,Anthos,Committed Use Discount,0.87,36.1,Strategy tailored for cost savings.
MCS-1621,FinTrust Bank,Data Warehousing,"AWS, Alibaba Cloud, GCP",Failover/DR,"Anthos, HashiCorp Vault",Committed Use Discount,0.79,38.8,Strategy tailored for cost savings.
MCS-1622,LogiTrans Freight,Global App Deployment,"AWS, Azure, Alibaba Cloud, Oracle Cloud",Vendor Risk Mitigation,Terraform,Spot Instances,0.78,30.0,Strategy tailored for latency reduction.
MCS-1623,FinTrust Bank,Disaster Recovery,"AWS, DigitalOcean",Compliance Segmentation,"Crossplane, Azure Arc, HashiCorp Vault",Spot Instances,0.22,6.3,Strategy tailored for cost savings.
MCS-1624,RetailHub Online,Data Warehousing,"GCP, IBM Cloud, Oracle Cloud, DigitalOcean",Failover/DR,Terraform,Multi-year Contract,0.92,29.7,Strategy tailored for cost savings.
MCS-1625,LogiTrans Freight,AI/ML Model Training,"Alibaba Cloud, GCP, DigitalOcean, Oracle Cloud",Best-of-Breed,"Azure Arc, Kubernetes, Terraform",Multi-year Contract,0.81,24.3,Strategy tailored for latency reduction.
MCS-1626,AeroX Manufacturing,IoT Processing,"IBM Cloud, Azure, Oracle Cloud, DigitalOcean",Hybrid Integration,Azure Arc,Pay-as-you-go,0.2,10.0,Strategy tailored for cost savings.
MCS-1627,LogiTrans Freight,Hybrid Analytics,"Azure, DigitalOcean",Best-of-Breed,HashiCorp Vault,Committed Use Discount,0.71,22.2,Strategy tailored for cost savings.
MCS-1628,MediPulse Clinics,Edge Computing,"IBM Cloud, Oracle Cloud, AWS",Best-of-Breed,"Terraform, Crossplane, Kubernetes",Reserved Instances,0.28,24.7,Strategy tailored for latency reduction.
MCS-1629,LogiTrans Freight,Backup & Archival,"AWS, Azure",Compliance Segmentation,"HashiCorp Vault, Azure Arc",Reserved Instances,0.16,28.3,Strategy tailored for regulatory compliance.
MCS-1630,RetailHub Online,AI/ML Model Training,"Azure, AWS, Alibaba Cloud",Compliance Segmentation,"Azure Arc, Spinnaker",Reserved Instances,0.34,36.9,Strategy tailored for latency reduction.
MCS-1631,LogiTrans Freight,Hybrid Analytics,"Oracle Cloud, Azure",Failover/DR,"Spinnaker, Kubernetes, Azure Arc",Committed Use Discount,0.38,23.2,Strategy tailored for cost savings.
MCS-1632,LogiTrans Freight,Global App Deployment,"GCP, Alibaba Cloud, Azure, DigitalOcean",Failover/DR,Terraform,Committed Use Discount,0.11,7.9,Strategy tailored for cost savings.
MCS-1633,HealthCore Systems,Hybrid Analytics,"Oracle Cloud, Azure, GCP",Failover/DR,"Anthos, Istio",Usage-based Scaling,0.45,24.2,Strategy tailored for cost savings.
MCS-1634,AeroX Manufacturing,Backup & Archival,"AWS, Oracle Cloud",Vendor Risk Mitigation,"Spinnaker, Istio, Kubernetes",Multi-year Contract,0.63,16.7,Strategy tailored for global expansion.
MCS-1635,LogiTrans Freight,Edge Computing,"DigitalOcean, Oracle Cloud",Compliance Segmentation,Azure Arc,Committed Use Discount,0.72,39.4,Strategy tailored for global expansion.
MCS-1636,AeroX Manufacturing,Global App Deployment,"Azure, IBM Cloud, AWS, Oracle Cloud",Best-of-Breed,Spinnaker,Usage-based Scaling,0.79,6.6,Strategy tailored for latency reduction.
MCS-1637,MediPulse Clinics,Backup & Archival,"Oracle Cloud, DigitalOcean, AWS",Distributed Workload,"Azure Arc, Terraform",Multi-year Contract,0.53,9.2,Strategy tailored for latency reduction.
MCS-1638,MediPulse Clinics,Global App Deployment,"GCP, Alibaba Cloud",Failover/DR,"Kubernetes, Terraform, Azure Arc",Usage-based Scaling,0.32,44.5,Strategy tailored for regulatory compliance.
MCS-1639,EduPrime University,Hybrid Analytics,"DigitalOcean, IBM Cloud, AWS, Oracle Cloud",Distributed Workload,Istio,Reserved Instances,0.23,25.0,Strategy tailored for regulatory compliance.
MCS-1640,LogiTrans Freight,Disaster Recovery,"AWS, Oracle Cloud, GCP, Alibaba Cloud",Hybrid Integration,"Crossplane, HashiCorp Vault",Multi-year Contract,0.65,33.1,Strategy tailored for cost savings.
MCS-1641,HealthCore Systems,IoT Processing,"AWS, IBM Cloud, GCP, Alibaba Cloud",Best-of-Breed,"HashiCorp Vault, Azure Arc",Multi-year Contract,0.6,5.4,Strategy tailored for latency reduction.
MCS-1642,TechNova Solutions,IoT Processing,"DigitalOcean, IBM Cloud",Compliance Segmentation,Azure Arc,Reserved Instances,0.39,25.7,Strategy tailored for regulatory compliance.
MCS-1643,RetailHub Online,Backup & Archival,"DigitalOcean, Oracle Cloud",Compliance Segmentation,"Azure Arc, Istio, HashiCorp Vault",Reserved Instances,0.18,19.0,Strategy tailored for regulatory compliance.
MCS-1644,TechNova Solutions,Edge Computing,"DigitalOcean, Oracle Cloud, GCP, AWS",Best-of-Breed,"HashiCorp Vault, Azure Arc",Spot Instances,0.13,8.1,Strategy tailored for latency reduction.
MCS-1645,LogiTrans Freight,Backup & Archival,"Alibaba Cloud, IBM Cloud, GCP, Oracle Cloud",Cost Optimization,"Kubernetes, Spinnaker",Spot Instances,0.45,10.3,Strategy tailored for latency reduction.
MCS-1646,HealthCore Systems,High-Performance Computing,"GCP, AWS",Best-of-Breed,Crossplane,Pay-as-you-go,0.61,32.6,Strategy tailored for cost savings.
MCS-1647,LogiTrans Freight,Data Warehousing,"IBM Cloud, DigitalOcean",Best-of-Breed,"Istio, HashiCorp Vault",Multi-year Contract,0.81,13.0,Strategy tailored for cost savings.
MCS-1648,LogiTrans Freight,IoT Processing,"Oracle Cloud, DigitalOcean, AWS",Hybrid Integration,Kubernetes,Pay-as-you-go,0.25,9.2,Strategy tailored for cost savings.
MCS-1649,GovSecure Dept,IoT Processing,"IBM Cloud, GCP, DigitalOcean",Distributed Workload,"Spinnaker, Azure Arc, Anthos",Multi-year Contract,0.67,33.3,Strategy tailored for cost savings.
MCS-1650,AgriSmart Farms,Data Warehousing,"Azure, Oracle Cloud, GCP",Hybrid Integration,Anthos,Committed Use Discount,0.13,42.4,Strategy tailored for regulatory compliance.
MCS-1651,LogiTrans Freight,Data Warehousing,"Azure, DigitalOcean, IBM Cloud, GCP",Failover/DR,Anthos,Reserved Instances,0.15,26.7,Strategy tailored for cost savings.
MCS-1652,HealthCore Systems,Disaster Recovery,"IBM Cloud, Azure, Oracle Cloud",Hybrid Integration,"Anthos, Kubernetes",Multi-year Contract,0.73,39.8,Strategy tailored for latency reduction.
MCS-1653,TechNova Solutions,IoT Processing,"GCP, Oracle Cloud",Cost Optimization,Crossplane,Pay-as-you-go,0.74,37.1,Strategy tailored for latency reduction.
MCS-1654,MediPulse Clinics,Hybrid Analytics,"Oracle Cloud, GCP",Failover/DR,HashiCorp Vault,Usage-based Scaling,0.4,37.6,Strategy tailored for regulatory compliance.
MCS-1655,LogiTrans Freight,Edge Computing,"DigitalOcean, Azure, IBM Cloud, Oracle Cloud",Hybrid Integration,"Kubernetes, HashiCorp Vault, Azure Arc",Pay-as-you-go,0.17,40.8,Strategy tailored for cost savings.
MCS-1656,GovSecure Dept,AI/ML Model Training,"AWS, Oracle Cloud, IBM Cloud",Vendor Risk Mitigation,Spinnaker,Committed Use Discount,0.59,37.7,Strategy tailored for latency reduction.
MCS-1657,TechNova Solutions,Disaster Recovery,"DigitalOcean, Azure, IBM Cloud, Alibaba Cloud",Vendor Risk Mitigation,"Azure Arc, Terraform",Pay-as-you-go,0.5,30.7,Strategy tailored for global expansion.
MCS-1658,HealthCore Systems,Backup & Archival,"Azure, Oracle Cloud, GCP",Cost Optimization,"Terraform, HashiCorp Vault, Anthos",Spot Instances,0.57,34.3,Strategy tailored for cost savings.
MCS-1659,MediPulse Clinics,IoT Processing,"GCP, AWS, Alibaba Cloud",Hybrid Integration,"Crossplane, Azure Arc",Multi-year Contract,0.17,7.4,Strategy tailored for latency reduction.
MCS-1660,RetailHub Online,Hybrid Analytics,"Oracle Cloud, Alibaba Cloud, GCP, Azure",Vendor Risk Mitigation,"Istio, HashiCorp Vault, Azure Arc",Reserved Instances,0.32,11.4,Strategy tailored for latency reduction.
MCS-1661,EduPrime University,Global App Deployment,"Oracle Cloud, IBM Cloud, GCP",Best-of-Breed,"Istio, Terraform, Spinnaker",Spot Instances,0.88,13.8,Strategy tailored for regulatory compliance.
MCS-1662,MediPulse Clinics,Data Warehousing,"Oracle Cloud, DigitalOcean, IBM Cloud, Azure",Failover/DR,Istio,Committed Use Discount,0.97,18.5,Strategy tailored for global expansion.
MCS-1663,FinTrust Bank,Edge Computing,"GCP, Oracle Cloud, IBM Cloud, DigitalOcean",Failover/DR,Terraform,Reserved Instances,0.26,36.6,Strategy tailored for regulatory compliance.
MCS-1664,AgriSmart Farms,Hybrid Analytics,"DigitalOcean, Alibaba Cloud",Hybrid Integration,"Anthos, Azure Arc",Usage-based Scaling,0.69,24.9,Strategy tailored for cost savings.
MCS-1665,FinTrust Bank,AI/ML Model Training,"Oracle Cloud, AWS, IBM Cloud",Compliance Segmentation,"Spinnaker, Crossplane",Spot Instances,0.59,33.8,Strategy tailored for regulatory compliance.
MCS-1666,LogiTrans Freight,AI/ML Model Training,"IBM Cloud, DigitalOcean, Alibaba Cloud",Best-of-Breed,"Anthos, Crossplane",Pay-as-you-go,0.3,44.9,Strategy tailored for cost savings.
MCS-1667,TechNova Solutions,Hybrid Analytics,"Azure, GCP, Alibaba Cloud, AWS",Hybrid Integration,"Istio, HashiCorp Vault",Committed Use Discount,0.97,31.0,Strategy tailored for latency reduction.
MCS-1668,AgriSmart Farms,Edge Computing,"DigitalOcean, AWS, IBM Cloud, Azure",Vendor Risk Mitigation,"Anthos, Istio, Terraform",Multi-year Contract,0.28,32.2,Strategy tailored for cost savings.
MCS-1669,GovSecure Dept,IoT Processing,"Alibaba Cloud, DigitalOcean, GCP",Hybrid Integration,"HashiCorp Vault, Terraform, Crossplane",Multi-year Contract,0.16,6.2,Strategy tailored for regulatory compliance.
MCS-1670,EduPrime University,Disaster Recovery,"IBM Cloud, GCP",Hybrid Integration,"Istio, Anthos",Reserved Instances,0.33,23.5,Strategy tailored for latency reduction.
MCS-1671,RetailHub Online,Data Warehousing,"Azure, Alibaba Cloud, IBM Cloud, AWS",Distributed Workload,"Kubernetes, Terraform",Reserved Instances,0.87,34.1,Strategy tailored for latency reduction.
MCS-1672,LogiTrans Freight,IoT Processing,"DigitalOcean, GCP, Azure",Vendor Risk Mitigation,"HashiCorp Vault, Kubernetes",Usage-based Scaling,0.76,22.0,Strategy tailored for regulatory compliance.
MCS-1673,FinTrust Bank,AI/ML Model Training,"Azure, DigitalOcean",Failover/DR,"Azure Arc, Anthos, Kubernetes",Reserved Instances,0.41,19.8,Strategy tailored for cost savings.
MCS-1674,HealthCore Systems,High-Performance Computing,"Alibaba Cloud, AWS, DigitalOcean, IBM Cloud",Vendor Risk Mitigation,"Istio, Terraform",Reserved Instances,0.98,6.6,Strategy tailored for latency reduction.
MCS-1675,FinTrust Bank,Backup & Archival,"AWS, Oracle Cloud, Alibaba Cloud, GCP",Best-of-Breed,Crossplane,Usage-based Scaling,0.87,28.1,Strategy tailored for latency reduction.
MCS-1676,HealthCore Systems,AI/ML Model Training,"Azure, IBM Cloud, Alibaba Cloud, DigitalOcean",Compliance Segmentation,"Terraform, Spinnaker",Reserved Instances,0.49,34.0,Strategy tailored for regulatory compliance.
MCS-1677,AeroX Manufacturing,IoT Processing,"Azure, IBM Cloud, DigitalOcean",Failover/DR,"Kubernetes, Terraform, Crossplane",Pay-as-you-go,0.53,39.9,Strategy tailored for cost savings.
MCS-1678,RetailHub Online,Edge Computing,"Alibaba Cloud, IBM Cloud",Best-of-Breed,"Kubernetes, Spinnaker, Crossplane",Usage-based Scaling,0.9,21.9,Strategy tailored for global expansion.
MCS-1679,TechNova Solutions,Data Warehousing,"DigitalOcean, AWS, Azure",Vendor Risk Mitigation,"Istio, Azure Arc",Reserved Instances,0.35,28.7,Strategy tailored for cost savings.
MCS-1680,MediPulse Clinics,AI/ML Model Training,"AWS, Oracle Cloud, Alibaba Cloud",Cost Optimization,Spinnaker,Committed Use Discount,0.91,13.4,Strategy tailored for regulatory compliance.
MCS-1681,GovSecure Dept,Disaster Recovery,"GCP, Oracle Cloud",Best-of-Breed,"Crossplane, Azure Arc",Multi-year Contract,0.65,30.3,Strategy tailored for regulatory compliance.
MCS-1682,LogiTrans Freight,Global App Deployment,"Oracle Cloud, GCP, Alibaba Cloud, Azure",Vendor Risk Mitigation,Spinnaker,Usage-based Scaling,0.75,10.3,Strategy tailored for regulatory compliance.
MCS-1683,EduPrime University,Disaster Recovery,"Oracle Cloud, DigitalOcean, AWS, Alibaba Cloud",Distributed Workload,"Kubernetes, Terraform, Spinnaker",Spot Instances,0.74,41.4,Strategy tailored for global expansion.
MCS-1684,AeroX Manufacturing,AI/ML Model Training,"Azure, AWS, GCP, Alibaba Cloud",Hybrid Integration,Istio,Pay-as-you-go,0.26,14.5,Strategy tailored for cost savings.
MCS-1685,MediPulse Clinics,Hybrid Analytics,"Alibaba Cloud, DigitalOcean, IBM Cloud",Cost Optimization,"Istio, Anthos",Spot Instances,0.96,12.2,Strategy tailored for global expansion.
MCS-1686,LogiTrans Freight,Backup & Archival,"Azure, Oracle Cloud, AWS",Best-of-Breed,"Spinnaker, Azure Arc",Reserved Instances,0.86,24.7,Strategy tailored for cost savings.
MCS-1687,FinTrust Bank,AI/ML Model Training,"AWS, Alibaba Cloud, Oracle Cloud, DigitalOcean",Failover/DR,"HashiCorp Vault, Kubernetes",Committed Use Discount,0.32,39.8,Strategy tailored for latency reduction.
MCS-1688,HealthCore Systems,Backup & Archival,"Alibaba Cloud, Oracle Cloud, Azure",Hybrid Integration,"Spinnaker, Azure Arc, Crossplane",Committed Use Discount,0.5,25.6,Strategy tailored for regulatory compliance.
MCS-1689,GovSecure Dept,Backup & Archival,"Alibaba Cloud, AWS",Distributed Workload,Istio,Spot Instances,0.42,28.7,Strategy tailored for regulatory compliance.
MCS-1690,MediPulse Clinics,Hybrid Analytics,"AWS, Alibaba Cloud, Azure",Cost Optimization,"Crossplane, HashiCorp Vault, Kubernetes",Spot Instances,0.25,20.6,Strategy tailored for global expansion.
MCS-1691,EduPrime University,Edge Computing,"Oracle Cloud, Alibaba Cloud, AWS, DigitalOcean",Compliance Segmentation,"Spinnaker, Azure Arc, Crossplane",Reserved Instances,0.96,15.3,Strategy tailored for latency reduction.
MCS-1692,MediPulse Clinics,Edge Computing,"IBM Cloud, Oracle Cloud, Alibaba Cloud",Compliance Segmentation,"Crossplane, Anthos",Pay-as-you-go,0.68,18.0,Strategy tailored for latency reduction.
MCS-1693,AeroX Manufacturing,Disaster Recovery,"Alibaba Cloud, GCP",Hybrid Integration,"Terraform, Istio, HashiCorp Vault",Committed Use Discount,0.79,10.2,Strategy tailored for global expansion.
MCS-1694,HealthCore Systems,High-Performance Computing,"GCP, Oracle Cloud, Alibaba Cloud",Best-of-Breed,"Azure Arc, Kubernetes, Istio",Usage-based Scaling,0.96,23.2,Strategy tailored for regulatory compliance.
MCS-1695,AeroX Manufacturing,AI/ML Model Training,"AWS, GCP, Alibaba Cloud, DigitalOcean",Failover/DR,HashiCorp Vault,Pay-as-you-go,0.31,7.9,Strategy tailored for global expansion.
MCS-1696,MediPulse Clinics,Backup & Archival,"GCP, AWS, Oracle Cloud",Cost Optimization,HashiCorp Vault,Spot Instances,0.25,25.8,Strategy tailored for global expansion.
MCS-1697,TechNova Solutions,AI/ML Model Training,"AWS, DigitalOcean, Azure",Hybrid Integration,"HashiCorp Vault, Kubernetes",Multi-year Contract,0.4,38.2,Strategy tailored for regulatory compliance.
MCS-1698,TechNova Solutions,High-Performance Computing,"Oracle Cloud, DigitalOcean",Vendor Risk Mitigation,Azure Arc,Committed Use Discount,0.48,14.9,Strategy tailored for regulatory compliance.
MCS-1699,FinTrust Bank,Edge Computing,"Oracle Cloud, Azure, IBM Cloud, AWS",Compliance Segmentation,"Kubernetes, Crossplane, Anthos",Committed Use Discount,0.65,33.3,Strategy tailored for latency reduction.
MCS-1700,AeroX Manufacturing,Backup & Archival,"Oracle Cloud, Azure, GCP",Vendor Risk Mitigation,Crossplane,Multi-year Contract,0.25,11.7,Strategy tailored for regulatory compliance.
MCS-1701,MediPulse Clinics,Backup & Archival,"Azure, Oracle Cloud, DigitalOcean",Hybrid Integration,"Spinnaker, HashiCorp Vault, Crossplane",Reserved Instances,0.13,34.5,Strategy tailored for latency reduction.
MCS-1702,GovSecure Dept,Data Warehousing,"Oracle Cloud, Azure, Alibaba Cloud, GCP",Compliance Segmentation,"Istio, Crossplane, HashiCorp Vault",Usage-based Scaling,0.69,24.0,Strategy tailored for latency reduction.
MCS-1703,GovSecure Dept,Global App Deployment,"Oracle Cloud, Azure, DigitalOcean",Failover/DR,"Crossplane, Istio, Azure Arc",Spot Instances,0.85,37.2,Strategy tailored for regulatory compliance.
MCS-1704,HealthCore Systems,Global App Deployment,"GCP, Alibaba Cloud, Azure",Hybrid Integration,"Azure Arc, Spinnaker, Kubernetes",Pay-as-you-go,0.62,39.7,Strategy tailored for cost savings.
MCS-1705,RetailHub Online,Disaster Recovery,"Alibaba Cloud, GCP",Distributed Workload,"Istio, Azure Arc",Usage-based Scaling,0.28,9.5,Strategy tailored for latency reduction.
MCS-1706,RetailHub Online,Data Warehousing,"Azure, AWS, GCP",Vendor Risk Mitigation,"Anthos, HashiCorp Vault",Pay-as-you-go,0.34,7.3,Strategy tailored for global expansion.
MCS-1707,FinTrust Bank,Disaster Recovery,"GCP, IBM Cloud",Hybrid Integration,Istio,Committed Use Discount,0.57,42.5,Strategy tailored for latency reduction.
MCS-1708,MediPulse Clinics,Data Warehousing,"AWS, IBM Cloud",Compliance Segmentation,"Kubernetes, Crossplane, HashiCorp Vault",Multi-year Contract,0.14,9.9,Strategy tailored for regulatory compliance.
MCS-1709,LogiTrans Freight,AI/ML Model Training,"IBM Cloud, AWS",Vendor Risk Mitigation,"HashiCorp Vault, Istio",Multi-year Contract,0.5,42.4,Strategy tailored for global expansion.
MCS-1710,RetailHub Online,High-Performance Computing,"Azure, AWS",Failover/DR,Crossplane,Spot Instances,0.38,25.3,Strategy tailored for global expansion.
MCS-1711,AgriSmart Farms,Disaster Recovery,"IBM Cloud, GCP, AWS",Hybrid Integration,"Istio, Azure Arc, HashiCorp Vault",Reserved Instances,0.14,10.9,Strategy tailored for regulatory compliance.
MCS-1712,EduPrime University,IoT Processing,"DigitalOcean, GCP, Alibaba Cloud",Best-of-Breed,"Terraform, Istio, HashiCorp Vault",Usage-based Scaling,0.98,43.6,Strategy tailored for latency reduction.
MCS-1713,RetailHub Online,Edge Computing,"Oracle Cloud, GCP, DigitalOcean, AWS",Cost Optimization,Spinnaker,Spot Instances,0.1,43.1,Strategy tailored for latency reduction.
MCS-1714,MediPulse Clinics,Edge Computing,"AWS, Azure, GCP",Failover/DR,Spinnaker,Usage-based Scaling,0.67,39.7,Strategy tailored for regulatory compliance.
MCS-1715,MediPulse Clinics,Disaster Recovery,"Alibaba Cloud, AWS, Oracle Cloud",Distributed Workload,"Istio, Spinnaker, Anthos",Usage-based Scaling,0.5,25.6,Strategy tailored for global expansion.
MCS-1716,HealthCore Systems,Data Warehousing,"GCP, IBM Cloud, AWS, Alibaba Cloud",Distributed Workload,"HashiCorp Vault, Azure Arc, Spinnaker",Pay-as-you-go,0.54,31.7,Strategy tailored for latency reduction.
MCS-1717,EduPrime University,Hybrid Analytics,"Azure, AWS, Oracle Cloud, Alibaba Cloud",Compliance Segmentation,"HashiCorp Vault, Crossplane",Pay-as-you-go,0.22,6.2,Strategy tailored for latency reduction.
MCS-1718,EduPrime University,Global App Deployment,"DigitalOcean, Alibaba Cloud, Azure, Oracle Cloud",Vendor Risk Mitigation,"Spinnaker, Azure Arc",Usage-based Scaling,0.37,33.2,Strategy tailored for cost savings.
MCS-1719,AgriSmart Farms,Data Warehousing,"IBM Cloud, GCP, DigitalOcean, Azure",Best-of-Breed,"HashiCorp Vault, Kubernetes",Spot Instances,0.28,31.9,Strategy tailored for global expansion.
MCS-1720,AeroX Manufacturing,Global App Deployment,"AWS, IBM Cloud",Compliance Segmentation,"Azure Arc, Terraform, Spinnaker",Reserved Instances,0.96,8.8,Strategy tailored for regulatory compliance.
MCS-1721,EduPrime University,Disaster Recovery,"IBM Cloud, Oracle Cloud, Alibaba Cloud",Hybrid Integration,Kubernetes,Committed Use Discount,0.7,22.8,Strategy tailored for cost savings.
MCS-1722,AeroX Manufacturing,AI/ML Model Training,"DigitalOcean, IBM Cloud",Distributed Workload,"Spinnaker, Terraform",Reserved Instances,0.87,12.1,Strategy tailored for cost savings.
MCS-1723,RetailHub Online,Edge Computing,"DigitalOcean, Oracle Cloud, Alibaba Cloud",Failover/DR,"Azure Arc, Crossplane",Reserved Instances,0.72,38.5,Strategy tailored for regulatory compliance.
MCS-1724,RetailHub Online,High-Performance Computing,"Oracle Cloud, Azure",Best-of-Breed,"Crossplane, Kubernetes",Multi-year Contract,0.94,32.3,Strategy tailored for global expansion.
MCS-1725,RetailHub Online,IoT Processing,"DigitalOcean, Alibaba Cloud, Oracle Cloud, AWS",Best-of-Breed,"Anthos, Istio",Committed Use Discount,0.54,29.7,Strategy tailored for global expansion.
MCS-1726,RetailHub Online,High-Performance Computing,"Oracle Cloud, DigitalOcean, IBM Cloud, GCP",Best-of-Breed,Terraform,Pay-as-you-go,0.87,27.8,Strategy tailored for regulatory compliance.
MCS-1727,RetailHub Online,Hybrid Analytics,"IBM Cloud, DigitalOcean, Alibaba Cloud",Compliance Segmentation,"Terraform, Spinnaker, Anthos",Multi-year Contract,0.13,42.2,Strategy tailored for global expansion.
MCS-1728,AgriSmart Farms,High-Performance Computing,"GCP, Azure, IBM Cloud, AWS",Cost Optimization,Crossplane,Reserved Instances,0.71,32.1,Strategy tailored for global expansion.
MCS-1729,TechNova Solutions,Hybrid Analytics,"AWS, GCP",Compliance Segmentation,"Istio, Kubernetes, Anthos",Pay-as-you-go,0.29,31.4,Strategy tailored for regulatory compliance.
MCS-1730,FinTrust Bank,Data Warehousing,"Alibaba Cloud, GCP, DigitalOcean",Distributed Workload,"Crossplane, Spinnaker",Committed Use Discount,0.45,31.0,Strategy tailored for regulatory compliance.
MCS-1731,MediPulse Clinics,Data Warehousing,"DigitalOcean, Oracle Cloud, Azure",Cost Optimization,"Spinnaker, Terraform, Kubernetes",Reserved Instances,0.19,31.3,Strategy tailored for latency reduction.
MCS-1732,RetailHub Online,Data Warehousing,"Oracle Cloud, GCP",Failover/DR,"Spinnaker, Azure Arc, Terraform",Spot Instances,0.99,6.9,Strategy tailored for latency reduction.
MCS-1733,LogiTrans Freight,IoT Processing,"IBM Cloud, Oracle Cloud, DigitalOcean, Alibaba Cloud",Best-of-Breed,"Anthos, Terraform, Spinnaker",Pay-as-you-go,0.97,21.3,Strategy tailored for cost savings.
MCS-1734,AgriSmart Farms,Data Warehousing,"DigitalOcean, IBM Cloud",Vendor Risk Mitigation,"Azure Arc, Crossplane",Pay-as-you-go,0.87,36.3,Strategy tailored for cost savings.
MCS-1735,MediPulse Clinics,AI/ML Model Training,"Alibaba Cloud, Oracle Cloud",Compliance Segmentation,HashiCorp Vault,Pay-as-you-go,0.6,34.5,Strategy tailored for regulatory compliance.
MCS-1736,HealthCore Systems,High-Performance Computing,"IBM Cloud, AWS, GCP",Failover/DR,Kubernetes,Spot Instances,0.88,21.2,Strategy tailored for global expansion.
MCS-1737,LogiTrans Freight,Edge Computing,"DigitalOcean, AWS, GCP, Alibaba Cloud",Compliance Segmentation,"Spinnaker, Anthos, HashiCorp Vault",Usage-based Scaling,0.39,31.7,Strategy tailored for cost savings.
MCS-1738,RetailHub Online,Disaster Recovery,"GCP, Alibaba Cloud, AWS, IBM Cloud",Cost Optimization,"Istio, Terraform, Azure Arc",Committed Use Discount,0.82,35.5,Strategy tailored for cost savings.
MCS-1739,RetailHub Online,High-Performance Computing,"AWS, Azure",Failover/DR,"Istio, Anthos",Usage-based Scaling,0.81,22.4,Strategy tailored for cost savings.
MCS-1740,HealthCore Systems,Edge Computing,"Alibaba Cloud, Oracle Cloud, GCP",Compliance Segmentation,"Anthos, Spinnaker, HashiCorp Vault",Pay-as-you-go,0.83,9.8,Strategy tailored for regulatory compliance.
MCS-1741,GovSecure Dept,Global App Deployment,"Oracle Cloud, Alibaba Cloud, DigitalOcean",Hybrid Integration,"Istio, Terraform, Azure Arc",Committed Use Discount,0.58,5.2,Strategy tailored for cost savings.
MCS-1742,MediPulse Clinics,High-Performance Computing,"AWS, IBM Cloud",Hybrid Integration,"Azure Arc, HashiCorp Vault",Usage-based Scaling,0.39,19.7,Strategy tailored for cost savings.
MCS-1743,LogiTrans Freight,Backup & Archival,"DigitalOcean, IBM Cloud, AWS, GCP",Distributed Workload,"Kubernetes, Istio",Spot Instances,0.45,32.8,Strategy tailored for regulatory compliance.
MCS-1744,EduPrime University,Data Warehousing,"GCP, Azure, IBM Cloud, Oracle Cloud",Hybrid Integration,"Terraform, Crossplane, Spinnaker",Pay-as-you-go,0.45,22.9,Strategy tailored for latency reduction.
MCS-1745,GovSecure Dept,High-Performance Computing,"AWS, Oracle Cloud, IBM Cloud",Vendor Risk Mitigation,"HashiCorp Vault, Anthos",Multi-year Contract,0.31,19.9,Strategy tailored for latency reduction.
MCS-1746,GovSecure Dept,Disaster Recovery,"DigitalOcean, Alibaba Cloud",Distributed Workload,Anthos,Spot Instances,0.3,7.9,Strategy tailored for latency reduction.
MCS-1747,HealthCore Systems,High-Performance Computing,"GCP, Alibaba Cloud, IBM Cloud, Oracle Cloud",Vendor Risk Mitigation,"Spinnaker, Crossplane, Anthos",Committed Use Discount,0.64,31.7,Strategy tailored for cost savings.
MCS-1748,RetailHub Online,Data Warehousing,"DigitalOcean, IBM Cloud",Hybrid Integration,"Kubernetes, Azure Arc, Crossplane",Pay-as-you-go,0.65,23.5,Strategy tailored for latency reduction.
MCS-1749,MediPulse Clinics,AI/ML Model Training,"Azure, DigitalOcean",Distributed Workload,"Istio, Spinnaker",Usage-based Scaling,0.44,39.5,Strategy tailored for global expansion.
MCS-1750,AgriSmart Farms,IoT Processing,"DigitalOcean, Alibaba Cloud, Oracle Cloud, GCP",Best-of-Breed,Anthos,Pay-as-you-go,0.56,24.2,Strategy tailored for cost savings.
MCS-1751,HealthCore Systems,Disaster Recovery,"Azure, AWS, Alibaba Cloud, Oracle Cloud",Compliance Segmentation,Azure Arc,Spot Instances,0.12,18.6,Strategy tailored for cost savings.
MCS-1752,HealthCore Systems,Edge Computing,"Azure, Oracle Cloud, DigitalOcean",Best-of-Breed,Anthos,Reserved Instances,0.44,21.0,Strategy tailored for global expansion.
MCS-1753,LogiTrans Freight,Hybrid Analytics,"Alibaba Cloud, Oracle Cloud",Cost Optimization,Azure Arc,Committed Use Discount,0.62,26.3,Strategy tailored for global expansion.
MCS-1754,FinTrust Bank,IoT Processing,"AWS, DigitalOcean",Vendor Risk Mitigation,"Istio, Azure Arc, Spinnaker",Usage-based Scaling,0.64,35.6,Strategy tailored for regulatory compliance.
MCS-1755,FinTrust Bank,Hybrid Analytics,"Oracle Cloud, IBM Cloud, DigitalOcean",Compliance Segmentation,"Spinnaker, Kubernetes, HashiCorp Vault",Pay-as-you-go,0.82,33.7,Strategy tailored for latency reduction.
MCS-1756,MediPulse Clinics,IoT Processing,"AWS, GCP, Oracle Cloud, IBM Cloud",Best-of-Breed,"HashiCorp Vault, Azure Arc",Usage-based Scaling,0.95,5.7,Strategy tailored for global expansion.
MCS-1757,FinTrust Bank,Data Warehousing,"DigitalOcean, Azure, Oracle Cloud",Hybrid Integration,"Azure Arc, Crossplane",Reserved Instances,0.27,5.3,Strategy tailored for regulatory compliance.
MCS-1758,AeroX Manufacturing,Hybrid Analytics,"GCP, DigitalOcean",Compliance Segmentation,"Istio, Spinnaker",Usage-based Scaling,0.68,40.9,Strategy tailored for regulatory compliance.
MCS-1759,LogiTrans Freight,Data Warehousing,"Azure, GCP, AWS, Oracle Cloud",Failover/DR,Azure Arc,Reserved Instances,0.32,42.1,Strategy tailored for global expansion.
MCS-1760,HealthCore Systems,High-Performance Computing,"GCP, Azure, DigitalOcean",Cost Optimization,Terraform,Committed Use Discount,0.15,42.4,Strategy tailored for regulatory compliance.
MCS-1761,TechNova Solutions,Data Warehousing,"Alibaba Cloud, IBM Cloud",Best-of-Breed,HashiCorp Vault,Spot Instances,0.41,9.1,Strategy tailored for latency reduction.
MCS-1762,AeroX Manufacturing,Global App Deployment,"IBM Cloud, Azure",Distributed Workload,"HashiCorp Vault, Istio",Committed Use Discount,0.53,15.3,Strategy tailored for latency reduction.
MCS-1763,GovSecure Dept,Edge Computing,"Alibaba Cloud, DigitalOcean",Vendor Risk Mitigation,"Kubernetes, HashiCorp Vault, Terraform",Spot Instances,0.35,17.3,Strategy tailored for global expansion.
MCS-1764,HealthCore Systems,AI/ML Model Training,"IBM Cloud, AWS, Alibaba Cloud, DigitalOcean",Cost Optimization,Anthos,Usage-based Scaling,0.81,26.6,Strategy tailored for latency reduction.
MCS-1765,RetailHub Online,IoT Processing,"DigitalOcean, GCP",Compliance Segmentation,"Spinnaker, HashiCorp Vault",Pay-as-you-go,0.38,29.4,Strategy tailored for cost savings.
MCS-1766,TechNova Solutions,IoT Processing,"AWS, Azure",Distributed Workload,"Terraform, Kubernetes",Spot Instances,0.74,15.9,Strategy tailored for regulatory compliance.
MCS-1767,AgriSmart Farms,Backup & Archival,"AWS, GCP",Hybrid Integration,"Istio, Anthos, HashiCorp Vault",Usage-based Scaling,0.47,9.9,Strategy tailored for cost savings.
MCS-1768,EduPrime University,Backup & Archival,"Alibaba Cloud, Azure, DigitalOcean",Vendor Risk Mitigation,"Istio, Azure Arc",Spot Instances,0.26,32.2,Strategy tailored for regulatory compliance.
MCS-1769,FinTrust Bank,Hybrid Analytics,"Alibaba Cloud, AWS",Compliance Segmentation,"Kubernetes, Terraform, Anthos",Committed Use Discount,0.26,26.0,Strategy tailored for global expansion.
MCS-1770,EduPrime University,High-Performance Computing,"Oracle Cloud, AWS",Compliance Segmentation,"Anthos, Crossplane, Terraform",Usage-based Scaling,0.73,9.3,Strategy tailored for regulatory compliance.
MCS-1771,MediPulse Clinics,High-Performance Computing,"DigitalOcean, IBM Cloud, GCP, Alibaba Cloud",Hybrid Integration,Crossplane,Multi-year Contract,0.6,15.3,Strategy tailored for cost savings.
MCS-1772,MediPulse Clinics,Hybrid Analytics,"Azure, IBM Cloud, DigitalOcean, Oracle Cloud",Compliance Segmentation,"Istio, Spinnaker",Reserved Instances,0.96,24.3,Strategy tailored for regulatory compliance.
MCS-1773,HealthCore Systems,Disaster Recovery,"GCP, Oracle Cloud, Azure, Alibaba Cloud",Failover/DR,Crossplane,Multi-year Contract,0.82,27.0,Strategy tailored for regulatory compliance.
MCS-1774,EduPrime University,Disaster Recovery,"Alibaba Cloud, IBM Cloud",Cost Optimization,"Azure Arc, Istio",Committed Use Discount,0.14,30.3,Strategy tailored for global expansion.
MCS-1775,GovSecure Dept,AI/ML Model Training,"AWS, GCP, DigitalOcean, IBM Cloud",Best-of-Breed,Kubernetes,Spot Instances,0.95,29.1,Strategy tailored for regulatory compliance.
MCS-1776,AeroX Manufacturing,Disaster Recovery,"GCP, Azure, IBM Cloud",Cost Optimization,"Azure Arc, Anthos, Istio",Committed Use Discount,0.83,40.4,Strategy tailored for cost savings.
MCS-1777,MediPulse Clinics,Backup & Archival,"Azure, AWS, GCP, Alibaba Cloud",Vendor Risk Mitigation,"Spinnaker, Terraform",Reserved Instances,0.3,13.5,Strategy tailored for global expansion.
MCS-1778,MediPulse Clinics,AI/ML Model Training,"AWS, Oracle Cloud",Failover/DR,"Azure Arc, Spinnaker",Pay-as-you-go,0.64,21.4,Strategy tailored for regulatory compliance.
MCS-1779,GovSecure Dept,High-Performance Computing,"IBM Cloud, Alibaba Cloud, Oracle Cloud, GCP",Cost Optimization,"Istio, Azure Arc",Usage-based Scaling,0.85,41.0,Strategy tailored for global expansion.
MCS-1780,MediPulse Clinics,Data Warehousing,"IBM Cloud, Azure",Distributed Workload,"Spinnaker, Kubernetes, HashiCorp Vault",Multi-year Contract,0.41,14.5,Strategy tailored for latency reduction.
MCS-1781,RetailHub Online,Hybrid Analytics,"AWS, DigitalOcean, Azure",Cost Optimization,"Kubernetes, Crossplane",Spot Instances,0.79,16.0,Strategy tailored for latency reduction.
MCS-1782,HealthCore Systems,IoT Processing,"GCP, AWS, IBM Cloud, Azure",Best-of-Breed,"Crossplane, Anthos",Committed Use Discount,0.83,21.9,Strategy tailored for regulatory compliance.
MCS-1783,LogiTrans Freight,Disaster Recovery,"Azure, IBM Cloud",Distributed Workload,Crossplane,Committed Use Discount,0.69,8.8,Strategy tailored for cost savings.
MCS-1784,EduPrime University,Hybrid Analytics,"AWS, IBM Cloud",Hybrid Integration,Terraform,Spot Instances,0.66,23.1,Strategy tailored for global expansion.
MCS-1785,AeroX Manufacturing,Edge Computing,"Oracle Cloud, GCP, Alibaba Cloud, IBM Cloud",Vendor Risk Mitigation,"Anthos, Istio, Kubernetes",Multi-year Contract,0.62,11.7,Strategy tailored for global expansion.
MCS-1786,LogiTrans Freight,Hybrid Analytics,"Alibaba Cloud, DigitalOcean",Hybrid Integration,Istio,Spot Instances,0.76,39.5,Strategy tailored for cost savings.
MCS-1787,MediPulse Clinics,IoT Processing,"AWS, DigitalOcean, Oracle Cloud, GCP",Compliance Segmentation,Anthos,Usage-based Scaling,0.29,8.8,Strategy tailored for latency reduction.
MCS-1788,AeroX Manufacturing,Edge Computing,"DigitalOcean, AWS, IBM Cloud, Alibaba Cloud",Failover/DR,"Terraform, Crossplane, Istio",Reserved Instances,0.12,30.7,Strategy tailored for global expansion.
MCS-1789,GovSecure Dept,Disaster Recovery,"DigitalOcean, IBM Cloud",Failover/DR,Crossplane,Reserved Instances,0.64,26.9,Strategy tailored for cost savings.
MCS-1790,AeroX Manufacturing,Hybrid Analytics,"Alibaba Cloud, IBM Cloud",Cost Optimization,"Istio, Crossplane",Pay-as-you-go,0.31,20.6,Strategy tailored for global expansion.
MCS-1791,FinTrust Bank,IoT Processing,"Azure, Oracle Cloud, AWS",Vendor Risk Mitigation,"HashiCorp Vault, Azure Arc, Anthos",Pay-as-you-go,0.63,24.9,Strategy tailored for latency reduction.
MCS-1792,HealthCore Systems,Backup & Archival,"GCP, Azure",Failover/DR,"Kubernetes, Spinnaker",Committed Use Discount,0.98,10.5,Strategy tailored for global expansion.
MCS-1793,EduPrime University,Disaster Recovery,"GCP, Azure, AWS, IBM Cloud",Hybrid Integration,"Kubernetes, Anthos",Reserved Instances,0.72,21.2,Strategy tailored for global expansion.
MCS-1794,TechNova Solutions,Edge Computing,"Alibaba Cloud, AWS, DigitalOcean",Failover/DR,Azure Arc,Spot Instances,0.48,33.7,Strategy tailored for global expansion.
MCS-1795,HealthCore Systems,Edge Computing,"GCP, Oracle Cloud",Cost Optimization,"Kubernetes, Azure Arc",Pay-as-you-go,0.72,44.7,Strategy tailored for global expansion.
MCS-1796,RetailHub Online,Disaster Recovery,"IBM Cloud, Alibaba Cloud, AWS",Failover/DR,"Anthos, Spinnaker, Crossplane",Spot Instances,0.21,9.2,Strategy tailored for global expansion.
MCS-1797,HealthCore Systems,Backup & Archival,"Alibaba Cloud, Azure",Hybrid Integration,"Anthos, Istio, Kubernetes",Multi-year Contract,0.74,28.1,Strategy tailored for global expansion.
MCS-1798,GovSecure Dept,Hybrid Analytics,"AWS, Oracle Cloud",Vendor Risk Mitigation,"Crossplane, HashiCorp Vault, Kubernetes",Pay-as-you-go,0.34,8.2,Strategy tailored for latency reduction.
MCS-1799,LogiTrans Freight,Edge Computing,"GCP, DigitalOcean, Oracle Cloud, Alibaba Cloud",Vendor Risk Mitigation,"Azure Arc, Crossplane, Istio",Committed Use Discount,0.18,40.8,Strategy tailored for latency reduction.
MCS-1800,EduPrime University,Backup & Archival,"AWS, GCP, Alibaba Cloud, Oracle Cloud",Compliance Segmentation,Anthos,Usage-based Scaling,0.27,17.9,Strategy tailored for regulatory compliance.
MCS-1801,MediPulse Clinics,Global App Deployment,"IBM Cloud, GCP, DigitalOcean, Alibaba Cloud",Vendor Risk Mitigation,"Spinnaker, Anthos, Kubernetes",Usage-based Scaling,0.3,19.2,Strategy tailored for regulatory compliance.
MCS-1802,TechNova Solutions,Global App Deployment,"IBM Cloud, GCP, AWS",Compliance Segmentation,Terraform,Multi-year Contract,0.16,25.8,Strategy tailored for global expansion.
MCS-1803,FinTrust Bank,Disaster Recovery,"Azure, Oracle Cloud, IBM Cloud, DigitalOcean",Vendor Risk Mitigation,"Kubernetes, Istio",Usage-based Scaling,0.16,37.0,Strategy tailored for latency reduction.
MCS-1804,GovSecure Dept,Disaster Recovery,"Oracle Cloud, DigitalOcean, AWS, GCP",Vendor Risk Mitigation,"HashiCorp Vault, Azure Arc",Reserved Instances,0.31,26.6,Strategy tailored for latency reduction.
MCS-1805,HealthCore Systems,Hybrid Analytics,"Azure, Oracle Cloud, AWS",Failover/DR,"Terraform, Istio, Anthos",Usage-based Scaling,0.88,31.0,Strategy tailored for regulatory compliance.
MCS-1806,RetailHub Online,AI/ML Model Training,"DigitalOcean, GCP, Azure, IBM Cloud",Distributed Workload,"Terraform, Anthos",Spot Instances,0.57,18.0,Strategy tailored for cost savings.
MCS-1807,FinTrust Bank,Global App Deployment,"Oracle Cloud, AWS, GCP, Alibaba Cloud",Failover/DR,"Azure Arc, HashiCorp Vault, Istio",Multi-year Contract,0.4,31.8,Strategy tailored for cost savings.
MCS-1808,HealthCore Systems,Data Warehousing,"AWS, Azure, GCP, DigitalOcean",Cost Optimization,"Crossplane, Kubernetes, HashiCorp Vault",Pay-as-you-go,0.98,31.5,Strategy tailored for regulatory compliance.
MCS-1809,GovSecure Dept,Hybrid Analytics,"Oracle Cloud, DigitalOcean",Compliance Segmentation,"Terraform, Istio, Anthos",Spot Instances,0.6,34.2,Strategy tailored for global expansion.
MCS-1810,AgriSmart Farms,AI/ML Model Training,"IBM Cloud, Oracle Cloud, DigitalOcean, GCP",Cost Optimization,Azure Arc,Pay-as-you-go,0.51,7.4,Strategy tailored for regulatory compliance.
MCS-1811,MediPulse Clinics,Backup & Archival,"GCP, AWS, Oracle Cloud",Failover/DR,"Kubernetes, Crossplane",Pay-as-you-go,0.6,43.3,Strategy tailored for cost savings.
MCS-1812,MediPulse Clinics,AI/ML Model Training,"Azure, Alibaba Cloud",Hybrid Integration,"Kubernetes, HashiCorp Vault",Usage-based Scaling,0.26,32.6,Strategy tailored for latency reduction.
MCS-1813,FinTrust Bank,Hybrid Analytics,"Alibaba Cloud, AWS, IBM Cloud",Vendor Risk Mitigation,"HashiCorp Vault, Istio, Anthos",Reserved Instances,0.28,26.4,Strategy tailored for latency reduction.
MCS-1814,LogiTrans Freight,Global App Deployment,"Alibaba Cloud, AWS, GCP",Cost Optimization,Kubernetes,Multi-year Contract,0.19,23.0,Strategy tailored for global expansion.
MCS-1815,HealthCore Systems,Hybrid Analytics,"AWS, Alibaba Cloud, DigitalOcean, IBM Cloud",Distributed Workload,"Kubernetes, Istio",Reserved Instances,0.77,18.9,Strategy tailored for latency reduction.
MCS-1816,LogiTrans Freight,Disaster Recovery,"IBM Cloud, DigitalOcean, Oracle Cloud",Best-of-Breed,Terraform,Multi-year Contract,0.69,36.8,Strategy tailored for latency reduction.
MCS-1817,AgriSmart Farms,High-Performance Computing,"AWS, IBM Cloud, Oracle Cloud",Failover/DR,"Terraform, Azure Arc, Istio",Spot Instances,0.93,14.4,Strategy tailored for global expansion.
MCS-1818,AeroX Manufacturing,AI/ML Model Training,"DigitalOcean, Alibaba Cloud, AWS",Distributed Workload,"HashiCorp Vault, Crossplane, Kubernetes",Pay-as-you-go,0.46,11.1,Strategy tailored for latency reduction.
MCS-1819,FinTrust Bank,AI/ML Model Training,"Alibaba Cloud, Azure, IBM Cloud, DigitalOcean",Compliance Segmentation,"Crossplane, Anthos, Azure Arc",Spot Instances,0.98,42.1,Strategy tailored for global expansion.
MCS-1820,EduPrime University,Global App Deployment,"Alibaba Cloud, AWS",Best-of-Breed,Crossplane,Multi-year Contract,0.58,38.7,Strategy tailored for global expansion.
MCS-1821,GovSecure Dept,IoT Processing,"IBM Cloud, Alibaba Cloud, Azure",Failover/DR,"Crossplane, Spinnaker",Committed Use Discount,0.56,29.9,Strategy tailored for regulatory compliance.
MCS-1822,TechNova Solutions,Disaster Recovery,"IBM Cloud, DigitalOcean, Azure, AWS",Failover/DR,"Terraform, Azure Arc, Anthos",Reserved Instances,0.18,35.2,Strategy tailored for cost savings.
MCS-1823,RetailHub Online,AI/ML Model Training,"Azure, DigitalOcean, Oracle Cloud",Compliance Segmentation,"Spinnaker, Crossplane, HashiCorp Vault",Committed Use Discount,0.21,38.0,Strategy tailored for regulatory compliance.
MCS-1824,AeroX Manufacturing,Edge Computing,"GCP, Azure, AWS",Distributed Workload,Spinnaker,Reserved Instances,0.8,33.3,Strategy tailored for latency reduction.
MCS-1825,RetailHub Online,Global App Deployment,"IBM Cloud, Azure, DigitalOcean",Distributed Workload,"HashiCorp Vault, Istio, Spinnaker",Spot Instances,0.13,17.1,Strategy tailored for cost savings.
MCS-1826,MediPulse Clinics,Data Warehousing,"GCP, AWS",Best-of-Breed,"Terraform, Crossplane",Pay-as-you-go,0.33,19.4,Strategy tailored for cost savings.
MCS-1827,AgriSmart Farms,Hybrid Analytics,"DigitalOcean, IBM Cloud",Vendor Risk Mitigation,"Terraform, Spinnaker",Reserved Instances,0.18,42.5,Strategy tailored for cost savings.
MCS-1828,AgriSmart Farms,Data Warehousing,"GCP, DigitalOcean",Failover/DR,"Azure Arc, Kubernetes",Reserved Instances,0.59,17.2,Strategy tailored for latency reduction.
MCS-1829,EduPrime University,Edge Computing,"AWS, DigitalOcean",Failover/DR,"Kubernetes, Anthos",Reserved Instances,0.45,22.9,Strategy tailored for regulatory compliance.
MCS-1830,LogiTrans Freight,Global App Deployment,"Alibaba Cloud, GCP, Azure",Cost Optimization,"Istio, HashiCorp Vault, Terraform",Pay-as-you-go,0.63,25.6,Strategy tailored for cost savings.
MCS-1831,EduPrime University,Global App Deployment,"IBM Cloud, Oracle Cloud",Compliance Segmentation,"HashiCorp Vault, Crossplane",Spot Instances,0.92,24.9,Strategy tailored for cost savings.
MCS-1832,FinTrust Bank,Global App Deployment,"GCP, Azure, Alibaba Cloud, DigitalOcean",Best-of-Breed,"Crossplane, Istio, Kubernetes",Multi-year Contract,0.98,39.1,Strategy tailored for global expansion.
MCS-1833,RetailHub Online,AI/ML Model Training,"Alibaba Cloud, DigitalOcean, IBM Cloud",Best-of-Breed,Istio,Usage-based Scaling,0.29,42.2,Strategy tailored for regulatory compliance.
MCS-1834,LogiTrans Freight,Backup & Archival,"Azure, GCP, DigitalOcean",Cost Optimization,"Spinnaker, HashiCorp Vault, Azure Arc",Spot Instances,0.2,37.7,Strategy tailored for regulatory compliance.
MCS-1835,AeroX Manufacturing,High-Performance Computing,"Alibaba Cloud, IBM Cloud, AWS, Azure",Failover/DR,Spinnaker,Reserved Instances,0.44,40.1,Strategy tailored for global expansion.
MCS-1836,RetailHub Online,Edge Computing,"Oracle Cloud, IBM Cloud, Azure",Vendor Risk Mitigation,"Crossplane, Spinnaker",Pay-as-you-go,0.87,37.2,Strategy tailored for cost savings.
MCS-1837,HealthCore Systems,Edge Computing,"IBM Cloud, GCP, Azure",Cost Optimization,Spinnaker,Multi-year Contract,0.8,17.2,Strategy tailored for regulatory compliance.
MCS-1838,MediPulse Clinics,Hybrid Analytics,"Oracle Cloud, Alibaba Cloud, GCP",Vendor Risk Mitigation,"HashiCorp Vault, Anthos",Spot Instances,0.17,21.1,Strategy tailored for latency reduction.
MCS-1839,EduPrime University,Hybrid Analytics,"GCP, DigitalOcean",Best-of-Breed,"Kubernetes, Anthos",Multi-year Contract,0.25,32.8,Strategy tailored for latency reduction.
MCS-1840,AgriSmart Farms,Global App Deployment,"AWS, Alibaba Cloud",Hybrid Integration,Azure Arc,Committed Use Discount,0.41,44.0,Strategy tailored for cost savings.
MCS-1841,TechNova Solutions,Edge Computing,"DigitalOcean, Alibaba Cloud, GCP",Failover/DR,"Anthos, Istio, HashiCorp Vault",Usage-based Scaling,0.67,37.9,Strategy tailored for regulatory compliance.
MCS-1842,FinTrust Bank,Edge Computing,"Alibaba Cloud, GCP, Oracle Cloud",Distributed Workload,"Terraform, Azure Arc, HashiCorp Vault",Multi-year Contract,0.22,39.5,Strategy tailored for cost savings.
MCS-1843,MediPulse Clinics,Global App Deployment,"DigitalOcean, Alibaba Cloud",Failover/DR,"Azure Arc, Crossplane",Multi-year Contract,0.92,24.5,Strategy tailored for global expansion.
MCS-1844,LogiTrans Freight,IoT Processing,"GCP, Azure",Distributed Workload,"Istio, Kubernetes, Azure Arc",Spot Instances,0.64,35.6,Strategy tailored for latency reduction.
MCS-1845,TechNova Solutions,Data Warehousing,"Alibaba Cloud, Azure, GCP, AWS",Distributed Workload,"HashiCorp Vault, Anthos, Kubernetes",Spot Instances,0.26,25.1,Strategy tailored for global expansion.
MCS-1846,MediPulse Clinics,Backup & Archival,"GCP, IBM Cloud, AWS",Cost Optimization,Anthos,Reserved Instances,0.45,10.9,Strategy tailored for regulatory compliance.
MCS-1847,AeroX Manufacturing,High-Performance Computing,"Azure, Oracle Cloud, AWS",Cost Optimization,"Azure Arc, Spinnaker",Pay-as-you-go,0.43,7.7,Strategy tailored for regulatory compliance.
MCS-1848,AeroX Manufacturing,Hybrid Analytics,"GCP, AWS, Azure, DigitalOcean",Compliance Segmentation,"Anthos, Terraform, HashiCorp Vault",Multi-year Contract,0.12,10.4,Strategy tailored for global expansion.
MCS-1849,FinTrust Bank,Data Warehousing,"AWS, Oracle Cloud",Hybrid Integration,Azure Arc,Committed Use Discount,0.96,27.0,Strategy tailored for latency reduction.
MCS-1850,LogiTrans Freight,Disaster Recovery,"IBM Cloud, AWS, Azure",Hybrid Integration,"Istio, Kubernetes",Pay-as-you-go,0.96,22.3,Strategy tailored for cost savings.
MCS-1851,GovSecure Dept,High-Performance Computing,"DigitalOcean, AWS, Oracle Cloud",Vendor Risk Mitigation,Anthos,Reserved Instances,0.38,25.2,Strategy tailored for regulatory compliance.
MCS-1852,MediPulse Clinics,Hybrid Analytics,"IBM Cloud, Alibaba Cloud",Hybrid Integration,"Azure Arc, Crossplane, HashiCorp Vault",Usage-based Scaling,0.49,9.2,Strategy tailored for global expansion.
MCS-1853,AgriSmart Farms,Global App Deployment,"Azure, Oracle Cloud",Best-of-Breed,"Azure Arc, Crossplane",Committed Use Discount,0.67,13.6,Strategy tailored for global expansion.
MCS-1854,LogiTrans Freight,Hybrid Analytics,"AWS, DigitalOcean, Alibaba Cloud, GCP",Compliance Segmentation,"HashiCorp Vault, Spinnaker",Usage-based Scaling,0.65,31.0,Strategy tailored for regulatory compliance.
MCS-1855,MediPulse Clinics,Data Warehousing,"Azure, Alibaba Cloud, IBM Cloud",Compliance Segmentation,"Spinnaker, Azure Arc",Usage-based Scaling,0.24,7.5,Strategy tailored for cost savings.
MCS-1856,AeroX Manufacturing,AI/ML Model Training,"DigitalOcean, AWS, Azure",Vendor Risk Mitigation,Crossplane,Usage-based Scaling,0.79,23.4,Strategy tailored for regulatory compliance.
MCS-1857,HealthCore Systems,Global App Deployment,"Oracle Cloud, IBM Cloud, AWS",Hybrid Integration,Kubernetes,Multi-year Contract,0.15,44.8,Strategy tailored for regulatory compliance.
MCS-1858,MediPulse Clinics,Hybrid Analytics,"GCP, Azure",Cost Optimization,Spinnaker,Pay-as-you-go,0.15,32.8,Strategy tailored for latency reduction.
MCS-1859,LogiTrans Freight,High-Performance Computing,"DigitalOcean, Oracle Cloud, Azure",Distributed Workload,Terraform,Committed Use Discount,0.98,14.6,Strategy tailored for latency reduction.
MCS-1860,EduPrime University,IoT Processing,"DigitalOcean, Oracle Cloud, Alibaba Cloud, IBM Cloud",Best-of-Breed,Azure Arc,Usage-based Scaling,0.23,9.9,Strategy tailored for global expansion.
MCS-1861,EduPrime University,Hybrid Analytics,"Alibaba Cloud, Azure, DigitalOcean",Vendor Risk Mitigation,Kubernetes,Reserved Instances,0.37,9.0,Strategy tailored for regulatory compliance.
MCS-1862,HealthCore Systems,Backup & Archival,"Oracle Cloud, Azure, AWS, IBM Cloud",Compliance Segmentation,"Anthos, Azure Arc",Committed Use Discount,0.72,7.5,Strategy tailored for cost savings.
MCS-1863,RetailHub Online,Disaster Recovery,"IBM Cloud, Azure, Oracle Cloud, AWS",Vendor Risk Mitigation,"Kubernetes, Azure Arc, HashiCorp Vault",Committed Use Discount,0.55,44.9,Strategy tailored for global expansion.
MCS-1864,FinTrust Bank,Disaster Recovery,"Alibaba Cloud, Oracle Cloud",Vendor Risk Mitigation,Azure Arc,Committed Use Discount,0.82,29.6,Strategy tailored for cost savings.
MCS-1865,RetailHub Online,AI/ML Model Training,"Oracle Cloud, AWS",Best-of-Breed,"Azure Arc, HashiCorp Vault",Usage-based Scaling,0.37,30.0,Strategy tailored for latency reduction.
MCS-1866,RetailHub Online,AI/ML Model Training,"Azure, DigitalOcean, Alibaba Cloud, AWS",Distributed Workload,"Kubernetes, Istio, Anthos",Committed Use Discount,0.57,22.0,Strategy tailored for cost savings.
MCS-1867,AeroX Manufacturing,Global App Deployment,"Oracle Cloud, Alibaba Cloud, AWS, Azure",Failover/DR,HashiCorp Vault,Committed Use Discount,0.22,40.5,Strategy tailored for cost savings.
MCS-1868,FinTrust Bank,High-Performance Computing,"GCP, AWS, Oracle Cloud, Azure",Distributed Workload,Kubernetes,Usage-based Scaling,0.5,12.8,Strategy tailored for regulatory compliance.
MCS-1869,AeroX Manufacturing,IoT Processing,"AWS, Azure",Distributed Workload,"Spinnaker, Terraform",Usage-based Scaling,0.43,21.6,Strategy tailored for cost savings.
MCS-1870,AgriSmart Farms,AI/ML Model Training,"GCP, DigitalOcean, Oracle Cloud, Azure",Hybrid Integration,HashiCorp Vault,Usage-based Scaling,0.84,34.3,Strategy tailored for global expansion.
MCS-1871,HealthCore Systems,IoT Processing,"IBM Cloud, Alibaba Cloud",Distributed Workload,"Azure Arc, Crossplane",Multi-year Contract,0.78,5.4,Strategy tailored for latency reduction.
MCS-1872,RetailHub Online,Disaster Recovery,"Alibaba Cloud, AWS, GCP, Azure",Compliance Segmentation,"Azure Arc, Crossplane",Pay-as-you-go,0.47,24.3,Strategy tailored for latency reduction.
MCS-1873,EduPrime University,IoT Processing,"GCP, Azure, DigitalOcean",Distributed Workload,Terraform,Reserved Instances,0.12,15.4,Strategy tailored for global expansion.
MCS-1874,TechNova Solutions,Data Warehousing,"GCP, DigitalOcean, AWS",Cost Optimization,"Crossplane, Istio",Pay-as-you-go,0.78,10.5,Strategy tailored for cost savings.
MCS-1875,TechNova Solutions,IoT Processing,"Azure, IBM Cloud",Best-of-Breed,"Azure Arc, Istio, HashiCorp Vault",Usage-based Scaling,0.58,13.6,Strategy tailored for cost savings.
MCS-1876,AeroX Manufacturing,High-Performance Computing,"GCP, Azure, Oracle Cloud, AWS",Best-of-Breed,"Kubernetes, Spinnaker",Pay-as-you-go,0.11,14.6,Strategy tailored for cost savings.
MCS-1877,RetailHub Online,Data Warehousing,"Azure, IBM Cloud",Cost Optimization,Azure Arc,Multi-year Contract,0.97,37.1,Strategy tailored for latency reduction.
MCS-1878,MediPulse Clinics,Hybrid Analytics,"Azure, DigitalOcean, Alibaba Cloud",Failover/DR,"Anthos, Crossplane",Reserved Instances,0.95,24.5,Strategy tailored for regulatory compliance.
MCS-1879,AgriSmart Farms,Hybrid Analytics,"Azure, GCP, Oracle Cloud, AWS",Hybrid Integration,"Istio, Kubernetes",Spot Instances,0.2,26.9,Strategy tailored for global expansion.
MCS-1880,MediPulse Clinics,Backup & Archival,"DigitalOcean, Oracle Cloud, Azure, Alibaba Cloud",Best-of-Breed,"Istio, Spinnaker",Pay-as-you-go,0.5,38.8,Strategy tailored for regulatory compliance.
MCS-1881,AeroX Manufacturing,Backup & Archival,"IBM Cloud, DigitalOcean",Failover/DR,"Istio, Azure Arc",Committed Use Discount,0.19,24.5,Strategy tailored for global expansion.
MCS-1882,AgriSmart Farms,High-Performance Computing,"IBM Cloud, Oracle Cloud, AWS, GCP",Failover/DR,"Spinnaker, Kubernetes, Istio",Reserved Instances,0.23,18.0,Strategy tailored for latency reduction.
MCS-1883,FinTrust Bank,Backup & Archival,"DigitalOcean, GCP, Oracle Cloud, IBM Cloud",Distributed Workload,"HashiCorp Vault, Azure Arc",Spot Instances,0.76,24.0,Strategy tailored for regulatory compliance.
MCS-1884,AeroX Manufacturing,AI/ML Model Training,"AWS, Alibaba Cloud, Oracle Cloud",Cost Optimization,Azure Arc,Spot Instances,0.43,20.8,Strategy tailored for regulatory compliance.
MCS-1885,TechNova Solutions,Backup & Archival,"Oracle Cloud, DigitalOcean, GCP, AWS",Compliance Segmentation,"Istio, HashiCorp Vault",Reserved Instances,0.51,36.4,Strategy tailored for cost savings.
MCS-1886,LogiTrans Freight,Disaster Recovery,"DigitalOcean, Alibaba Cloud, AWS",Compliance Segmentation,"Anthos, Spinnaker, Crossplane",Spot Instances,0.89,43.2,Strategy tailored for cost savings.
MCS-1887,AgriSmart Farms,Global App Deployment,"IBM Cloud, DigitalOcean, Azure, AWS",Best-of-Breed,Istio,Spot Instances,0.8,17.6,Strategy tailored for latency reduction.
MCS-1888,GovSecure Dept,Global App Deployment,"Azure, Oracle Cloud, GCP",Compliance Segmentation,"Istio, Crossplane",Committed Use Discount,0.71,22.5,Strategy tailored for global expansion.
MCS-1889,HealthCore Systems,AI/ML Model Training,"IBM Cloud, GCP, Azure, DigitalOcean",Compliance Segmentation,Istio,Usage-based Scaling,0.33,38.6,Strategy tailored for regulatory compliance.
MCS-1890,FinTrust Bank,Data Warehousing,"AWS, Alibaba Cloud, DigitalOcean",Vendor Risk Mitigation,"Istio, Crossplane, Azure Arc",Usage-based Scaling,0.13,41.1,Strategy tailored for regulatory compliance.
MCS-1891,MediPulse Clinics,Data Warehousing,"GCP, Azure",Compliance Segmentation,Azure Arc,Spot Instances,0.51,30.5,Strategy tailored for cost savings.
MCS-1892,GovSecure Dept,AI/ML Model Training,"IBM Cloud, Azure, DigitalOcean",Failover/DR,Anthos,Reserved Instances,0.69,40.8,Strategy tailored for regulatory compliance.
MCS-1893,MediPulse Clinics,Hybrid Analytics,"IBM Cloud, AWS, Azure, DigitalOcean",Hybrid Integration,Istio,Pay-as-you-go,0.67,29.6,Strategy tailored for regulatory compliance.
MCS-1894,HealthCore Systems,IoT Processing,"IBM Cloud, Azure",Distributed Workload,"Kubernetes, Terraform",Pay-as-you-go,0.16,25.7,Strategy tailored for regulatory compliance.
MCS-1895,FinTrust Bank,Disaster Recovery,"Azure, IBM Cloud",Vendor Risk Mitigation,Istio,Multi-year Contract,0.23,34.5,Strategy tailored for regulatory compliance.
MCS-1896,LogiTrans Freight,Hybrid Analytics,"IBM Cloud, Oracle Cloud, GCP",Hybrid Integration,"HashiCorp Vault, Anthos, Kubernetes",Committed Use Discount,0.56,32.2,Strategy tailored for global expansion.
MCS-1897,MediPulse Clinics,Disaster Recovery,"Alibaba Cloud, GCP, AWS",Best-of-Breed,"Istio, HashiCorp Vault",Reserved Instances,0.14,8.4,Strategy tailored for latency reduction.
MCS-1898,AeroX Manufacturing,AI/ML Model Training,"GCP, DigitalOcean, Azure, Alibaba Cloud",Distributed Workload,"Spinnaker, Crossplane, Azure Arc",Usage-based Scaling,0.74,7.9,Strategy tailored for cost savings.
MCS-1899,FinTrust Bank,IoT Processing,"DigitalOcean, GCP",Vendor Risk Mitigation,HashiCorp Vault,Usage-based Scaling,0.16,5.5,Strategy tailored for global expansion.
MCS-1900,RetailHub Online,Hybrid Analytics,"DigitalOcean, IBM Cloud, AWS",Hybrid Integration,"Spinnaker, HashiCorp Vault",Usage-based Scaling,0.95,34.5,Strategy tailored for latency reduction.
MCS-1901,MediPulse Clinics,Edge Computing,"Azure, DigitalOcean, Alibaba Cloud, AWS",Failover/DR,"Kubernetes, Anthos",Usage-based Scaling,0.41,16.9,Strategy tailored for global expansion.
MCS-1902,EduPrime University,Hybrid Analytics,"Oracle Cloud, DigitalOcean",Cost Optimization,Azure Arc,Reserved Instances,0.41,36.0,Strategy tailored for cost savings.
MCS-1903,HealthCore Systems,AI/ML Model Training,"DigitalOcean, AWS, Azure",Hybrid Integration,"Crossplane, Kubernetes",Usage-based Scaling,0.69,12.4,Strategy tailored for regulatory compliance.
MCS-1904,LogiTrans Freight,AI/ML Model Training,"Azure, IBM Cloud, Oracle Cloud, AWS",Vendor Risk Mitigation,"HashiCorp Vault, Istio, Kubernetes",Multi-year Contract,0.25,8.9,Strategy tailored for latency reduction.
MCS-1905,TechNova Solutions,High-Performance Computing,"DigitalOcean, Alibaba Cloud, Oracle Cloud, IBM Cloud",Vendor Risk Mitigation,Azure Arc,Committed Use Discount,0.69,35.6,Strategy tailored for latency reduction.
MCS-1906,AgriSmart Farms,AI/ML Model Training,"AWS, GCP",Compliance Segmentation,"Azure Arc, HashiCorp Vault, Terraform",Multi-year Contract,0.34,5.8,Strategy tailored for regulatory compliance.
MCS-1907,EduPrime University,IoT Processing,"IBM Cloud, DigitalOcean, AWS",Hybrid Integration,Azure Arc,Spot Instances,0.17,43.7,Strategy tailored for global expansion.
MCS-1908,TechNova Solutions,IoT Processing,"Alibaba Cloud, Azure, IBM Cloud, DigitalOcean",Best-of-Breed,"Terraform, Crossplane",Spot Instances,0.36,35.8,Strategy tailored for regulatory compliance.
MCS-1909,EduPrime University,Edge Computing,"Oracle Cloud, DigitalOcean",Distributed Workload,Crossplane,Reserved Instances,0.66,20.3,Strategy tailored for latency reduction.
MCS-1910,AeroX Manufacturing,IoT Processing,"IBM Cloud, DigitalOcean, AWS",Hybrid Integration,"Spinnaker, HashiCorp Vault, Kubernetes",Spot Instances,0.28,9.9,Strategy tailored for regulatory compliance.
MCS-1911,MediPulse Clinics,Disaster Recovery,"Azure, DigitalOcean, Alibaba Cloud",Vendor Risk Mitigation,"Azure Arc, HashiCorp Vault, Istio",Pay-as-you-go,0.65,36.0,Strategy tailored for cost savings.
MCS-1912,LogiTrans Freight,High-Performance Computing,"Alibaba Cloud, DigitalOcean, Azure",Best-of-Breed,"Istio, Anthos, Azure Arc",Usage-based Scaling,0.67,26.2,Strategy tailored for global expansion.
MCS-1913,TechNova Solutions,High-Performance Computing,"AWS, IBM Cloud, GCP",Hybrid Integration,"Azure Arc, HashiCorp Vault, Crossplane",Spot Instances,0.14,43.7,Strategy tailored for latency reduction.
MCS-1914,EduPrime University,IoT Processing,"Alibaba Cloud, AWS, GCP, Oracle Cloud",Compliance Segmentation,Anthos,Spot Instances,0.81,16.7,Strategy tailored for global expansion.
MCS-1915,AgriSmart Farms,Data Warehousing,"Azure, DigitalOcean",Failover/DR,"Terraform, Anthos, HashiCorp Vault",Multi-year Contract,0.97,29.1,Strategy tailored for latency reduction.
MCS-1916,EduPrime University,High-Performance Computing,"DigitalOcean, Azure, AWS",Best-of-Breed,"Spinnaker, Kubernetes",Pay-as-you-go,0.62,34.9,Strategy tailored for latency reduction.
MCS-1917,GovSecure Dept,IoT Processing,"Oracle Cloud, Azure, Alibaba Cloud, DigitalOcean",Best-of-Breed,Azure Arc,Spot Instances,0.82,31.3,Strategy tailored for global expansion.
MCS-1918,AgriSmart Farms,Data Warehousing,"DigitalOcean, Oracle Cloud, AWS, Alibaba Cloud",Vendor Risk Mitigation,"Istio, Anthos, HashiCorp Vault",Usage-based Scaling,0.21,18.5,Strategy tailored for global expansion.
MCS-1919,TechNova Solutions,Disaster Recovery,"AWS, Alibaba Cloud",Best-of-Breed,"Azure Arc, Terraform",Multi-year Contract,0.93,14.0,Strategy tailored for global expansion.
MCS-1920,AgriSmart Farms,AI/ML Model Training,"Azure, Oracle Cloud, DigitalOcean, IBM Cloud",Hybrid Integration,"Anthos, Terraform, Spinnaker",Pay-as-you-go,0.43,22.3,Strategy tailored for cost savings.
MCS-1921,MediPulse Clinics,Disaster Recovery,"IBM Cloud, Alibaba Cloud, DigitalOcean",Distributed Workload,Kubernetes,Reserved Instances,0.49,29.5,Strategy tailored for latency reduction.
MCS-1922,EduPrime University,Data Warehousing,"IBM Cloud, Oracle Cloud",Vendor Risk Mitigation,"Kubernetes, Terraform",Reserved Instances,0.94,14.6,Strategy tailored for cost savings.
MCS-1923,EduPrime University,AI/ML Model Training,"GCP, AWS, DigitalOcean, IBM Cloud",Cost Optimization,"HashiCorp Vault, Crossplane",Reserved Instances,0.21,12.9,Strategy tailored for global expansion.
MCS-1924,FinTrust Bank,Global App Deployment,"AWS, IBM Cloud, GCP",Compliance Segmentation,"Spinnaker, Kubernetes, Crossplane",Spot Instances,0.89,30.8,Strategy tailored for regulatory compliance.
MCS-1925,GovSecure Dept,IoT Processing,"IBM Cloud, Alibaba Cloud, Azure, AWS",Compliance Segmentation,Azure Arc,Pay-as-you-go,0.35,37.6,Strategy tailored for cost savings.
MCS-1926,EduPrime University,Edge Computing,"Azure, IBM Cloud",Cost Optimization,HashiCorp Vault,Committed Use Discount,0.87,38.9,Strategy tailored for cost savings.
MCS-1927,AeroX Manufacturing,High-Performance Computing,"IBM Cloud, GCP",Hybrid Integration,"Anthos, Azure Arc",Spot Instances,0.92,15.1,Strategy tailored for latency reduction.
MCS-1928,AgriSmart Farms,High-Performance Computing,"Azure, IBM Cloud, Alibaba Cloud, AWS",Compliance Segmentation,"Crossplane, HashiCorp Vault, Istio",Usage-based Scaling,0.77,23.4,Strategy tailored for cost savings.
MCS-1929,TechNova Solutions,Backup & Archival,"Azure, Oracle Cloud, Alibaba Cloud, GCP",Vendor Risk Mitigation,"Istio, Terraform",Multi-year Contract,0.85,34.1,Strategy tailored for cost savings.
MCS-1930,HealthCore Systems,Edge Computing,"IBM Cloud, AWS",Compliance Segmentation,"Istio, Terraform, Anthos",Usage-based Scaling,0.79,31.2,Strategy tailored for latency reduction.
MCS-1931,TechNova Solutions,IoT Processing,"Azure, Alibaba Cloud, GCP",Best-of-Breed,Istio,Reserved Instances,0.26,26.8,Strategy tailored for global expansion.
MCS-1932,HealthCore Systems,AI/ML Model Training,"IBM Cloud, DigitalOcean",Hybrid Integration,"Spinnaker, Terraform, Crossplane",Committed Use Discount,0.98,42.5,Strategy tailored for regulatory compliance.
MCS-1933,GovSecure Dept,Edge Computing,"AWS, Alibaba Cloud, Azure, GCP",Vendor Risk Mitigation,"Anthos, Spinnaker",Usage-based Scaling,0.14,11.6,Strategy tailored for global expansion.
MCS-1934,LogiTrans Freight,Data Warehousing,"AWS, DigitalOcean, IBM Cloud",Compliance Segmentation,Anthos,Reserved Instances,0.22,34.0,Strategy tailored for global expansion.
MCS-1935,AeroX Manufacturing,Edge Computing,"DigitalOcean, Alibaba Cloud",Hybrid Integration,"Azure Arc, HashiCorp Vault, Crossplane",Spot Instances,0.83,13.5,Strategy tailored for global expansion.
MCS-1936,EduPrime University,Hybrid Analytics,"Alibaba Cloud, Oracle Cloud, IBM Cloud",Hybrid Integration,"Istio, Crossplane",Usage-based Scaling,0.55,38.6,Strategy tailored for cost savings.
MCS-1937,AgriSmart Farms,AI/ML Model Training,"Oracle Cloud, GCP, AWS",Compliance Segmentation,Kubernetes,Usage-based Scaling,0.75,26.7,Strategy tailored for cost savings.
MCS-1938,HealthCore Systems,Data Warehousing,"AWS, Alibaba Cloud, GCP, Oracle Cloud",Vendor Risk Mitigation,Istio,Usage-based Scaling,0.63,25.3,Strategy tailored for cost savings.
MCS-1939,LogiTrans Freight,Hybrid Analytics,"DigitalOcean, Alibaba Cloud, IBM Cloud, AWS",Distributed Workload,Azure Arc,Usage-based Scaling,0.36,27.6,Strategy tailored for latency reduction.
MCS-1940,MediPulse Clinics,Backup & Archival,"GCP, Azure, IBM Cloud, AWS",Cost Optimization,"Anthos, HashiCorp Vault",Multi-year Contract,0.71,39.9,Strategy tailored for cost savings.
MCS-1941,EduPrime University,AI/ML Model Training,"Alibaba Cloud, Azure, IBM Cloud",Hybrid Integration,Istio,Spot Instances,0.67,35.4,Strategy tailored for global expansion.
MCS-1942,EduPrime University,IoT Processing,"GCP, DigitalOcean",Failover/DR,"Kubernetes, Anthos, Istio",Spot Instances,0.24,23.5,Strategy tailored for regulatory compliance.
MCS-1943,AgriSmart Farms,Global App Deployment,"DigitalOcean, Alibaba Cloud",Cost Optimization,"Azure Arc, Anthos",Usage-based Scaling,0.11,14.9,Strategy tailored for latency reduction.
MCS-1944,LogiTrans Freight,Hybrid Analytics,"GCP, AWS",Cost Optimization,"HashiCorp Vault, Anthos",Committed Use Discount,0.75,44.7,Strategy tailored for latency reduction.
MCS-1945,FinTrust Bank,IoT Processing,"Azure, Oracle Cloud, GCP, AWS",Best-of-Breed,"Spinnaker, Kubernetes",Pay-as-you-go,0.19,21.1,Strategy tailored for cost savings.
MCS-1946,MediPulse Clinics,AI/ML Model Training,"AWS, Azure, GCP",Failover/DR,"Istio, Anthos",Committed Use Discount,0.81,13.2,Strategy tailored for regulatory compliance.
MCS-1947,MediPulse Clinics,Data Warehousing,"Alibaba Cloud, GCP, AWS, Oracle Cloud",Compliance Segmentation,"Anthos, Kubernetes",Committed Use Discount,0.59,34.3,Strategy tailored for global expansion.
MCS-1948,FinTrust Bank,IoT Processing,"Azure, AWS, Alibaba Cloud, GCP",Best-of-Breed,Istio,Spot Instances,0.65,12.5,Strategy tailored for regulatory compliance.
MCS-1949,FinTrust Bank,Data Warehousing,"Azure, Oracle Cloud, GCP, AWS",Distributed Workload,"Spinnaker, Istio",Usage-based Scaling,0.42,36.4,Strategy tailored for cost savings.
MCS-1950,TechNova Solutions,High-Performance Computing,"DigitalOcean, Alibaba Cloud, Oracle Cloud, Azure",Best-of-Breed,Terraform,Reserved Instances,0.59,5.2,Strategy tailored for cost savings.
MCS-1951,TechNova Solutions,Backup & Archival,"Alibaba Cloud, DigitalOcean",Failover/DR,HashiCorp Vault,Spot Instances,0.78,6.4,Strategy tailored for latency reduction.
MCS-1952,MediPulse Clinics,Hybrid Analytics,"GCP, Oracle Cloud, AWS",Vendor Risk Mitigation,"Azure Arc, Crossplane",Reserved Instances,0.76,13.1,Strategy tailored for cost savings.
MCS-1953,RetailHub Online,Edge Computing,"Alibaba Cloud, GCP",Compliance Segmentation,Istio,Reserved Instances,0.95,19.7,Strategy tailored for global expansion.
MCS-1954,HealthCore Systems,Backup & Archival,"Azure, Alibaba Cloud, IBM Cloud, DigitalOcean",Failover/DR,Anthos,Spot Instances,0.39,11.0,Strategy tailored for latency reduction.
MCS-1955,AgriSmart Farms,Global App Deployment,"Oracle Cloud, AWS",Cost Optimization,Kubernetes,Pay-as-you-go,0.37,40.1,Strategy tailored for global expansion.
MCS-1956,MediPulse Clinics,Backup & Archival,"DigitalOcean, Alibaba Cloud, Azure",Failover/DR,"Istio, Azure Arc",Pay-as-you-go,0.99,19.7,Strategy tailored for global expansion.
MCS-1957,FinTrust Bank,Edge Computing,"GCP, Alibaba Cloud",Hybrid Integration,"Istio, Kubernetes",Committed Use Discount,0.5,33.9,Strategy tailored for latency reduction.
MCS-1958,EduPrime University,Disaster Recovery,"AWS, DigitalOcean",Compliance Segmentation,"Azure Arc, Anthos",Spot Instances,0.89,28.7,Strategy tailored for regulatory compliance.
MCS-1959,AeroX Manufacturing,AI/ML Model Training,"Azure, GCP, Oracle Cloud",Hybrid Integration,"Crossplane, Terraform",Pay-as-you-go,0.45,21.5,Strategy tailored for latency reduction.
MCS-1960,GovSecure Dept,Data Warehousing,"GCP, DigitalOcean, Alibaba Cloud",Compliance Segmentation,"HashiCorp Vault, Kubernetes, Spinnaker",Committed Use Discount,0.72,5.1,Strategy tailored for cost savings.
MCS-1961,AeroX Manufacturing,High-Performance Computing,"AWS, Azure",Compliance Segmentation,"Kubernetes, Terraform, Crossplane",Usage-based Scaling,0.65,19.2,Strategy tailored for cost savings.
MCS-1962,RetailHub Online,Hybrid Analytics,"AWS, IBM Cloud",Cost Optimization,"Crossplane, HashiCorp Vault",Spot Instances,0.81,8.7,Strategy tailored for cost savings.
MCS-1963,GovSecure Dept,Data Warehousing,"Azure, Alibaba Cloud",Distributed Workload,"Crossplane, Istio, Spinnaker",Committed Use Discount,0.62,24.2,Strategy tailored for regulatory compliance.
MCS-1964,LogiTrans Freight,AI/ML Model Training,"AWS, Oracle Cloud, DigitalOcean",Cost Optimization,"Terraform, Kubernetes, Crossplane",Committed Use Discount,0.67,7.6,Strategy tailored for cost savings.
MCS-1965,AgriSmart Farms,Disaster Recovery,"AWS, DigitalOcean, Azure, Oracle Cloud",Distributed Workload,"Kubernetes, Spinnaker, Azure Arc",Multi-year Contract,0.62,27.5,Strategy tailored for global expansion.
MCS-1966,GovSecure Dept,High-Performance Computing,"IBM Cloud, GCP, Azure",Failover/DR,Anthos,Multi-year Contract,0.6,29.1,Strategy tailored for cost savings.
MCS-1967,AeroX Manufacturing,Disaster Recovery,"Oracle Cloud, IBM Cloud, DigitalOcean, GCP",Hybrid Integration,Crossplane,Usage-based Scaling,0.7,37.2,Strategy tailored for regulatory compliance.
MCS-1968,GovSecure Dept,AI/ML Model Training,"Azure, AWS",Cost Optimization,Crossplane,Pay-as-you-go,0.34,38.0,Strategy tailored for cost savings.
MCS-1969,AgriSmart Farms,Data Warehousing,"Alibaba Cloud, AWS, Azure",Vendor Risk Mitigation,Kubernetes,Pay-as-you-go,0.54,8.1,Strategy tailored for regulatory compliance.
MCS-1970,AeroX Manufacturing,IoT Processing,"AWS, DigitalOcean, IBM Cloud",Hybrid Integration,"Anthos, Azure Arc, Crossplane",Committed Use Discount,0.15,18.4,Strategy tailored for regulatory compliance.
MCS-1971,FinTrust Bank,Disaster Recovery,"Azure, DigitalOcean, GCP",Failover/DR,"Terraform, Crossplane",Usage-based Scaling,0.8,33.3,Strategy tailored for latency reduction.
MCS-1972,MediPulse Clinics,Edge Computing,"DigitalOcean, IBM Cloud, Alibaba Cloud, Azure",Vendor Risk Mitigation,"Azure Arc, Anthos",Committed Use Discount,0.8,25.7,Strategy tailored for cost savings.
MCS-1973,AeroX Manufacturing,High-Performance Computing,"Oracle Cloud, Azure",Compliance Segmentation,"Istio, Anthos, Kubernetes",Spot Instances,0.49,10.9,Strategy tailored for latency reduction.
MCS-1974,LogiTrans Freight,Data Warehousing,"Azure, Alibaba Cloud, DigitalOcean",Cost Optimization,"Anthos, HashiCorp Vault",Committed Use Discount,0.39,22.4,Strategy tailored for latency reduction.
MCS-1975,AgriSmart Farms,Data Warehousing,"Alibaba Cloud, Oracle Cloud",Compliance Segmentation,"Azure Arc, Terraform, Kubernetes",Pay-as-you-go,0.18,13.8,Strategy tailored for global expansion.
MCS-1976,RetailHub Online,Hybrid Analytics,"Oracle Cloud, AWS, IBM Cloud, Azure",Compliance Segmentation,Kubernetes,Spot Instances,0.63,34.4,Strategy tailored for global expansion.
MCS-1977,FinTrust Bank,AI/ML Model Training,"Alibaba Cloud, DigitalOcean",Best-of-Breed,Azure Arc,Pay-as-you-go,0.99,42.3,Strategy tailored for regulatory compliance.
MCS-1978,EduPrime University,Disaster Recovery,"Alibaba Cloud, AWS",Cost Optimization,"HashiCorp Vault, Istio, Spinnaker",Pay-as-you-go,0.67,21.8,Strategy tailored for cost savings.
MCS-1979,EduPrime University,Hybrid Analytics,"Oracle Cloud, Azure, GCP, IBM Cloud",Distributed Workload,Azure Arc,Pay-as-you-go,0.67,36.4,Strategy tailored for regulatory compliance.
MCS-1980,GovSecure Dept,AI/ML Model Training,"Alibaba Cloud, AWS",Best-of-Breed,"Crossplane, Terraform, Spinnaker",Spot Instances,0.21,21.4,Strategy tailored for cost savings.
MCS-1981,FinTrust Bank,Global App Deployment,"Azure, Oracle Cloud",Distributed Workload,HashiCorp Vault,Usage-based Scaling,0.85,20.4,Strategy tailored for regulatory compliance.
MCS-1982,RetailHub Online,High-Performance Computing,"DigitalOcean, AWS, Oracle Cloud, Azure",Best-of-Breed,Kubernetes,Committed Use Discount,0.61,28.5,Strategy tailored for regulatory compliance.
MCS-1983,HealthCore Systems,IoT Processing,"GCP, AWS",Best-of-Breed,"Anthos, Kubernetes, Azure Arc",Multi-year Contract,0.26,19.5,Strategy tailored for regulatory compliance.
MCS-1984,AeroX Manufacturing,Data Warehousing,"Oracle Cloud, Azure, GCP, IBM Cloud",Hybrid Integration,Crossplane,Spot Instances,0.4,6.0,Strategy tailored for regulatory compliance.
MCS-1985,AgriSmart Farms,AI/ML Model Training,"Alibaba Cloud, Azure",Vendor Risk Mitigation,"Anthos, Spinnaker, Kubernetes",Spot Instances,0.12,38.3,Strategy tailored for global expansion.
MCS-1986,LogiTrans Freight,AI/ML Model Training,"IBM Cloud, Oracle Cloud",Compliance Segmentation,"Anthos, Terraform",Committed Use Discount,0.34,25.7,Strategy tailored for cost savings.
MCS-1987,EduPrime University,High-Performance Computing,"GCP, Oracle Cloud, DigitalOcean",Distributed Workload,"Istio, Crossplane, HashiCorp Vault",Committed Use Discount,0.37,42.6,Strategy tailored for cost savings.
MCS-1988,RetailHub Online,High-Performance Computing,"IBM Cloud, Oracle Cloud, Alibaba Cloud",Cost Optimization,"Azure Arc, Spinnaker",Pay-as-you-go,0.33,22.2,Strategy tailored for global expansion.
MCS-1989,GovSecure Dept,Global App Deployment,"AWS, Azure, GCP, Alibaba Cloud",Failover/DR,HashiCorp Vault,Multi-year Contract,0.88,38.7,Strategy tailored for global expansion.
MCS-1990,EduPrime University,AI/ML Model Training,"GCP, Alibaba Cloud",Vendor Risk Mitigation,Crossplane,Spot Instances,0.27,37.1,Strategy tailored for cost savings.
MCS-1991,GovSecure Dept,High-Performance Computing,"Azure, Alibaba Cloud",Best-of-Breed,"Anthos, Terraform, HashiCorp Vault",Usage-based Scaling,0.51,24.3,Strategy tailored for cost savings.
MCS-1992,MediPulse Clinics,Disaster Recovery,"Oracle Cloud, GCP, AWS, IBM Cloud",Compliance Segmentation,"Kubernetes, Azure Arc, Crossplane",Reserved Instances,0.22,8.2,Strategy tailored for latency reduction.
MCS-1993,EduPrime University,IoT Processing,"AWS, Azure",Best-of-Breed,Istio,Reserved Instances,0.75,24.9,Strategy tailored for cost savings.
MCS-1994,LogiTrans Freight,Data Warehousing,"IBM Cloud, DigitalOcean, GCP, Oracle Cloud",Distributed Workload,"HashiCorp Vault, Azure Arc, Spinnaker",Usage-based Scaling,0.49,34.2,Strategy tailored for latency reduction.
MCS-1995,AgriSmart Farms,AI/ML Model Training,"AWS, DigitalOcean",Best-of-Breed,"Anthos, Crossplane, Kubernetes",Pay-as-you-go,0.78,11.4,Strategy tailored for global expansion.
MCS-1996,MediPulse Clinics,Hybrid Analytics,"DigitalOcean, GCP, IBM Cloud, Alibaba Cloud",Compliance Segmentation,Istio,Reserved Instances,0.64,10.4,Strategy tailored for regulatory compliance.
MCS-1997,HealthCore Systems,Backup & Archival,"Azure, DigitalOcean, Alibaba Cloud",Distributed Workload,"Terraform, Kubernetes, Azure Arc",Reserved Instances,0.77,31.3,Strategy tailored for latency reduction.
MCS-1998,LogiTrans Freight,Hybrid Analytics,"DigitalOcean, Alibaba Cloud, Oracle Cloud",Vendor Risk Mitigation,"Anthos, Terraform",Committed Use Discount,0.95,7.8,Strategy tailored for global expansion.
MCS-1999,RetailHub Online,Edge Computing,"AWS, Alibaba Cloud",Hybrid Integration,"HashiCorp Vault, Terraform, Kubernetes",Committed Use Discount,0.15,16.3,Strategy tailored for cost savings.
MCS-2000,GovSecure Dept,AI/ML Model Training,"Azure, IBM Cloud",Best-of-Breed,"Azure Arc, Crossplane",Reserved Instances,0.33,14.9,Strategy tailored for latency reduction.
MCS-2001,RetailHub Online,Edge Computing,"IBM Cloud, Alibaba Cloud",Best-of-Breed,"Spinnaker, Terraform, Istio",Committed Use Discount,0.91,15.0,Strategy tailored for latency reduction.
MCS-2002,AgriSmart Farms,Disaster Recovery,"Alibaba Cloud, GCP, Oracle Cloud",Cost Optimization,HashiCorp Vault,Spot Instances,0.34,35.4,Strategy tailored for regulatory compliance.
MCS-2003,EduPrime University,AI/ML Model Training,"Oracle Cloud, DigitalOcean, IBM Cloud",Best-of-Breed,"Anthos, Terraform, Crossplane",Spot Instances,0.5,36.1,Strategy tailored for global expansion.
MCS-2004,AeroX Manufacturing,Disaster Recovery,"Azure, Alibaba Cloud, Oracle Cloud",Best-of-Breed,"Kubernetes, HashiCorp Vault, Spinnaker",Reserved Instances,0.16,24.5,Strategy tailored for cost savings.
MCS-2005,EduPrime University,Backup & Archival,"DigitalOcean, IBM Cloud, Alibaba Cloud, GCP",Distributed Workload,HashiCorp Vault,Committed Use Discount,0.13,7.5,Strategy tailored for regulatory compliance.
MCS-2006,AeroX Manufacturing,High-Performance Computing,"DigitalOcean, Alibaba Cloud",Distributed Workload,Azure Arc,Multi-year Contract,0.91,10.6,Strategy tailored for latency reduction.
MCS-2007,EduPrime University,Hybrid Analytics,"Alibaba Cloud, AWS",Failover/DR,"Kubernetes, Azure Arc",Pay-as-you-go,0.57,21.4,Strategy tailored for global expansion.
MCS-2008,TechNova Solutions,Data Warehousing,"Azure, AWS, GCP",Cost Optimization,"HashiCorp Vault, Terraform",Pay-as-you-go,0.41,41.0,Strategy tailored for cost savings.
MCS-2009,LogiTrans Freight,Edge Computing,"GCP, Oracle Cloud, Azure",Best-of-Breed,"Spinnaker, Terraform, Anthos",Committed Use Discount,0.12,31.6,Strategy tailored for global expansion.
MCS-2010,MediPulse Clinics,Data Warehousing,"GCP, IBM Cloud, DigitalOcean",Hybrid Integration,"Kubernetes, HashiCorp Vault",Spot Instances,0.96,27.4,Strategy tailored for global expansion.
MCS-2011,AgriSmart Farms,Disaster Recovery,"DigitalOcean, AWS, Azure, Alibaba Cloud",Failover/DR,Crossplane,Spot Instances,0.93,7.1,Strategy tailored for cost savings.
MCS-2012,AeroX Manufacturing,High-Performance Computing,"Azure, Oracle Cloud",Vendor Risk Mitigation,"Kubernetes, Anthos",Spot Instances,0.47,15.4,Strategy tailored for global expansion.
MCS-2013,GovSecure Dept,Hybrid Analytics,"AWS, Azure",Compliance Segmentation,Istio,Spot Instances,0.75,44.3,Strategy tailored for cost savings.
MCS-2014,MediPulse Clinics,IoT Processing,"GCP, Alibaba Cloud",Cost Optimization,"Azure Arc, HashiCorp Vault",Usage-based Scaling,0.33,31.2,Strategy tailored for global expansion.
MCS-2015,HealthCore Systems,Edge Computing,"AWS, IBM Cloud, Azure",Distributed Workload,Azure Arc,Committed Use Discount,0.28,27.6,Strategy tailored for latency reduction.
MCS-2016,AeroX Manufacturing,High-Performance Computing,"Alibaba Cloud, GCP",Vendor Risk Mitigation,"Spinnaker, Kubernetes",Pay-as-you-go,0.51,43.9,Strategy tailored for cost savings.
MCS-2017,FinTrust Bank,High-Performance Computing,"GCP, DigitalOcean, Azure",Best-of-Breed,Kubernetes,Committed Use Discount,0.64,19.0,Strategy tailored for global expansion.
MCS-2018,HealthCore Systems,Edge Computing,"Oracle Cloud, Alibaba Cloud, IBM Cloud, Azure",Compliance Segmentation,"Anthos, Istio",Pay-as-you-go,0.2,11.0,Strategy tailored for latency reduction.
MCS-2019,MediPulse Clinics,IoT Processing,"Azure, Alibaba Cloud, GCP",Distributed Workload,"Spinnaker, Crossplane",Usage-based Scaling,0.3,15.0,Strategy tailored for cost savings.
MCS-2020,MediPulse Clinics,IoT Processing,"IBM Cloud, Oracle Cloud, AWS, Azure",Best-of-Breed,"Anthos, Spinnaker, HashiCorp Vault",Usage-based Scaling,0.86,27.4,Strategy tailored for regulatory compliance.
MCS-2021,FinTrust Bank,Data Warehousing,"Azure, Oracle Cloud, GCP",Best-of-Breed,"Istio, Anthos, Crossplane",Usage-based Scaling,0.57,9.6,Strategy tailored for latency reduction.
MCS-2022,LogiTrans Freight,Data Warehousing,"Oracle Cloud, DigitalOcean, IBM Cloud, AWS",Best-of-Breed,Azure Arc,Spot Instances,0.87,33.9,Strategy tailored for cost savings.
MCS-2023,AeroX Manufacturing,High-Performance Computing,"GCP, Azure",Failover/DR,"Terraform, Anthos, Istio",Pay-as-you-go,0.16,33.3,Strategy tailored for regulatory compliance.
MCS-2024,AgriSmart Farms,Backup & Archival,"DigitalOcean, Oracle Cloud",Compliance Segmentation,"Istio, Azure Arc",Committed Use Discount,0.58,8.3,Strategy tailored for regulatory compliance.
MCS-2025,GovSecure Dept,High-Performance Computing,"Alibaba Cloud, GCP, AWS, Azure",Distributed Workload,"HashiCorp Vault, Kubernetes",Multi-year Contract,0.51,24.4,Strategy tailored for cost savings.
MCS-2026,GovSecure Dept,High-Performance Computing,"GCP, DigitalOcean, Oracle Cloud",Compliance Segmentation,"Kubernetes, Terraform",Pay-as-you-go,0.25,42.8,Strategy tailored for latency reduction.
MCS-2027,FinTrust Bank,High-Performance Computing,"Oracle Cloud, DigitalOcean",Vendor Risk Mitigation,"Kubernetes, HashiCorp Vault, Azure Arc",Multi-year Contract,0.86,31.8,Strategy tailored for latency reduction.
MCS-2028,AgriSmart Farms,High-Performance Computing,"Azure, Oracle Cloud",Cost Optimization,"Kubernetes, Spinnaker",Spot Instances,0.51,21.5,Strategy tailored for latency reduction.
MCS-2029,TechNova Solutions,Hybrid Analytics,"Alibaba Cloud, DigitalOcean, Oracle Cloud",Best-of-Breed,"Azure Arc, Crossplane",Committed Use Discount,0.68,26.8,Strategy tailored for regulatory compliance.
MCS-2030,AgriSmart Farms,Edge Computing,"DigitalOcean, Azure, AWS",Distributed Workload,Terraform,Pay-as-you-go,0.16,25.5,Strategy tailored for cost savings.
MCS-2031,TechNova Solutions,Backup & Archival,"IBM Cloud, GCP, DigitalOcean, Azure",Cost Optimization,"Azure Arc, Crossplane",Spot Instances,0.82,23.4,Strategy tailored for cost savings.
MCS-2032,AeroX Manufacturing,High-Performance Computing,"Alibaba Cloud, IBM Cloud",Distributed Workload,Istio,Usage-based Scaling,0.15,36.5,Strategy tailored for cost savings.
MCS-2033,MediPulse Clinics,IoT Processing,"Azure, Oracle Cloud, Alibaba Cloud, AWS",Compliance Segmentation,Kubernetes,Usage-based Scaling,0.28,15.3,Strategy tailored for global expansion.
MCS-2034,AgriSmart Farms,Backup & Archival,"GCP, Azure",Best-of-Breed,Terraform,Spot Instances,0.25,18.2,Strategy tailored for latency reduction.
MCS-2035,AeroX Manufacturing,Data Warehousing,"IBM Cloud, DigitalOcean",Cost Optimization,Istio,Pay-as-you-go,0.77,25.8,Strategy tailored for cost savings.
MCS-2036,LogiTrans Freight,IoT Processing,"Azure, DigitalOcean",Failover/DR,"Azure Arc, Crossplane",Reserved Instances,0.28,40.1,Strategy tailored for global expansion.
MCS-2037,AgriSmart Farms,Disaster Recovery,"AWS, Azure, Alibaba Cloud",Compliance Segmentation,"Kubernetes, Terraform, Azure Arc",Multi-year Contract,0.88,39.8,Strategy tailored for latency reduction.
MCS-2038,HealthCore Systems,Data Warehousing,"GCP, Azure, AWS",Best-of-Breed,"HashiCorp Vault, Istio",Reserved Instances,0.31,23.0,Strategy tailored for global expansion.
MCS-2039,HealthCore Systems,Hybrid Analytics,"Oracle Cloud, AWS",Distributed Workload,"Kubernetes, Spinnaker, HashiCorp Vault",Spot Instances,0.98,35.9,Strategy tailored for global expansion.
MCS-2040,TechNova Solutions,Hybrid Analytics,"Azure, GCP",Best-of-Breed,Terraform,Pay-as-you-go,0.12,7.6,Strategy tailored for regulatory compliance.
MCS-2041,TechNova Solutions,Hybrid Analytics,"IBM Cloud, Alibaba Cloud, AWS, Azure",Cost Optimization,"Crossplane, Terraform, Kubernetes",Multi-year Contract,0.51,41.4,Strategy tailored for latency reduction.
MCS-2042,GovSecure Dept,Disaster Recovery,"IBM Cloud, Azure, DigitalOcean, GCP",Best-of-Breed,Terraform,Committed Use Discount,0.58,24.9,Strategy tailored for cost savings.
MCS-2043,RetailHub Online,AI/ML Model Training,"DigitalOcean, Azure, GCP, IBM Cloud",Distributed Workload,Kubernetes,Committed Use Discount,0.19,31.3,Strategy tailored for regulatory compliance.
MCS-2044,LogiTrans Freight,Hybrid Analytics,"IBM Cloud, Oracle Cloud, Azure",Hybrid Integration,Azure Arc,Usage-based Scaling,0.83,20.2,Strategy tailored for regulatory compliance.
MCS-2045,MediPulse Clinics,AI/ML Model Training,"Alibaba Cloud, IBM Cloud, GCP, Azure",Vendor Risk Mitigation,Spinnaker,Spot Instances,0.79,43.6,Strategy tailored for global expansion.
MCS-2046,MediPulse Clinics,Edge Computing,"IBM Cloud, AWS, Alibaba Cloud",Distributed Workload,"Azure Arc, Crossplane",Committed Use Discount,0.28,25.9,Strategy tailored for regulatory compliance.
MCS-2047,HealthCore Systems,Hybrid Analytics,"AWS, IBM Cloud",Hybrid Integration,"Istio, Anthos, Crossplane",Usage-based Scaling,0.36,36.7,Strategy tailored for regulatory compliance.
MCS-2048,MediPulse Clinics,Disaster Recovery,"Azure, GCP",Distributed Workload,HashiCorp Vault,Reserved Instances,0.61,30.4,Strategy tailored for latency reduction.
MCS-2049,RetailHub Online,IoT Processing,"Azure, GCP, AWS",Best-of-Breed,"Terraform, HashiCorp Vault",Committed Use Discount,0.81,20.8,Strategy tailored for cost savings.
MCS-2050,LogiTrans Freight,IoT Processing,"IBM Cloud, AWS",Distributed Workload,"Azure Arc, Crossplane",Reserved Instances,0.91,26.3,Strategy tailored for latency reduction.
MCS-2051,GovSecure Dept,Edge Computing,"IBM Cloud, DigitalOcean, AWS, Oracle Cloud",Compliance Segmentation,"HashiCorp Vault, Istio",Committed Use Discount,0.24,32.8,Strategy tailored for cost savings.
MCS-2052,RetailHub Online,Disaster Recovery,"Oracle Cloud, AWS, GCP",Distributed Workload,Kubernetes,Spot Instances,0.81,17.7,Strategy tailored for cost savings.
MCS-2053,AeroX Manufacturing,IoT Processing,"Oracle Cloud, Azure, IBM Cloud, AWS",Hybrid Integration,Terraform,Spot Instances,0.86,41.2,Strategy tailored for regulatory compliance.
MCS-2054,EduPrime University,High-Performance Computing,"IBM Cloud, Alibaba Cloud",Best-of-Breed,"Terraform, Spinnaker",Spot Instances,0.35,44.3,Strategy tailored for latency reduction.
MCS-2055,MediPulse Clinics,Edge Computing,"GCP, Alibaba Cloud, Oracle Cloud",Best-of-Breed,"HashiCorp Vault, Azure Arc, Crossplane",Pay-as-you-go,0.23,13.1,Strategy tailored for global expansion.
MCS-2056,AgriSmart Farms,Hybrid Analytics,"Alibaba Cloud, DigitalOcean, AWS",Vendor Risk Mitigation,"Kubernetes, Terraform",Reserved Instances,0.26,40.8,Strategy tailored for latency reduction.
MCS-2057,FinTrust Bank,Data Warehousing,"GCP, DigitalOcean",Compliance Segmentation,"Azure Arc, Kubernetes",Pay-as-you-go,0.68,11.1,Strategy tailored for cost savings.
MCS-2058,TechNova Solutions,Backup & Archival,"DigitalOcean, AWS",Hybrid Integration,Kubernetes,Pay-as-you-go,0.49,29.6,Strategy tailored for regulatory compliance.
MCS-2059,HealthCore Systems,Edge Computing,"DigitalOcean, IBM Cloud, Oracle Cloud",Hybrid Integration,"Anthos, Kubernetes, Crossplane",Spot Instances,0.17,40.3,Strategy tailored for latency reduction.
MCS-2060,EduPrime University,IoT Processing,"Alibaba Cloud, IBM Cloud",Vendor Risk Mitigation,"Spinnaker, HashiCorp Vault",Pay-as-you-go,0.82,25.2,Strategy tailored for cost savings.
MCS-2061,AeroX Manufacturing,Hybrid Analytics,"Oracle Cloud, GCP, DigitalOcean, Alibaba Cloud",Failover/DR,Crossplane,Committed Use Discount,0.96,21.7,Strategy tailored for latency reduction.
MCS-2062,TechNova Solutions,Backup & Archival,"DigitalOcean, Alibaba Cloud",Compliance Segmentation,Kubernetes,Pay-as-you-go,0.98,31.7,Strategy tailored for global expansion.
MCS-2063,FinTrust Bank,Global App Deployment,"DigitalOcean, Azure",Distributed Workload,"Azure Arc, Spinnaker",Pay-as-you-go,0.66,11.6,Strategy tailored for regulatory compliance.
MCS-2064,RetailHub Online,Backup & Archival,"Alibaba Cloud, GCP, DigitalOcean, Oracle Cloud",Compliance Segmentation,Kubernetes,Reserved Instances,0.88,22.1,Strategy tailored for cost savings.
MCS-2065,TechNova Solutions,High-Performance Computing,"Alibaba Cloud, IBM Cloud, DigitalOcean",Failover/DR,"Azure Arc, Terraform",Committed Use Discount,0.24,5.5,Strategy tailored for global expansion.
MCS-2066,EduPrime University,Edge Computing,"DigitalOcean, AWS, Azure, Oracle Cloud",Best-of-Breed,"Kubernetes, Spinnaker, Terraform",Spot Instances,0.6,26.1,Strategy tailored for cost savings.
MCS-2067,AgriSmart Farms,Disaster Recovery,"DigitalOcean, IBM Cloud, Oracle Cloud",Hybrid Integration,"Kubernetes, Crossplane",Pay-as-you-go,0.74,40.6,Strategy tailored for regulatory compliance.
MCS-2068,MediPulse Clinics,Global App Deployment,"Oracle Cloud, IBM Cloud",Distributed Workload,"HashiCorp Vault, Terraform, Azure Arc",Committed Use Discount,0.17,34.3,Strategy tailored for regulatory compliance.
MCS-2069,HealthCore Systems,Disaster Recovery,"Oracle Cloud, DigitalOcean, Alibaba Cloud, Azure",Hybrid Integration,Istio,Reserved Instances,0.27,39.3,Strategy tailored for regulatory compliance.
MCS-2070,GovSecure Dept,Hybrid Analytics,"Oracle Cloud, AWS, DigitalOcean, Azure",Best-of-Breed,Kubernetes,Pay-as-you-go,0.83,26.6,Strategy tailored for latency reduction.
MCS-2071,AeroX Manufacturing,Edge Computing,"AWS, IBM Cloud",Best-of-Breed,"Azure Arc, Crossplane",Usage-based Scaling,0.73,17.6,Strategy tailored for global expansion.
MCS-2072,MediPulse Clinics,High-Performance Computing,"Azure, DigitalOcean",Vendor Risk Mitigation,"Crossplane, Azure Arc, Kubernetes",Reserved Instances,0.52,37.9,Strategy tailored for cost savings.
MCS-2073,TechNova Solutions,Edge Computing,"IBM Cloud, GCP, AWS, Alibaba Cloud",Failover/DR,"Spinnaker, HashiCorp Vault, Anthos",Usage-based Scaling,0.51,19.3,Strategy tailored for cost savings.
MCS-2074,EduPrime University,IoT Processing,"AWS, Azure, DigitalOcean, GCP",Distributed Workload,Terraform,Usage-based Scaling,0.54,38.1,Strategy tailored for global expansion.
MCS-2075,MediPulse Clinics,IoT Processing,"Azure, GCP",Best-of-Breed,Terraform,Multi-year Contract,0.4,12.0,Strategy tailored for regulatory compliance.
MCS-2076,LogiTrans Freight,Disaster Recovery,"Alibaba Cloud, Azure, Oracle Cloud",Best-of-Breed,Terraform,Multi-year Contract,0.73,38.0,Strategy tailored for regulatory compliance.
MCS-2077,RetailHub Online,Backup & Archival,"Azure, Alibaba Cloud, AWS, IBM Cloud",Hybrid Integration,"HashiCorp Vault, Azure Arc, Istio",Usage-based Scaling,0.19,14.6,Strategy tailored for regulatory compliance.
MCS-2078,GovSecure Dept,Edge Computing,"Oracle Cloud, GCP, DigitalOcean, Alibaba Cloud",Best-of-Breed,"Crossplane, HashiCorp Vault",Committed Use Discount,0.23,18.9,Strategy tailored for global expansion.
MCS-2079,HealthCore Systems,Edge Computing,"IBM Cloud, DigitalOcean, AWS, Azure",Distributed Workload,Anthos,Committed Use Discount,0.5,35.0,Strategy tailored for global expansion.
MCS-2080,FinTrust Bank,Global App Deployment,"DigitalOcean, Alibaba Cloud, Oracle Cloud, GCP",Failover/DR,"Kubernetes, Spinnaker, Azure Arc",Usage-based Scaling,0.68,29.8,Strategy tailored for latency reduction.
MCS-2081,AgriSmart Farms,Backup & Archival,"IBM Cloud, Azure, GCP",Compliance Segmentation,"HashiCorp Vault, Azure Arc",Multi-year Contract,0.41,38.7,Strategy tailored for global expansion.
MCS-2082,AgriSmart Farms,Edge Computing,"AWS, IBM Cloud",Cost Optimization,"HashiCorp Vault, Istio, Crossplane",Pay-as-you-go,0.52,44.2,Strategy tailored for global expansion.
MCS-2083,LogiTrans Freight,IoT Processing,"AWS, Alibaba Cloud, Oracle Cloud",Compliance Segmentation,Spinnaker,Usage-based Scaling,0.66,10.1,Strategy tailored for cost savings.
MCS-2084,GovSecure Dept,Edge Computing,"IBM Cloud, DigitalOcean, Azure, GCP",Distributed Workload,"Kubernetes, Istio",Committed Use Discount,0.7,18.0,Strategy tailored for latency reduction.
MCS-2085,LogiTrans Freight,Disaster Recovery,"GCP, IBM Cloud",Best-of-Breed,Spinnaker,Committed Use Discount,0.71,7.8,Strategy tailored for latency reduction.
MCS-2086,MediPulse Clinics,IoT Processing,"Alibaba Cloud, AWS, DigitalOcean, GCP",Failover/DR,"Crossplane, Istio",Multi-year Contract,0.26,39.2,Strategy tailored for cost savings.
MCS-2087,HealthCore Systems,Edge Computing,"DigitalOcean, Azure",Distributed Workload,"Kubernetes, Anthos, Spinnaker",Pay-as-you-go,0.3,38.5,Strategy tailored for global expansion.
MCS-2088,TechNova Solutions,Global App Deployment,"DigitalOcean, Oracle Cloud, Alibaba Cloud, IBM Cloud",Best-of-Breed,"Crossplane, Spinnaker",Committed Use Discount,0.35,30.7,Strategy tailored for cost savings.
MCS-2089,AeroX Manufacturing,High-Performance Computing,"GCP, IBM Cloud, Azure, DigitalOcean",Hybrid Integration,Istio,Multi-year Contract,0.72,25.5,Strategy tailored for cost savings.
MCS-2090,AgriSmart Farms,Edge Computing,"GCP, IBM Cloud",Compliance Segmentation,"Anthos, Azure Arc",Spot Instances,0.37,13.5,Strategy tailored for latency reduction.
MCS-2091,EduPrime University,Backup & Archival,"DigitalOcean, GCP, IBM Cloud",Compliance Segmentation,"HashiCorp Vault, Azure Arc, Anthos",Spot Instances,0.13,17.2,Strategy tailored for global expansion.
MCS-2092,MediPulse Clinics,High-Performance Computing,"AWS, IBM Cloud, Alibaba Cloud",Vendor Risk Mitigation,"Kubernetes, Istio",Reserved Instances,0.68,42.5,Strategy tailored for regulatory compliance.
MCS-2093,RetailHub Online,Backup & Archival,"Azure, IBM Cloud, DigitalOcean",Cost Optimization,"Terraform, Istio",Spot Instances,0.88,35.6,Strategy tailored for cost savings.
MCS-2094,MediPulse Clinics,Disaster Recovery,"Alibaba Cloud, IBM Cloud, Oracle Cloud",Vendor Risk Mitigation,Kubernetes,Pay-as-you-go,0.8,31.6,Strategy tailored for regulatory compliance.
MCS-2095,HealthCore Systems,IoT Processing,"AWS, GCP, IBM Cloud, Oracle Cloud",Compliance Segmentation,"Terraform, Spinnaker",Usage-based Scaling,0.33,41.3,Strategy tailored for latency reduction.
MCS-2096,RetailHub Online,Backup & Archival,"IBM Cloud, DigitalOcean",Distributed Workload,Azure Arc,Usage-based Scaling,0.7,27.4,Strategy tailored for cost savings.
MCS-2097,AgriSmart Farms,Edge Computing,"AWS, Oracle Cloud, IBM Cloud, Azure",Best-of-Breed,Terraform,Reserved Instances,0.2,22.9,Strategy tailored for latency reduction.
MCS-2098,GovSecure Dept,AI/ML Model Training,"Azure, AWS",Distributed Workload,Spinnaker,Spot Instances,0.51,39.6,Strategy tailored for latency reduction.
MCS-2099,HealthCore Systems,Edge Computing,"Oracle Cloud, Azure, DigitalOcean",Vendor Risk Mitigation,"Crossplane, Istio, Spinnaker",Usage-based Scaling,0.59,20.2,Strategy tailored for global expansion.
MCS-2100,AeroX Manufacturing,AI/ML Model Training,"Azure, DigitalOcean, AWS",Failover/DR,Azure Arc,Reserved Instances,0.97,9.4,Strategy tailored for cost savings.
MCS-2101,LogiTrans Freight,Hybrid Analytics,"GCP, DigitalOcean, AWS",Cost Optimization,"HashiCorp Vault, Spinnaker",Committed Use Discount,0.48,6.7,Strategy tailored for global expansion.
MCS-2102,MediPulse Clinics,AI/ML Model Training,"Oracle Cloud, Alibaba Cloud, Azure",Best-of-Breed,"Spinnaker, Terraform",Multi-year Contract,0.76,41.7,Strategy tailored for global expansion.
MCS-2103,FinTrust Bank,Edge Computing,"DigitalOcean, Alibaba Cloud",Compliance Segmentation,"Spinnaker, Terraform, Anthos",Reserved Instances,0.35,39.3,Strategy tailored for global expansion.
MCS-2104,LogiTrans Freight,Edge Computing,"Azure, GCP",Cost Optimization,"Azure Arc, Anthos, HashiCorp Vault",Multi-year Contract,0.36,41.4,Strategy tailored for global expansion.
MCS-2105,GovSecure Dept,AI/ML Model Training,"DigitalOcean, Azure",Hybrid Integration,"HashiCorp Vault, Azure Arc, Spinnaker",Reserved Instances,0.77,37.2,Strategy tailored for regulatory compliance.
MCS-2106,AgriSmart Farms,High-Performance Computing,"Alibaba Cloud, DigitalOcean",Distributed Workload,"Spinnaker, Crossplane",Usage-based Scaling,0.12,43.5,Strategy tailored for cost savings.
MCS-2107,AeroX Manufacturing,Backup & Archival,"IBM Cloud, GCP, Azure, DigitalOcean",Cost Optimization,"HashiCorp Vault, Crossplane, Istio",Spot Instances,0.75,17.2,Strategy tailored for latency reduction.
MCS-2108,FinTrust Bank,Disaster Recovery,"Azure, Alibaba Cloud, AWS, IBM Cloud",Distributed Workload,"Spinnaker, Anthos, Kubernetes",Usage-based Scaling,0.84,16.3,Strategy tailored for cost savings.
MCS-2109,HealthCore Systems,Data Warehousing,"Oracle Cloud, Alibaba Cloud, AWS, IBM Cloud",Cost Optimization,"Kubernetes, Terraform",Usage-based Scaling,0.88,9.5,Strategy tailored for latency reduction.
MCS-2110,LogiTrans Freight,IoT Processing,"DigitalOcean, AWS, Azure, GCP",Best-of-Breed,"Spinnaker, Azure Arc, Kubernetes",Usage-based Scaling,0.73,26.6,Strategy tailored for cost savings.
MCS-2111,RetailHub Online,Edge Computing,"Oracle Cloud, DigitalOcean, GCP",Failover/DR,Anthos,Spot Instances,0.19,14.7,Strategy tailored for cost savings.
MCS-2112,HealthCore Systems,Disaster Recovery,"DigitalOcean, AWS, Azure, Alibaba Cloud",Vendor Risk Mitigation,Terraform,Committed Use Discount,0.11,23.8,Strategy tailored for global expansion.
MCS-2113,AeroX Manufacturing,Backup & Archival,"GCP, Azure",Compliance Segmentation,"Spinnaker, Kubernetes, Istio",Multi-year Contract,0.37,28.9,Strategy tailored for global expansion.
MCS-2114,GovSecure Dept,IoT Processing,"IBM Cloud, Alibaba Cloud, Azure",Vendor Risk Mitigation,Spinnaker,Spot Instances,0.36,17.0,Strategy tailored for global expansion.
MCS-2115,HealthCore Systems,AI/ML Model Training,"Alibaba Cloud, IBM Cloud",Hybrid Integration,Kubernetes,Spot Instances,0.76,6.9,Strategy tailored for cost savings.
MCS-2116,FinTrust Bank,Backup & Archival,"AWS, Azure, GCP",Vendor Risk Mitigation,"Istio, HashiCorp Vault",Committed Use Discount,0.9,39.1,Strategy tailored for latency reduction.
MCS-2117,EduPrime University,Edge Computing,"IBM Cloud, Alibaba Cloud",Failover/DR,"Crossplane, Azure Arc, Spinnaker",Pay-as-you-go,0.69,28.7,Strategy tailored for latency reduction.
MCS-2118,AeroX Manufacturing,Hybrid Analytics,"DigitalOcean, AWS, Alibaba Cloud",Hybrid Integration,"Crossplane, Kubernetes",Committed Use Discount,0.89,12.4,Strategy tailored for latency reduction.
MCS-2119,EduPrime University,Global App Deployment,"Alibaba Cloud, DigitalOcean, GCP, AWS",Failover/DR,"Kubernetes, Istio",Multi-year Contract,0.17,14.6,Strategy tailored for latency reduction.
MCS-2120,TechNova Solutions,AI/ML Model Training,"IBM Cloud, DigitalOcean, Alibaba Cloud",Best-of-Breed,"Spinnaker, Kubernetes, Anthos",Usage-based Scaling,0.81,6.4,Strategy tailored for latency reduction.
MCS-2121,HealthCore Systems,Disaster Recovery,"IBM Cloud, Azure, GCP",Distributed Workload,"Crossplane, Istio",Reserved Instances,0.62,44.8,Strategy tailored for latency reduction.
MCS-2122,FinTrust Bank,Disaster Recovery,"IBM Cloud, Alibaba Cloud",Vendor Risk Mitigation,"Terraform, Crossplane",Spot Instances,0.86,25.9,Strategy tailored for latency reduction.
MCS-2123,MediPulse Clinics,High-Performance Computing,"Azure, Oracle Cloud, DigitalOcean, Alibaba Cloud",Best-of-Breed,"Kubernetes, Crossplane",Committed Use Discount,0.16,38.3,Strategy tailored for regulatory compliance.
MCS-2124,RetailHub Online,IoT Processing,"AWS, Azure, DigitalOcean",Best-of-Breed,"Terraform, Kubernetes, Azure Arc",Usage-based Scaling,0.63,9.6,Strategy tailored for latency reduction.
MCS-2125,FinTrust Bank,Global App Deployment,"AWS, Alibaba Cloud",Failover/DR,"Anthos, Spinnaker",Pay-as-you-go,0.18,41.4,Strategy tailored for regulatory compliance.
MCS-2126,TechNova Solutions,Global App Deployment,"Azure, IBM Cloud, Oracle Cloud",Distributed Workload,"Kubernetes, HashiCorp Vault, Terraform",Pay-as-you-go,0.7,38.2,Strategy tailored for regulatory compliance.
MCS-2127,GovSecure Dept,Global App Deployment,"DigitalOcean, Alibaba Cloud, GCP",Vendor Risk Mitigation,Spinnaker,Usage-based Scaling,0.88,27.9,Strategy tailored for regulatory compliance.
MCS-2128,TechNova Solutions,Backup & Archival,"Alibaba Cloud, DigitalOcean, Azure",Cost Optimization,"HashiCorp Vault, Spinnaker",Multi-year Contract,0.56,22.2,Strategy tailored for latency reduction.
MCS-2129,FinTrust Bank,IoT Processing,"DigitalOcean, IBM Cloud, Oracle Cloud",Hybrid Integration,Azure Arc,Reserved Instances,0.38,22.4,Strategy tailored for cost savings.
MCS-2130,AgriSmart Farms,Backup & Archival,"AWS, GCP",Compliance Segmentation,Terraform,Reserved Instances,0.79,29.1,Strategy tailored for global expansion.
MCS-2131,LogiTrans Freight,AI/ML Model Training,"Oracle Cloud, AWS",Hybrid Integration,"Istio, Anthos",Pay-as-you-go,0.89,22.7,Strategy tailored for latency reduction.
MCS-2132,AgriSmart Farms,High-Performance Computing,"AWS, Oracle Cloud, DigitalOcean",Distributed Workload,Azure Arc,Reserved Instances,0.64,30.3,Strategy tailored for global expansion.
MCS-2133,EduPrime University,High-Performance Computing,"AWS, DigitalOcean, GCP, Alibaba Cloud",Cost Optimization,"Terraform, Crossplane",Committed Use Discount,0.63,33.1,Strategy tailored for regulatory compliance.
MCS-2134,AeroX Manufacturing,Global App Deployment,"GCP, DigitalOcean",Vendor Risk Mitigation,"Istio, Spinnaker, Azure Arc",Usage-based Scaling,0.31,25.5,Strategy tailored for latency reduction.
MCS-2135,HealthCore Systems,Backup & Archival,"DigitalOcean, Alibaba Cloud, GCP",Vendor Risk Mitigation,"Spinnaker, Azure Arc, Crossplane",Usage-based Scaling,0.19,20.4,Strategy tailored for regulatory compliance.
MCS-2136,EduPrime University,High-Performance Computing,"DigitalOcean, Azure, Alibaba Cloud",Best-of-Breed,"Crossplane, Terraform",Reserved Instances,0.53,31.1,Strategy tailored for regulatory compliance.
MCS-2137,TechNova Solutions,High-Performance Computing,"IBM Cloud, GCP",Hybrid Integration,"Crossplane, Istio",Usage-based Scaling,0.95,29.0,Strategy tailored for latency reduction.
MCS-2138,HealthCore Systems,Edge Computing,"DigitalOcean, GCP, Alibaba Cloud, Azure",Distributed Workload,"Terraform, Azure Arc",Pay-as-you-go,0.76,25.3,Strategy tailored for global expansion.
MCS-2139,FinTrust Bank,IoT Processing,"DigitalOcean, IBM Cloud, Azure",Distributed Workload,Kubernetes,Committed Use Discount,0.66,7.8,Strategy tailored for regulatory compliance.
MCS-2140,HealthCore Systems,Hybrid Analytics,"GCP, Alibaba Cloud",Hybrid Integration,"Anthos, Kubernetes",Usage-based Scaling,0.33,19.5,Strategy tailored for cost savings.
MCS-2141,EduPrime University,Disaster Recovery,"AWS, DigitalOcean",Best-of-Breed,Spinnaker,Multi-year Contract,0.52,6.8,Strategy tailored for regulatory compliance.
MCS-2142,FinTrust Bank,Backup & Archival,"Azure, AWS, GCP, IBM Cloud",Best-of-Breed,"HashiCorp Vault, Crossplane, Spinnaker",Pay-as-you-go,0.22,16.1,Strategy tailored for cost savings.
MCS-2143,TechNova Solutions,AI/ML Model Training,"IBM Cloud, Oracle Cloud",Best-of-Breed,"Kubernetes, Spinnaker, Istio",Committed Use Discount,0.96,18.3,Strategy tailored for regulatory compliance.
MCS-2144,MediPulse Clinics,AI/ML Model Training,"Oracle Cloud, GCP, Azure, AWS",Hybrid Integration,"HashiCorp Vault, Anthos, Azure Arc",Usage-based Scaling,0.53,12.8,Strategy tailored for regulatory compliance.
MCS-2145,LogiTrans Freight,Edge Computing,"AWS, Azure, GCP, Alibaba Cloud",Hybrid Integration,Terraform,Pay-as-you-go,0.64,16.2,Strategy tailored for cost savings.
MCS-2146,TechNova Solutions,Backup & Archival,"Alibaba Cloud, DigitalOcean, IBM Cloud, GCP",Failover/DR,"Terraform, HashiCorp Vault",Usage-based Scaling,0.28,25.7,Strategy tailored for cost savings.
MCS-2147,MediPulse Clinics,AI/ML Model Training,"Azure, IBM Cloud",Cost Optimization,"Istio, Crossplane, HashiCorp Vault",Pay-as-you-go,0.1,5.3,Strategy tailored for latency reduction.
MCS-2148,AeroX Manufacturing,Hybrid Analytics,"IBM Cloud, Alibaba Cloud, Oracle Cloud, GCP",Hybrid Integration,Crossplane,Reserved Instances,0.29,6.5,Strategy tailored for regulatory compliance.
MCS-2149,RetailHub Online,IoT Processing,"Oracle Cloud, GCP",Compliance Segmentation,Azure Arc,Spot Instances,0.2,18.6,Strategy tailored for global expansion.
MCS-2150,TechNova Solutions,AI/ML Model Training,"IBM Cloud, Alibaba Cloud, AWS",Hybrid Integration,"Spinnaker, Crossplane, Kubernetes",Spot Instances,0.81,27.9,Strategy tailored for global expansion.
MCS-2151,RetailHub Online,Data Warehousing,"Azure, Oracle Cloud, IBM Cloud, Alibaba Cloud",Cost Optimization,"Crossplane, Anthos",Committed Use Discount,0.56,16.7,Strategy tailored for latency reduction.
MCS-2152,HealthCore Systems,High-Performance Computing,"IBM Cloud, Azure, Alibaba Cloud",Distributed Workload,"Azure Arc, Kubernetes, Spinnaker",Pay-as-you-go,0.93,20.9,Strategy tailored for cost savings.
MCS-2153,HealthCore Systems,High-Performance Computing,"Alibaba Cloud, IBM Cloud, Oracle Cloud",Compliance Segmentation,Anthos,Pay-as-you-go,0.18,29.7,Strategy tailored for global expansion.
MCS-2154,FinTrust Bank,Data Warehousing,"Azure, IBM Cloud",Vendor Risk Mitigation,"Istio, Azure Arc, Anthos",Reserved Instances,0.2,18.8,Strategy tailored for global expansion.
MCS-2155,GovSecure Dept,Global App Deployment,"GCP, AWS, Alibaba Cloud, IBM Cloud",Cost Optimization,"Kubernetes, HashiCorp Vault, Terraform",Pay-as-you-go,0.55,40.0,Strategy tailored for regulatory compliance.
MCS-2156,LogiTrans Freight,High-Performance Computing,"Oracle Cloud, DigitalOcean, Alibaba Cloud, GCP",Vendor Risk Mitigation,"Anthos, HashiCorp Vault",Reserved Instances,0.54,33.1,Strategy tailored for latency reduction.
MCS-2157,EduPrime University,Disaster Recovery,"IBM Cloud, GCP, Oracle Cloud, Alibaba Cloud",Hybrid Integration,"Anthos, Crossplane",Usage-based Scaling,0.98,10.3,Strategy tailored for regulatory compliance.
MCS-2158,HealthCore Systems,Global App Deployment,"Oracle Cloud, GCP, AWS",Cost Optimization,"Istio, Anthos, Spinnaker",Spot Instances,0.34,20.8,Strategy tailored for regulatory compliance.
MCS-2159,EduPrime University,Data Warehousing,"Alibaba Cloud, DigitalOcean",Compliance Segmentation,Istio,Multi-year Contract,0.48,21.4,Strategy tailored for regulatory compliance.
MCS-2160,AeroX Manufacturing,IoT Processing,"GCP, Alibaba Cloud",Failover/DR,Crossplane,Committed Use Discount,0.91,33.6,Strategy tailored for global expansion.
MCS-2161,LogiTrans Freight,Global App Deployment,"GCP, Alibaba Cloud",Cost Optimization,Azure Arc,Usage-based Scaling,0.64,17.4,Strategy tailored for regulatory compliance.
MCS-2162,EduPrime University,AI/ML Model Training,"IBM Cloud, Alibaba Cloud",Vendor Risk Mitigation,Terraform,Multi-year Contract,0.83,43.2,Strategy tailored for latency reduction.
MCS-2163,GovSecure Dept,Backup & Archival,"AWS, Oracle Cloud",Vendor Risk Mitigation,HashiCorp Vault,Reserved Instances,0.83,5.1,Strategy tailored for regulatory compliance.
MCS-2164,AeroX Manufacturing,High-Performance Computing,"Oracle Cloud, IBM Cloud, Azure, Alibaba Cloud",Hybrid Integration,Kubernetes,Spot Instances,0.67,7.0,Strategy tailored for global expansion.
MCS-2165,LogiTrans Freight,Edge Computing,"Alibaba Cloud, Azure",Hybrid Integration,"Kubernetes, Anthos, Terraform",Usage-based Scaling,0.33,7.4,Strategy tailored for cost savings.
MCS-2166,HealthCore Systems,IoT Processing,"IBM Cloud, GCP",Hybrid Integration,"Kubernetes, HashiCorp Vault",Usage-based Scaling,0.64,32.5,Strategy tailored for regulatory compliance.
MCS-2167,FinTrust Bank,High-Performance Computing,"DigitalOcean, IBM Cloud",Hybrid Integration,Terraform,Usage-based Scaling,0.2,20.4,Strategy tailored for latency reduction.
MCS-2168,RetailHub Online,Data Warehousing,"Oracle Cloud, Azure, DigitalOcean, GCP",Distributed Workload,Spinnaker,Reserved Instances,0.51,19.8,Strategy tailored for global expansion.
MCS-2169,AgriSmart Farms,Data Warehousing,"DigitalOcean, AWS",Cost Optimization,"Azure Arc, Terraform, Spinnaker",Pay-as-you-go,0.21,21.8,Strategy tailored for global expansion.
MCS-2170,GovSecure Dept,Global App Deployment,"Azure, AWS, Oracle Cloud, GCP",Cost Optimization,"Azure Arc, HashiCorp Vault",Committed Use Discount,0.77,7.8,Strategy tailored for global expansion.
MCS-2171,GovSecure Dept,Data Warehousing,"Alibaba Cloud, Azure, GCP",Compliance Segmentation,"Spinnaker, Istio",Usage-based Scaling,0.17,19.2,Strategy tailored for global expansion.
MCS-2172,AeroX Manufacturing,IoT Processing,"Oracle Cloud, GCP, AWS, Azure",Best-of-Breed,"Istio, Azure Arc",Committed Use Discount,0.94,31.7,Strategy tailored for cost savings.
MCS-2173,MediPulse Clinics,AI/ML Model Training,"Oracle Cloud, GCP",Compliance Segmentation,HashiCorp Vault,Usage-based Scaling,0.7,19.5,Strategy tailored for global expansion.
MCS-2174,EduPrime University,Hybrid Analytics,"IBM Cloud, Oracle Cloud, Azure",Best-of-Breed,"Crossplane, Spinnaker",Reserved Instances,0.63,5.4,Strategy tailored for global expansion.
MCS-2175,FinTrust Bank,Backup & Archival,"GCP, DigitalOcean, Alibaba Cloud",Distributed Workload,"Spinnaker, Azure Arc",Spot Instances,0.67,41.5,Strategy tailored for regulatory compliance.
MCS-2176,FinTrust Bank,Edge Computing,"DigitalOcean, Azure, GCP",Compliance Segmentation,Crossplane,Spot Instances,0.65,39.9,Strategy tailored for global expansion.
MCS-2177,RetailHub Online,Data Warehousing,"Azure, DigitalOcean, AWS, GCP",Failover/DR,"Terraform, HashiCorp Vault, Spinnaker",Spot Instances,0.74,9.8,Strategy tailored for latency reduction.
MCS-2178,TechNova Solutions,IoT Processing,"AWS, DigitalOcean, Alibaba Cloud, Azure",Hybrid Integration,"Azure Arc, Kubernetes, Crossplane",Spot Instances,0.9,7.7,Strategy tailored for cost savings.
MCS-2179,AgriSmart Farms,Data Warehousing,"GCP, Oracle Cloud, Azure",Cost Optimization,"Azure Arc, Terraform, Istio",Pay-as-you-go,0.58,10.7,Strategy tailored for latency reduction.
MCS-2180,GovSecure Dept,High-Performance Computing,"AWS, Azure, GCP",Hybrid Integration,Azure Arc,Usage-based Scaling,0.11,21.9,Strategy tailored for cost savings.
MCS-2181,FinTrust Bank,Edge Computing,"AWS, Oracle Cloud, DigitalOcean, Azure",Vendor Risk Mitigation,"Crossplane, Istio, Terraform",Pay-as-you-go,0.36,24.4,Strategy tailored for latency reduction.
MCS-2182,GovSecure Dept,High-Performance Computing,"AWS, DigitalOcean",Vendor Risk Mitigation,"Anthos, Terraform, HashiCorp Vault",Multi-year Contract,0.61,6.7,Strategy tailored for global expansion.
MCS-2183,RetailHub Online,Edge Computing,"Oracle Cloud, IBM Cloud, AWS",Hybrid Integration,"Spinnaker, Kubernetes",Pay-as-you-go,0.21,27.3,Strategy tailored for regulatory compliance.
MCS-2184,AeroX Manufacturing,Hybrid Analytics,"GCP, Oracle Cloud, AWS",Failover/DR,"Crossplane, Azure Arc",Committed Use Discount,0.41,34.2,Strategy tailored for cost savings.
MCS-2185,MediPulse Clinics,Disaster Recovery,"DigitalOcean, Oracle Cloud, GCP",Vendor Risk Mitigation,"Kubernetes, Azure Arc, Spinnaker",Multi-year Contract,0.68,38.8,Strategy tailored for latency reduction.
MCS-2186,MediPulse Clinics,Global App Deployment,"GCP, Oracle Cloud, IBM Cloud",Best-of-Breed,"Crossplane, Anthos, Kubernetes",Usage-based Scaling,0.72,22.2,Strategy tailored for latency reduction.
MCS-2187,HealthCore Systems,Backup & Archival,"Azure, Oracle Cloud",Cost Optimization,Kubernetes,Reserved Instances,0.7,16.0,Strategy tailored for global expansion.
MCS-2188,AeroX Manufacturing,Hybrid Analytics,"DigitalOcean, IBM Cloud, Azure, AWS",Vendor Risk Mitigation,"Crossplane, Azure Arc",Committed Use Discount,0.37,36.6,Strategy tailored for regulatory compliance.
MCS-2189,EduPrime University,Disaster Recovery,"DigitalOcean, IBM Cloud, Alibaba Cloud",Distributed Workload,Crossplane,Usage-based Scaling,0.5,36.9,Strategy tailored for cost savings.
MCS-2190,GovSecure Dept,Hybrid Analytics,"Oracle Cloud, GCP, Azure, DigitalOcean",Distributed Workload,"Spinnaker, Crossplane, Istio",Usage-based Scaling,0.83,39.3,Strategy tailored for latency reduction.
MCS-2191,HealthCore Systems,High-Performance Computing,"AWS, Oracle Cloud, Azure, Alibaba Cloud",Failover/DR,"Kubernetes, Spinnaker, Istio",Spot Instances,0.92,22.2,Strategy tailored for latency reduction.
MCS-2192,FinTrust Bank,High-Performance Computing,"Azure, DigitalOcean, IBM Cloud",Distributed Workload,Istio,Spot Instances,0.38,28.3,Strategy tailored for latency reduction.
MCS-2193,AgriSmart Farms,AI/ML Model Training,"GCP, DigitalOcean, Alibaba Cloud",Cost Optimization,"HashiCorp Vault, Crossplane",Usage-based Scaling,0.43,29.0,Strategy tailored for cost savings.
MCS-2194,EduPrime University,Edge Computing,"DigitalOcean, Azure, IBM Cloud, GCP",Cost Optimization,"Crossplane, Azure Arc, Istio",Reserved Instances,0.73,32.5,Strategy tailored for regulatory compliance.
MCS-2195,EduPrime University,Data Warehousing,"DigitalOcean, Oracle Cloud, AWS, GCP",Distributed Workload,Anthos,Spot Instances,0.43,11.7,Strategy tailored for latency reduction.
MCS-2196,FinTrust Bank,Edge Computing,"Azure, Alibaba Cloud, AWS, Oracle Cloud",Hybrid Integration,Terraform,Multi-year Contract,0.48,10.7,Strategy tailored for global expansion.
MCS-2197,AeroX Manufacturing,Data Warehousing,"GCP, DigitalOcean",Cost Optimization,HashiCorp Vault,Usage-based Scaling,0.89,18.8,Strategy tailored for latency reduction.
MCS-2198,RetailHub Online,Edge Computing,"Alibaba Cloud, Oracle Cloud, IBM Cloud",Compliance Segmentation,"HashiCorp Vault, Crossplane",Spot Instances,0.24,6.0,Strategy tailored for regulatory compliance.
MCS-2199,GovSecure Dept,Backup & Archival,"DigitalOcean, Azure, AWS, Alibaba Cloud",Best-of-Breed,"Azure Arc, Anthos, Kubernetes",Committed Use Discount,0.67,30.5,Strategy tailored for latency reduction.
MCS-2200,EduPrime University,Backup & Archival,"DigitalOcean, Oracle Cloud, GCP, IBM Cloud",Vendor Risk Mitigation,"Spinnaker, Kubernetes, Istio",Pay-as-you-go,0.4,7.9,Strategy tailored for cost savings.
MCS-2201,RetailHub Online,AI/ML Model Training,"Azure, Alibaba Cloud, DigitalOcean, Oracle Cloud",Vendor Risk Mitigation,HashiCorp Vault,Pay-as-you-go,0.46,17.4,Strategy tailored for latency reduction.
MCS-2202,EduPrime University,Backup & Archival,"Oracle Cloud, DigitalOcean, Alibaba Cloud",Hybrid Integration,"Kubernetes, Spinnaker",Multi-year Contract,0.7,29.2,Strategy tailored for global expansion.
MCS-2203,MediPulse Clinics,High-Performance Computing,"Oracle Cloud, GCP, DigitalOcean, IBM Cloud",Cost Optimization,Azure Arc,Reserved Instances,0.42,13.7,Strategy tailored for regulatory compliance.
MCS-2204,EduPrime University,High-Performance Computing,"Oracle Cloud, Alibaba Cloud, GCP, AWS",Cost Optimization,"HashiCorp Vault, Kubernetes",Pay-as-you-go,0.98,23.2,Strategy tailored for regulatory compliance.
MCS-2205,LogiTrans Freight,IoT Processing,"Oracle Cloud, Azure, IBM Cloud, DigitalOcean",Distributed Workload,"Anthos, HashiCorp Vault",Pay-as-you-go,0.71,10.6,Strategy tailored for cost savings.
MCS-2206,LogiTrans Freight,IoT Processing,"Azure, AWS, IBM Cloud, GCP",Hybrid Integration,HashiCorp Vault,Committed Use Discount,0.53,6.1,Strategy tailored for latency reduction.
MCS-2207,AeroX Manufacturing,Edge Computing,"DigitalOcean, GCP",Compliance Segmentation,"Istio, Terraform",Usage-based Scaling,0.55,43.6,Strategy tailored for regulatory compliance.
MCS-2208,AgriSmart Farms,Disaster Recovery,"Alibaba Cloud, AWS, Oracle Cloud, IBM Cloud",Distributed Workload,Spinnaker,Usage-based Scaling,0.44,6.6,Strategy tailored for latency reduction.
MCS-2209,FinTrust Bank,IoT Processing,"IBM Cloud, DigitalOcean",Failover/DR,"Anthos, Istio, Kubernetes",Pay-as-you-go,0.13,20.5,Strategy tailored for global expansion.
MCS-2210,HealthCore Systems,Disaster Recovery,"DigitalOcean, Alibaba Cloud, AWS",Hybrid Integration,Crossplane,Reserved Instances,0.24,5.9,Strategy tailored for latency reduction.
MCS-2211,TechNova Solutions,IoT Processing,"Azure, IBM Cloud, GCP, AWS",Compliance Segmentation,"Istio, Spinnaker",Usage-based Scaling,0.77,23.3,Strategy tailored for latency reduction.
MCS-2212,HealthCore Systems,Global App Deployment,"Azure, DigitalOcean, GCP, AWS",Failover/DR,"Terraform, Anthos",Multi-year Contract,0.36,41.0,Strategy tailored for cost savings.
MCS-2213,GovSecure Dept,High-Performance Computing,"DigitalOcean, Alibaba Cloud",Vendor Risk Mitigation,Crossplane,Committed Use Discount,0.2,43.2,Strategy tailored for regulatory compliance.
MCS-2214,HealthCore Systems,IoT Processing,"IBM Cloud, DigitalOcean, AWS",Cost Optimization,"Kubernetes, Terraform",Pay-as-you-go,0.38,40.5,Strategy tailored for cost savings.
MCS-2215,HealthCore Systems,Data Warehousing,"IBM Cloud, DigitalOcean, AWS",Vendor Risk Mitigation,Terraform,Reserved Instances,0.64,38.1,Strategy tailored for regulatory compliance.
MCS-2216,LogiTrans Freight,AI/ML Model Training,"Azure, GCP, Alibaba Cloud, IBM Cloud",Hybrid Integration,Istio,Usage-based Scaling,0.98,16.5,Strategy tailored for regulatory compliance.
MCS-2217,EduPrime University,Edge Computing,"IBM Cloud, GCP",Distributed Workload,Azure Arc,Committed Use Discount,0.96,20.6,Strategy tailored for cost savings.
MCS-2218,EduPrime University,Edge Computing,"DigitalOcean, Oracle Cloud, GCP",Best-of-Breed,"HashiCorp Vault, Crossplane",Committed Use Discount,0.44,18.6,Strategy tailored for regulatory compliance.
MCS-2219,GovSecure Dept,Hybrid Analytics,"DigitalOcean, Azure, AWS, Oracle Cloud",Failover/DR,"Azure Arc, HashiCorp Vault, Spinnaker",Committed Use Discount,0.58,11.2,Strategy tailored for regulatory compliance.
MCS-2220,RetailHub Online,IoT Processing,"IBM Cloud, Alibaba Cloud, GCP, AWS",Cost Optimization,Crossplane,Reserved Instances,0.59,26.7,Strategy tailored for global expansion.
MCS-2221,AgriSmart Farms,Disaster Recovery,"IBM Cloud, DigitalOcean",Compliance Segmentation,Spinnaker,Reserved Instances,0.78,38.3,Strategy tailored for global expansion.
MCS-2222,AeroX Manufacturing,IoT Processing,"IBM Cloud, Oracle Cloud, Alibaba Cloud",Best-of-Breed,"Kubernetes, HashiCorp Vault",Committed Use Discount,0.49,17.1,Strategy tailored for latency reduction.
MCS-2223,EduPrime University,High-Performance Computing,"GCP, Alibaba Cloud, AWS",Failover/DR,"Crossplane, Kubernetes",Spot Instances,0.33,12.8,Strategy tailored for cost savings.
MCS-2224,FinTrust Bank,Hybrid Analytics,"Oracle Cloud, IBM Cloud, DigitalOcean, Alibaba Cloud",Compliance Segmentation,"Spinnaker, Istio",Reserved Instances,0.15,18.7,Strategy tailored for regulatory compliance.
MCS-2225,TechNova Solutions,IoT Processing,"DigitalOcean, Oracle Cloud, GCP",Best-of-Breed,Kubernetes,Spot Instances,0.34,43.7,Strategy tailored for global expansion.
MCS-2226,AgriSmart Farms,High-Performance Computing,"AWS, Azure, IBM Cloud, DigitalOcean",Hybrid Integration,"Azure Arc, Crossplane, Kubernetes",Reserved Instances,0.6,18.9,Strategy tailored for regulatory compliance.
MCS-2227,FinTrust Bank,AI/ML Model Training,"Alibaba Cloud, Azure, GCP",Distributed Workload,"Anthos, Azure Arc",Pay-as-you-go,0.62,10.6,Strategy tailored for cost savings.
MCS-2228,RetailHub Online,Data Warehousing,"GCP, AWS, Azure",Failover/DR,Istio,Pay-as-you-go,0.5,30.0,Strategy tailored for cost savings.
MCS-2229,EduPrime University,Backup & Archival,"AWS, Oracle Cloud, Azure",Hybrid Integration,Spinnaker,Multi-year Contract,0.54,21.1,Strategy tailored for global expansion.
MCS-2230,RetailHub Online,Hybrid Analytics,"Oracle Cloud, Alibaba Cloud, Azure, AWS",Distributed Workload,HashiCorp Vault,Reserved Instances,0.98,40.2,Strategy tailored for global expansion.
MCS-2231,TechNova Solutions,Edge Computing,"DigitalOcean, Oracle Cloud, IBM Cloud, Alibaba Cloud",Cost Optimization,HashiCorp Vault,Spot Instances,0.65,27.8,Strategy tailored for latency reduction.
MCS-2232,RetailHub Online,Data Warehousing,"GCP, Alibaba Cloud",Hybrid Integration,"Terraform, Crossplane, Istio",Spot Instances,0.65,13.1,Strategy tailored for latency reduction.
MCS-2233,RetailHub Online,Data Warehousing,"Azure, AWS, Alibaba Cloud",Hybrid Integration,"Kubernetes, Anthos",Spot Instances,0.45,6.6,Strategy tailored for cost savings.
MCS-2234,MediPulse Clinics,Data Warehousing,"GCP, Oracle Cloud, DigitalOcean",Best-of-Breed,"Istio, Kubernetes",Reserved Instances,0.52,26.7,Strategy tailored for global expansion.
MCS-2235,GovSecure Dept,AI/ML Model Training,"Alibaba Cloud, AWS, GCP",Compliance Segmentation,"Kubernetes, HashiCorp Vault, Azure Arc",Pay-as-you-go,0.3,43.6,Strategy tailored for cost savings.
MCS-2236,TechNova Solutions,Data Warehousing,"IBM Cloud, Oracle Cloud, DigitalOcean, AWS",Distributed Workload,"Istio, Azure Arc, Terraform",Committed Use Discount,0.91,33.9,Strategy tailored for global expansion.
MCS-2237,AgriSmart Farms,AI/ML Model Training,"Alibaba Cloud, Oracle Cloud, IBM Cloud, GCP",Vendor Risk Mitigation,"HashiCorp Vault, Istio",Multi-year Contract,0.57,39.8,Strategy tailored for regulatory compliance.
MCS-2238,HealthCore Systems,Data Warehousing,"IBM Cloud, Oracle Cloud, AWS",Failover/DR,HashiCorp Vault,Usage-based Scaling,0.22,36.6,Strategy tailored for regulatory compliance.
MCS-2239,RetailHub Online,Backup & Archival,"DigitalOcean, Oracle Cloud, Alibaba Cloud, AWS",Distributed Workload,"Terraform, Spinnaker",Spot Instances,0.21,36.8,Strategy tailored for global expansion.
MCS-2240,TechNova Solutions,Disaster Recovery,"DigitalOcean, GCP, Alibaba Cloud, Oracle Cloud",Hybrid Integration,"Crossplane, Istio, Terraform",Multi-year Contract,0.35,40.1,Strategy tailored for regulatory compliance.
MCS-2241,EduPrime University,Edge Computing,"Oracle Cloud, AWS, Alibaba Cloud",Hybrid Integration,"Terraform, Crossplane",Pay-as-you-go,0.94,11.0,Strategy tailored for regulatory compliance.
MCS-2242,FinTrust Bank,Backup & Archival,"Oracle Cloud, Azure, DigitalOcean, AWS",Cost Optimization,Anthos,Usage-based Scaling,0.51,44.2,Strategy tailored for cost savings.
MCS-2243,LogiTrans Freight,High-Performance Computing,"GCP, Oracle Cloud, IBM Cloud",Failover/DR,"Spinnaker, Terraform, Istio",Committed Use Discount,0.53,39.5,Strategy tailored for regulatory compliance.
MCS-2244,FinTrust Bank,Data Warehousing,"DigitalOcean, Alibaba Cloud, AWS, Oracle Cloud",Cost Optimization,"Kubernetes, Anthos, HashiCorp Vault",Usage-based Scaling,0.62,20.0,Strategy tailored for regulatory compliance.
MCS-2245,MediPulse Clinics,High-Performance Computing,"Azure, DigitalOcean",Hybrid Integration,"Kubernetes, Istio, Azure Arc",Pay-as-you-go,0.35,13.1,Strategy tailored for cost savings.
MCS-2246,AeroX Manufacturing,Edge Computing,"IBM Cloud, Alibaba Cloud, DigitalOcean",Vendor Risk Mitigation,Terraform,Committed Use Discount,0.78,20.5,Strategy tailored for global expansion.
MCS-2247,RetailHub Online,High-Performance Computing,"DigitalOcean, Alibaba Cloud, Azure",Hybrid Integration,"Terraform, Crossplane, Azure Arc",Reserved Instances,0.56,24.7,Strategy tailored for regulatory compliance.
MCS-2248,AgriSmart Farms,Disaster Recovery,"Azure, AWS, Oracle Cloud",Compliance Segmentation,Crossplane,Committed Use Discount,0.61,39.6,Strategy tailored for global expansion.
MCS-2249,AeroX Manufacturing,IoT Processing,"Azure, Alibaba Cloud",Best-of-Breed,"HashiCorp Vault, Kubernetes, Terraform",Multi-year Contract,0.97,21.3,Strategy tailored for regulatory compliance.
MCS-2250,AeroX Manufacturing,Hybrid Analytics,"Oracle Cloud, DigitalOcean, IBM Cloud, GCP",Cost Optimization,"Spinnaker, Crossplane",Pay-as-you-go,0.84,35.6,Strategy tailored for regulatory compliance.
MCS-2251,TechNova Solutions,IoT Processing,"Alibaba Cloud, Oracle Cloud, Azure",Distributed Workload,"Spinnaker, Kubernetes, Crossplane",Usage-based Scaling,0.61,43.2,Strategy tailored for cost savings.
MCS-2252,MediPulse Clinics,Edge Computing,"AWS, DigitalOcean, IBM Cloud",Best-of-Breed,"Spinnaker, Crossplane, Anthos",Pay-as-you-go,0.28,9.4,Strategy tailored for cost savings.
MCS-2253,GovSecure Dept,IoT Processing,"GCP, Alibaba Cloud, Oracle Cloud",Compliance Segmentation,"Terraform, Kubernetes",Multi-year Contract,0.86,22.6,Strategy tailored for cost savings.
MCS-2254,AeroX Manufacturing,IoT Processing,"Oracle Cloud, Alibaba Cloud, AWS, GCP",Cost Optimization,"Spinnaker, Kubernetes, Azure Arc",Multi-year Contract,0.85,40.7,Strategy tailored for cost savings.
MCS-2255,MediPulse Clinics,AI/ML Model Training,"Oracle Cloud, Azure",Failover/DR,Crossplane,Reserved Instances,0.16,40.3,Strategy tailored for cost savings.
MCS-2256,MediPulse Clinics,Backup & Archival,"GCP, Azure, Oracle Cloud",Cost Optimization,"HashiCorp Vault, Istio",Committed Use Discount,0.5,25.4,Strategy tailored for latency reduction.
MCS-2257,TechNova Solutions,Backup & Archival,"IBM Cloud, Oracle Cloud, Azure, DigitalOcean",Distributed Workload,"Crossplane, Istio",Spot Instances,0.66,42.1,Strategy tailored for cost savings.
MCS-2258,EduPrime University,High-Performance Computing,"AWS, IBM Cloud, GCP",Vendor Risk Mitigation,"Anthos, HashiCorp Vault",Pay-as-you-go,0.12,24.1,Strategy tailored for global expansion.
MCS-2259,AeroX Manufacturing,High-Performance Computing,"Oracle Cloud, Azure, AWS",Cost Optimization,Anthos,Multi-year Contract,0.71,33.9,Strategy tailored for latency reduction.
MCS-2260,AeroX Manufacturing,High-Performance Computing,"GCP, IBM Cloud",Failover/DR,Spinnaker,Usage-based Scaling,0.72,10.4,Strategy tailored for latency reduction.
MCS-2261,TechNova Solutions,Disaster Recovery,"IBM Cloud, DigitalOcean, Oracle Cloud, Azure",Vendor Risk Mitigation,Spinnaker,Committed Use Discount,0.37,19.3,Strategy tailored for cost savings.
MCS-2262,EduPrime University,Hybrid Analytics,"Azure, GCP, Alibaba Cloud, DigitalOcean",Best-of-Breed,Azure Arc,Multi-year Contract,0.82,16.2,Strategy tailored for global expansion.
MCS-2263,LogiTrans Freight,Global App Deployment,"IBM Cloud, Oracle Cloud, Azure, Alibaba Cloud",Distributed Workload,"Kubernetes, Istio, Crossplane",Committed Use Discount,0.29,43.3,Strategy tailored for cost savings.
MCS-2264,RetailHub Online,Hybrid Analytics,"AWS, Alibaba Cloud, DigitalOcean, Oracle Cloud",Vendor Risk Mitigation,"Spinnaker, Istio, Azure Arc",Pay-as-you-go,0.11,44.9,Strategy tailored for global expansion.
MCS-2265,AgriSmart Farms,Backup & Archival,"DigitalOcean, IBM Cloud",Compliance Segmentation,"Terraform, Azure Arc, Istio",Usage-based Scaling,0.7,38.1,Strategy tailored for latency reduction.
MCS-2266,AgriSmart Farms,High-Performance Computing,"Alibaba Cloud, AWS, GCP, Oracle Cloud",Compliance Segmentation,"Spinnaker, Azure Arc, Terraform",Pay-as-you-go,0.36,5.6,Strategy tailored for cost savings.
MCS-2267,AgriSmart Farms,AI/ML Model Training,"Azure, GCP, Oracle Cloud, DigitalOcean",Failover/DR,Spinnaker,Reserved Instances,0.76,38.4,Strategy tailored for regulatory compliance.
MCS-2268,HealthCore Systems,IoT Processing,"DigitalOcean, AWS, Oracle Cloud, IBM Cloud",Vendor Risk Mitigation,Crossplane,Committed Use Discount,0.76,10.7,Strategy tailored for regulatory compliance.
MCS-2269,LogiTrans Freight,IoT Processing,"DigitalOcean, GCP, IBM Cloud",Hybrid Integration,"Terraform, Istio, Kubernetes",Reserved Instances,0.77,35.8,Strategy tailored for regulatory compliance.
MCS-2270,FinTrust Bank,Global App Deployment,"IBM Cloud, GCP, DigitalOcean",Hybrid Integration,"Anthos, Crossplane, HashiCorp Vault",Committed Use Discount,0.69,35.6,Strategy tailored for global expansion.
MCS-2271,LogiTrans Freight,Edge Computing,"DigitalOcean, Alibaba Cloud",Failover/DR,Crossplane,Spot Instances,0.85,29.5,Strategy tailored for regulatory compliance.
MCS-2272,RetailHub Online,Disaster Recovery,"IBM Cloud, GCP",Failover/DR,"Terraform, Anthos, Istio",Usage-based Scaling,0.18,24.5,Strategy tailored for global expansion.
MCS-2273,LogiTrans Freight,Data Warehousing,"DigitalOcean, Azure, IBM Cloud",Vendor Risk Mitigation,"HashiCorp Vault, Crossplane, Anthos",Spot Instances,0.17,21.3,Strategy tailored for global expansion.
MCS-2274,EduPrime University,Backup & Archival,"Azure, Oracle Cloud, DigitalOcean",Best-of-Breed,"Kubernetes, Anthos, Spinnaker",Committed Use Discount,0.46,7.6,Strategy tailored for cost savings.
MCS-2275,RetailHub Online,Data Warehousing,"IBM Cloud, DigitalOcean, AWS",Compliance Segmentation,HashiCorp Vault,Spot Instances,0.41,9.4,Strategy tailored for global expansion.
MCS-2276,AeroX Manufacturing,Disaster Recovery,"Alibaba Cloud, IBM Cloud, Azure, DigitalOcean",Hybrid Integration,"Terraform, Azure Arc, HashiCorp Vault",Pay-as-you-go,0.82,42.9,Strategy tailored for regulatory compliance.
MCS-2277,GovSecure Dept,AI/ML Model Training,"IBM Cloud, Alibaba Cloud, DigitalOcean",Vendor Risk Mitigation,Terraform,Spot Instances,0.16,43.2,Strategy tailored for cost savings.
MCS-2278,RetailHub Online,Edge Computing,"Azure, DigitalOcean, Alibaba Cloud, IBM Cloud",Compliance Segmentation,"Spinnaker, Kubernetes, Terraform",Multi-year Contract,0.57,17.0,Strategy tailored for regulatory compliance.
MCS-2279,GovSecure Dept,Edge Computing,"DigitalOcean, Azure",Compliance Segmentation,Anthos,Multi-year Contract,0.17,25.0,Strategy tailored for regulatory compliance.
MCS-2280,FinTrust Bank,Global App Deployment,"Azure, IBM Cloud",Vendor Risk Mitigation,"Spinnaker, Azure Arc, Terraform",Multi-year Contract,0.81,33.3,Strategy tailored for latency reduction.
MCS-2281,TechNova Solutions,AI/ML Model Training,"Oracle Cloud, AWS",Distributed Workload,Spinnaker,Reserved Instances,0.14,7.9,Strategy tailored for latency reduction.
MCS-2282,GovSecure Dept,Global App Deployment,"Oracle Cloud, GCP, IBM Cloud, AWS",Cost Optimization,"Kubernetes, HashiCorp Vault",Spot Instances,0.46,16.8,Strategy tailored for cost savings.
MCS-2283,AeroX Manufacturing,Hybrid Analytics,"GCP, Oracle Cloud",Cost Optimization,"Spinnaker, HashiCorp Vault",Reserved Instances,0.31,16.2,Strategy tailored for regulatory compliance.
MCS-2284,GovSecure Dept,Hybrid Analytics,"GCP, DigitalOcean, Alibaba Cloud, IBM Cloud",Vendor Risk Mitigation,"Azure Arc, Anthos, Istio",Usage-based Scaling,0.82,42.2,Strategy tailored for regulatory compliance.
MCS-2285,LogiTrans Freight,AI/ML Model Training,"Oracle Cloud, AWS",Hybrid Integration,"Spinnaker, Azure Arc, Kubernetes",Reserved Instances,0.46,41.2,Strategy tailored for latency reduction.
MCS-2286,MediPulse Clinics,Edge Computing,"Alibaba Cloud, Oracle Cloud",Hybrid Integration,"Anthos, Kubernetes, Terraform",Reserved Instances,0.39,24.1,Strategy tailored for cost savings.
MCS-2287,AgriSmart Farms,Backup & Archival,"GCP, IBM Cloud, Oracle Cloud",Best-of-Breed,"Crossplane, Spinnaker, Kubernetes",Multi-year Contract,0.3,30.6,Strategy tailored for cost savings.
MCS-2288,TechNova Solutions,Data Warehousing,"Alibaba Cloud, Oracle Cloud",Vendor Risk Mitigation,Anthos,Multi-year Contract,0.97,29.1,Strategy tailored for cost savings.
MCS-2289,TechNova Solutions,Backup & Archival,"DigitalOcean, IBM Cloud, Oracle Cloud",Vendor Risk Mitigation,"Crossplane, Kubernetes, Anthos",Spot Instances,0.42,30.9,Strategy tailored for regulatory compliance.
MCS-2290,TechNova Solutions,Data Warehousing,"GCP, DigitalOcean, Alibaba Cloud",Vendor Risk Mitigation,"HashiCorp Vault, Azure Arc, Anthos",Spot Instances,0.21,40.5,Strategy tailored for global expansion.
MCS-2291,MediPulse Clinics,Disaster Recovery,"AWS, Oracle Cloud, GCP",Compliance Segmentation,Spinnaker,Committed Use Discount,0.55,23.0,Strategy tailored for latency reduction.
MCS-2292,RetailHub Online,Global App Deployment,"DigitalOcean, GCP, Alibaba Cloud, IBM Cloud",Best-of-Breed,"Istio, Spinnaker",Spot Instances,0.62,30.0,Strategy tailored for regulatory compliance.
MCS-2293,GovSecure Dept,Backup & Archival,"Azure, Alibaba Cloud, IBM Cloud, Oracle Cloud",Vendor Risk Mitigation,"Kubernetes, Terraform",Reserved Instances,0.16,32.3,Strategy tailored for cost savings.
MCS-2294,TechNova Solutions,Hybrid Analytics,"IBM Cloud, Oracle Cloud, AWS, DigitalOcean",Compliance Segmentation,"Spinnaker, Kubernetes, Anthos",Multi-year Contract,0.32,33.6,Strategy tailored for global expansion.
MCS-2295,FinTrust Bank,AI/ML Model Training,"DigitalOcean, GCP",Hybrid Integration,"HashiCorp Vault, Azure Arc, Anthos",Pay-as-you-go,0.83,37.2,Strategy tailored for global expansion.
MCS-2296,EduPrime University,AI/ML Model Training,"Alibaba Cloud, DigitalOcean, Oracle Cloud",Vendor Risk Mitigation,Anthos,Multi-year Contract,0.59,25.8,Strategy tailored for regulatory compliance.
MCS-2297,AeroX Manufacturing,Global App Deployment,"AWS, Oracle Cloud, Azure, GCP",Cost Optimization,"Crossplane, Spinnaker, Istio",Committed Use Discount,0.23,36.0,Strategy tailored for latency reduction.
MCS-2298,EduPrime University,AI/ML Model Training,"DigitalOcean, Alibaba Cloud, GCP, IBM Cloud",Vendor Risk Mitigation,"Azure Arc, Kubernetes",Committed Use Discount,0.34,24.9,Strategy tailored for global expansion.
MCS-2299,RetailHub Online,Hybrid Analytics,"GCP, Azure, Alibaba Cloud",Hybrid Integration,"Terraform, Kubernetes, Spinnaker",Usage-based Scaling,0.35,10.4,Strategy tailored for global expansion.
MCS-2300,MediPulse Clinics,High-Performance Computing,"Alibaba Cloud, AWS, IBM Cloud",Best-of-Breed,"HashiCorp Vault, Terraform, Crossplane",Spot Instances,0.66,7.2,Strategy tailored for latency reduction.
MCS-2301,GovSecure Dept,IoT Processing,"Oracle Cloud, GCP, IBM Cloud, DigitalOcean",Compliance Segmentation,Kubernetes,Multi-year Contract,0.77,17.7,Strategy tailored for latency reduction.
MCS-2302,GovSecure Dept,AI/ML Model Training,"Azure, IBM Cloud, AWS, Oracle Cloud",Cost Optimization,"Azure Arc, Istio, Terraform",Usage-based Scaling,0.1,25.4,Strategy tailored for global expansion.
MCS-2303,AgriSmart Farms,Hybrid Analytics,"DigitalOcean, Azure, GCP",Best-of-Breed,HashiCorp Vault,Spot Instances,0.14,16.0,Strategy tailored for global expansion.
MCS-2304,FinTrust Bank,High-Performance Computing,"GCP, AWS, IBM Cloud, Oracle Cloud",Best-of-Breed,Azure Arc,Committed Use Discount,0.73,7.5,Strategy tailored for global expansion.
MCS-2305,EduPrime University,Edge Computing,"IBM Cloud, DigitalOcean",Vendor Risk Mitigation,"Spinnaker, HashiCorp Vault",Usage-based Scaling,0.85,5.2,Strategy tailored for cost savings.
MCS-2306,AeroX Manufacturing,IoT Processing,"Alibaba Cloud, IBM Cloud, Azure, DigitalOcean",Vendor Risk Mitigation,Azure Arc,Committed Use Discount,0.32,34.6,Strategy tailored for cost savings.
MCS-2307,HealthCore Systems,Disaster Recovery,"IBM Cloud, AWS, Azure, GCP",Best-of-Breed,"HashiCorp Vault, Kubernetes",Usage-based Scaling,0.38,9.1,Strategy tailored for cost savings.
MCS-2308,RetailHub Online,Edge Computing,"Oracle Cloud, GCP",Failover/DR,HashiCorp Vault,Pay-as-you-go,0.42,15.8,Strategy tailored for cost savings.
MCS-2309,LogiTrans Freight,AI/ML Model Training,"AWS, Oracle Cloud, Azure",Distributed Workload,Spinnaker,Spot Instances,0.85,17.5,Strategy tailored for global expansion.
MCS-2310,RetailHub Online,Global App Deployment,"IBM Cloud, AWS, DigitalOcean",Failover/DR,"Kubernetes, Spinnaker, Istio",Pay-as-you-go,0.8,40.7,Strategy tailored for global expansion.
MCS-2311,AeroX Manufacturing,IoT Processing,"GCP, Oracle Cloud, Azure, IBM Cloud",Best-of-Breed,"HashiCorp Vault, Azure Arc, Anthos",Multi-year Contract,0.49,41.4,Strategy tailored for latency reduction.
MCS-2312,LogiTrans Freight,Disaster Recovery,"Oracle Cloud, Alibaba Cloud",Distributed Workload,HashiCorp Vault,Committed Use Discount,0.44,43.6,Strategy tailored for regulatory compliance.
MCS-2313,HealthCore Systems,High-Performance Computing,"GCP, Azure, AWS, Oracle Cloud",Distributed Workload,Crossplane,Usage-based Scaling,0.18,32.5,Strategy tailored for regulatory compliance.
MCS-2314,FinTrust Bank,Data Warehousing,"Azure, IBM Cloud",Best-of-Breed,Anthos,Reserved Instances,0.54,20.5,Strategy tailored for global expansion.
MCS-2315,FinTrust Bank,Disaster Recovery,"Alibaba Cloud, Azure, GCP, IBM Cloud",Cost Optimization,"Anthos, Azure Arc",Reserved Instances,0.66,33.2,Strategy tailored for cost savings.
MCS-2316,GovSecure Dept,Data Warehousing,"Alibaba Cloud, DigitalOcean, Azure, GCP",Best-of-Breed,Terraform,Spot Instances,0.1,11.7,Strategy tailored for cost savings.
MCS-2317,AgriSmart Farms,High-Performance Computing,"GCP, Alibaba Cloud, IBM Cloud, DigitalOcean",Best-of-Breed,HashiCorp Vault,Pay-as-you-go,0.73,31.7,Strategy tailored for global expansion.
MCS-2318,FinTrust Bank,Data Warehousing,"AWS, IBM Cloud, Oracle Cloud",Vendor Risk Mitigation,"Anthos, Kubernetes, Terraform",Pay-as-you-go,0.96,35.4,Strategy tailored for regulatory compliance.
MCS-2319,RetailHub Online,AI/ML Model Training,"AWS, Alibaba Cloud, Oracle Cloud",Distributed Workload,"Spinnaker, Kubernetes",Multi-year Contract,0.95,33.1,Strategy tailored for latency reduction.
MCS-2320,AgriSmart Farms,Hybrid Analytics,"GCP, Azure, Alibaba Cloud",Compliance Segmentation,"HashiCorp Vault, Crossplane, Spinnaker",Usage-based Scaling,0.37,9.2,Strategy tailored for latency reduction.
MCS-2321,LogiTrans Freight,Hybrid Analytics,"Alibaba Cloud, IBM Cloud, Azure, DigitalOcean",Failover/DR,"Anthos, Istio, Kubernetes",Reserved Instances,0.8,30.8,Strategy tailored for latency reduction.
MCS-2322,HealthCore Systems,High-Performance Computing,"IBM Cloud, AWS, Azure",Failover/DR,"Anthos, HashiCorp Vault",Usage-based Scaling,0.14,19.4,Strategy tailored for regulatory compliance.
MCS-2323,TechNova Solutions,Hybrid Analytics,"IBM Cloud, Alibaba Cloud, DigitalOcean, GCP",Vendor Risk Mitigation,HashiCorp Vault,Spot Instances,0.95,25.0,Strategy tailored for regulatory compliance.
MCS-2324,EduPrime University,Disaster Recovery,"Alibaba Cloud, Oracle Cloud, AWS, Azure",Failover/DR,Anthos,Usage-based Scaling,0.49,23.3,Strategy tailored for latency reduction.
MCS-2325,RetailHub Online,Data Warehousing,"GCP, AWS, IBM Cloud",Distributed Workload,"HashiCorp Vault, Kubernetes",Usage-based Scaling,0.29,19.7,Strategy tailored for global expansion.
MCS-2326,LogiTrans Freight,Global App Deployment,"IBM Cloud, GCP, Alibaba Cloud",Distributed Workload,Crossplane,Usage-based Scaling,0.43,7.1,Strategy tailored for regulatory compliance.
MCS-2327,TechNova Solutions,Data Warehousing,"GCP, Oracle Cloud, IBM Cloud",Distributed Workload,"Kubernetes, HashiCorp Vault, Anthos",Multi-year Contract,0.78,21.7,Strategy tailored for regulatory compliance.
MCS-2328,HealthCore Systems,IoT Processing,"DigitalOcean, AWS, IBM Cloud",Failover/DR,Azure Arc,Spot Instances,0.83,39.0,Strategy tailored for latency reduction.
MCS-2329,HealthCore Systems,Backup & Archival,"GCP, Azure, Alibaba Cloud, IBM Cloud",Distributed Workload,"Kubernetes, Istio",Multi-year Contract,0.29,31.3,Strategy tailored for cost savings.
MCS-2330,MediPulse Clinics,Backup & Archival,"Azure, DigitalOcean",Failover/DR,Azure Arc,Usage-based Scaling,0.52,40.2,Strategy tailored for regulatory compliance.
MCS-2331,GovSecure Dept,Data Warehousing,"Alibaba Cloud, IBM Cloud, DigitalOcean, AWS",Vendor Risk Mitigation,"HashiCorp Vault, Crossplane, Kubernetes",Usage-based Scaling,0.29,32.1,Strategy tailored for cost savings.
MCS-2332,TechNova Solutions,Data Warehousing,"DigitalOcean, Azure",Compliance Segmentation,"Azure Arc, Istio, HashiCorp Vault",Reserved Instances,0.64,16.8,Strategy tailored for global expansion.
MCS-2333,RetailHub Online,Edge Computing,"Oracle Cloud, GCP",Distributed Workload,"Istio, Azure Arc, Spinnaker",Committed Use Discount,0.22,31.1,Strategy tailored for cost savings.
MCS-2334,AgriSmart Farms,Disaster Recovery,"GCP, DigitalOcean",Cost Optimization,"Crossplane, Kubernetes, HashiCorp Vault",Multi-year Contract,0.76,17.6,Strategy tailored for latency reduction.
MCS-2335,FinTrust Bank,High-Performance Computing,"Azure, Oracle Cloud",Vendor Risk Mitigation,Azure Arc,Spot Instances,0.67,20.8,Strategy tailored for cost savings.
MCS-2336,MediPulse Clinics,High-Performance Computing,"Azure, Alibaba Cloud, GCP, AWS",Failover/DR,"Anthos, Azure Arc",Pay-as-you-go,0.73,13.0,Strategy tailored for cost savings.
MCS-2337,RetailHub Online,Hybrid Analytics,"DigitalOcean, GCP",Vendor Risk Mitigation,"Terraform, HashiCorp Vault",Pay-as-you-go,0.89,16.5,Strategy tailored for regulatory compliance.
MCS-2338,GovSecure Dept,AI/ML Model Training,"IBM Cloud, Oracle Cloud, Azure, DigitalOcean",Hybrid Integration,Spinnaker,Reserved Instances,0.43,7.3,Strategy tailored for latency reduction.
MCS-2339,TechNova Solutions,Edge Computing,"Oracle Cloud, GCP",Best-of-Breed,"Spinnaker, Azure Arc, Crossplane",Reserved Instances,0.2,25.6,Strategy tailored for global expansion.
MCS-2340,AgriSmart Farms,Global App Deployment,"AWS, Alibaba Cloud, IBM Cloud, GCP",Failover/DR,"Spinnaker, Istio, HashiCorp Vault",Spot Instances,0.34,38.4,Strategy tailored for global expansion.
MCS-2341,FinTrust Bank,AI/ML Model Training,"Alibaba Cloud, DigitalOcean, GCP",Hybrid Integration,"HashiCorp Vault, Azure Arc, Spinnaker",Committed Use Discount,0.11,20.2,Strategy tailored for regulatory compliance.
MCS-2342,HealthCore Systems,Disaster Recovery,"DigitalOcean, Oracle Cloud",Failover/DR,"Spinnaker, Kubernetes, Crossplane",Spot Instances,0.4,5.8,Strategy tailored for regulatory compliance.
MCS-2343,HealthCore Systems,Hybrid Analytics,"IBM Cloud, Alibaba Cloud, Oracle Cloud, DigitalOcean",Best-of-Breed,"Kubernetes, Crossplane, HashiCorp Vault",Pay-as-you-go,0.21,21.5,Strategy tailored for latency reduction.
MCS-2344,HealthCore Systems,Global App Deployment,"IBM Cloud, DigitalOcean, Alibaba Cloud",Distributed Workload,"Terraform, Anthos",Usage-based Scaling,0.54,21.2,Strategy tailored for global expansion.
MCS-2345,LogiTrans Freight,Backup & Archival,"Oracle Cloud, DigitalOcean",Compliance Segmentation,"Terraform, Kubernetes",Multi-year Contract,0.57,28.8,Strategy tailored for cost savings.
MCS-2346,FinTrust Bank,IoT Processing,"GCP, Oracle Cloud",Vendor Risk Mitigation,Spinnaker,Committed Use Discount,0.11,23.6,Strategy tailored for regulatory compliance.
MCS-2347,TechNova Solutions,IoT Processing,"GCP, Oracle Cloud",Vendor Risk Mitigation,HashiCorp Vault,Spot Instances,0.96,25.8,Strategy tailored for regulatory compliance.
MCS-2348,EduPrime University,Global App Deployment,"Alibaba Cloud, IBM Cloud, GCP, Oracle Cloud",Vendor Risk Mitigation,"Anthos, Istio",Spot Instances,0.7,17.5,Strategy tailored for latency reduction.
MCS-2349,TechNova Solutions,IoT Processing,"IBM Cloud, DigitalOcean, Azure, GCP",Vendor Risk Mitigation,"Kubernetes, HashiCorp Vault",Pay-as-you-go,0.79,35.9,Strategy tailored for global expansion.
MCS-2350,TechNova Solutions,Hybrid Analytics,"Azure, Oracle Cloud, Alibaba Cloud, GCP",Vendor Risk Mitigation,"Spinnaker, Anthos, Istio",Spot Instances,0.56,44.0,Strategy tailored for regulatory compliance.
MCS-2351,EduPrime University,Data Warehousing,"AWS, Alibaba Cloud, Azure",Cost Optimization,"Crossplane, Istio",Multi-year Contract,0.21,5.7,Strategy tailored for cost savings.
MCS-2352,MediPulse Clinics,AI/ML Model Training,"AWS, Alibaba Cloud",Compliance Segmentation,"Istio, Spinnaker, Anthos",Reserved Instances,0.79,37.3,Strategy tailored for regulatory compliance.
MCS-2353,GovSecure Dept,IoT Processing,"Azure, Oracle Cloud, AWS",Vendor Risk Mitigation,"Crossplane, Spinnaker, Istio",Pay-as-you-go,0.21,15.6,Strategy tailored for regulatory compliance.
MCS-2354,RetailHub Online,Hybrid Analytics,"Azure, IBM Cloud",Failover/DR,"Crossplane, Terraform, Azure Arc",Reserved Instances,0.12,16.7,Strategy tailored for cost savings.
MCS-2355,RetailHub Online,Global App Deployment,"DigitalOcean, Azure, Alibaba Cloud",Best-of-Breed,"Azure Arc, Terraform",Multi-year Contract,0.79,25.7,Strategy tailored for global expansion.
MCS-2356,LogiTrans Freight,High-Performance Computing,"IBM Cloud, Alibaba Cloud, Azure, Oracle Cloud",Failover/DR,"Istio, HashiCorp Vault, Crossplane",Spot Instances,0.41,19.9,Strategy tailored for regulatory compliance.
MCS-2357,TechNova Solutions,Edge Computing,"GCP, Alibaba Cloud, Azure",Hybrid Integration,"HashiCorp Vault, Terraform, Spinnaker",Reserved Instances,0.1,17.0,Strategy tailored for regulatory compliance.
MCS-2358,RetailHub Online,Backup & Archival,"Azure, AWS, IBM Cloud, Oracle Cloud",Cost Optimization,"Kubernetes, Istio",Multi-year Contract,0.68,44.0,Strategy tailored for cost savings.
MCS-2359,TechNova Solutions,Backup & Archival,"Oracle Cloud, GCP",Cost Optimization,Spinnaker,Multi-year Contract,0.85,5.9,Strategy tailored for global expansion.
MCS-2360,LogiTrans Freight,High-Performance Computing,"Azure, AWS",Cost Optimization,"Terraform, Anthos",Spot Instances,0.9,36.3,Strategy tailored for cost savings.
MCS-2361,HealthCore Systems,IoT Processing,"DigitalOcean, GCP",Cost Optimization,"Terraform, HashiCorp Vault",Multi-year Contract,0.79,23.3,Strategy tailored for global expansion.
MCS-2362,MediPulse Clinics,Data Warehousing,"Azure, DigitalOcean, Oracle Cloud",Hybrid Integration,"Crossplane, Anthos, Kubernetes",Multi-year Contract,0.45,17.1,Strategy tailored for global expansion.
MCS-2363,EduPrime University,Backup & Archival,"IBM Cloud, GCP, AWS, Alibaba Cloud",Compliance Segmentation,"Kubernetes, Istio",Pay-as-you-go,0.16,14.1,Strategy tailored for latency reduction.
MCS-2364,GovSecure Dept,High-Performance Computing,"Azure, DigitalOcean, Alibaba Cloud, IBM Cloud",Cost Optimization,Anthos,Pay-as-you-go,0.32,24.4,Strategy tailored for global expansion.
MCS-2365,HealthCore Systems,IoT Processing,"AWS, Oracle Cloud",Cost Optimization,"Istio, Spinnaker, Azure Arc",Spot Instances,0.77,24.0,Strategy tailored for global expansion.
MCS-2366,EduPrime University,IoT Processing,"AWS, GCP",Hybrid Integration,Istio,Committed Use Discount,0.15,43.3,Strategy tailored for global expansion.
MCS-2367,HealthCore Systems,Data Warehousing,"Oracle Cloud, Azure, DigitalOcean",Hybrid Integration,"Kubernetes, Anthos, Azure Arc",Pay-as-you-go,0.94,36.4,Strategy tailored for regulatory compliance.
MCS-2368,FinTrust Bank,Disaster Recovery,"AWS, DigitalOcean, GCP, Alibaba Cloud",Failover/DR,Terraform,Pay-as-you-go,0.98,26.8,Strategy tailored for regulatory compliance.
MCS-2369,MediPulse Clinics,Edge Computing,"Alibaba Cloud, IBM Cloud",Cost Optimization,"Kubernetes, Spinnaker",Reserved Instances,0.96,8.0,Strategy tailored for global expansion.
MCS-2370,EduPrime University,Backup & Archival,"GCP, AWS",Vendor Risk Mitigation,"Anthos, Crossplane, Spinnaker",Multi-year Contract,0.43,14.0,Strategy tailored for cost savings.
MCS-2371,LogiTrans Freight,Data Warehousing,"Azure, Oracle Cloud, AWS, IBM Cloud",Cost Optimization,Crossplane,Committed Use Discount,0.27,10.6,Strategy tailored for latency reduction.
MCS-2372,TechNova Solutions,Data Warehousing,"IBM Cloud, Azure, AWS, Oracle Cloud",Failover/DR,"Anthos, Crossplane, Spinnaker",Spot Instances,0.65,36.3,Strategy tailored for global expansion.
MCS-2373,LogiTrans Freight,AI/ML Model Training,"IBM Cloud, AWS, GCP, Azure",Hybrid Integration,Azure Arc,Spot Instances,0.61,10.9,Strategy tailored for cost savings.
MCS-2374,MediPulse Clinics,Disaster Recovery,"AWS, Oracle Cloud, IBM Cloud",Best-of-Breed,"Kubernetes, HashiCorp Vault, Istio",Committed Use Discount,0.82,30.4,Strategy tailored for global expansion.
MCS-2375,GovSecure Dept,Global App Deployment,"GCP, Azure, Oracle Cloud",Vendor Risk Mitigation,Crossplane,Usage-based Scaling,0.45,32.0,Strategy tailored for global expansion.
MCS-2376,MediPulse Clinics,High-Performance Computing,"AWS, Oracle Cloud, Alibaba Cloud",Distributed Workload,HashiCorp Vault,Multi-year Contract,0.33,18.8,Strategy tailored for global expansion.
MCS-2377,AeroX Manufacturing,High-Performance Computing,"Oracle Cloud, GCP, AWS",Cost Optimization,Azure Arc,Pay-as-you-go,0.92,16.6,Strategy tailored for regulatory compliance.
MCS-2378,AeroX Manufacturing,Backup & Archival,"DigitalOcean, GCP",Compliance Segmentation,Terraform,Pay-as-you-go,0.52,40.6,Strategy tailored for regulatory compliance.
MCS-2379,MediPulse Clinics,Global App Deployment,"IBM Cloud, AWS, Oracle Cloud",Compliance Segmentation,"Anthos, Crossplane, Spinnaker",Usage-based Scaling,0.73,7.5,Strategy tailored for latency reduction.
MCS-2380,RetailHub Online,AI/ML Model Training,"Azure, Alibaba Cloud, GCP",Best-of-Breed,"Azure Arc, Spinnaker, Kubernetes",Multi-year Contract,0.23,5.3,Strategy tailored for latency reduction.
MCS-2381,FinTrust Bank,High-Performance Computing,"DigitalOcean, AWS",Hybrid Integration,Azure Arc,Usage-based Scaling,0.66,22.9,Strategy tailored for regulatory compliance.
MCS-2382,EduPrime University,High-Performance Computing,"GCP, Oracle Cloud",Best-of-Breed,Anthos,Multi-year Contract,0.22,43.3,Strategy tailored for cost savings.
MCS-2383,AeroX Manufacturing,Edge Computing,"DigitalOcean, IBM Cloud, GCP",Failover/DR,"Crossplane, Azure Arc, HashiCorp Vault",Pay-as-you-go,0.57,14.7,Strategy tailored for global expansion.
MCS-2384,MediPulse Clinics,High-Performance Computing,"Alibaba Cloud, Azure, Oracle Cloud",Hybrid Integration,"Terraform, HashiCorp Vault, Istio",Spot Instances,0.55,32.2,Strategy tailored for latency reduction.
MCS-2385,LogiTrans Freight,Data Warehousing,"DigitalOcean, Azure, AWS, IBM Cloud",Best-of-Breed,Spinnaker,Pay-as-you-go,0.17,16.0,Strategy tailored for cost savings.
MCS-2386,GovSecure Dept,IoT Processing,"DigitalOcean, GCP",Compliance Segmentation,"Istio, Anthos, Crossplane",Committed Use Discount,0.82,23.4,Strategy tailored for regulatory compliance.
MCS-2387,AeroX Manufacturing,Edge Computing,"Alibaba Cloud, AWS",Distributed Workload,Kubernetes,Multi-year Contract,0.59,22.3,Strategy tailored for global expansion.
MCS-2388,RetailHub Online,Data Warehousing,"AWS, Oracle Cloud, DigitalOcean, Alibaba Cloud",Best-of-Breed,Terraform,Spot Instances,0.14,11.6,Strategy tailored for cost savings.
MCS-2389,HealthCore Systems,AI/ML Model Training,"Oracle Cloud, IBM Cloud",Hybrid Integration,"Anthos, Azure Arc",Multi-year Contract,0.5,13.4,Strategy tailored for latency reduction.
MCS-2390,GovSecure Dept,Global App Deployment,"DigitalOcean, GCP",Best-of-Breed,"Terraform, Kubernetes, Anthos",Committed Use Discount,0.14,38.7,Strategy tailored for cost savings.
MCS-2391,TechNova Solutions,Hybrid Analytics,"DigitalOcean, AWS",Distributed Workload,"Anthos, Spinnaker",Multi-year Contract,0.97,36.7,Strategy tailored for latency reduction.
MCS-2392,RetailHub Online,Data Warehousing,"Azure, GCP, Oracle Cloud, AWS",Vendor Risk Mitigation,"Kubernetes, Istio",Reserved Instances,0.86,14.7,Strategy tailored for regulatory compliance.
MCS-2393,GovSecure Dept,Data Warehousing,"IBM Cloud, GCP",Best-of-Breed,Kubernetes,Spot Instances,0.95,12.9,Strategy tailored for latency reduction.
MCS-2394,AeroX Manufacturing,Data Warehousing,"GCP, Alibaba Cloud, AWS, Azure",Best-of-Breed,"Azure Arc, Terraform, Spinnaker",Pay-as-you-go,0.95,44.8,Strategy tailored for latency reduction.
MCS-2395,MediPulse Clinics,AI/ML Model Training,"Alibaba Cloud, DigitalOcean",Best-of-Breed,"Kubernetes, Terraform, HashiCorp Vault",Spot Instances,0.73,44.2,Strategy tailored for global expansion.
MCS-2396,AgriSmart Farms,High-Performance Computing,"DigitalOcean, Azure, Oracle Cloud",Cost Optimization,"HashiCorp Vault, Spinnaker",Spot Instances,0.61,15.4,Strategy tailored for global expansion.
MCS-2397,EduPrime University,Hybrid Analytics,"GCP, Azure, DigitalOcean, Alibaba Cloud",Compliance Segmentation,"Anthos, Azure Arc, Spinnaker",Reserved Instances,0.49,28.7,Strategy tailored for regulatory compliance.
MCS-2398,FinTrust Bank,High-Performance Computing,"Azure, AWS, Oracle Cloud",Distributed Workload,"Azure Arc, Spinnaker, Kubernetes",Usage-based Scaling,0.17,29.9,Strategy tailored for regulatory compliance.
MCS-2399,RetailHub Online,High-Performance Computing,"Oracle Cloud, Alibaba Cloud, DigitalOcean",Distributed Workload,"Spinnaker, Anthos",Committed Use Discount,0.97,12.6,Strategy tailored for regulatory compliance.
MCS-2400,MediPulse Clinics,Data Warehousing,"IBM Cloud, Azure, DigitalOcean, Alibaba Cloud",Compliance Segmentation,Azure Arc,Usage-based Scaling,0.81,41.3,Strategy tailored for regulatory compliance.
MCS-2401,LogiTrans Freight,Backup & Archival,"GCP, DigitalOcean, Alibaba Cloud",Failover/DR,"Anthos, Azure Arc",Pay-as-you-go,0.94,43.4,Strategy tailored for global expansion.
MCS-2402,AgriSmart Farms,High-Performance Computing,"Azure, Alibaba Cloud",Hybrid Integration,"Anthos, HashiCorp Vault, Azure Arc",Multi-year Contract,0.56,44.1,Strategy tailored for global expansion.
MCS-2403,EduPrime University,Hybrid Analytics,"DigitalOcean, Azure",Distributed Workload,"Anthos, Spinnaker, HashiCorp Vault",Usage-based Scaling,0.77,11.5,Strategy tailored for cost savings.
MCS-2404,MediPulse Clinics,Global App Deployment,"Oracle Cloud, GCP",Distributed Workload,Anthos,Spot Instances,0.52,33.7,Strategy tailored for regulatory compliance.
MCS-2405,AeroX Manufacturing,Backup & Archival,"DigitalOcean, AWS, Alibaba Cloud, IBM Cloud",Best-of-Breed,Terraform,Pay-as-you-go,0.32,30.6,Strategy tailored for regulatory compliance.
MCS-2406,HealthCore Systems,IoT Processing,"Azure, DigitalOcean, Alibaba Cloud",Failover/DR,"Kubernetes, Anthos",Multi-year Contract,0.69,11.5,Strategy tailored for regulatory compliance.
MCS-2407,AeroX Manufacturing,Hybrid Analytics,"GCP, DigitalOcean, Azure",Hybrid Integration,"Kubernetes, Istio",Multi-year Contract,0.6,35.9,Strategy tailored for cost savings.
MCS-2408,EduPrime University,Data Warehousing,"AWS, IBM Cloud, DigitalOcean",Distributed Workload,Spinnaker,Usage-based Scaling,0.54,5.5,Strategy tailored for regulatory compliance.
MCS-2409,RetailHub Online,AI/ML Model Training,"Azure, Oracle Cloud, AWS, IBM Cloud",Failover/DR,"Spinnaker, Azure Arc",Spot Instances,0.11,19.3,Strategy tailored for cost savings.
MCS-2410,FinTrust Bank,IoT Processing,"IBM Cloud, Alibaba Cloud, Azure",Distributed Workload,Spinnaker,Usage-based Scaling,0.92,14.1,Strategy tailored for regulatory compliance.
MCS-2411,TechNova Solutions,AI/ML Model Training,"AWS, Azure, DigitalOcean",Cost Optimization,"Istio, Kubernetes",Pay-as-you-go,0.66,13.9,Strategy tailored for cost savings.
MCS-2412,TechNova Solutions,Edge Computing,"Alibaba Cloud, AWS, GCP, Oracle Cloud",Best-of-Breed,"Istio, Kubernetes, Anthos",Committed Use Discount,0.39,38.9,Strategy tailored for cost savings.
MCS-2413,GovSecure Dept,Edge Computing,"AWS, Oracle Cloud, GCP, Azure",Best-of-Breed,"Azure Arc, HashiCorp Vault, Anthos",Committed Use Discount,0.75,8.8,Strategy tailored for global expansion.
MCS-2414,MediPulse Clinics,IoT Processing,"GCP, DigitalOcean",Vendor Risk Mitigation,"Spinnaker, HashiCorp Vault, Terraform",Committed Use Discount,0.48,6.2,Strategy tailored for latency reduction.
MCS-2415,EduPrime University,Disaster Recovery,"IBM Cloud, AWS, GCP, Oracle Cloud",Failover/DR,"Istio, Azure Arc",Pay-as-you-go,0.53,31.5,Strategy tailored for regulatory compliance.
MCS-2416,MediPulse Clinics,IoT Processing,"Alibaba Cloud, IBM Cloud, Oracle Cloud",Distributed Workload,"HashiCorp Vault, Kubernetes, Anthos",Usage-based Scaling,0.21,16.6,Strategy tailored for regulatory compliance.
MCS-2417,GovSecure Dept,Global App Deployment,"GCP, Alibaba Cloud, AWS",Distributed Workload,"Kubernetes, Istio, HashiCorp Vault",Committed Use Discount,0.45,41.8,Strategy tailored for latency reduction.
MCS-2418,FinTrust Bank,Data Warehousing,"Azure, AWS",Failover/DR,"Kubernetes, Spinnaker",Multi-year Contract,0.98,6.8,Strategy tailored for cost savings.
MCS-2419,HealthCore Systems,AI/ML Model Training,"DigitalOcean, AWS",Compliance Segmentation,"Kubernetes, Spinnaker",Multi-year Contract,0.78,19.9,Strategy tailored for global expansion.
MCS-2420,TechNova Solutions,AI/ML Model Training,"AWS, Alibaba Cloud, Azure, IBM Cloud",Compliance Segmentation,Anthos,Pay-as-you-go,0.45,35.2,Strategy tailored for latency reduction.
MCS-2421,FinTrust Bank,High-Performance Computing,"Azure, Alibaba Cloud, AWS, IBM Cloud",Distributed Workload,"Azure Arc, Spinnaker",Reserved Instances,0.92,43.0,Strategy tailored for global expansion.
MCS-2422,AeroX Manufacturing,Data Warehousing,"GCP, DigitalOcean, IBM Cloud",Vendor Risk Mitigation,Spinnaker,Reserved Instances,0.61,19.3,Strategy tailored for latency reduction.
MCS-2423,HealthCore Systems,Data Warehousing,"GCP, Azure",Cost Optimization,"Azure Arc, HashiCorp Vault, Terraform",Usage-based Scaling,0.8,15.0,Strategy tailored for latency reduction.
MCS-2424,RetailHub Online,Data Warehousing,"Alibaba Cloud, Azure, DigitalOcean",Distributed Workload,"Crossplane, Spinnaker, Azure Arc",Multi-year Contract,0.6,19.3,Strategy tailored for regulatory compliance.
MCS-2425,RetailHub Online,High-Performance Computing,"Alibaba Cloud, GCP, Azure",Cost Optimization,Crossplane,Committed Use Discount,0.68,14.6,Strategy tailored for cost savings.
MCS-2426,HealthCore Systems,Disaster Recovery,"Oracle Cloud, GCP",Compliance Segmentation,Istio,Pay-as-you-go,0.27,41.7,Strategy tailored for global expansion.
MCS-2427,FinTrust Bank,AI/ML Model Training,"IBM Cloud, GCP, Alibaba Cloud",Compliance Segmentation,Crossplane,Usage-based Scaling,0.19,25.2,Strategy tailored for regulatory compliance.
MCS-2428,LogiTrans Freight,IoT Processing,"Alibaba Cloud, Oracle Cloud, GCP, DigitalOcean",Hybrid Integration,"HashiCorp Vault, Crossplane",Usage-based Scaling,0.3,6.6,Strategy tailored for cost savings.
MCS-2429,RetailHub Online,Data Warehousing,"DigitalOcean, GCP",Distributed Workload,"Spinnaker, Anthos",Spot Instances,0.13,12.0,Strategy tailored for global expansion.
MCS-2430,LogiTrans Freight,Hybrid Analytics,"Azure, DigitalOcean",Vendor Risk Mitigation,"Istio, Terraform",Reserved Instances,0.87,16.3,Strategy tailored for regulatory compliance.
MCS-2431,MediPulse Clinics,Data Warehousing,"GCP, AWS, Oracle Cloud",Vendor Risk Mitigation,"Anthos, Kubernetes, Crossplane",Reserved Instances,0.95,28.3,Strategy tailored for cost savings.
MCS-2432,HealthCore Systems,Disaster Recovery,"Oracle Cloud, Azure, GCP",Hybrid Integration,Terraform,Spot Instances,0.49,28.2,Strategy tailored for global expansion.
MCS-2433,EduPrime University,Edge Computing,"GCP, Azure, DigitalOcean, Oracle Cloud",Cost Optimization,"Spinnaker, Azure Arc, Istio",Reserved Instances,0.56,35.4,Strategy tailored for global expansion.
MCS-2434,FinTrust Bank,IoT Processing,"AWS, GCP",Compliance Segmentation,"Crossplane, Kubernetes",Reserved Instances,0.35,19.1,Strategy tailored for global expansion.
MCS-2435,RetailHub Online,High-Performance Computing,"AWS, GCP, Azure",Hybrid Integration,"Crossplane, HashiCorp Vault, Spinnaker",Spot Instances,0.9,42.9,Strategy tailored for latency reduction.
MCS-2436,AeroX Manufacturing,Data Warehousing,"GCP, Alibaba Cloud, DigitalOcean, Azure",Hybrid Integration,"Spinnaker, Terraform, Istio",Spot Instances,0.89,21.8,Strategy tailored for regulatory compliance.
MCS-2437,MediPulse Clinics,Global App Deployment,"GCP, DigitalOcean",Failover/DR,"Spinnaker, Istio",Committed Use Discount,0.79,24.1,Strategy tailored for regulatory compliance.
MCS-2438,AeroX Manufacturing,IoT Processing,"Azure, Alibaba Cloud, GCP, DigitalOcean",Compliance Segmentation,"Azure Arc, Istio, Kubernetes",Spot Instances,0.54,13.2,Strategy tailored for global expansion.
MCS-2439,FinTrust Bank,IoT Processing,"AWS, Oracle Cloud, Azure, GCP",Best-of-Breed,"Spinnaker, Azure Arc, Crossplane",Usage-based Scaling,0.63,12.4,Strategy tailored for regulatory compliance.
MCS-2440,HealthCore Systems,Hybrid Analytics,"Alibaba Cloud, Azure, GCP",Compliance Segmentation,HashiCorp Vault,Pay-as-you-go,0.4,39.2,Strategy tailored for global expansion.
MCS-2441,RetailHub Online,Global App Deployment,"AWS, GCP, DigitalOcean, Oracle Cloud",Cost Optimization,Crossplane,Committed Use Discount,0.28,7.8,Strategy tailored for global expansion.
MCS-2442,TechNova Solutions,Backup & Archival,"Alibaba Cloud, DigitalOcean",Failover/DR,"Kubernetes, Anthos, HashiCorp Vault",Pay-as-you-go,0.16,42.6,Strategy tailored for cost savings.
MCS-2443,GovSecure Dept,Backup & Archival,"Azure, Oracle Cloud, DigitalOcean",Compliance Segmentation,Crossplane,Committed Use Discount,0.55,21.4,Strategy tailored for cost savings.
MCS-2444,EduPrime University,Edge Computing,"AWS, DigitalOcean",Compliance Segmentation,"Kubernetes, Anthos",Spot Instances,0.82,38.4,Strategy tailored for cost savings.
MCS-2445,LogiTrans Freight,High-Performance Computing,"Azure, IBM Cloud, Oracle Cloud, GCP",Best-of-Breed,"Spinnaker, Anthos",Reserved Instances,0.4,32.7,Strategy tailored for global expansion.
MCS-2446,AgriSmart Farms,Data Warehousing,"Azure, GCP, AWS, IBM Cloud",Best-of-Breed,"Spinnaker, Anthos",Reserved Instances,0.79,31.2,Strategy tailored for regulatory compliance.
MCS-2447,MediPulse Clinics,Backup & Archival,"DigitalOcean, Oracle Cloud",Compliance Segmentation,"Istio, Kubernetes",Committed Use Discount,0.23,40.0,Strategy tailored for latency reduction.
MCS-2448,AgriSmart Farms,IoT Processing,"Alibaba Cloud, IBM Cloud, AWS, DigitalOcean",Compliance Segmentation,"Anthos, Azure Arc, Terraform",Pay-as-you-go,0.58,16.3,Strategy tailored for cost savings.
MCS-2449,EduPrime University,AI/ML Model Training,"Azure, DigitalOcean, Alibaba Cloud, AWS",Vendor Risk Mitigation,"HashiCorp Vault, Anthos",Pay-as-you-go,0.48,6.5,Strategy tailored for global expansion.
MCS-2450,TechNova Solutions,AI/ML Model Training,"Oracle Cloud, IBM Cloud, AWS",Cost Optimization,"Istio, HashiCorp Vault",Reserved Instances,0.21,35.6,Strategy tailored for latency reduction.
MCS-2451,RetailHub Online,Hybrid Analytics,"AWS, GCP",Failover/DR,Terraform,Usage-based Scaling,0.1,21.7,Strategy tailored for latency reduction.
MCS-2452,FinTrust Bank,Global App Deployment,"AWS, Alibaba Cloud, Azure",Vendor Risk Mitigation,Anthos,Reserved Instances,0.57,7.2,Strategy tailored for regulatory compliance.
MCS-2453,TechNova Solutions,High-Performance Computing,"DigitalOcean, Oracle Cloud, AWS, GCP",Distributed Workload,Istio,Multi-year Contract,0.97,14.0,Strategy tailored for latency reduction.
MCS-2454,FinTrust Bank,Global App Deployment,"AWS, Azure, DigitalOcean, Oracle Cloud",Best-of-Breed,"Kubernetes, Crossplane",Committed Use Discount,0.37,17.2,Strategy tailored for cost savings.
MCS-2455,MediPulse Clinics,Global App Deployment,"IBM Cloud, AWS",Compliance Segmentation,"Crossplane, Anthos, Spinnaker",Committed Use Discount,0.31,5.1,Strategy tailored for global expansion.
MCS-2456,EduPrime University,Global App Deployment,"GCP, Alibaba Cloud, Azure, DigitalOcean",Hybrid Integration,"Kubernetes, HashiCorp Vault",Committed Use Discount,0.75,43.7,Strategy tailored for global expansion.
MCS-2457,FinTrust Bank,Hybrid Analytics,"DigitalOcean, Alibaba Cloud, IBM Cloud, Oracle Cloud",Failover/DR,Kubernetes,Pay-as-you-go,0.3,31.5,Strategy tailored for global expansion.
MCS-2458,HealthCore Systems,Global App Deployment,"Alibaba Cloud, IBM Cloud",Compliance Segmentation,"Crossplane, Istio, HashiCorp Vault",Usage-based Scaling,0.76,38.9,Strategy tailored for cost savings.
MCS-2459,AeroX Manufacturing,Edge Computing,"Oracle Cloud, AWS, Azure",Cost Optimization,"Azure Arc, Crossplane",Pay-as-you-go,0.48,17.1,Strategy tailored for regulatory compliance.
MCS-2460,FinTrust Bank,Global App Deployment,"Alibaba Cloud, GCP",Failover/DR,"Istio, HashiCorp Vault",Committed Use Discount,0.39,33.5,Strategy tailored for global expansion.
MCS-2461,MediPulse Clinics,Data Warehousing,"Oracle Cloud, IBM Cloud, DigitalOcean",Hybrid Integration,"Azure Arc, Terraform, Crossplane",Pay-as-you-go,0.83,12.3,Strategy tailored for latency reduction.
MCS-2462,FinTrust Bank,Disaster Recovery,"GCP, AWS",Hybrid Integration,"Istio, HashiCorp Vault",Multi-year Contract,0.43,41.1,Strategy tailored for cost savings.
MCS-2463,HealthCore Systems,Disaster Recovery,"Azure, DigitalOcean, Alibaba Cloud",Distributed Workload,"HashiCorp Vault, Terraform, Anthos",Spot Instances,0.82,44.4,Strategy tailored for latency reduction.
MCS-2464,AgriSmart Farms,Disaster Recovery,"GCP, Azure",Hybrid Integration,"Azure Arc, Terraform",Usage-based Scaling,0.77,20.7,Strategy tailored for latency reduction.
MCS-2465,LogiTrans Freight,Data Warehousing,"AWS, Alibaba Cloud",Compliance Segmentation,Spinnaker,Multi-year Contract,0.63,31.4,Strategy tailored for regulatory compliance.
MCS-2466,AgriSmart Farms,Disaster Recovery,"IBM Cloud, Oracle Cloud, AWS, Azure",Failover/DR,Istio,Usage-based Scaling,0.17,26.8,Strategy tailored for global expansion.
MCS-2467,FinTrust Bank,Disaster Recovery,"Oracle Cloud, Alibaba Cloud, DigitalOcean",Failover/DR,Terraform,Usage-based Scaling,0.73,11.7,Strategy tailored for latency reduction.
MCS-2468,AgriSmart Farms,Edge Computing,"Oracle Cloud, Azure, GCP, AWS",Compliance Segmentation,"Azure Arc, Kubernetes",Usage-based Scaling,0.79,28.4,Strategy tailored for global expansion.
MCS-2469,FinTrust Bank,Disaster Recovery,"Alibaba Cloud, Oracle Cloud, IBM Cloud, DigitalOcean",Vendor Risk Mitigation,Terraform,Committed Use Discount,0.95,6.7,Strategy tailored for regulatory compliance.
MCS-2470,HealthCore Systems,IoT Processing,"Alibaba Cloud, Oracle Cloud, IBM Cloud",Failover/DR,"HashiCorp Vault, Spinnaker",Multi-year Contract,0.34,29.1,Strategy tailored for cost savings.
MCS-2471,TechNova Solutions,IoT Processing,"Azure, IBM Cloud, Oracle Cloud",Hybrid Integration,"HashiCorp Vault, Istio",Committed Use Discount,0.36,33.6,Strategy tailored for cost savings.
MCS-2472,LogiTrans Freight,Backup & Archival,"GCP, Oracle Cloud, AWS",Cost Optimization,"Anthos, Spinnaker",Committed Use Discount,0.78,9.1,Strategy tailored for global expansion.
MCS-2473,LogiTrans Freight,Backup & Archival,"Azure, AWS, GCP, Alibaba Cloud",Cost Optimization,"Anthos, Istio",Multi-year Contract,0.56,25.4,Strategy tailored for cost savings.
MCS-2474,RetailHub Online,High-Performance Computing,"Alibaba Cloud, Oracle Cloud",Best-of-Breed,"Terraform, Crossplane, Spinnaker",Multi-year Contract,0.43,42.3,Strategy tailored for latency reduction.
MCS-2475,AgriSmart Farms,Backup & Archival,"Azure, DigitalOcean, Alibaba Cloud, GCP",Distributed Workload,HashiCorp Vault,Usage-based Scaling,0.84,32.9,Strategy tailored for regulatory compliance.
MCS-2476,GovSecure Dept,High-Performance Computing,"DigitalOcean, Oracle Cloud, Azure, GCP",Compliance Segmentation,"Kubernetes, Spinnaker",Usage-based Scaling,0.74,23.5,Strategy tailored for global expansion.
MCS-2477,EduPrime University,Global App Deployment,"AWS, IBM Cloud, Alibaba Cloud, Oracle Cloud",Failover/DR,Crossplane,Reserved Instances,0.92,32.8,Strategy tailored for global expansion.
MCS-2478,AgriSmart Farms,Global App Deployment,"DigitalOcean, AWS, Azure, Alibaba Cloud",Best-of-Breed,Crossplane,Pay-as-you-go,0.75,39.5,Strategy tailored for cost savings.
MCS-2479,EduPrime University,AI/ML Model Training,"GCP, Oracle Cloud",Best-of-Breed,"HashiCorp Vault, Spinnaker",Spot Instances,0.34,37.3,Strategy tailored for latency reduction.
MCS-2480,AeroX Manufacturing,Edge Computing,"Oracle Cloud, GCP, Azure",Hybrid Integration,"Spinnaker, HashiCorp Vault",Multi-year Contract,0.27,18.8,Strategy tailored for latency reduction.
MCS-2481,LogiTrans Freight,Disaster Recovery,"GCP, Alibaba Cloud, AWS",Hybrid Integration,"Spinnaker, Istio, Azure Arc",Multi-year Contract,0.4,44.1,Strategy tailored for latency reduction.
MCS-2482,MediPulse Clinics,IoT Processing,"Oracle Cloud, AWS, Alibaba Cloud, DigitalOcean",Distributed Workload,Spinnaker,Committed Use Discount,0.86,33.0,Strategy tailored for latency reduction.
MCS-2483,HealthCore Systems,Global App Deployment,"Alibaba Cloud, DigitalOcean, AWS, Oracle Cloud",Distributed Workload,"HashiCorp Vault, Kubernetes, Crossplane",Spot Instances,0.75,27.5,Strategy tailored for latency reduction.
MCS-2484,TechNova Solutions,Edge Computing,"Alibaba Cloud, DigitalOcean, Oracle Cloud, Azure",Cost Optimization,"Kubernetes, Terraform",Usage-based Scaling,0.94,24.9,Strategy tailored for cost savings.
MCS-2485,AeroX Manufacturing,Disaster Recovery,"Oracle Cloud, AWS, IBM Cloud, Azure",Distributed Workload,"Istio, Spinnaker",Multi-year Contract,0.44,11.5,Strategy tailored for latency reduction.
MCS-2486,AgriSmart Farms,AI/ML Model Training,"IBM Cloud, Oracle Cloud, Azure, DigitalOcean",Hybrid Integration,Terraform,Committed Use Discount,0.8,34.4,Strategy tailored for regulatory compliance.
MCS-2487,MediPulse Clinics,AI/ML Model Training,"Azure, AWS, Alibaba Cloud, Oracle Cloud",Distributed Workload,Terraform,Spot Instances,0.44,6.0,Strategy tailored for cost savings.
MCS-2488,MediPulse Clinics,Disaster Recovery,"Azure, Alibaba Cloud, GCP",Vendor Risk Mitigation,"Spinnaker, Kubernetes, HashiCorp Vault",Spot Instances,0.85,5.5,Strategy tailored for latency reduction.
MCS-2489,HealthCore Systems,Data Warehousing,"Azure, DigitalOcean",Cost Optimization,"Terraform, Azure Arc, Istio",Committed Use Discount,0.73,43.8,Strategy tailored for global expansion.
MCS-2490,FinTrust Bank,Backup & Archival,"GCP, DigitalOcean, IBM Cloud, AWS",Distributed Workload,"Terraform, Anthos",Spot Instances,0.49,14.4,Strategy tailored for global expansion.
MCS-2491,HealthCore Systems,AI/ML Model Training,"GCP, DigitalOcean",Hybrid Integration,"Istio, Crossplane",Reserved Instances,0.73,37.7,Strategy tailored for cost savings.
MCS-2492,HealthCore Systems,Disaster Recovery,"AWS, IBM Cloud",Failover/DR,"Azure Arc, Spinnaker, HashiCorp Vault",Multi-year Contract,0.59,43.7,Strategy tailored for regulatory compliance.
MCS-2493,GovSecure Dept,Edge Computing,"AWS, DigitalOcean, Azure",Cost Optimization,"Kubernetes, Crossplane",Pay-as-you-go,0.15,25.2,Strategy tailored for cost savings.
MCS-2494,RetailHub Online,Data Warehousing,"Azure, DigitalOcean, Oracle Cloud",Best-of-Breed,"Terraform, Crossplane",Pay-as-you-go,0.74,39.5,Strategy tailored for latency reduction.
MCS-2495,GovSecure Dept,Edge Computing,"IBM Cloud, AWS, GCP, Azure",Hybrid Integration,Spinnaker,Reserved Instances,0.26,37.0,Strategy tailored for cost savings.
MCS-2496,LogiTrans Freight,Hybrid Analytics,"Azure, AWS, Alibaba Cloud",Distributed Workload,"Kubernetes, Spinnaker, HashiCorp Vault",Reserved Instances,0.59,20.9,Strategy tailored for cost savings.
MCS-2497,HealthCore Systems,Hybrid Analytics,"AWS, IBM Cloud, Azure, DigitalOcean",Compliance Segmentation,"HashiCorp Vault, Kubernetes",Committed Use Discount,0.22,39.6,Strategy tailored for global expansion.
MCS-2498,FinTrust Bank,High-Performance Computing,"Alibaba Cloud, GCP",Vendor Risk Mitigation,"Terraform, Kubernetes",Usage-based Scaling,0.24,17.4,Strategy tailored for regulatory compliance.
MCS-2499,MediPulse Clinics,Hybrid Analytics,"Alibaba Cloud, Azure, DigitalOcean, Oracle Cloud",Cost Optimization,"Istio, HashiCorp Vault, Spinnaker",Reserved Instances,0.36,39.9,Strategy tailored for cost savings.
MCS-2500,AeroX Manufacturing,Backup & Archival,"Oracle Cloud, AWS, Alibaba Cloud",Cost Optimization,Istio,Pay-as-you-go,0.7,36.9,Strategy tailored for latency reduction.
MCS-2501,EduPrime University,Disaster Recovery,"GCP, Oracle Cloud, Alibaba Cloud",Distributed Workload,"HashiCorp Vault, Anthos, Crossplane",Multi-year Contract,0.32,30.0,Strategy tailored for regulatory compliance.
MCS-2502,AgriSmart Farms,Hybrid Analytics,"Oracle Cloud, Alibaba Cloud, IBM Cloud, Azure",Distributed Workload,"Kubernetes, HashiCorp Vault",Spot Instances,0.61,38.3,Strategy tailored for regulatory compliance.
MCS-2503,GovSecure Dept,Backup & Archival,"DigitalOcean, AWS, GCP, IBM Cloud",Hybrid Integration,"Azure Arc, Anthos",Committed Use Discount,0.91,5.5,Strategy tailored for cost savings.
MCS-2504,AeroX Manufacturing,Global App Deployment,"GCP, Azure, Alibaba Cloud",Cost Optimization,"Istio, Anthos, Spinnaker",Multi-year Contract,0.7,7.1,Strategy tailored for global expansion.
MCS-2505,RetailHub Online,Data Warehousing,"GCP, Azure, Alibaba Cloud, IBM Cloud",Failover/DR,"Anthos, Terraform",Usage-based Scaling,0.59,16.5,Strategy tailored for regulatory compliance.
MCS-2506,RetailHub Online,Global App Deployment,"Alibaba Cloud, DigitalOcean, GCP, Azure",Compliance Segmentation,"HashiCorp Vault, Kubernetes",Spot Instances,0.37,19.1,Strategy tailored for global expansion.
MCS-2507,AgriSmart Farms,Hybrid Analytics,"GCP, Azure, Alibaba Cloud, AWS",Hybrid Integration,Istio,Multi-year Contract,0.65,18.4,Strategy tailored for global expansion.
MCS-2508,FinTrust Bank,AI/ML Model Training,"Alibaba Cloud, GCP",Distributed Workload,"Crossplane, Spinnaker",Multi-year Contract,0.75,21.2,Strategy tailored for global expansion.
MCS-2509,RetailHub Online,Edge Computing,"Oracle Cloud, DigitalOcean",Distributed Workload,"Kubernetes, Azure Arc, Istio",Spot Instances,0.16,36.4,Strategy tailored for regulatory compliance.
MCS-2510,HealthCore Systems,Data Warehousing,"AWS, GCP",Vendor Risk Mitigation,Terraform,Pay-as-you-go,0.35,22.3,Strategy tailored for regulatory compliance.
MCS-2511,HealthCore Systems,Backup & Archival,"GCP, Azure, AWS, Oracle Cloud",Failover/DR,Terraform,Pay-as-you-go,0.71,18.3,Strategy tailored for latency reduction.
MCS-2512,TechNova Solutions,Edge Computing,"Oracle Cloud, Azure, DigitalOcean",Failover/DR,"Crossplane, Spinnaker, Anthos",Reserved Instances,0.15,20.0,Strategy tailored for cost savings.
MCS-2513,FinTrust Bank,Backup & Archival,"GCP, Azure, DigitalOcean, Oracle Cloud",Failover/DR,"Terraform, Kubernetes, Spinnaker",Multi-year Contract,0.94,30.7,Strategy tailored for regulatory compliance.
MCS-2514,LogiTrans Freight,AI/ML Model Training,"Azure, Oracle Cloud",Failover/DR,Spinnaker,Multi-year Contract,0.7,30.3,Strategy tailored for cost savings.
MCS-2515,EduPrime University,Global App Deployment,"AWS, Alibaba Cloud, Azure",Compliance Segmentation,"Istio, Crossplane",Multi-year Contract,0.28,21.7,Strategy tailored for global expansion.
MCS-2516,LogiTrans Freight,Global App Deployment,"AWS, Alibaba Cloud",Distributed Workload,"Spinnaker, Azure Arc, Kubernetes",Usage-based Scaling,0.77,9.1,Strategy tailored for global expansion.
MCS-2517,AeroX Manufacturing,High-Performance Computing,"IBM Cloud, GCP",Failover/DR,"Spinnaker, Azure Arc, Crossplane",Committed Use Discount,0.35,16.1,Strategy tailored for regulatory compliance.
MCS-2518,FinTrust Bank,Hybrid Analytics,"IBM Cloud, Oracle Cloud, DigitalOcean, Azure",Hybrid Integration,Kubernetes,Multi-year Contract,0.48,44.2,Strategy tailored for global expansion.
MCS-2519,EduPrime University,High-Performance Computing,"Azure, GCP",Hybrid Integration,"Crossplane, Kubernetes",Usage-based Scaling,0.16,25.7,Strategy tailored for regulatory compliance.
MCS-2520,RetailHub Online,High-Performance Computing,"Oracle Cloud, AWS, IBM Cloud, Azure",Compliance Segmentation,"Kubernetes, Azure Arc, HashiCorp Vault",Pay-as-you-go,0.26,43.8,Strategy tailored for global expansion.
MCS-2521,AeroX Manufacturing,IoT Processing,"Oracle Cloud, AWS, Alibaba Cloud",Distributed Workload,"Spinnaker, Azure Arc, Terraform",Spot Instances,0.2,21.1,Strategy tailored for regulatory compliance.
MCS-2522,TechNova Solutions,Global App Deployment,"GCP, Alibaba Cloud, Oracle Cloud",Failover/DR,Azure Arc,Multi-year Contract,0.76,33.2,Strategy tailored for cost savings.
MCS-2523,FinTrust Bank,High-Performance Computing,"AWS, Azure, Alibaba Cloud",Compliance Segmentation,Kubernetes,Multi-year Contract,0.48,18.9,Strategy tailored for latency reduction.
MCS-2524,AgriSmart Farms,AI/ML Model Training,"GCP, Oracle Cloud, Azure, Alibaba Cloud",Failover/DR,"Crossplane, Istio",Reserved Instances,0.45,15.6,Strategy tailored for cost savings.
MCS-2525,MediPulse Clinics,Edge Computing,"IBM Cloud, AWS",Failover/DR,Terraform,Multi-year Contract,0.28,24.3,Strategy tailored for cost savings.
MCS-2526,AgriSmart Farms,Backup & Archival,"Oracle Cloud, Azure, DigitalOcean",Best-of-Breed,Kubernetes,Pay-as-you-go,0.34,16.5,Strategy tailored for latency reduction.
MCS-2527,AgriSmart Farms,Data Warehousing,"AWS, Oracle Cloud, IBM Cloud, GCP",Compliance Segmentation,Anthos,Multi-year Contract,0.68,43.7,Strategy tailored for cost savings.
MCS-2528,RetailHub Online,Disaster Recovery,"Alibaba Cloud, Azure, GCP",Cost Optimization,Terraform,Spot Instances,0.64,8.1,Strategy tailored for cost savings.
MCS-2529,EduPrime University,Disaster Recovery,"Azure, Alibaba Cloud, DigitalOcean",Vendor Risk Mitigation,"HashiCorp Vault, Crossplane, Anthos",Spot Instances,0.17,43.1,Strategy tailored for cost savings.
MCS-2530,LogiTrans Freight,Data Warehousing,"AWS, DigitalOcean, Azure, IBM Cloud",Compliance Segmentation,"Terraform, Spinnaker, Azure Arc",Reserved Instances,0.36,8.7,Strategy tailored for latency reduction.
MCS-2531,AgriSmart Farms,Hybrid Analytics,"Alibaba Cloud, Oracle Cloud, DigitalOcean, IBM Cloud",Cost Optimization,"HashiCorp Vault, Istio",Multi-year Contract,0.63,29.9,Strategy tailored for global expansion.
MCS-2532,AgriSmart Farms,Backup & Archival,"Azure, IBM Cloud, Oracle Cloud",Failover/DR,Azure Arc,Pay-as-you-go,0.68,15.7,Strategy tailored for regulatory compliance.
MCS-2533,AgriSmart Farms,AI/ML Model Training,"Oracle Cloud, Alibaba Cloud, DigitalOcean, GCP",Hybrid Integration,HashiCorp Vault,Spot Instances,0.11,43.6,Strategy tailored for cost savings.
MCS-2534,FinTrust Bank,Global App Deployment,"Alibaba Cloud, DigitalOcean, Azure",Distributed Workload,"Anthos, HashiCorp Vault, Spinnaker",Spot Instances,0.32,32.0,Strategy tailored for cost savings.
MCS-2535,EduPrime University,Disaster Recovery,"Oracle Cloud, GCP",Distributed Workload,"Spinnaker, HashiCorp Vault",Spot Instances,0.73,29.4,Strategy tailored for regulatory compliance.
MCS-2536,RetailHub Online,Hybrid Analytics,"Oracle Cloud, AWS",Failover/DR,Kubernetes,Committed Use Discount,0.38,15.8,Strategy tailored for regulatory compliance.
MCS-2537,FinTrust Bank,IoT Processing,"Oracle Cloud, DigitalOcean, Alibaba Cloud",Best-of-Breed,"Crossplane, Anthos, Spinnaker",Multi-year Contract,0.63,39.6,Strategy tailored for global expansion.
MCS-2538,FinTrust Bank,Hybrid Analytics,"GCP, Alibaba Cloud",Failover/DR,"Anthos, Terraform",Pay-as-you-go,0.94,9.2,Strategy tailored for cost savings.
MCS-2539,GovSecure Dept,Edge Computing,"AWS, IBM Cloud",Failover/DR,"HashiCorp Vault, Terraform, Azure Arc",Spot Instances,0.24,42.8,Strategy tailored for regulatory compliance.
MCS-2540,AeroX Manufacturing,Hybrid Analytics,"IBM Cloud, GCP, DigitalOcean",Hybrid Integration,Kubernetes,Spot Instances,0.76,40.3,Strategy tailored for global expansion.
MCS-2541,MediPulse Clinics,Backup & Archival,"DigitalOcean, IBM Cloud",Compliance Segmentation,"Kubernetes, Spinnaker, Azure Arc",Committed Use Discount,0.28,28.5,Strategy tailored for global expansion.
MCS-2542,AgriSmart Farms,Data Warehousing,"Alibaba Cloud, Azure",Best-of-Breed,"Istio, Anthos, Azure Arc",Reserved Instances,0.72,32.2,Strategy tailored for latency reduction.
MCS-2543,FinTrust Bank,Edge Computing,"Azure, Alibaba Cloud",Distributed Workload,"Azure Arc, Spinnaker, Kubernetes",Spot Instances,0.46,5.6,Strategy tailored for regulatory compliance.
MCS-2544,RetailHub Online,Disaster Recovery,"Azure, AWS",Hybrid Integration,"Spinnaker, Istio, Terraform",Reserved Instances,0.62,15.1,Strategy tailored for global expansion.
MCS-2545,EduPrime University,Hybrid Analytics,"AWS, DigitalOcean",Distributed Workload,"HashiCorp Vault, Istio",Spot Instances,0.5,43.3,Strategy tailored for regulatory compliance.
MCS-2546,AeroX Manufacturing,Backup & Archival,"Alibaba Cloud, DigitalOcean, GCP, IBM Cloud",Cost Optimization,Crossplane,Multi-year Contract,0.46,38.6,Strategy tailored for cost savings.
MCS-2547,RetailHub Online,Disaster Recovery,"Oracle Cloud, GCP, DigitalOcean",Cost Optimization,"Spinnaker, HashiCorp Vault",Spot Instances,0.27,31.9,Strategy tailored for latency reduction.
MCS-2548,AeroX Manufacturing,Edge Computing,"AWS, Azure, IBM Cloud",Failover/DR,Azure Arc,Spot Instances,0.97,9.1,Strategy tailored for cost savings.
MCS-2549,HealthCore Systems,Backup & Archival,"GCP, Oracle Cloud, DigitalOcean, IBM Cloud",Cost Optimization,"Crossplane, Terraform",Reserved Instances,0.11,22.3,Strategy tailored for cost savings.
MCS-2550,AeroX Manufacturing,Hybrid Analytics,"AWS, GCP, Alibaba Cloud, Oracle Cloud",Distributed Workload,"Anthos, Azure Arc",Spot Instances,0.18,34.9,Strategy tailored for latency reduction.
MCS-2551,TechNova Solutions,IoT Processing,"GCP, Azure",Distributed Workload,"Istio, Crossplane",Reserved Instances,0.91,22.4,Strategy tailored for global expansion.
MCS-2552,MediPulse Clinics,Global App Deployment,"Azure, IBM Cloud, Alibaba Cloud",Hybrid Integration,HashiCorp Vault,Multi-year Contract,0.33,22.4,Strategy tailored for global expansion.
MCS-2553,HealthCore Systems,AI/ML Model Training,"AWS, DigitalOcean",Best-of-Breed,Istio,Spot Instances,0.74,5.4,Strategy tailored for latency reduction.
MCS-2554,EduPrime University,Disaster Recovery,"Oracle Cloud, Azure",Best-of-Breed,Crossplane,Committed Use Discount,0.62,29.5,Strategy tailored for regulatory compliance.
MCS-2555,AeroX Manufacturing,AI/ML Model Training,"Azure, GCP",Hybrid Integration,Terraform,Multi-year Contract,0.67,14.7,Strategy tailored for latency reduction.
MCS-2556,FinTrust Bank,Disaster Recovery,"Alibaba Cloud, Azure",Distributed Workload,"Kubernetes, Anthos",Multi-year Contract,0.74,8.7,Strategy tailored for regulatory compliance.
MCS-2557,AeroX Manufacturing,Backup & Archival,"Alibaba Cloud, IBM Cloud",Hybrid Integration,Kubernetes,Spot Instances,0.28,40.1,Strategy tailored for regulatory compliance.
MCS-2558,EduPrime University,Backup & Archival,"Oracle Cloud, IBM Cloud",Failover/DR,"Crossplane, Terraform, Azure Arc",Committed Use Discount,0.76,5.5,Strategy tailored for cost savings.
MCS-2559,LogiTrans Freight,Hybrid Analytics,"IBM Cloud, GCP, DigitalOcean",Compliance Segmentation,"Istio, Azure Arc, Kubernetes",Committed Use Discount,0.32,13.6,Strategy tailored for regulatory compliance.
MCS-2560,RetailHub Online,Global App Deployment,"Azure, DigitalOcean, Alibaba Cloud",Best-of-Breed,Terraform,Multi-year Contract,0.34,14.9,Strategy tailored for latency reduction.
MCS-2561,EduPrime University,AI/ML Model Training,"Azure, Alibaba Cloud, AWS",Hybrid Integration,"HashiCorp Vault, Crossplane",Reserved Instances,0.16,23.4,Strategy tailored for global expansion.
MCS-2562,MediPulse Clinics,High-Performance Computing,"DigitalOcean, Alibaba Cloud",Compliance Segmentation,"Crossplane, HashiCorp Vault, Kubernetes",Spot Instances,0.75,29.3,Strategy tailored for latency reduction.
MCS-2563,TechNova Solutions,Data Warehousing,"Azure, GCP, AWS",Best-of-Breed,Crossplane,Spot Instances,0.7,8.2,Strategy tailored for cost savings.
MCS-2564,LogiTrans Freight,Hybrid Analytics,"Oracle Cloud, DigitalOcean, GCP, Alibaba Cloud",Failover/DR,"Istio, HashiCorp Vault",Committed Use Discount,0.95,38.5,Strategy tailored for cost savings.
MCS-2565,FinTrust Bank,Data Warehousing,"Oracle Cloud, AWS, Alibaba Cloud",Hybrid Integration,Terraform,Reserved Instances,0.82,37.9,Strategy tailored for cost savings.
MCS-2566,GovSecure Dept,Hybrid Analytics,"Azure, DigitalOcean, Alibaba Cloud",Distributed Workload,Terraform,Usage-based Scaling,0.93,26.8,Strategy tailored for regulatory compliance.
MCS-2567,TechNova Solutions,IoT Processing,"AWS, Alibaba Cloud, Oracle Cloud",Vendor Risk Mitigation,"Azure Arc, Kubernetes, Istio",Committed Use Discount,0.28,29.7,Strategy tailored for regulatory compliance.
MCS-2568,GovSecure Dept,High-Performance Computing,"IBM Cloud, Alibaba Cloud, DigitalOcean, Azure",Distributed Workload,"Terraform, Azure Arc, HashiCorp Vault",Multi-year Contract,0.76,34.5,Strategy tailored for regulatory compliance.
MCS-2569,GovSecure Dept,Hybrid Analytics,"GCP, Alibaba Cloud",Best-of-Breed,"Kubernetes, Azure Arc",Spot Instances,0.56,7.7,Strategy tailored for global expansion.
MCS-2570,AeroX Manufacturing,Global App Deployment,"Alibaba Cloud, IBM Cloud, Azure",Distributed Workload,"Crossplane, HashiCorp Vault",Pay-as-you-go,0.43,41.8,Strategy tailored for cost savings.
MCS-2571,AeroX Manufacturing,Edge Computing,"GCP, AWS, IBM Cloud",Failover/DR,Azure Arc,Spot Instances,0.62,26.5,Strategy tailored for cost savings.
MCS-2572,MediPulse Clinics,Disaster Recovery,"AWS, Alibaba Cloud, GCP",Cost Optimization,"Istio, Terraform, Crossplane",Usage-based Scaling,0.34,19.7,Strategy tailored for regulatory compliance.
MCS-2573,AeroX Manufacturing,Disaster Recovery,"IBM Cloud, Azure, Alibaba Cloud",Compliance Segmentation,"Crossplane, Istio, Terraform",Reserved Instances,0.9,31.7,Strategy tailored for global expansion.
MCS-2574,GovSecure Dept,IoT Processing,"IBM Cloud, DigitalOcean",Failover/DR,Istio,Pay-as-you-go,0.8,23.2,Strategy tailored for regulatory compliance.
MCS-2575,RetailHub Online,Hybrid Analytics,"AWS, Azure",Compliance Segmentation,"Crossplane, Kubernetes, HashiCorp Vault",Committed Use Discount,0.66,14.9,Strategy tailored for regulatory compliance.
MCS-2576,MediPulse Clinics,Data Warehousing,"Azure, DigitalOcean, Alibaba Cloud",Hybrid Integration,Crossplane,Committed Use Discount,0.73,22.1,Strategy tailored for latency reduction.
MCS-2577,HealthCore Systems,Data Warehousing,"Alibaba Cloud, AWS",Failover/DR,Crossplane,Reserved Instances,0.49,31.0,Strategy tailored for latency reduction.
MCS-2578,LogiTrans Freight,IoT Processing,"IBM Cloud, Alibaba Cloud",Distributed Workload,"Kubernetes, Azure Arc, HashiCorp Vault",Multi-year Contract,0.93,7.6,Strategy tailored for regulatory compliance.
MCS-2579,HealthCore Systems,IoT Processing,"GCP, Azure",Distributed Workload,Crossplane,Usage-based Scaling,0.83,16.7,Strategy tailored for latency reduction.
MCS-2580,AeroX Manufacturing,AI/ML Model Training,"Azure, Alibaba Cloud",Hybrid Integration,Azure Arc,Spot Instances,0.5,5.9,Strategy tailored for regulatory compliance.
MCS-2581,FinTrust Bank,IoT Processing,"Alibaba Cloud, Oracle Cloud, AWS",Vendor Risk Mitigation,"Istio, Kubernetes, Spinnaker",Reserved Instances,0.37,25.1,Strategy tailored for global expansion.
MCS-2582,AeroX Manufacturing,AI/ML Model Training,"Azure, DigitalOcean, Oracle Cloud, IBM Cloud",Distributed Workload,"HashiCorp Vault, Kubernetes",Pay-as-you-go,0.15,24.6,Strategy tailored for latency reduction.
MCS-2583,LogiTrans Freight,Global App Deployment,"IBM Cloud, GCP",Best-of-Breed,"HashiCorp Vault, Spinnaker, Anthos",Spot Instances,0.93,9.2,Strategy tailored for latency reduction.
MCS-2584,TechNova Solutions,Hybrid Analytics,"Azure, AWS",Cost Optimization,"Kubernetes, Crossplane, Spinnaker",Spot Instances,0.78,21.4,Strategy tailored for global expansion.
MCS-2585,GovSecure Dept,Backup & Archival,"Alibaba Cloud, GCP, AWS, IBM Cloud",Vendor Risk Mitigation,"HashiCorp Vault, Kubernetes, Anthos",Multi-year Contract,0.68,15.4,Strategy tailored for global expansion.
MCS-2586,AgriSmart Farms,Disaster Recovery,"AWS, GCP",Compliance Segmentation,Crossplane,Spot Instances,0.24,11.4,Strategy tailored for cost savings.
MCS-2587,AgriSmart Farms,IoT Processing,"AWS, IBM Cloud, GCP",Best-of-Breed,"Crossplane, HashiCorp Vault",Committed Use Discount,0.16,12.4,Strategy tailored for global expansion.
MCS-2588,FinTrust Bank,Disaster Recovery,"GCP, Azure, AWS",Vendor Risk Mitigation,Kubernetes,Committed Use Discount,0.69,40.3,Strategy tailored for latency reduction.
MCS-2589,HealthCore Systems,Edge Computing,"GCP, AWS, Azure",Cost Optimization,Kubernetes,Reserved Instances,0.82,32.4,Strategy tailored for latency reduction.
MCS-2590,AgriSmart Farms,Edge Computing,"Alibaba Cloud, IBM Cloud, AWS, GCP",Cost Optimization,"Crossplane, Terraform, Azure Arc",Pay-as-you-go,0.2,16.6,Strategy tailored for regulatory compliance.
MCS-2591,MediPulse Clinics,AI/ML Model Training,"GCP, Alibaba Cloud, AWS, Azure",Best-of-Breed,Terraform,Pay-as-you-go,0.38,15.0,Strategy tailored for global expansion.
MCS-2592,FinTrust Bank,Hybrid Analytics,"Oracle Cloud, IBM Cloud, AWS",Hybrid Integration,Azure Arc,Pay-as-you-go,0.56,26.4,Strategy tailored for regulatory compliance.
MCS-2593,EduPrime University,Data Warehousing,"IBM Cloud, DigitalOcean, AWS, Alibaba Cloud",Distributed Workload,Anthos,Reserved Instances,0.42,19.2,Strategy tailored for cost savings.
MCS-2594,MediPulse Clinics,Disaster Recovery,"IBM Cloud, GCP, Alibaba Cloud, Azure",Distributed Workload,"Azure Arc, Terraform, Spinnaker",Reserved Instances,0.84,36.6,Strategy tailored for global expansion.
MCS-2595,RetailHub Online,Backup & Archival,"GCP, Azure, Oracle Cloud",Cost Optimization,"Crossplane, Anthos",Reserved Instances,0.37,41.6,Strategy tailored for latency reduction.
MCS-2596,MediPulse Clinics,Edge Computing,"IBM Cloud, Oracle Cloud, AWS, Alibaba Cloud",Distributed Workload,"Azure Arc, HashiCorp Vault, Anthos",Usage-based Scaling,0.95,18.1,Strategy tailored for cost savings.
MCS-2597,AeroX Manufacturing,Data Warehousing,"IBM Cloud, AWS, Azure, Alibaba Cloud",Compliance Segmentation,Azure Arc,Reserved Instances,0.42,25.2,Strategy tailored for latency reduction.
MCS-2598,HealthCore Systems,High-Performance Computing,"Azure, GCP",Best-of-Breed,"Terraform, HashiCorp Vault, Kubernetes",Usage-based Scaling,0.94,40.1,Strategy tailored for latency reduction.
MCS-2599,FinTrust Bank,High-Performance Computing,"GCP, Azure",Distributed Workload,Anthos,Usage-based Scaling,0.19,20.7,Strategy tailored for latency reduction.
MCS-2600,TechNova Solutions,IoT Processing,"Oracle Cloud, DigitalOcean, IBM Cloud",Compliance Segmentation,"Spinnaker, HashiCorp Vault",Reserved Instances,0.59,25.1,Strategy tailored for cost savings.
MCS-2601,RetailHub Online,High-Performance Computing,"Azure, DigitalOcean, Alibaba Cloud",Distributed Workload,"Crossplane, Azure Arc",Pay-as-you-go,0.27,39.4,Strategy tailored for regulatory compliance.
MCS-2602,FinTrust Bank,High-Performance Computing,"Azure, AWS, DigitalOcean",Compliance Segmentation,"Crossplane, Kubernetes",Spot Instances,0.7,38.5,Strategy tailored for latency reduction.
MCS-2603,AgriSmart Farms,Data Warehousing,"GCP, Azure, Oracle Cloud",Vendor Risk Mitigation,Spinnaker,Multi-year Contract,0.86,34.9,Strategy tailored for latency reduction.
MCS-2604,AeroX Manufacturing,Hybrid Analytics,"GCP, DigitalOcean, Azure",Distributed Workload,Crossplane,Spot Instances,0.49,29.4,Strategy tailored for global expansion.
MCS-2605,AgriSmart Farms,Data Warehousing,"Azure, Oracle Cloud, Alibaba Cloud",Best-of-Breed,Spinnaker,Spot Instances,0.24,31.9,Strategy tailored for cost savings.
MCS-2606,GovSecure Dept,Backup & Archival,"Azure, AWS, GCP, IBM Cloud",Cost Optimization,"Kubernetes, Anthos",Usage-based Scaling,0.26,32.8,Strategy tailored for regulatory compliance.
MCS-2607,MediPulse Clinics,Disaster Recovery,"IBM Cloud, AWS",Failover/DR,"Crossplane, Istio",Reserved Instances,0.3,9.7,Strategy tailored for cost savings.
MCS-2608,LogiTrans Freight,Backup & Archival,"Azure, AWS",Hybrid Integration,"Istio, Crossplane, Anthos",Pay-as-you-go,0.25,5.1,Strategy tailored for global expansion.
MCS-2609,RetailHub Online,Data Warehousing,"DigitalOcean, GCP",Compliance Segmentation,"Crossplane, HashiCorp Vault",Committed Use Discount,0.74,34.3,Strategy tailored for cost savings.
MCS-2610,MediPulse Clinics,IoT Processing,"Oracle Cloud, Alibaba Cloud",Cost Optimization,Azure Arc,Committed Use Discount,0.56,11.5,Strategy tailored for latency reduction.
MCS-2611,TechNova Solutions,IoT Processing,"Alibaba Cloud, Azure, IBM Cloud",Hybrid Integration,"Azure Arc, Spinnaker",Multi-year Contract,0.17,5.8,Strategy tailored for latency reduction.
MCS-2612,HealthCore Systems,AI/ML Model Training,"Azure, Alibaba Cloud, Oracle Cloud, AWS",Failover/DR,"Istio, Crossplane",Usage-based Scaling,0.25,40.6,Strategy tailored for latency reduction.
MCS-2613,HealthCore Systems,Backup & Archival,"DigitalOcean, Azure, Alibaba Cloud",Compliance Segmentation,Azure Arc,Committed Use Discount,0.31,19.2,Strategy tailored for latency reduction.
MCS-2614,FinTrust Bank,Edge Computing,"IBM Cloud, Oracle Cloud",Best-of-Breed,"Spinnaker, Kubernetes",Pay-as-you-go,0.19,13.9,Strategy tailored for regulatory compliance.
MCS-2615,RetailHub Online,AI/ML Model Training,"Alibaba Cloud, GCP",Vendor Risk Mitigation,"Azure Arc, Terraform, Spinnaker",Usage-based Scaling,0.56,29.3,Strategy tailored for regulatory compliance.
MCS-2616,GovSecure Dept,Data Warehousing,"Alibaba Cloud, DigitalOcean, AWS, Oracle Cloud",Vendor Risk Mitigation,Istio,Committed Use Discount,0.32,7.3,Strategy tailored for latency reduction.
MCS-2617,HealthCore Systems,Backup & Archival,"Azure, IBM Cloud, GCP, AWS",Distributed Workload,"HashiCorp Vault, Anthos, Azure Arc",Multi-year Contract,0.45,14.4,Strategy tailored for cost savings.
MCS-2618,FinTrust Bank,AI/ML Model Training,"IBM Cloud, AWS, GCP, Azure",Failover/DR,Azure Arc,Usage-based Scaling,0.3,43.4,Strategy tailored for latency reduction.
MCS-2619,EduPrime University,Global App Deployment,"Azure, Alibaba Cloud",Hybrid Integration,"Terraform, HashiCorp Vault",Spot Instances,0.65,27.3,Strategy tailored for cost savings.
MCS-2620,AeroX Manufacturing,Data Warehousing,"AWS, DigitalOcean",Compliance Segmentation,HashiCorp Vault,Usage-based Scaling,0.47,22.2,Strategy tailored for regulatory compliance.
MCS-2621,MediPulse Clinics,Data Warehousing,"AWS, Azure, Oracle Cloud, IBM Cloud",Best-of-Breed,HashiCorp Vault,Pay-as-you-go,0.58,32.9,Strategy tailored for cost savings.
MCS-2622,MediPulse Clinics,AI/ML Model Training,"Alibaba Cloud, Azure",Failover/DR,Anthos,Spot Instances,0.72,11.9,Strategy tailored for latency reduction.
MCS-2623,MediPulse Clinics,Global App Deployment,"Alibaba Cloud, Azure, GCP, IBM Cloud",Distributed Workload,Azure Arc,Spot Instances,0.55,21.5,Strategy tailored for global expansion.
MCS-2624,EduPrime University,Hybrid Analytics,"GCP, Alibaba Cloud, IBM Cloud",Failover/DR,"Terraform, Kubernetes, Azure Arc",Committed Use Discount,0.87,30.3,Strategy tailored for global expansion.
MCS-2625,GovSecure Dept,Hybrid Analytics,"Alibaba Cloud, IBM Cloud",Best-of-Breed,"Anthos, Terraform, Kubernetes",Usage-based Scaling,0.57,9.6,Strategy tailored for latency reduction.
MCS-2626,GovSecure Dept,Hybrid Analytics,"DigitalOcean, IBM Cloud, Azure",Best-of-Breed,"Anthos, Crossplane, Kubernetes",Reserved Instances,0.64,9.7,Strategy tailored for cost savings.
MCS-2627,FinTrust Bank,Backup & Archival,"IBM Cloud, AWS, Azure, DigitalOcean",Hybrid Integration,"Kubernetes, Anthos, Istio",Committed Use Discount,0.4,10.7,Strategy tailored for cost savings.
MCS-2628,EduPrime University,Disaster Recovery,"Oracle Cloud, Azure, DigitalOcean",Vendor Risk Mitigation,Kubernetes,Multi-year Contract,0.72,13.3,Strategy tailored for cost savings.
MCS-2629,AeroX Manufacturing,Hybrid Analytics,"Oracle Cloud, DigitalOcean",Compliance Segmentation,"Kubernetes, HashiCorp Vault, Anthos",Spot Instances,0.45,40.8,Strategy tailored for cost savings.
MCS-2630,AgriSmart Farms,IoT Processing,"AWS, Alibaba Cloud",Vendor Risk Mitigation,Terraform,Usage-based Scaling,0.28,25.3,Strategy tailored for latency reduction.
MCS-2631,HealthCore Systems,IoT Processing,"Alibaba Cloud, DigitalOcean",Vendor Risk Mitigation,"Kubernetes, Terraform, HashiCorp Vault",Reserved Instances,0.47,5.7,Strategy tailored for global expansion.
MCS-2632,HealthCore Systems,Hybrid Analytics,"DigitalOcean, GCP, AWS, IBM Cloud",Compliance Segmentation,HashiCorp Vault,Committed Use Discount,0.81,7.8,Strategy tailored for global expansion.
MCS-2633,HealthCore Systems,Backup & Archival,"GCP, Alibaba Cloud, DigitalOcean, Azure",Best-of-Breed,"Anthos, Crossplane, HashiCorp Vault",Multi-year Contract,0.52,27.4,Strategy tailored for global expansion.
MCS-2634,AgriSmart Farms,Hybrid Analytics,"Alibaba Cloud, AWS, Azure, IBM Cloud",Vendor Risk Mitigation,"Terraform, Anthos",Spot Instances,0.66,32.5,Strategy tailored for global expansion.
MCS-2635,FinTrust Bank,Backup & Archival,"Oracle Cloud, AWS, DigitalOcean",Cost Optimization,Terraform,Usage-based Scaling,0.33,5.4,Strategy tailored for regulatory compliance.
MCS-2636,RetailHub Online,High-Performance Computing,"DigitalOcean, GCP, AWS",Hybrid Integration,"Crossplane, Spinnaker, Kubernetes",Spot Instances,0.74,26.4,Strategy tailored for global expansion.
MCS-2637,AeroX Manufacturing,AI/ML Model Training,"Oracle Cloud, Azure",Vendor Risk Mitigation,"Azure Arc, Anthos",Committed Use Discount,0.84,37.9,Strategy tailored for latency reduction.
MCS-2638,TechNova Solutions,Edge Computing,"Alibaba Cloud, IBM Cloud",Distributed Workload,"Terraform, Crossplane, HashiCorp Vault",Pay-as-you-go,0.85,24.4,Strategy tailored for global expansion.
MCS-2639,FinTrust Bank,High-Performance Computing,"Azure, Oracle Cloud",Cost Optimization,"Spinnaker, Crossplane, Anthos",Pay-as-you-go,0.4,36.7,Strategy tailored for cost savings.
MCS-2640,EduPrime University,AI/ML Model Training,"GCP, AWS",Best-of-Breed,"Crossplane, Istio",Multi-year Contract,0.5,12.3,Strategy tailored for latency reduction.
MCS-2641,GovSecure Dept,Backup & Archival,"AWS, GCP, DigitalOcean, Azure",Cost Optimization,"Spinnaker, Kubernetes",Multi-year Contract,0.86,40.3,Strategy tailored for cost savings.
MCS-2642,MediPulse Clinics,Global App Deployment,"DigitalOcean, AWS, Oracle Cloud, GCP",Failover/DR,Kubernetes,Reserved Instances,0.52,8.0,Strategy tailored for global expansion.
MCS-2643,AeroX Manufacturing,Edge Computing,"Azure, IBM Cloud, DigitalOcean, GCP",Distributed Workload,"Anthos, Terraform",Reserved Instances,0.45,37.1,Strategy tailored for global expansion.
MCS-2644,EduPrime University,IoT Processing,"DigitalOcean, IBM Cloud, Oracle Cloud, Azure",Best-of-Breed,"Crossplane, Terraform",Spot Instances,0.9,13.1,Strategy tailored for latency reduction.
MCS-2645,MediPulse Clinics,Edge Computing,"Oracle Cloud, Azure, GCP, IBM Cloud",Vendor Risk Mitigation,"Terraform, Kubernetes",Spot Instances,0.16,40.1,Strategy tailored for cost savings.
MCS-2646,TechNova Solutions,IoT Processing,"DigitalOcean, Azure, GCP, Alibaba Cloud",Vendor Risk Mitigation,"Terraform, HashiCorp Vault, Spinnaker",Spot Instances,0.45,26.7,Strategy tailored for global expansion.
MCS-2647,AgriSmart Farms,High-Performance Computing,"Alibaba Cloud, GCP, IBM Cloud",Cost Optimization,"Terraform, Istio, Kubernetes",Usage-based Scaling,0.96,7.7,Strategy tailored for latency reduction.
MCS-2648,TechNova Solutions,Global App Deployment,"DigitalOcean, IBM Cloud, Alibaba Cloud, Azure",Vendor Risk Mitigation,"HashiCorp Vault, Spinnaker",Reserved Instances,0.68,8.0,Strategy tailored for global expansion.
MCS-2649,AeroX Manufacturing,Disaster Recovery,"DigitalOcean, GCP, AWS, Alibaba Cloud",Compliance Segmentation,"Terraform, Istio, Anthos",Reserved Instances,0.43,37.2,Strategy tailored for cost savings.
MCS-2650,RetailHub Online,Global App Deployment,"Azure, IBM Cloud, GCP",Cost Optimization,"Kubernetes, Azure Arc",Usage-based Scaling,0.49,44.9,Strategy tailored for cost savings.
MCS-2651,EduPrime University,AI/ML Model Training,"AWS, DigitalOcean",Cost Optimization,"Spinnaker, HashiCorp Vault",Pay-as-you-go,0.6,17.8,Strategy tailored for latency reduction.
MCS-2652,AeroX Manufacturing,Global App Deployment,"IBM Cloud, AWS",Compliance Segmentation,"Azure Arc, Spinnaker, Kubernetes",Reserved Instances,0.3,19.0,Strategy tailored for global expansion.
MCS-2653,TechNova Solutions,Global App Deployment,"Oracle Cloud, AWS",Compliance Segmentation,Kubernetes,Multi-year Contract,0.43,7.7,Strategy tailored for global expansion.
MCS-2654,TechNova Solutions,High-Performance Computing,"Oracle Cloud, IBM Cloud",Vendor Risk Mitigation,"Terraform, Spinnaker",Reserved Instances,0.43,23.6,Strategy tailored for cost savings.
MCS-2655,FinTrust Bank,Disaster Recovery,"AWS, GCP, Oracle Cloud, Alibaba Cloud",Cost Optimization,Terraform,Reserved Instances,0.74,31.3,Strategy tailored for global expansion.
MCS-2656,TechNova Solutions,Hybrid Analytics,"DigitalOcean, Oracle Cloud, GCP, IBM Cloud",Vendor Risk Mitigation,"Kubernetes, HashiCorp Vault, Azure Arc",Pay-as-you-go,0.73,5.3,Strategy tailored for cost savings.
MCS-2657,MediPulse Clinics,IoT Processing,"Alibaba Cloud, GCP, Azure, AWS",Best-of-Breed,"Kubernetes, Istio",Pay-as-you-go,0.29,31.5,Strategy tailored for regulatory compliance.
MCS-2658,HealthCore Systems,Backup & Archival,"Azure, Alibaba Cloud, Oracle Cloud",Cost Optimization,"HashiCorp Vault, Istio",Pay-as-you-go,0.53,5.2,Strategy tailored for cost savings.
MCS-2659,MediPulse Clinics,Global App Deployment,"Alibaba Cloud, DigitalOcean",Failover/DR,Anthos,Pay-as-you-go,0.82,35.9,Strategy tailored for cost savings.
MCS-2660,LogiTrans Freight,Edge Computing,"GCP, Oracle Cloud, AWS",Best-of-Breed,"Terraform, HashiCorp Vault",Usage-based Scaling,0.59,7.7,Strategy tailored for regulatory compliance.
MCS-2661,EduPrime University,Backup & Archival,"Oracle Cloud, DigitalOcean, AWS, GCP",Compliance Segmentation,HashiCorp Vault,Reserved Instances,0.78,28.3,Strategy tailored for global expansion.
MCS-2662,MediPulse Clinics,High-Performance Computing,"Alibaba Cloud, DigitalOcean, AWS",Cost Optimization,"Kubernetes, Terraform, HashiCorp Vault",Reserved Instances,0.8,35.1,Strategy tailored for global expansion.
MCS-2663,FinTrust Bank,Disaster Recovery,"Alibaba Cloud, AWS",Cost Optimization,HashiCorp Vault,Spot Instances,0.81,25.7,Strategy tailored for global expansion.
MCS-2664,AeroX Manufacturing,AI/ML Model Training,"Oracle Cloud, Azure",Compliance Segmentation,"Kubernetes, Anthos",Usage-based Scaling,0.22,31.8,Strategy tailored for cost savings.
MCS-2665,HealthCore Systems,Data Warehousing,"GCP, Alibaba Cloud",Hybrid Integration,Istio,Multi-year Contract,0.65,34.7,Strategy tailored for cost savings.
MCS-2666,MediPulse Clinics,AI/ML Model Training,"DigitalOcean, Oracle Cloud, Alibaba Cloud",Vendor Risk Mitigation,"Anthos, Crossplane, Kubernetes",Multi-year Contract,0.25,12.8,Strategy tailored for regulatory compliance.
MCS-2667,AgriSmart Farms,Disaster Recovery,"Azure, GCP",Cost Optimization,Spinnaker,Reserved Instances,0.89,35.0,Strategy tailored for regulatory compliance.
MCS-2668,AgriSmart Farms,Global App Deployment,"Alibaba Cloud, DigitalOcean, IBM Cloud",Compliance Segmentation,"Anthos, Azure Arc, Terraform",Reserved Instances,0.91,35.3,Strategy tailored for cost savings.
MCS-2669,TechNova Solutions,AI/ML Model Training,"AWS, DigitalOcean",Hybrid Integration,"Terraform, Crossplane",Pay-as-you-go,0.63,31.2,Strategy tailored for regulatory compliance.
MCS-2670,AeroX Manufacturing,AI/ML Model Training,"GCP, IBM Cloud, Azure",Best-of-Breed,"Spinnaker, Anthos, Crossplane",Reserved Instances,0.89,28.2,Strategy tailored for global expansion.
MCS-2671,AeroX Manufacturing,High-Performance Computing,"IBM Cloud, Oracle Cloud, GCP, DigitalOcean",Best-of-Breed,"Crossplane, Kubernetes, Spinnaker",Committed Use Discount,0.66,11.3,Strategy tailored for global expansion.
MCS-2672,AeroX Manufacturing,Global App Deployment,"GCP, IBM Cloud",Best-of-Breed,"Terraform, Istio",Multi-year Contract,0.52,33.7,Strategy tailored for regulatory compliance.
MCS-2673,AeroX Manufacturing,Global App Deployment,"Azure, AWS",Failover/DR,Crossplane,Reserved Instances,0.34,13.1,Strategy tailored for global expansion.
MCS-2674,MediPulse Clinics,Backup & Archival,"Oracle Cloud, IBM Cloud",Compliance Segmentation,Spinnaker,Reserved Instances,0.38,14.7,Strategy tailored for global expansion.
MCS-2675,HealthCore Systems,Hybrid Analytics,"AWS, DigitalOcean, Oracle Cloud",Failover/DR,"Azure Arc, Anthos, Crossplane",Usage-based Scaling,0.29,22.0,Strategy tailored for cost savings.
MCS-2676,GovSecure Dept,Global App Deployment,"DigitalOcean, Alibaba Cloud, IBM Cloud",Hybrid Integration,"Azure Arc, Crossplane, Kubernetes",Usage-based Scaling,0.91,25.3,Strategy tailored for latency reduction.
MCS-2677,AgriSmart Farms,Disaster Recovery,"Oracle Cloud, DigitalOcean, AWS",Failover/DR,"Istio, Anthos, Terraform",Multi-year Contract,0.27,8.1,Strategy tailored for cost savings.
MCS-2678,MediPulse Clinics,IoT Processing,"DigitalOcean, Azure, Oracle Cloud, GCP",Best-of-Breed,"Istio, Crossplane, Azure Arc",Committed Use Discount,0.72,20.3,Strategy tailored for global expansion.
MCS-2679,HealthCore Systems,Global App Deployment,"IBM Cloud, Oracle Cloud",Vendor Risk Mitigation,"Kubernetes, HashiCorp Vault",Usage-based Scaling,0.83,31.4,Strategy tailored for cost savings.
MCS-2680,RetailHub Online,Backup & Archival,"IBM Cloud, GCP, AWS",Hybrid Integration,Crossplane,Spot Instances,0.81,15.9,Strategy tailored for cost savings.
MCS-2681,RetailHub Online,Edge Computing,"GCP, DigitalOcean, AWS, IBM Cloud",Vendor Risk Mitigation,Spinnaker,Reserved Instances,0.72,15.6,Strategy tailored for latency reduction.
MCS-2682,FinTrust Bank,Backup & Archival,"IBM Cloud, Oracle Cloud, DigitalOcean",Best-of-Breed,Kubernetes,Spot Instances,0.94,30.5,Strategy tailored for cost savings.
MCS-2683,HealthCore Systems,AI/ML Model Training,"Azure, IBM Cloud, GCP, AWS",Best-of-Breed,Istio,Multi-year Contract,0.39,15.8,Strategy tailored for latency reduction.
MCS-2684,AeroX Manufacturing,Edge Computing,"GCP, DigitalOcean",Cost Optimization,HashiCorp Vault,Pay-as-you-go,0.27,32.8,Strategy tailored for global expansion.
MCS-2685,MediPulse Clinics,Data Warehousing,"IBM Cloud, Azure, Alibaba Cloud, Oracle Cloud",Compliance Segmentation,"Anthos, Terraform",Usage-based Scaling,0.29,28.8,Strategy tailored for regulatory compliance.
MCS-2686,RetailHub Online,Edge Computing,"AWS, Oracle Cloud, DigitalOcean",Distributed Workload,"Crossplane, Azure Arc, Kubernetes",Pay-as-you-go,0.34,31.5,Strategy tailored for global expansion.
MCS-2687,EduPrime University,High-Performance Computing,"DigitalOcean, Azure, IBM Cloud",Failover/DR,"Terraform, Crossplane",Pay-as-you-go,0.83,36.1,Strategy tailored for global expansion.
MCS-2688,LogiTrans Freight,High-Performance Computing,"Azure, IBM Cloud",Compliance Segmentation,"Kubernetes, Istio, Anthos",Pay-as-you-go,0.78,12.5,Strategy tailored for global expansion.
MCS-2689,GovSecure Dept,Backup & Archival,"AWS, Azure, DigitalOcean",Failover/DR,"Azure Arc, Terraform",Reserved Instances,0.18,33.0,Strategy tailored for regulatory compliance.
MCS-2690,TechNova Solutions,Data Warehousing,"GCP, Oracle Cloud",Best-of-Breed,"Kubernetes, Azure Arc",Pay-as-you-go,0.43,22.3,Strategy tailored for cost savings.
MCS-2691,EduPrime University,AI/ML Model Training,"IBM Cloud, Azure",Best-of-Breed,"Kubernetes, Spinnaker",Spot Instances,0.13,15.4,Strategy tailored for cost savings.
MCS-2692,GovSecure Dept,IoT Processing,"Oracle Cloud, Alibaba Cloud",Cost Optimization,"HashiCorp Vault, Azure Arc, Terraform",Reserved Instances,0.13,40.2,Strategy tailored for cost savings.
MCS-2693,LogiTrans Freight,AI/ML Model Training,"IBM Cloud, GCP, DigitalOcean, Alibaba Cloud",Cost Optimization,Anthos,Multi-year Contract,0.32,27.3,Strategy tailored for regulatory compliance.
MCS-2694,FinTrust Bank,Data Warehousing,"GCP, IBM Cloud, AWS",Vendor Risk Mitigation,Istio,Committed Use Discount,0.13,31.7,Strategy tailored for regulatory compliance.
MCS-2695,FinTrust Bank,Global App Deployment,"Azure, DigitalOcean, GCP",Vendor Risk Mitigation,Istio,Spot Instances,0.39,40.9,Strategy tailored for latency reduction.
MCS-2696,EduPrime University,Hybrid Analytics,"Alibaba Cloud, Oracle Cloud, IBM Cloud, Azure",Failover/DR,Terraform,Reserved Instances,0.89,18.0,Strategy tailored for latency reduction.
MCS-2697,LogiTrans Freight,Backup & Archival,"AWS, DigitalOcean",Failover/DR,"Istio, Kubernetes",Multi-year Contract,0.9,44.8,Strategy tailored for regulatory compliance.
MCS-2698,LogiTrans Freight,Hybrid Analytics,"Alibaba Cloud, Oracle Cloud",Vendor Risk Mitigation,Azure Arc,Pay-as-you-go,0.83,38.8,Strategy tailored for cost savings.
MCS-2699,GovSecure Dept,IoT Processing,"AWS, GCP, Azure",Cost Optimization,"Terraform, Azure Arc",Usage-based Scaling,0.32,28.1,Strategy tailored for global expansion.
MCS-2700,MediPulse Clinics,AI/ML Model Training,"Oracle Cloud, DigitalOcean, AWS",Distributed Workload,"Azure Arc, Spinnaker",Multi-year Contract,0.16,8.8,Strategy tailored for cost savings.
MCS-2701,FinTrust Bank,IoT Processing,"Oracle Cloud, IBM Cloud",Failover/DR,Anthos,Reserved Instances,0.99,18.1,Strategy tailored for cost savings.
MCS-2702,TechNova Solutions,IoT Processing,"Azure, AWS, Oracle Cloud, GCP",Best-of-Breed,"Spinnaker, Terraform",Usage-based Scaling,0.77,37.3,Strategy tailored for regulatory compliance.
MCS-2703,MediPulse Clinics,Data Warehousing,"AWS, IBM Cloud, Azure, Alibaba Cloud",Cost Optimization,HashiCorp Vault,Multi-year Contract,0.86,44.9,Strategy tailored for global expansion.
MCS-2704,LogiTrans Freight,Disaster Recovery,"IBM Cloud, Alibaba Cloud, GCP, Azure",Distributed Workload,"Crossplane, Istio, Spinnaker",Pay-as-you-go,0.31,6.6,Strategy tailored for cost savings.
MCS-2705,EduPrime University,Disaster Recovery,"Alibaba Cloud, AWS, IBM Cloud",Compliance Segmentation,"Azure Arc, HashiCorp Vault, Crossplane",Spot Instances,0.47,10.2,Strategy tailored for regulatory compliance.
MCS-2706,GovSecure Dept,Edge Computing,"Azure, GCP, IBM Cloud, DigitalOcean",Vendor Risk Mitigation,"Kubernetes, HashiCorp Vault, Terraform",Committed Use Discount,0.12,19.4,Strategy tailored for regulatory compliance.
MCS-2707,LogiTrans Freight,Backup & Archival,"Oracle Cloud, AWS, Alibaba Cloud, DigitalOcean",Hybrid Integration,Azure Arc,Multi-year Contract,0.8,27.6,Strategy tailored for global expansion.
MCS-2708,LogiTrans Freight,High-Performance Computing,"Azure, IBM Cloud, Alibaba Cloud",Best-of-Breed,"Spinnaker, Anthos, Azure Arc",Pay-as-you-go,0.38,31.2,Strategy tailored for latency reduction.
MCS-2709,LogiTrans Freight,Hybrid Analytics,"IBM Cloud, Oracle Cloud, DigitalOcean, Azure",Vendor Risk Mitigation,"Istio, Crossplane, Azure Arc",Usage-based Scaling,0.31,5.6,Strategy tailored for cost savings.
MCS-2710,EduPrime University,IoT Processing,"IBM Cloud, Azure, Oracle Cloud, AWS",Vendor Risk Mitigation,"HashiCorp Vault, Spinnaker, Crossplane",Pay-as-you-go,0.78,29.9,Strategy tailored for global expansion.
MCS-2711,EduPrime University,Global App Deployment,"AWS, DigitalOcean, GCP",Best-of-Breed,"HashiCorp Vault, Istio, Azure Arc",Spot Instances,0.78,6.6,Strategy tailored for regulatory compliance.
MCS-2712,LogiTrans Freight,Disaster Recovery,"DigitalOcean, AWS",Failover/DR,"Anthos, Istio",Usage-based Scaling,0.85,29.8,Strategy tailored for regulatory compliance.
MCS-2713,TechNova Solutions,Edge Computing,"Azure, IBM Cloud, Oracle Cloud",Distributed Workload,"Istio, Kubernetes, Spinnaker",Committed Use Discount,0.6,30.0,Strategy tailored for regulatory compliance.
MCS-2714,EduPrime University,Global App Deployment,"Azure, DigitalOcean, IBM Cloud, GCP",Vendor Risk Mitigation,"Azure Arc, Istio",Reserved Instances,0.87,28.5,Strategy tailored for latency reduction.
MCS-2715,TechNova Solutions,High-Performance Computing,"GCP, AWS",Compliance Segmentation,"HashiCorp Vault, Kubernetes, Crossplane",Committed Use Discount,0.62,44.6,Strategy tailored for global expansion.
MCS-2716,EduPrime University,IoT Processing,"Azure, IBM Cloud, Alibaba Cloud",Distributed Workload,"Azure Arc, Istio, HashiCorp Vault",Reserved Instances,0.77,22.7,Strategy tailored for regulatory compliance.
MCS-2717,GovSecure Dept,IoT Processing,"Azure, IBM Cloud",Best-of-Breed,"Istio, Anthos, Spinnaker",Pay-as-you-go,0.73,20.6,Strategy tailored for global expansion.
MCS-2718,GovSecure Dept,Edge Computing,"Alibaba Cloud, IBM Cloud, GCP",Best-of-Breed,"HashiCorp Vault, Istio, Azure Arc",Usage-based Scaling,0.3,28.9,Strategy tailored for regulatory compliance.
MCS-2719,AgriSmart Farms,Global App Deployment,"Azure, GCP",Compliance Segmentation,"Kubernetes, HashiCorp Vault, Crossplane",Multi-year Contract,0.93,42.2,Strategy tailored for latency reduction.
MCS-2720,HealthCore Systems,Hybrid Analytics,"Oracle Cloud, Azure, AWS, DigitalOcean",Cost Optimization,"HashiCorp Vault, Crossplane, Kubernetes",Committed Use Discount,0.4,26.1,Strategy tailored for latency reduction.
MCS-2721,HealthCore Systems,IoT Processing,"Oracle Cloud, GCP",Best-of-Breed,"Crossplane, Azure Arc",Pay-as-you-go,0.29,44.8,Strategy tailored for regulatory compliance.
MCS-2722,TechNova Solutions,Global App Deployment,"Azure, DigitalOcean",Failover/DR,"Azure Arc, Istio",Spot Instances,0.97,31.0,Strategy tailored for global expansion.
MCS-2723,GovSecure Dept,AI/ML Model Training,"Alibaba Cloud, Oracle Cloud",Distributed Workload,"Terraform, Spinnaker",Multi-year Contract,0.82,33.6,Strategy tailored for regulatory compliance.
MCS-2724,EduPrime University,AI/ML Model Training,"Alibaba Cloud, AWS, DigitalOcean",Vendor Risk Mitigation,"Anthos, Azure Arc",Spot Instances,0.63,7.1,Strategy tailored for latency reduction.
MCS-2725,AeroX Manufacturing,Backup & Archival,"IBM Cloud, AWS, Alibaba Cloud",Compliance Segmentation,Spinnaker,Pay-as-you-go,0.5,32.0,Strategy tailored for regulatory compliance.
MCS-2726,TechNova Solutions,Data Warehousing,"Alibaba Cloud, IBM Cloud",Cost Optimization,"HashiCorp Vault, Azure Arc, Kubernetes",Reserved Instances,0.7,19.9,Strategy tailored for regulatory compliance.
MCS-2727,GovSecure Dept,High-Performance Computing,"AWS, GCP, IBM Cloud",Cost Optimization,"Spinnaker, Crossplane",Spot Instances,0.94,11.7,Strategy tailored for regulatory compliance.
MCS-2728,AgriSmart Farms,Data Warehousing,"Oracle Cloud, DigitalOcean",Hybrid Integration,"HashiCorp Vault, Spinnaker, Istio",Committed Use Discount,0.55,32.6,Strategy tailored for regulatory compliance.
MCS-2729,AeroX Manufacturing,High-Performance Computing,"Alibaba Cloud, GCP, IBM Cloud",Hybrid Integration,Anthos,Committed Use Discount,0.72,30.9,Strategy tailored for latency reduction.
MCS-2730,HealthCore Systems,High-Performance Computing,"AWS, Azure, Alibaba Cloud",Best-of-Breed,Anthos,Committed Use Discount,0.35,11.2,Strategy tailored for regulatory compliance.
MCS-2731,RetailHub Online,Global App Deployment,"Azure, Alibaba Cloud",Compliance Segmentation,HashiCorp Vault,Committed Use Discount,0.67,29.0,Strategy tailored for latency reduction.
MCS-2732,RetailHub Online,Disaster Recovery,"GCP, Oracle Cloud, AWS",Cost Optimization,Istio,Multi-year Contract,0.26,33.2,Strategy tailored for cost savings.
MCS-2733,HealthCore Systems,Edge Computing,"GCP, IBM Cloud, DigitalOcean",Cost Optimization,"Istio, Crossplane",Multi-year Contract,0.51,31.7,Strategy tailored for global expansion.
MCS-2734,EduPrime University,Hybrid Analytics,"Azure, Oracle Cloud, DigitalOcean, IBM Cloud",Compliance Segmentation,"Istio, Kubernetes",Usage-based Scaling,0.85,11.8,Strategy tailored for latency reduction.
MCS-2735,EduPrime University,IoT Processing,"DigitalOcean, Alibaba Cloud, Azure, GCP",Hybrid Integration,Kubernetes,Multi-year Contract,0.12,36.2,Strategy tailored for cost savings.
MCS-2736,EduPrime University,Backup & Archival,"DigitalOcean, Azure",Failover/DR,Anthos,Reserved Instances,0.64,33.0,Strategy tailored for cost savings.
MCS-2737,FinTrust Bank,Edge Computing,"AWS, Alibaba Cloud, Oracle Cloud, DigitalOcean",Best-of-Breed,"Azure Arc, Spinnaker, Anthos",Spot Instances,0.85,37.1,Strategy tailored for cost savings.
MCS-2738,RetailHub Online,Backup & Archival,"GCP, AWS, IBM Cloud",Failover/DR,"Istio, Crossplane",Usage-based Scaling,0.96,26.4,Strategy tailored for latency reduction.
MCS-2739,LogiTrans Freight,Data Warehousing,"GCP, Oracle Cloud",Distributed Workload,"Crossplane, HashiCorp Vault",Committed Use Discount,0.53,21.1,Strategy tailored for regulatory compliance.
MCS-2740,LogiTrans Freight,Data Warehousing,"Azure, IBM Cloud, AWS",Hybrid Integration,Kubernetes,Multi-year Contract,0.24,27.9,Strategy tailored for global expansion.
MCS-2741,MediPulse Clinics,Backup & Archival,"DigitalOcean, AWS",Distributed Workload,Anthos,Usage-based Scaling,0.35,41.9,Strategy tailored for global expansion.
MCS-2742,HealthCore Systems,Hybrid Analytics,"AWS, Oracle Cloud",Compliance Segmentation,Azure Arc,Spot Instances,0.62,28.7,Strategy tailored for cost savings.
MCS-2743,AeroX Manufacturing,Data Warehousing,"GCP, Azure",Failover/DR,Azure Arc,Usage-based Scaling,0.42,7.1,Strategy tailored for global expansion.
MCS-2744,EduPrime University,AI/ML Model Training,"Oracle Cloud, GCP, IBM Cloud, AWS",Compliance Segmentation,"Azure Arc, Crossplane",Multi-year Contract,0.13,21.9,Strategy tailored for cost savings.
MCS-2745,RetailHub Online,Data Warehousing,"DigitalOcean, GCP, Azure",Vendor Risk Mitigation,"Azure Arc, Anthos, Crossplane",Committed Use Discount,0.18,29.3,Strategy tailored for regulatory compliance.
MCS-2746,MediPulse Clinics,AI/ML Model Training,"DigitalOcean, Alibaba Cloud, Oracle Cloud",Compliance Segmentation,"Spinnaker, Kubernetes, Istio",Spot Instances,0.88,40.3,Strategy tailored for regulatory compliance.
MCS-2747,RetailHub Online,Disaster Recovery,"GCP, Alibaba Cloud, DigitalOcean, Oracle Cloud",Cost Optimization,"Kubernetes, Spinnaker, Azure Arc",Multi-year Contract,0.69,13.4,Strategy tailored for global expansion.
MCS-2748,FinTrust Bank,Data Warehousing,"Azure, Oracle Cloud, AWS, Alibaba Cloud",Best-of-Breed,"Azure Arc, HashiCorp Vault",Multi-year Contract,0.87,40.4,Strategy tailored for global expansion.
MCS-2749,GovSecure Dept,Hybrid Analytics,"AWS, Azure, Oracle Cloud, GCP",Failover/DR,"Azure Arc, Kubernetes, Istio",Pay-as-you-go,0.28,34.5,Strategy tailored for latency reduction.
MCS-2750,EduPrime University,IoT Processing,"DigitalOcean, Alibaba Cloud, AWS",Cost Optimization,Anthos,Pay-as-you-go,0.36,37.1,Strategy tailored for latency reduction.
MCS-2751,AgriSmart Farms,Backup & Archival,"IBM Cloud, DigitalOcean, Oracle Cloud",Cost Optimization,"Spinnaker, Anthos, HashiCorp Vault",Reserved Instances,0.99,6.2,Strategy tailored for regulatory compliance.
MCS-2752,GovSecure Dept,IoT Processing,"Azure, DigitalOcean",Cost Optimization,"Terraform, Istio",Pay-as-you-go,0.9,29.9,Strategy tailored for cost savings.
MCS-2753,FinTrust Bank,Edge Computing,"Azure, Oracle Cloud, AWS",Vendor Risk Mitigation,"HashiCorp Vault, Terraform, Azure Arc",Pay-as-you-go,0.97,23.6,Strategy tailored for regulatory compliance.
MCS-2754,EduPrime University,Global App Deployment,"IBM Cloud, AWS, DigitalOcean, Azure",Compliance Segmentation,"Anthos, Istio, HashiCorp Vault",Multi-year Contract,0.85,7.5,Strategy tailored for regulatory compliance.
MCS-2755,FinTrust Bank,AI/ML Model Training,"Azure, Oracle Cloud, GCP",Compliance Segmentation,"Azure Arc, Terraform, Crossplane",Reserved Instances,0.4,7.7,Strategy tailored for latency reduction.
MCS-2756,AeroX Manufacturing,High-Performance Computing,"AWS, Azure, IBM Cloud",Distributed Workload,Kubernetes,Reserved Instances,0.97,37.7,Strategy tailored for global expansion.
MCS-2757,FinTrust Bank,Data Warehousing,"Azure, AWS, Alibaba Cloud, IBM Cloud",Best-of-Breed,"Spinnaker, Azure Arc, Istio",Usage-based Scaling,0.86,42.5,Strategy tailored for cost savings.
MCS-2758,FinTrust Bank,AI/ML Model Training,"Alibaba Cloud, DigitalOcean, AWS, IBM Cloud",Best-of-Breed,"Istio, Terraform",Reserved Instances,0.18,20.4,Strategy tailored for cost savings.
MCS-2759,FinTrust Bank,AI/ML Model Training,"DigitalOcean, AWS, Oracle Cloud, Azure",Compliance Segmentation,"Spinnaker, Kubernetes",Reserved Instances,0.16,13.4,Strategy tailored for cost savings.
MCS-2760,FinTrust Bank,Edge Computing,"Azure, Oracle Cloud, DigitalOcean, GCP",Failover/DR,"Terraform, HashiCorp Vault, Kubernetes",Spot Instances,0.3,23.8,Strategy tailored for regulatory compliance.
MCS-2761,GovSecure Dept,AI/ML Model Training,"Alibaba Cloud, GCP",Failover/DR,Kubernetes,Committed Use Discount,0.34,9.0,Strategy tailored for latency reduction.
MCS-2762,GovSecure Dept,High-Performance Computing,"IBM Cloud, Azure, GCP, AWS",Cost Optimization,"HashiCorp Vault, Kubernetes, Istio",Multi-year Contract,0.25,10.9,Strategy tailored for regulatory compliance.
MCS-2763,MediPulse Clinics,Data Warehousing,"Alibaba Cloud, IBM Cloud",Failover/DR,"HashiCorp Vault, Anthos, Spinnaker",Spot Instances,0.97,35.4,Strategy tailored for latency reduction.
MCS-2764,FinTrust Bank,Global App Deployment,"DigitalOcean, IBM Cloud, Alibaba Cloud, GCP",Failover/DR,"Spinnaker, Istio, Terraform",Pay-as-you-go,0.96,22.6,Strategy tailored for cost savings.
MCS-2765,LogiTrans Freight,AI/ML Model Training,"GCP, Azure",Distributed Workload,"HashiCorp Vault, Crossplane",Committed Use Discount,0.35,36.9,Strategy tailored for global expansion.
MCS-2766,AgriSmart Farms,Data Warehousing,"Alibaba Cloud, AWS",Hybrid Integration,Anthos,Pay-as-you-go,0.39,17.0,Strategy tailored for cost savings.
MCS-2767,LogiTrans Freight,Disaster Recovery,"AWS, GCP, IBM Cloud",Failover/DR,"Azure Arc, Crossplane",Spot Instances,0.31,10.2,Strategy tailored for regulatory compliance.
MCS-2768,FinTrust Bank,Data Warehousing,"IBM Cloud, AWS, Oracle Cloud, DigitalOcean",Distributed Workload,"Terraform, Azure Arc",Reserved Instances,0.33,19.2,Strategy tailored for cost savings.
MCS-2769,EduPrime University,Edge Computing,"DigitalOcean, AWS, GCP, IBM Cloud",Hybrid Integration,Terraform,Reserved Instances,0.7,7.5,Strategy tailored for regulatory compliance.
MCS-2770,FinTrust Bank,Global App Deployment,"AWS, Alibaba Cloud",Cost Optimization,"Istio, Azure Arc",Multi-year Contract,0.29,37.4,Strategy tailored for global expansion.
MCS-2771,TechNova Solutions,High-Performance Computing,"IBM Cloud, AWS, GCP",Distributed Workload,"HashiCorp Vault, Anthos, Istio",Spot Instances,0.23,18.7,Strategy tailored for cost savings.
MCS-2772,RetailHub Online,Edge Computing,"Alibaba Cloud, AWS, Azure",Vendor Risk Mitigation,"Spinnaker, Azure Arc",Pay-as-you-go,0.87,11.2,Strategy tailored for latency reduction.
MCS-2773,FinTrust Bank,Backup & Archival,"Alibaba Cloud, AWS",Vendor Risk Mitigation,"Kubernetes, Terraform, Spinnaker",Pay-as-you-go,0.17,24.4,Strategy tailored for global expansion.
MCS-2774,GovSecure Dept,Global App Deployment,"Oracle Cloud, Alibaba Cloud",Hybrid Integration,Spinnaker,Reserved Instances,0.37,27.5,Strategy tailored for global expansion.
MCS-2775,GovSecure Dept,Disaster Recovery,"AWS, IBM Cloud, Alibaba Cloud, GCP",Distributed Workload,Anthos,Multi-year Contract,0.82,10.5,Strategy tailored for latency reduction.
MCS-2776,HealthCore Systems,IoT Processing,"AWS, Oracle Cloud, Alibaba Cloud, Azure",Cost Optimization,Istio,Spot Instances,0.62,25.2,Strategy tailored for latency reduction.
MCS-2777,RetailHub Online,Disaster Recovery,"DigitalOcean, Azure, GCP",Best-of-Breed,Crossplane,Committed Use Discount,0.23,30.0,Strategy tailored for regulatory compliance.
MCS-2778,LogiTrans Freight,Edge Computing,"Alibaba Cloud, Oracle Cloud",Failover/DR,Azure Arc,Pay-as-you-go,0.34,24.5,Strategy tailored for latency reduction.
MCS-2779,AeroX Manufacturing,High-Performance Computing,"GCP, IBM Cloud",Vendor Risk Mitigation,"HashiCorp Vault, Azure Arc, Istio",Usage-based Scaling,0.17,23.4,Strategy tailored for global expansion.
MCS-2780,AeroX Manufacturing,Edge Computing,"AWS, Azure, Alibaba Cloud",Cost Optimization,HashiCorp Vault,Reserved Instances,0.37,37.9,Strategy tailored for cost savings.
MCS-2781,AeroX Manufacturing,High-Performance Computing,"Alibaba Cloud, Oracle Cloud",Hybrid Integration,"Istio, Azure Arc",Reserved Instances,0.15,21.7,Strategy tailored for latency reduction.
MCS-2782,TechNova Solutions,AI/ML Model Training,"Azure, Alibaba Cloud, Oracle Cloud, AWS",Best-of-Breed,Crossplane,Spot Instances,0.51,34.0,Strategy tailored for global expansion.
MCS-2783,MediPulse Clinics,AI/ML Model Training,"GCP, DigitalOcean, IBM Cloud",Best-of-Breed,Kubernetes,Pay-as-you-go,0.61,31.7,Strategy tailored for global expansion.
MCS-2784,AeroX Manufacturing,Hybrid Analytics,"Oracle Cloud, AWS, GCP, DigitalOcean",Best-of-Breed,"Crossplane, Spinnaker, Kubernetes",Multi-year Contract,0.79,39.5,Strategy tailored for latency reduction.
MCS-2785,AeroX Manufacturing,Edge Computing,"AWS, GCP, Azure, Alibaba Cloud",Hybrid Integration,Terraform,Committed Use Discount,0.38,26.5,Strategy tailored for latency reduction.
MCS-2786,AeroX Manufacturing,Edge Computing,"Alibaba Cloud, IBM Cloud, Oracle Cloud, DigitalOcean",Vendor Risk Mitigation,"Spinnaker, HashiCorp Vault, Kubernetes",Usage-based Scaling,0.85,44.6,Strategy tailored for latency reduction.
MCS-2787,RetailHub Online,Hybrid Analytics,"Oracle Cloud, DigitalOcean, AWS, Alibaba Cloud",Distributed Workload,"Crossplane, Terraform, Azure Arc",Spot Instances,0.89,19.9,Strategy tailored for latency reduction.
MCS-2788,EduPrime University,Global App Deployment,"GCP, AWS, Oracle Cloud",Distributed Workload,"Crossplane, Kubernetes, Istio",Reserved Instances,0.27,24.6,Strategy tailored for regulatory compliance.
MCS-2789,MediPulse Clinics,Data Warehousing,"DigitalOcean, Alibaba Cloud",Cost Optimization,"Crossplane, Spinnaker, Istio",Pay-as-you-go,0.76,24.7,Strategy tailored for global expansion.
MCS-2790,FinTrust Bank,AI/ML Model Training,"Alibaba Cloud, GCP, Azure, Oracle Cloud",Vendor Risk Mitigation,"Anthos, Terraform, Kubernetes",Spot Instances,0.53,38.5,Strategy tailored for latency reduction.
MCS-2791,GovSecure Dept,Hybrid Analytics,"Alibaba Cloud, Azure, AWS, IBM Cloud",Distributed Workload,Anthos,Usage-based Scaling,0.42,39.4,Strategy tailored for latency reduction.
MCS-2792,AgriSmart Farms,AI/ML Model Training,"Alibaba Cloud, AWS, Azure, GCP",Compliance Segmentation,"Spinnaker, Kubernetes, Terraform",Pay-as-you-go,0.46,18.1,Strategy tailored for global expansion.
MCS-2793,FinTrust Bank,Backup & Archival,"DigitalOcean, IBM Cloud, GCP, AWS",Vendor Risk Mitigation,Istio,Committed Use Discount,0.5,35.5,Strategy tailored for regulatory compliance.
MCS-2794,GovSecure Dept,Data Warehousing,"Alibaba Cloud, AWS",Distributed Workload,"Azure Arc, Crossplane",Spot Instances,0.21,12.9,Strategy tailored for regulatory compliance.
MCS-2795,LogiTrans Freight,Disaster Recovery,"Azure, AWS, DigitalOcean, GCP",Cost Optimization,Istio,Spot Instances,0.95,12.0,Strategy tailored for regulatory compliance.
MCS-2796,LogiTrans Freight,AI/ML Model Training,"Alibaba Cloud, Azure",Distributed Workload,"Kubernetes, Anthos, Crossplane",Spot Instances,0.61,28.2,Strategy tailored for latency reduction.
MCS-2797,HealthCore Systems,Data Warehousing,"Oracle Cloud, DigitalOcean, IBM Cloud, GCP",Vendor Risk Mitigation,Istio,Multi-year Contract,0.54,30.8,Strategy tailored for cost savings.
MCS-2798,LogiTrans Freight,High-Performance Computing,"DigitalOcean, Oracle Cloud, AWS, GCP",Best-of-Breed,"HashiCorp Vault, Kubernetes, Spinnaker",Pay-as-you-go,0.3,27.1,Strategy tailored for regulatory compliance.
MCS-2799,HealthCore Systems,High-Performance Computing,"GCP, Oracle Cloud",Best-of-Breed,"Azure Arc, Kubernetes",Spot Instances,0.43,31.5,Strategy tailored for regulatory compliance.
MCS-2800,GovSecure Dept,Backup & Archival,"GCP, DigitalOcean",Distributed Workload,"Kubernetes, Istio",Spot Instances,0.23,27.8,Strategy tailored for global expansion.
MCS-2801,EduPrime University,Edge Computing,"AWS, IBM Cloud, Oracle Cloud, GCP",Vendor Risk Mitigation,"Istio, Azure Arc, Crossplane",Reserved Instances,0.26,16.1,Strategy tailored for regulatory compliance.
MCS-2802,AeroX Manufacturing,High-Performance Computing,"GCP, Oracle Cloud",Cost Optimization,"Anthos, Terraform",Spot Instances,0.29,12.3,Strategy tailored for latency reduction.
MCS-2803,EduPrime University,Backup & Archival,"AWS, Oracle Cloud, Azure",Failover/DR,"Azure Arc, Istio",Usage-based Scaling,0.83,16.4,Strategy tailored for global expansion.
MCS-2804,AgriSmart Farms,Backup & Archival,"Azure, AWS, IBM Cloud, Alibaba Cloud",Hybrid Integration,"Istio, Crossplane, HashiCorp Vault",Multi-year Contract,0.93,43.8,Strategy tailored for cost savings.
MCS-2805,AeroX Manufacturing,Disaster Recovery,"Azure, GCP, Oracle Cloud",Distributed Workload,Spinnaker,Multi-year Contract,0.61,10.7,Strategy tailored for latency reduction.
MCS-2806,MediPulse Clinics,Disaster Recovery,"Alibaba Cloud, AWS, DigitalOcean, GCP",Best-of-Breed,Kubernetes,Multi-year Contract,0.43,36.9,Strategy tailored for cost savings.
MCS-2807,TechNova Solutions,Data Warehousing,"DigitalOcean, Oracle Cloud",Best-of-Breed,Azure Arc,Spot Instances,0.43,8.5,Strategy tailored for global expansion.
MCS-2808,FinTrust Bank,IoT Processing,"Azure, AWS",Hybrid Integration,"Kubernetes, Azure Arc",Committed Use Discount,0.6,38.8,Strategy tailored for latency reduction.
MCS-2809,EduPrime University,IoT Processing,"Alibaba Cloud, GCP, Oracle Cloud",Failover/DR,"Kubernetes, Crossplane",Pay-as-you-go,0.81,12.0,Strategy tailored for global expansion.
MCS-2810,TechNova Solutions,Disaster Recovery,"DigitalOcean, GCP",Hybrid Integration,Istio,Spot Instances,0.7,13.8,Strategy tailored for latency reduction.
MCS-2811,LogiTrans Freight,Hybrid Analytics,"AWS, IBM Cloud, Azure, GCP",Cost Optimization,"Terraform, Crossplane, Istio",Usage-based Scaling,0.29,40.0,Strategy tailored for latency reduction.
MCS-2812,MediPulse Clinics,Hybrid Analytics,"Azure, AWS, GCP, DigitalOcean",Distributed Workload,"Istio, Crossplane",Pay-as-you-go,0.32,15.5,Strategy tailored for cost savings.
MCS-2813,TechNova Solutions,Data Warehousing,"DigitalOcean, Oracle Cloud, GCP",Cost Optimization,"Azure Arc, HashiCorp Vault",Multi-year Contract,0.1,39.8,Strategy tailored for global expansion.
MCS-2814,AeroX Manufacturing,Backup & Archival,"GCP, IBM Cloud, Oracle Cloud",Cost Optimization,"Kubernetes, Anthos",Committed Use Discount,0.81,30.1,Strategy tailored for regulatory compliance.
MCS-2815,TechNova Solutions,Disaster Recovery,"AWS, IBM Cloud",Failover/DR,"Anthos, Terraform, HashiCorp Vault",Spot Instances,0.77,11.1,Strategy tailored for regulatory compliance.
MCS-2816,RetailHub Online,High-Performance Computing,"AWS, GCP, Alibaba Cloud, IBM Cloud",Distributed Workload,Istio,Usage-based Scaling,0.51,19.0,Strategy tailored for latency reduction.
MCS-2817,RetailHub Online,Backup & Archival,"Alibaba Cloud, Oracle Cloud, Azure, DigitalOcean",Hybrid Integration,Istio,Usage-based Scaling,0.18,24.4,Strategy tailored for cost savings.
MCS-2818,HealthCore Systems,Backup & Archival,"GCP, Alibaba Cloud, DigitalOcean, AWS",Distributed Workload,"Terraform, Spinnaker",Pay-as-you-go,0.92,6.6,Strategy tailored for regulatory compliance.
MCS-2819,EduPrime University,Edge Computing,"IBM Cloud, GCP, Azure, AWS",Hybrid Integration,"Istio, HashiCorp Vault",Committed Use Discount,0.36,13.3,Strategy tailored for global expansion.
MCS-2820,MediPulse Clinics,Hybrid Analytics,"AWS, GCP, Oracle Cloud",Hybrid Integration,Terraform,Committed Use Discount,0.31,41.3,Strategy tailored for regulatory compliance.
MCS-2821,MediPulse Clinics,IoT Processing,"Alibaba Cloud, Oracle Cloud, GCP",Cost Optimization,Spinnaker,Committed Use Discount,0.52,23.7,Strategy tailored for regulatory compliance.
MCS-2822,RetailHub Online,Global App Deployment,"Alibaba Cloud, IBM Cloud, AWS, Oracle Cloud",Failover/DR,HashiCorp Vault,Committed Use Discount,0.78,11.2,Strategy tailored for global expansion.
MCS-2823,MediPulse Clinics,Data Warehousing,"Azure, Oracle Cloud, GCP, IBM Cloud",Best-of-Breed,Istio,Usage-based Scaling,0.53,22.2,Strategy tailored for regulatory compliance.
MCS-2824,AeroX Manufacturing,IoT Processing,"AWS, Alibaba Cloud",Compliance Segmentation,"Istio, Kubernetes, Spinnaker",Pay-as-you-go,0.63,45.0,Strategy tailored for cost savings.
MCS-2825,EduPrime University,Edge Computing,"Alibaba Cloud, Oracle Cloud",Distributed Workload,"Spinnaker, Anthos",Spot Instances,0.78,20.9,Strategy tailored for cost savings.
MCS-2826,TechNova Solutions,AI/ML Model Training,"AWS, Alibaba Cloud, DigitalOcean",Failover/DR,"Kubernetes, Terraform",Committed Use Discount,0.84,11.8,Strategy tailored for regulatory compliance.
MCS-2827,GovSecure Dept,Backup & Archival,"Oracle Cloud, AWS, DigitalOcean, IBM Cloud",Best-of-Breed,"Istio, Azure Arc",Usage-based Scaling,0.13,13.2,Strategy tailored for global expansion.
MCS-2828,GovSecure Dept,Data Warehousing,"Alibaba Cloud, AWS",Failover/DR,"HashiCorp Vault, Azure Arc, Terraform",Committed Use Discount,0.4,25.4,Strategy tailored for global expansion.
MCS-2829,EduPrime University,High-Performance Computing,"Alibaba Cloud, Azure, Oracle Cloud",Best-of-Breed,Kubernetes,Reserved Instances,0.65,41.4,Strategy tailored for latency reduction.
MCS-2830,RetailHub Online,Backup & Archival,"Azure, DigitalOcean, Oracle Cloud",Hybrid Integration,Istio,Committed Use Discount,0.55,25.1,Strategy tailored for global expansion.
MCS-2831,GovSecure Dept,Disaster Recovery,"IBM Cloud, GCP, Azure",Hybrid Integration,"Anthos, Spinnaker",Reserved Instances,0.14,6.4,Strategy tailored for latency reduction.
MCS-2832,GovSecure Dept,Global App Deployment,"GCP, Alibaba Cloud, DigitalOcean, IBM Cloud",Best-of-Breed,Istio,Committed Use Discount,0.59,22.5,Strategy tailored for regulatory compliance.
MCS-2833,TechNova Solutions,Edge Computing,"Oracle Cloud, GCP, Azure, IBM Cloud",Vendor Risk Mitigation,Kubernetes,Reserved Instances,0.85,11.4,Strategy tailored for cost savings.
MCS-2834,EduPrime University,Hybrid Analytics,"Alibaba Cloud, IBM Cloud, DigitalOcean",Vendor Risk Mitigation,"Spinnaker, HashiCorp Vault, Crossplane",Usage-based Scaling,0.12,23.0,Strategy tailored for latency reduction.
MCS-2835,LogiTrans Freight,Hybrid Analytics,"Alibaba Cloud, Azure, DigitalOcean",Compliance Segmentation,"Anthos, Azure Arc",Reserved Instances,0.31,7.0,Strategy tailored for latency reduction.
MCS-2836,RetailHub Online,Backup & Archival,"Oracle Cloud, DigitalOcean, Azure, AWS",Distributed Workload,"Terraform, HashiCorp Vault",Multi-year Contract,0.74,9.5,Strategy tailored for latency reduction.
MCS-2837,HealthCore Systems,High-Performance Computing,"Alibaba Cloud, AWS",Hybrid Integration,"Azure Arc, Terraform",Spot Instances,0.64,16.2,Strategy tailored for cost savings.
MCS-2838,TechNova Solutions,Backup & Archival,"Alibaba Cloud, Azure, GCP, DigitalOcean",Hybrid Integration,Crossplane,Pay-as-you-go,0.25,20.2,Strategy tailored for latency reduction.
MCS-2839,HealthCore Systems,Backup & Archival,"DigitalOcean, Oracle Cloud",Distributed Workload,"Crossplane, Spinnaker",Pay-as-you-go,0.81,20.7,Strategy tailored for global expansion.
MCS-2840,TechNova Solutions,Data Warehousing,"GCP, Alibaba Cloud, DigitalOcean",Hybrid Integration,"Istio, Terraform",Multi-year Contract,0.77,10.0,Strategy tailored for cost savings.
MCS-2841,GovSecure Dept,IoT Processing,"AWS, Oracle Cloud, IBM Cloud, Azure",Distributed Workload,"Kubernetes, Terraform, HashiCorp Vault",Usage-based Scaling,0.79,14.5,Strategy tailored for regulatory compliance.
MCS-2842,RetailHub Online,AI/ML Model Training,"IBM Cloud, Oracle Cloud",Cost Optimization,"Crossplane, Istio, Spinnaker",Usage-based Scaling,0.7,27.6,Strategy tailored for global expansion.
MCS-2843,AeroX Manufacturing,High-Performance Computing,"IBM Cloud, Alibaba Cloud, Azure, AWS",Hybrid Integration,"Spinnaker, Crossplane",Usage-based Scaling,0.93,20.5,Strategy tailored for cost savings.
MCS-2844,LogiTrans Freight,AI/ML Model Training,"Alibaba Cloud, Oracle Cloud, Azure",Hybrid Integration,"Azure Arc, Terraform",Pay-as-you-go,0.16,5.8,Strategy tailored for global expansion.
MCS-2845,AgriSmart Farms,Data Warehousing,"Azure, Alibaba Cloud, IBM Cloud",Compliance Segmentation,Spinnaker,Reserved Instances,0.84,26.0,Strategy tailored for cost savings.
MCS-2846,RetailHub Online,AI/ML Model Training,"AWS, DigitalOcean",Compliance Segmentation,"Spinnaker, Terraform, Azure Arc",Reserved Instances,0.79,14.4,Strategy tailored for cost savings.
MCS-2847,EduPrime University,Backup & Archival,"AWS, DigitalOcean, IBM Cloud, Azure",Failover/DR,Kubernetes,Pay-as-you-go,0.41,6.2,Strategy tailored for latency reduction.
MCS-2848,FinTrust Bank,Data Warehousing,"Azure, AWS",Best-of-Breed,Istio,Spot Instances,0.96,31.7,Strategy tailored for global expansion.
MCS-2849,MediPulse Clinics,AI/ML Model Training,"AWS, IBM Cloud",Vendor Risk Mitigation,"Spinnaker, HashiCorp Vault, Azure Arc",Pay-as-you-go,0.93,15.6,Strategy tailored for latency reduction.
MCS-2850,GovSecure Dept,AI/ML Model Training,"Azure, GCP, Oracle Cloud",Vendor Risk Mitigation,Crossplane,Pay-as-you-go,0.64,32.1,Strategy tailored for cost savings.
MCS-2851,GovSecure Dept,Edge Computing,"DigitalOcean, Azure, AWS",Cost Optimization,"Terraform, Istio, Azure Arc",Committed Use Discount,0.38,38.9,Strategy tailored for global expansion.
MCS-2852,GovSecure Dept,Data Warehousing,"GCP, Alibaba Cloud",Distributed Workload,"HashiCorp Vault, Istio, Spinnaker",Pay-as-you-go,0.94,40.4,Strategy tailored for latency reduction.
MCS-2853,FinTrust Bank,Global App Deployment,"Alibaba Cloud, AWS, Oracle Cloud, IBM Cloud",Failover/DR,HashiCorp Vault,Committed Use Discount,0.76,16.1,Strategy tailored for regulatory compliance.
MCS-2854,AeroX Manufacturing,High-Performance Computing,"Alibaba Cloud, AWS, GCP",Best-of-Breed,"Terraform, Azure Arc, Istio",Usage-based Scaling,0.35,43.5,Strategy tailored for global expansion.
MCS-2855,MediPulse Clinics,Edge Computing,"AWS, Alibaba Cloud",Compliance Segmentation,"HashiCorp Vault, Anthos",Pay-as-you-go,0.11,33.6,Strategy tailored for latency reduction.
MCS-2856,RetailHub Online,Edge Computing,"Alibaba Cloud, Oracle Cloud",Cost Optimization,"Kubernetes, Azure Arc",Multi-year Contract,0.73,29.9,Strategy tailored for regulatory compliance.
MCS-2857,AeroX Manufacturing,Hybrid Analytics,"IBM Cloud, Alibaba Cloud",Best-of-Breed,"Azure Arc, Spinnaker",Spot Instances,0.98,17.5,Strategy tailored for cost savings.
MCS-2858,AgriSmart Farms,Backup & Archival,"Oracle Cloud, IBM Cloud",Compliance Segmentation,"Istio, Kubernetes, Azure Arc",Multi-year Contract,0.4,8.2,Strategy tailored for global expansion.
MCS-2859,FinTrust Bank,Backup & Archival,"IBM Cloud, Oracle Cloud",Cost Optimization,"Kubernetes, Azure Arc, Crossplane",Usage-based Scaling,0.49,15.4,Strategy tailored for global expansion.
MCS-2860,AeroX Manufacturing,AI/ML Model Training,"AWS, GCP, IBM Cloud",Distributed Workload,HashiCorp Vault,Spot Instances,0.41,38.4,Strategy tailored for latency reduction.
MCS-2861,AeroX Manufacturing,Hybrid Analytics,"AWS, DigitalOcean, IBM Cloud",Failover/DR,Terraform,Pay-as-you-go,0.93,12.4,Strategy tailored for cost savings.
MCS-2862,MediPulse Clinics,IoT Processing,"Alibaba Cloud, DigitalOcean, IBM Cloud",Cost Optimization,"Anthos, Azure Arc, Terraform",Committed Use Discount,0.43,42.1,Strategy tailored for latency reduction.
MCS-2863,GovSecure Dept,Disaster Recovery,"GCP, Azure, AWS, Oracle Cloud",Hybrid Integration,"HashiCorp Vault, Terraform",Spot Instances,0.16,8.7,Strategy tailored for global expansion.
MCS-2864,LogiTrans Freight,Edge Computing,"AWS, DigitalOcean, Azure, Oracle Cloud",Hybrid Integration,"Anthos, Istio",Pay-as-you-go,0.24,28.8,Strategy tailored for latency reduction.
MCS-2865,GovSecure Dept,Backup & Archival,"GCP, AWS",Cost Optimization,"Istio, Kubernetes, Azure Arc",Committed Use Discount,0.23,43.7,Strategy tailored for cost savings.
MCS-2866,EduPrime University,Data Warehousing,"Oracle Cloud, GCP, IBM Cloud, AWS",Distributed Workload,Crossplane,Usage-based Scaling,0.5,25.1,Strategy tailored for regulatory compliance.
MCS-2867,AgriSmart Farms,Data Warehousing,"Alibaba Cloud, IBM Cloud",Hybrid Integration,"Crossplane, Anthos, Azure Arc",Pay-as-you-go,0.32,23.8,Strategy tailored for regulatory compliance.
MCS-2868,MediPulse Clinics,Backup & Archival,"AWS, IBM Cloud",Failover/DR,HashiCorp Vault,Spot Instances,0.69,35.0,Strategy tailored for latency reduction.
MCS-2869,AeroX Manufacturing,Disaster Recovery,"AWS, Alibaba Cloud, Oracle Cloud, Azure",Compliance Segmentation,"Istio, Anthos",Pay-as-you-go,0.77,28.1,Strategy tailored for global expansion.
MCS-2870,EduPrime University,Global App Deployment,"GCP, Oracle Cloud",Failover/DR,"Anthos, Crossplane, Istio",Committed Use Discount,0.9,37.7,Strategy tailored for regulatory compliance.
MCS-2871,FinTrust Bank,Disaster Recovery,"Oracle Cloud, IBM Cloud",Compliance Segmentation,"Anthos, Kubernetes, HashiCorp Vault",Committed Use Discount,0.77,7.2,Strategy tailored for global expansion.
MCS-2872,RetailHub Online,AI/ML Model Training,"Oracle Cloud, AWS",Distributed Workload,"HashiCorp Vault, Terraform, Azure Arc",Pay-as-you-go,0.11,13.5,Strategy tailored for latency reduction.
MCS-2873,TechNova Solutions,Backup & Archival,"DigitalOcean, AWS, Alibaba Cloud, IBM Cloud",Cost Optimization,"Terraform, Crossplane",Reserved Instances,0.69,21.4,Strategy tailored for global expansion.
MCS-2874,HealthCore Systems,AI/ML Model Training,"Azure, Oracle Cloud, AWS",Compliance Segmentation,HashiCorp Vault,Reserved Instances,0.46,40.4,Strategy tailored for global expansion.
MCS-2875,FinTrust Bank,Data Warehousing,"AWS, Alibaba Cloud",Distributed Workload,Istio,Multi-year Contract,0.9,41.4,Strategy tailored for regulatory compliance.
MCS-2876,FinTrust Bank,Disaster Recovery,"GCP, DigitalOcean, AWS",Cost Optimization,"Crossplane, Spinnaker, HashiCorp Vault",Committed Use Discount,0.38,32.6,Strategy tailored for regulatory compliance.
MCS-2877,RetailHub Online,Data Warehousing,"IBM Cloud, Oracle Cloud, DigitalOcean, Azure",Vendor Risk Mitigation,"HashiCorp Vault, Kubernetes",Multi-year Contract,0.34,12.6,Strategy tailored for regulatory compliance.
MCS-2878,AgriSmart Farms,Hybrid Analytics,"Oracle Cloud, DigitalOcean",Best-of-Breed,"Anthos, Azure Arc, Kubernetes",Committed Use Discount,0.26,18.7,Strategy tailored for latency reduction.
MCS-2879,RetailHub Online,AI/ML Model Training,"GCP, Alibaba Cloud",Best-of-Breed,HashiCorp Vault,Multi-year Contract,0.48,38.2,Strategy tailored for global expansion.
MCS-2880,RetailHub Online,Data Warehousing,"Oracle Cloud, GCP",Failover/DR,"HashiCorp Vault, Azure Arc, Anthos",Multi-year Contract,0.21,34.4,Strategy tailored for cost savings.
MCS-2881,TechNova Solutions,Data Warehousing,"IBM Cloud, AWS, Oracle Cloud",Vendor Risk Mitigation,"Istio, Terraform",Usage-based Scaling,0.57,16.5,Strategy tailored for global expansion.
MCS-2882,LogiTrans Freight,Global App Deployment,"IBM Cloud, Azure, GCP, Alibaba Cloud",Cost Optimization,"Azure Arc, Crossplane, Anthos",Reserved Instances,0.54,17.0,Strategy tailored for regulatory compliance.
MCS-2883,RetailHub Online,High-Performance Computing,"Alibaba Cloud, GCP, Oracle Cloud, Azure",Cost Optimization,HashiCorp Vault,Committed Use Discount,0.63,22.4,Strategy tailored for latency reduction.
MCS-2884,LogiTrans Freight,Hybrid Analytics,"DigitalOcean, AWS, Oracle Cloud",Hybrid Integration,"HashiCorp Vault, Anthos",Pay-as-you-go,0.25,9.7,Strategy tailored for regulatory compliance.
MCS-2885,MediPulse Clinics,Data Warehousing,"IBM Cloud, Azure",Compliance Segmentation,Terraform,Multi-year Contract,0.59,41.1,Strategy tailored for regulatory compliance.
MCS-2886,TechNova Solutions,AI/ML Model Training,"Oracle Cloud, DigitalOcean",Compliance Segmentation,"Terraform, HashiCorp Vault",Multi-year Contract,0.41,34.3,Strategy tailored for latency reduction.
MCS-2887,RetailHub Online,AI/ML Model Training,"AWS, Oracle Cloud",Vendor Risk Mitigation,"Istio, Terraform, Crossplane",Usage-based Scaling,0.69,42.3,Strategy tailored for latency reduction.
MCS-2888,EduPrime University,IoT Processing,"DigitalOcean, Oracle Cloud, Alibaba Cloud",Best-of-Breed,"Anthos, Kubernetes, HashiCorp Vault",Pay-as-you-go,0.83,27.7,Strategy tailored for global expansion.
MCS-2889,AeroX Manufacturing,IoT Processing,"GCP, Alibaba Cloud",Compliance Segmentation,Anthos,Pay-as-you-go,0.68,40.9,Strategy tailored for latency reduction.
MCS-2890,EduPrime University,Data Warehousing,"GCP, IBM Cloud, Alibaba Cloud",Vendor Risk Mitigation,Terraform,Reserved Instances,0.46,18.1,Strategy tailored for global expansion.
MCS-2891,FinTrust Bank,AI/ML Model Training,"AWS, GCP, Azure",Vendor Risk Mitigation,"Anthos, Spinnaker, HashiCorp Vault",Usage-based Scaling,0.11,38.1,Strategy tailored for regulatory compliance.
MCS-2892,LogiTrans Freight,IoT Processing,"Oracle Cloud, GCP",Best-of-Breed,"Kubernetes, Istio",Spot Instances,0.81,9.2,Strategy tailored for cost savings.
MCS-2893,EduPrime University,Hybrid Analytics,"IBM Cloud, AWS, GCP, Alibaba Cloud",Compliance Segmentation,Azure Arc,Usage-based Scaling,0.61,23.6,Strategy tailored for latency reduction.
MCS-2894,FinTrust Bank,Disaster Recovery,"GCP, DigitalOcean, IBM Cloud",Failover/DR,"Terraform, Kubernetes",Usage-based Scaling,0.21,44.2,Strategy tailored for latency reduction.
MCS-2895,FinTrust Bank,Edge Computing,"Azure, AWS, Alibaba Cloud",Distributed Workload,Crossplane,Pay-as-you-go,0.29,7.7,Strategy tailored for latency reduction.
MCS-2896,GovSecure Dept,Edge Computing,"IBM Cloud, AWS, Azure, GCP",Cost Optimization,"Anthos, Crossplane, Spinnaker",Committed Use Discount,0.63,34.6,Strategy tailored for cost savings.
MCS-2897,TechNova Solutions,IoT Processing,"AWS, GCP",Distributed Workload,Terraform,Pay-as-you-go,0.13,31.3,Strategy tailored for global expansion.
MCS-2898,LogiTrans Freight,Disaster Recovery,"AWS, Oracle Cloud, IBM Cloud, DigitalOcean",Vendor Risk Mitigation,"Terraform, Spinnaker, Crossplane",Spot Instances,0.57,9.1,Strategy tailored for global expansion.
MCS-2899,LogiTrans Freight,Edge Computing,"Alibaba Cloud, DigitalOcean",Failover/DR,"Crossplane, HashiCorp Vault",Usage-based Scaling,0.25,27.7,Strategy tailored for cost savings.
MCS-2900,RetailHub Online,Global App Deployment,"Alibaba Cloud, GCP, DigitalOcean, IBM Cloud",Vendor Risk Mitigation,Terraform,Pay-as-you-go,0.36,42.5,Strategy tailored for global expansion.
MCS-2901,LogiTrans Freight,Hybrid Analytics,"Alibaba Cloud, Azure, GCP",Hybrid Integration,Azure Arc,Reserved Instances,0.83,44.3,Strategy tailored for regulatory compliance.
MCS-2902,FinTrust Bank,AI/ML Model Training,"Azure, Oracle Cloud, GCP",Hybrid Integration,Istio,Reserved Instances,0.33,43.8,Strategy tailored for regulatory compliance.
MCS-2903,HealthCore Systems,Hybrid Analytics,"GCP, Azure, IBM Cloud, AWS",Compliance Segmentation,Anthos,Reserved Instances,0.48,18.9,Strategy tailored for cost savings.
MCS-2904,AgriSmart Farms,IoT Processing,"AWS, Alibaba Cloud",Compliance Segmentation,Terraform,Usage-based Scaling,0.14,7.1,Strategy tailored for global expansion.
MCS-2905,FinTrust Bank,IoT Processing,"AWS, DigitalOcean",Vendor Risk Mitigation,"Istio, Crossplane, Anthos",Reserved Instances,0.72,23.3,Strategy tailored for latency reduction.
MCS-2906,EduPrime University,AI/ML Model Training,"Oracle Cloud, Alibaba Cloud",Distributed Workload,Anthos,Multi-year Contract,0.3,29.6,Strategy tailored for latency reduction.
MCS-2907,AgriSmart Farms,IoT Processing,"GCP, IBM Cloud, DigitalOcean",Vendor Risk Mitigation,"Spinnaker, Anthos, Crossplane",Reserved Instances,0.33,28.1,Strategy tailored for latency reduction.
MCS-2908,EduPrime University,High-Performance Computing,"Azure, Oracle Cloud, AWS",Failover/DR,Istio,Usage-based Scaling,0.42,37.9,Strategy tailored for cost savings.
MCS-2909,FinTrust Bank,Data Warehousing,"GCP, Alibaba Cloud, IBM Cloud",Failover/DR,Crossplane,Spot Instances,0.83,24.1,Strategy tailored for global expansion.
MCS-2910,FinTrust Bank,Data Warehousing,"Oracle Cloud, AWS",Best-of-Breed,"Anthos, Kubernetes",Usage-based Scaling,0.41,19.5,Strategy tailored for latency reduction.
MCS-2911,EduPrime University,Global App Deployment,"DigitalOcean, Azure, AWS",Compliance Segmentation,"Anthos, Terraform, Spinnaker",Multi-year Contract,0.82,18.1,Strategy tailored for latency reduction.
MCS-2912,GovSecure Dept,Hybrid Analytics,"AWS, DigitalOcean, GCP, Alibaba Cloud",Distributed Workload,Kubernetes,Multi-year Contract,0.29,8.4,Strategy tailored for global expansion.
MCS-2913,RetailHub Online,Backup & Archival,"GCP, IBM Cloud, DigitalOcean",Best-of-Breed,"HashiCorp Vault, Crossplane, Spinnaker",Spot Instances,0.52,24.3,Strategy tailored for global expansion.
MCS-2914,EduPrime University,AI/ML Model Training,"IBM Cloud, Alibaba Cloud, AWS",Compliance Segmentation,HashiCorp Vault,Reserved Instances,0.85,13.8,Strategy tailored for global expansion.
MCS-2915,GovSecure Dept,Global App Deployment,"IBM Cloud, Oracle Cloud",Cost Optimization,Spinnaker,Reserved Instances,0.44,37.3,Strategy tailored for regulatory compliance.
MCS-2916,TechNova Solutions,Edge Computing,"DigitalOcean, AWS",Cost Optimization,Anthos,Usage-based Scaling,0.83,20.4,Strategy tailored for global expansion.
MCS-2917,EduPrime University,Disaster Recovery,"Azure, IBM Cloud",Failover/DR,"Crossplane, Spinnaker, Kubernetes",Usage-based Scaling,0.51,17.1,Strategy tailored for cost savings.
MCS-2918,EduPrime University,Data Warehousing,"GCP, AWS",Hybrid Integration,"Spinnaker, Anthos",Usage-based Scaling,0.93,9.7,Strategy tailored for cost savings.
MCS-2919,EduPrime University,Backup & Archival,"AWS, Alibaba Cloud, Oracle Cloud, GCP",Cost Optimization,"Azure Arc, HashiCorp Vault, Terraform",Usage-based Scaling,0.93,32.4,Strategy tailored for cost savings.
MCS-2920,FinTrust Bank,Data Warehousing,"DigitalOcean, Azure",Best-of-Breed,"Anthos, Kubernetes",Reserved Instances,0.57,6.3,Strategy tailored for cost savings.
MCS-2921,LogiTrans Freight,Hybrid Analytics,"Alibaba Cloud, Azure, AWS",Failover/DR,"Azure Arc, Terraform",Reserved Instances,0.52,21.3,Strategy tailored for latency reduction.
MCS-2922,MediPulse Clinics,IoT Processing,"Oracle Cloud, GCP",Distributed Workload,Terraform,Usage-based Scaling,0.24,31.3,Strategy tailored for latency reduction.
MCS-2923,TechNova Solutions,Global App Deployment,"Oracle Cloud, Alibaba Cloud, GCP",Distributed Workload,"Kubernetes, Crossplane, Istio",Reserved Instances,0.96,27.5,Strategy tailored for cost savings.
MCS-2924,HealthCore Systems,Disaster Recovery,"Azure, IBM Cloud, AWS, Oracle Cloud",Compliance Segmentation,"Kubernetes, Azure Arc, Anthos",Spot Instances,0.74,7.7,Strategy tailored for latency reduction.
MCS-2925,EduPrime University,Backup & Archival,"AWS, Alibaba Cloud",Hybrid Integration,Crossplane,Pay-as-you-go,0.47,9.7,Strategy tailored for global expansion.
MCS-2926,MediPulse Clinics,Data Warehousing,"IBM Cloud, AWS",Vendor Risk Mitigation,Kubernetes,Spot Instances,0.65,42.5,Strategy tailored for global expansion.
MCS-2927,FinTrust Bank,Backup & Archival,"GCP, Oracle Cloud",Cost Optimization,"Istio, Spinnaker",Spot Instances,0.69,8.1,Strategy tailored for global expansion.
MCS-2928,FinTrust Bank,High-Performance Computing,"DigitalOcean, Oracle Cloud",Failover/DR,Istio,Committed Use Discount,0.42,27.0,Strategy tailored for regulatory compliance.
MCS-2929,FinTrust Bank,Edge Computing,"GCP, Alibaba Cloud, DigitalOcean, AWS",Distributed Workload,"Istio, Kubernetes",Usage-based Scaling,0.46,38.3,Strategy tailored for regulatory compliance.
MCS-2930,AeroX Manufacturing,Global App Deployment,"Azure, IBM Cloud, Oracle Cloud, GCP",Best-of-Breed,"Istio, Kubernetes",Spot Instances,0.83,29.5,Strategy tailored for cost savings.
MCS-2931,EduPrime University,Data Warehousing,"Azure, Oracle Cloud, AWS",Best-of-Breed,"Anthos, Spinnaker",Reserved Instances,0.43,15.2,Strategy tailored for global expansion.
MCS-2932,EduPrime University,IoT Processing,"IBM Cloud, DigitalOcean, GCP, Alibaba Cloud",Compliance Segmentation,Kubernetes,Usage-based Scaling,0.19,19.2,Strategy tailored for latency reduction.
MCS-2933,GovSecure Dept,Hybrid Analytics,"DigitalOcean, IBM Cloud, AWS, Oracle Cloud",Failover/DR,"Azure Arc, HashiCorp Vault, Anthos",Usage-based Scaling,0.47,32.0,Strategy tailored for latency reduction.
MCS-2934,AeroX Manufacturing,High-Performance Computing,"Azure, Alibaba Cloud, IBM Cloud",Hybrid Integration,Anthos,Usage-based Scaling,0.69,7.8,Strategy tailored for regulatory compliance.
MCS-2935,LogiTrans Freight,Data Warehousing,"DigitalOcean, AWS, GCP",Cost Optimization,Azure Arc,Reserved Instances,0.45,12.3,Strategy tailored for regulatory compliance.
MCS-2936,RetailHub Online,Disaster Recovery,"Azure, AWS, DigitalOcean, GCP",Vendor Risk Mitigation,"Spinnaker, Azure Arc, Terraform",Committed Use Discount,0.24,38.1,Strategy tailored for regulatory compliance.
MCS-2937,TechNova Solutions,Hybrid Analytics,"Oracle Cloud, DigitalOcean, IBM Cloud, GCP",Distributed Workload,"Spinnaker, Azure Arc",Multi-year Contract,0.14,21.8,Strategy tailored for regulatory compliance.
MCS-2938,TechNova Solutions,Global App Deployment,"Azure, Oracle Cloud, GCP",Cost Optimization,"Crossplane, Azure Arc",Spot Instances,0.25,40.2,Strategy tailored for global expansion.
MCS-2939,HealthCore Systems,High-Performance Computing,"GCP, Azure",Best-of-Breed,HashiCorp Vault,Committed Use Discount,0.6,14.3,Strategy tailored for regulatory compliance.
MCS-2940,FinTrust Bank,Backup & Archival,"AWS, IBM Cloud, GCP, DigitalOcean",Cost Optimization,HashiCorp Vault,Reserved Instances,0.55,34.3,Strategy tailored for global expansion.
MCS-2941,AeroX Manufacturing,Data Warehousing,"Alibaba Cloud, GCP, IBM Cloud",Distributed Workload,"Crossplane, Istio",Spot Instances,0.95,13.8,Strategy tailored for cost savings.
MCS-2942,HealthCore Systems,Global App Deployment,"Oracle Cloud, GCP",Failover/DR,HashiCorp Vault,Usage-based Scaling,0.89,42.4,Strategy tailored for latency reduction.
MCS-2943,AgriSmart Farms,Data Warehousing,"AWS, GCP, Alibaba Cloud",Compliance Segmentation,"Azure Arc, Kubernetes",Reserved Instances,0.92,30.4,Strategy tailored for global expansion.
MCS-2944,HealthCore Systems,Edge Computing,"GCP, Azure, AWS",Distributed Workload,"Istio, Kubernetes, HashiCorp Vault",Spot Instances,0.66,21.1,Strategy tailored for cost savings.
MCS-2945,HealthCore Systems,Disaster Recovery,"IBM Cloud, DigitalOcean",Compliance Segmentation,"Kubernetes, Azure Arc, Crossplane",Committed Use Discount,0.77,26.3,Strategy tailored for cost savings.
MCS-2946,EduPrime University,AI/ML Model Training,"GCP, DigitalOcean",Cost Optimization,"Kubernetes, Crossplane",Committed Use Discount,0.7,22.1,Strategy tailored for regulatory compliance.
MCS-2947,EduPrime University,Global App Deployment,"Alibaba Cloud, DigitalOcean, GCP",Compliance Segmentation,Istio,Multi-year Contract,0.75,38.0,Strategy tailored for global expansion.
MCS-2948,AgriSmart Farms,Edge Computing,"DigitalOcean, Alibaba Cloud, Oracle Cloud, AWS",Best-of-Breed,"Azure Arc, HashiCorp Vault",Reserved Instances,0.23,38.3,Strategy tailored for latency reduction.
MCS-2949,GovSecure Dept,High-Performance Computing,"DigitalOcean, Azure, Alibaba Cloud",Distributed Workload,"Spinnaker, Kubernetes",Multi-year Contract,0.58,38.8,Strategy tailored for global expansion.
MCS-2950,MediPulse Clinics,IoT Processing,"Azure, Alibaba Cloud, Oracle Cloud",Best-of-Breed,Crossplane,Pay-as-you-go,0.48,20.2,Strategy tailored for latency reduction.
MCS-2951,TechNova Solutions,Data Warehousing,"IBM Cloud, AWS, DigitalOcean",Hybrid Integration,"Terraform, Spinnaker",Pay-as-you-go,0.91,15.0,Strategy tailored for cost savings.
MCS-2952,LogiTrans Freight,Data Warehousing,"Azure, AWS, GCP, Alibaba Cloud",Hybrid Integration,"Azure Arc, Terraform",Spot Instances,0.85,24.4,Strategy tailored for latency reduction.
MCS-2953,AeroX Manufacturing,Edge Computing,"IBM Cloud, DigitalOcean",Vendor Risk Mitigation,Azure Arc,Spot Instances,0.56,17.3,Strategy tailored for latency reduction.
MCS-2954,LogiTrans Freight,Data Warehousing,"Azure, AWS",Failover/DR,"HashiCorp Vault, Anthos",Usage-based Scaling,0.61,18.0,Strategy tailored for cost savings.
MCS-2955,GovSecure Dept,High-Performance Computing,"DigitalOcean, AWS",Cost Optimization,"Anthos, Crossplane, HashiCorp Vault",Usage-based Scaling,0.13,15.9,Strategy tailored for global expansion.
MCS-2956,RetailHub Online,IoT Processing,"DigitalOcean, GCP",Cost Optimization,"Azure Arc, Kubernetes",Reserved Instances,0.11,44.1,Strategy tailored for cost savings.
MCS-2957,EduPrime University,Hybrid Analytics,"DigitalOcean, IBM Cloud",Failover/DR,"Anthos, Terraform, Spinnaker",Committed Use Discount,0.96,20.8,Strategy tailored for global expansion.
MCS-2958,RetailHub Online,IoT Processing,"Azure, Alibaba Cloud",Distributed Workload,"Kubernetes, Crossplane",Committed Use Discount,0.75,18.8,Strategy tailored for latency reduction.
MCS-2959,LogiTrans Freight,High-Performance Computing,"AWS, IBM Cloud",Distributed Workload,Anthos,Spot Instances,0.7,37.2,Strategy tailored for global expansion.
MCS-2960,HealthCore Systems,Backup & Archival,"Alibaba Cloud, Azure",Distributed Workload,Kubernetes,Pay-as-you-go,0.94,21.0,Strategy tailored for global expansion.
MCS-2961,HealthCore Systems,Data Warehousing,"AWS, GCP, IBM Cloud",Failover/DR,"Anthos, HashiCorp Vault, Terraform",Spot Instances,0.8,15.6,Strategy tailored for global expansion.
MCS-2962,AgriSmart Farms,Backup & Archival,"Alibaba Cloud, Oracle Cloud, DigitalOcean",Failover/DR,"Spinnaker, Istio",Committed Use Discount,0.98,6.0,Strategy tailored for cost savings.
MCS-2963,EduPrime University,Global App Deployment,"DigitalOcean, Azure",Failover/DR,Terraform,Usage-based Scaling,0.64,31.4,Strategy tailored for latency reduction.
MCS-2964,AeroX Manufacturing,Edge Computing,"Azure, GCP, IBM Cloud",Compliance Segmentation,"Anthos, HashiCorp Vault, Istio",Usage-based Scaling,0.71,9.8,Strategy tailored for cost savings.
MCS-2965,EduPrime University,IoT Processing,"AWS, Oracle Cloud, Azure",Vendor Risk Mitigation,"HashiCorp Vault, Kubernetes, Anthos",Usage-based Scaling,0.94,12.2,Strategy tailored for latency reduction.
MCS-2966,MediPulse Clinics,Global App Deployment,"Alibaba Cloud, DigitalOcean, Oracle Cloud, Azure",Best-of-Breed,"Kubernetes, Crossplane, Terraform",Committed Use Discount,0.65,13.9,Strategy tailored for global expansion.
MCS-2967,LogiTrans Freight,Edge Computing,"Alibaba Cloud, Azure",Best-of-Breed,"HashiCorp Vault, Kubernetes",Multi-year Contract,0.37,26.9,Strategy tailored for regulatory compliance.
MCS-2968,HealthCore Systems,Backup & Archival,"Azure, AWS, DigitalOcean",Failover/DR,"Anthos, Azure Arc",Usage-based Scaling,0.47,11.4,Strategy tailored for latency reduction.
MCS-2969,GovSecure Dept,Edge Computing,"Oracle Cloud, Azure, IBM Cloud, Alibaba Cloud",Compliance Segmentation,"Istio, Terraform",Committed Use Discount,0.25,21.7,Strategy tailored for regulatory compliance.
MCS-2970,LogiTrans Freight,Disaster Recovery,"GCP, Alibaba Cloud, IBM Cloud",Best-of-Breed,Kubernetes,Committed Use Discount,0.77,40.9,Strategy tailored for latency reduction.
MCS-2971,MediPulse Clinics,Edge Computing,"AWS, IBM Cloud",Vendor Risk Mitigation,"HashiCorp Vault, Anthos, Azure Arc",Committed Use Discount,0.17,20.7,Strategy tailored for latency reduction.
MCS-2972,AeroX Manufacturing,AI/ML Model Training,"DigitalOcean, Oracle Cloud, IBM Cloud, Azure",Cost Optimization,"Spinnaker, Crossplane",Spot Instances,0.19,5.7,Strategy tailored for regulatory compliance.
MCS-2973,EduPrime University,Disaster Recovery,"Alibaba Cloud, AWS, Azure",Best-of-Breed,"Anthos, Azure Arc",Reserved Instances,0.69,29.1,Strategy tailored for latency reduction.
MCS-2974,HealthCore Systems,Hybrid Analytics,"Azure, DigitalOcean",Compliance Segmentation,Anthos,Committed Use Discount,0.25,14.4,Strategy tailored for latency reduction.
MCS-2975,RetailHub Online,Global App Deployment,"Oracle Cloud, IBM Cloud, Alibaba Cloud, DigitalOcean",Cost Optimization,"Spinnaker, Azure Arc, Terraform",Multi-year Contract,0.12,38.4,Strategy tailored for global expansion.
MCS-2976,RetailHub Online,AI/ML Model Training,"Oracle Cloud, Alibaba Cloud",Distributed Workload,Kubernetes,Multi-year Contract,0.97,10.4,Strategy tailored for cost savings.
MCS-2977,EduPrime University,Hybrid Analytics,"Oracle Cloud, DigitalOcean, AWS, Alibaba Cloud",Hybrid Integration,"Spinnaker, HashiCorp Vault, Crossplane",Spot Instances,0.31,39.7,Strategy tailored for regulatory compliance.
MCS-2978,RetailHub Online,Global App Deployment,"DigitalOcean, IBM Cloud, GCP, Azure",Best-of-Breed,"Kubernetes, HashiCorp Vault, Azure Arc",Committed Use Discount,0.92,21.8,Strategy tailored for regulatory compliance.
MCS-2979,RetailHub Online,Disaster Recovery,"DigitalOcean, Alibaba Cloud, IBM Cloud, GCP",Failover/DR,Kubernetes,Reserved Instances,0.15,6.6,Strategy tailored for latency reduction.
MCS-2980,EduPrime University,AI/ML Model Training,"AWS, GCP, Alibaba Cloud, DigitalOcean",Distributed Workload,"Crossplane, Anthos",Multi-year Contract,0.61,20.7,Strategy tailored for global expansion.
MCS-2981,AgriSmart Farms,Hybrid Analytics,"DigitalOcean, AWS",Best-of-Breed,Istio,Multi-year Contract,0.13,28.3,Strategy tailored for global expansion.
MCS-2982,MediPulse Clinics,Edge Computing,"IBM Cloud, DigitalOcean, Oracle Cloud",Distributed Workload,"Crossplane, Spinnaker",Spot Instances,0.11,36.5,Strategy tailored for global expansion.
MCS-2983,AgriSmart Farms,AI/ML Model Training,"Alibaba Cloud, Azure, Oracle Cloud",Hybrid Integration,"Terraform, Anthos",Committed Use Discount,0.37,6.6,Strategy tailored for latency reduction.
MCS-2984,FinTrust Bank,High-Performance Computing,"GCP, Alibaba Cloud",Compliance Segmentation,Spinnaker,Reserved Instances,0.62,20.9,Strategy tailored for latency reduction.
MCS-2985,AeroX Manufacturing,High-Performance Computing,"IBM Cloud, Oracle Cloud, Alibaba Cloud",Failover/DR,"Spinnaker, Terraform",Pay-as-you-go,0.97,26.8,Strategy tailored for regulatory compliance.
MCS-2986,EduPrime University,High-Performance Computing,"GCP, Azure",Best-of-Breed,"HashiCorp Vault, Crossplane, Azure Arc",Usage-based Scaling,0.34,33.4,Strategy tailored for latency reduction.
MCS-2987,EduPrime University,IoT Processing,"AWS, Azure, IBM Cloud",Failover/DR,"Istio, HashiCorp Vault",Reserved Instances,0.34,41.2,Strategy tailored for global expansion.
MCS-2988,AgriSmart Farms,Global App Deployment,"Alibaba Cloud, GCP",Cost Optimization,"HashiCorp Vault, Crossplane",Spot Instances,0.43,27.0,Strategy tailored for regulatory compliance.
MCS-2989,AgriSmart Farms,High-Performance Computing,"Oracle Cloud, Azure, GCP, IBM Cloud",Vendor Risk Mitigation,"Crossplane, HashiCorp Vault",Reserved Instances,0.15,22.0,Strategy tailored for regulatory compliance.
MCS-2990,AgriSmart Farms,AI/ML Model Training,"IBM Cloud, AWS, Oracle Cloud",Cost Optimization,"Azure Arc, Istio, Crossplane",Reserved Instances,0.84,37.2,Strategy tailored for regulatory compliance.
MCS-2991,AgriSmart Farms,Hybrid Analytics,"Azure, IBM Cloud, GCP",Distributed Workload,"Terraform, Crossplane",Usage-based Scaling,0.3,14.0,Strategy tailored for cost savings.
MCS-2992,EduPrime University,Global App Deployment,"IBM Cloud, GCP",Cost Optimization,"Anthos, Crossplane",Usage-based Scaling,0.83,42.2,Strategy tailored for global expansion.
MCS-2993,RetailHub Online,Backup & Archival,"Alibaba Cloud, IBM Cloud, DigitalOcean, GCP",Best-of-Breed,Anthos,Pay-as-you-go,0.18,23.0,Strategy tailored for latency reduction.
MCS-2994,AeroX Manufacturing,Hybrid Analytics,"AWS, DigitalOcean",Failover/DR,Spinnaker,Pay-as-you-go,0.4,39.8,Strategy tailored for global expansion.
MCS-2995,TechNova Solutions,Edge Computing,"GCP, Azure, Alibaba Cloud, Oracle Cloud",Hybrid Integration,"Spinnaker, Istio",Multi-year Contract,0.17,13.4,Strategy tailored for cost savings.
MCS-2996,EduPrime University,Disaster Recovery,"AWS, Alibaba Cloud",Hybrid Integration,"Istio, Spinnaker",Committed Use Discount,0.77,7.1,Strategy tailored for global expansion.
MCS-2997,HealthCore Systems,Data Warehousing,"IBM Cloud, Azure, Alibaba Cloud, AWS",Vendor Risk Mitigation,Anthos,Usage-based Scaling,0.54,22.7,Strategy tailored for regulatory compliance.
MCS-2998,HealthCore Systems,Data Warehousing,"Azure, DigitalOcean",Vendor Risk Mitigation,"HashiCorp Vault, Istio",Spot Instances,0.4,20.8,Strategy tailored for regulatory compliance.
MCS-2999,GovSecure Dept,High-Performance Computing,"GCP, IBM Cloud",Hybrid Integration,"Spinnaker, Terraform, Crossplane",Spot Instances,0.57,11.5,Strategy tailored for latency reduction.
MCS-3000,AeroX Manufacturing,Global App Deployment,"GCP, DigitalOcean",Hybrid Integration,"Crossplane, Kubernetes, Anthos",Usage-based Scaling,0.61,37.2,Strategy tailored for regulatory compliance.
MCS-3001,MediPulse Clinics,High-Performance Computing,"AWS, Alibaba Cloud",Failover/DR,"HashiCorp Vault, Terraform, Kubernetes",Committed Use Discount,0.78,11.2,Strategy tailored for cost savings.
MCS-3002,RetailHub Online,High-Performance Computing,"DigitalOcean, Alibaba Cloud",Failover/DR,Azure Arc,Reserved Instances,0.23,15.7,Strategy tailored for regulatory compliance.
MCS-3003,LogiTrans Freight,Edge Computing,"GCP, Oracle Cloud",Failover/DR,"Kubernetes, Terraform, Anthos",Reserved Instances,0.42,21.3,Strategy tailored for global expansion.
MCS-3004,AeroX Manufacturing,High-Performance Computing,"DigitalOcean, Alibaba Cloud, Oracle Cloud, AWS",Best-of-Breed,"HashiCorp Vault, Spinnaker, Istio",Reserved Instances,0.7,7.3,Strategy tailored for regulatory compliance.
MCS-3005,MediPulse Clinics,Disaster Recovery,"Alibaba Cloud, DigitalOcean",Best-of-Breed,"Spinnaker, Azure Arc, Anthos",Pay-as-you-go,0.13,20.7,Strategy tailored for global expansion.
MCS-3006,AgriSmart Farms,Global App Deployment,"GCP, Azure",Vendor Risk Mitigation,"Terraform, Kubernetes",Reserved Instances,0.72,12.7,Strategy tailored for regulatory compliance.
MCS-3007,FinTrust Bank,Data Warehousing,"Alibaba Cloud, IBM Cloud",Cost Optimization,"Istio, Azure Arc",Committed Use Discount,0.67,15.4,Strategy tailored for cost savings.
MCS-3008,LogiTrans Freight,IoT Processing,"Alibaba Cloud, Azure, DigitalOcean, IBM Cloud",Failover/DR,"Anthos, Crossplane, Kubernetes",Pay-as-you-go,0.89,40.8,Strategy tailored for cost savings.
MCS-3009,FinTrust Bank,Data Warehousing,"Oracle Cloud, IBM Cloud, AWS",Failover/DR,Terraform,Reserved Instances,0.36,14.2,Strategy tailored for latency reduction.
MCS-3010,RetailHub Online,Global App Deployment,"Oracle Cloud, Alibaba Cloud, DigitalOcean",Best-of-Breed,"Kubernetes, HashiCorp Vault, Azure Arc",Spot Instances,0.47,14.6,Strategy tailored for regulatory compliance.
MCS-3011,FinTrust Bank,Hybrid Analytics,"Azure, Oracle Cloud, IBM Cloud",Cost Optimization,"HashiCorp Vault, Kubernetes",Usage-based Scaling,0.7,38.0,Strategy tailored for latency reduction.
MCS-3012,EduPrime University,Edge Computing,"GCP, Azure, AWS, IBM Cloud",Failover/DR,Crossplane,Spot Instances,0.7,38.0,Strategy tailored for cost savings.
MCS-3013,RetailHub Online,Disaster Recovery,"GCP, DigitalOcean",Vendor Risk Mitigation,Terraform,Reserved Instances,0.45,11.3,Strategy tailored for regulatory compliance.
MCS-3014,LogiTrans Freight,AI/ML Model Training,"Alibaba Cloud, DigitalOcean, AWS, IBM Cloud",Distributed Workload,"Anthos, Kubernetes, HashiCorp Vault",Reserved Instances,0.76,19.4,Strategy tailored for regulatory compliance.
MCS-3015,FinTrust Bank,IoT Processing,"Oracle Cloud, DigitalOcean",Distributed Workload,"Spinnaker, HashiCorp Vault",Pay-as-you-go,0.7,15.8,Strategy tailored for global expansion.
MCS-3016,LogiTrans Freight,IoT Processing,"Oracle Cloud, AWS, IBM Cloud",Vendor Risk Mitigation,"Anthos, Spinnaker, Terraform",Spot Instances,0.17,44.7,Strategy tailored for regulatory compliance.
MCS-3017,GovSecure Dept,Global App Deployment,"Alibaba Cloud, Oracle Cloud, Azure, DigitalOcean",Compliance Segmentation,HashiCorp Vault,Multi-year Contract,0.24,44.5,Strategy tailored for latency reduction.
MCS-3018,EduPrime University,Data Warehousing,"IBM Cloud, AWS, Alibaba Cloud",Vendor Risk Mitigation,"HashiCorp Vault, Azure Arc, Istio",Multi-year Contract,0.97,36.8,Strategy tailored for regulatory compliance.
MCS-3019,AgriSmart Farms,Backup & Archival,"DigitalOcean, Azure, Alibaba Cloud, Oracle Cloud",Failover/DR,"Azure Arc, Spinnaker, Crossplane",Pay-as-you-go,0.69,28.1,Strategy tailored for cost savings.
MCS-3020,HealthCore Systems,Data Warehousing,"AWS, Alibaba Cloud",Best-of-Breed,"Spinnaker, Crossplane, Terraform",Reserved Instances,0.87,16.6,Strategy tailored for regulatory compliance.
MCS-3021,GovSecure Dept,High-Performance Computing,"IBM Cloud, AWS, DigitalOcean, Oracle Cloud",Vendor Risk Mitigation,Spinnaker,Committed Use Discount,0.52,29.8,Strategy tailored for latency reduction.
MCS-3022,RetailHub Online,Data Warehousing,"AWS, IBM Cloud, DigitalOcean",Cost Optimization,"HashiCorp Vault, Kubernetes",Multi-year Contract,0.47,22.1,Strategy tailored for regulatory compliance.
MCS-3023,HealthCore Systems,Hybrid Analytics,"Azure, Alibaba Cloud",Failover/DR,"Istio, HashiCorp Vault",Committed Use Discount,0.39,27.6,Strategy tailored for cost savings.
MCS-3024,RetailHub Online,Backup & Archival,"Azure, Alibaba Cloud, AWS",Hybrid Integration,"Anthos, Kubernetes",Pay-as-you-go,0.86,13.1,Strategy tailored for global expansion.
MCS-3025,EduPrime University,High-Performance Computing,"GCP, DigitalOcean, Alibaba Cloud, Oracle Cloud",Vendor Risk Mitigation,Azure Arc,Usage-based Scaling,0.93,32.6,Strategy tailored for latency reduction.
MCS-3026,GovSecure Dept,Global App Deployment,"GCP, Alibaba Cloud",Hybrid Integration,"Terraform, Anthos",Multi-year Contract,0.83,27.2,Strategy tailored for global expansion.
MCS-3027,GovSecure Dept,IoT Processing,"GCP, Oracle Cloud",Best-of-Breed,Terraform,Committed Use Discount,0.79,5.6,Strategy tailored for global expansion.
MCS-3028,GovSecure Dept,IoT Processing,"IBM Cloud, GCP",Failover/DR,"Spinnaker, Azure Arc, Anthos",Multi-year Contract,0.83,6.6,Strategy tailored for cost savings.
MCS-3029,MediPulse Clinics,High-Performance Computing,"DigitalOcean, Azure, Alibaba Cloud, GCP",Distributed Workload,Crossplane,Reserved Instances,0.89,44.7,Strategy tailored for global expansion.
MCS-3030,LogiTrans Freight,Hybrid Analytics,"Alibaba Cloud, Azure, DigitalOcean",Hybrid Integration,"Anthos, Terraform, Azure Arc",Pay-as-you-go,0.36,13.4,Strategy tailored for global expansion.
MCS-3031,TechNova Solutions,Backup & Archival,"Azure, IBM Cloud",Failover/DR,HashiCorp Vault,Multi-year Contract,0.78,15.1,Strategy tailored for cost savings.
MCS-3032,EduPrime University,Edge Computing,"AWS, GCP",Vendor Risk Mitigation,"Azure Arc, Terraform",Reserved Instances,0.87,9.1,Strategy tailored for regulatory compliance.
MCS-3033,TechNova Solutions,High-Performance Computing,"Oracle Cloud, Azure",Distributed Workload,"Anthos, HashiCorp Vault, Azure Arc",Reserved Instances,0.21,44.2,Strategy tailored for regulatory compliance.
MCS-3034,EduPrime University,Disaster Recovery,"Oracle Cloud, AWS, GCP",Compliance Segmentation,"Terraform, HashiCorp Vault",Usage-based Scaling,0.7,38.9,Strategy tailored for regulatory compliance.
MCS-3035,HealthCore Systems,Global App Deployment,"DigitalOcean, AWS",Failover/DR,"Terraform, Spinnaker, Anthos",Multi-year Contract,0.39,32.1,Strategy tailored for cost savings.
MCS-3036,EduPrime University,AI/ML Model Training,"AWS, Azure, DigitalOcean, Alibaba Cloud",Vendor Risk Mitigation,Kubernetes,Committed Use Discount,0.63,29.1,Strategy tailored for regulatory compliance.
MCS-3037,GovSecure Dept,AI/ML Model Training,"GCP, IBM Cloud, Azure, Oracle Cloud",Cost Optimization,"Spinnaker, Azure Arc",Committed Use Discount,0.71,28.0,Strategy tailored for latency reduction.
MCS-3038,HealthCore Systems,AI/ML Model Training,"GCP, Alibaba Cloud, IBM Cloud, AWS",Distributed Workload,"Crossplane, Istio",Reserved Instances,0.48,16.0,Strategy tailored for latency reduction.
MCS-3039,FinTrust Bank,High-Performance Computing,"IBM Cloud, Alibaba Cloud",Distributed Workload,"Spinnaker, Kubernetes",Committed Use Discount,0.78,14.1,Strategy tailored for regulatory compliance.
MCS-3040,MediPulse Clinics,High-Performance Computing,"Alibaba Cloud, Oracle Cloud, GCP",Vendor Risk Mitigation,"Kubernetes, Crossplane, Azure Arc",Usage-based Scaling,0.72,14.3,Strategy tailored for cost savings.
MCS-3041,RetailHub Online,Edge Computing,"Azure, AWS, IBM Cloud, Alibaba Cloud",Compliance Segmentation,"Anthos, Kubernetes",Pay-as-you-go,0.66,34.9,Strategy tailored for cost savings.
MCS-3042,EduPrime University,Disaster Recovery,"DigitalOcean, AWS, Alibaba Cloud",Hybrid Integration,Crossplane,Multi-year Contract,0.29,7.4,Strategy tailored for cost savings.
MCS-3043,HealthCore Systems,Edge Computing,"Oracle Cloud, IBM Cloud, DigitalOcean, AWS",Best-of-Breed,"Spinnaker, Kubernetes",Spot Instances,0.22,29.2,Strategy tailored for regulatory compliance.
MCS-3044,AeroX Manufacturing,Backup & Archival,"DigitalOcean, Azure",Cost Optimization,"Azure Arc, Terraform, HashiCorp Vault",Multi-year Contract,0.86,6.8,Strategy tailored for latency reduction.
MCS-3045,FinTrust Bank,Global App Deployment,"Oracle Cloud, Alibaba Cloud, AWS",Compliance Segmentation,"Anthos, HashiCorp Vault, Terraform",Pay-as-you-go,0.75,18.7,Strategy tailored for latency reduction.
MCS-3046,TechNova Solutions,Global App Deployment,"Azure, IBM Cloud, GCP, Alibaba Cloud",Cost Optimization,"Azure Arc, Istio",Pay-as-you-go,0.53,42.2,Strategy tailored for latency reduction.
MCS-3047,TechNova Solutions,Disaster Recovery,"Alibaba Cloud, Azure, GCP",Failover/DR,"Azure Arc, Crossplane, HashiCorp Vault",Pay-as-you-go,0.4,23.6,Strategy tailored for regulatory compliance.
MCS-3048,GovSecure Dept,Data Warehousing,"Alibaba Cloud, IBM Cloud, Azure",Compliance Segmentation,"Terraform, Spinnaker, Azure Arc",Spot Instances,0.11,8.3,Strategy tailored for global expansion.
MCS-3049,EduPrime University,Hybrid Analytics,"Azure, Alibaba Cloud, DigitalOcean",Vendor Risk Mitigation,"Azure Arc, Istio, Crossplane",Multi-year Contract,0.33,6.1,Strategy tailored for global expansion.
MCS-3050,RetailHub Online,Global App Deployment,"Oracle Cloud, DigitalOcean, AWS",Cost Optimization,"Kubernetes, HashiCorp Vault",Multi-year Contract,0.66,22.1,Strategy tailored for global expansion.
MCS-3051,EduPrime University,High-Performance Computing,"AWS, Azure, Oracle Cloud",Cost Optimization,"Kubernetes, Terraform",Pay-as-you-go,0.59,12.0,Strategy tailored for cost savings.
MCS-3052,EduPrime University,Backup & Archival,"Azure, Alibaba Cloud",Compliance Segmentation,"Anthos, Terraform, HashiCorp Vault",Multi-year Contract,0.36,31.6,Strategy tailored for cost savings.
MCS-3053,TechNova Solutions,Data Warehousing,"DigitalOcean, IBM Cloud, AWS",Cost Optimization,"HashiCorp Vault, Spinnaker",Usage-based Scaling,0.96,7.0,Strategy tailored for latency reduction.
MCS-3054,MediPulse Clinics,Hybrid Analytics,"Oracle Cloud, AWS, DigitalOcean",Distributed Workload,"HashiCorp Vault, Istio, Crossplane",Reserved Instances,0.89,28.1,Strategy tailored for latency reduction.
MCS-3055,GovSecure Dept,Backup & Archival,"Alibaba Cloud, DigitalOcean",Vendor Risk Mitigation,"Azure Arc, Istio",Pay-as-you-go,0.6,25.0,Strategy tailored for cost savings.
MCS-3056,LogiTrans Freight,Hybrid Analytics,"AWS, Oracle Cloud, IBM Cloud",Compliance Segmentation,HashiCorp Vault,Multi-year Contract,0.16,8.6,Strategy tailored for global expansion.
MCS-3057,AeroX Manufacturing,Backup & Archival,"Azure, IBM Cloud, GCP, DigitalOcean",Compliance Segmentation,"Anthos, HashiCorp Vault",Usage-based Scaling,0.63,18.6,Strategy tailored for latency reduction.
MCS-3058,EduPrime University,High-Performance Computing,"GCP, DigitalOcean, Oracle Cloud",Cost Optimization,"Anthos, Crossplane",Committed Use Discount,0.92,21.3,Strategy tailored for latency reduction.
MCS-3059,EduPrime University,IoT Processing,"Azure, GCP, IBM Cloud",Cost Optimization,"Anthos, Spinnaker, Istio",Reserved Instances,0.23,33.6,Strategy tailored for regulatory compliance.
MCS-3060,MediPulse Clinics,Disaster Recovery,"DigitalOcean, GCP, Azure",Cost Optimization,"Terraform, Azure Arc, Anthos",Usage-based Scaling,0.36,26.0,Strategy tailored for global expansion.
MCS-3061,EduPrime University,High-Performance Computing,"IBM Cloud, GCP, AWS",Vendor Risk Mitigation,"Istio, Azure Arc",Pay-as-you-go,0.72,41.0,Strategy tailored for latency reduction.
MCS-3062,GovSecure Dept,Hybrid Analytics,"DigitalOcean, Alibaba Cloud, Oracle Cloud",Hybrid Integration,"HashiCorp Vault, Spinnaker, Crossplane",Multi-year Contract,0.81,32.1,Strategy tailored for regulatory compliance.
MCS-3063,MediPulse Clinics,Edge Computing,"IBM Cloud, Azure",Vendor Risk Mitigation,"Crossplane, Terraform, Azure Arc",Spot Instances,0.7,42.8,Strategy tailored for cost savings.
MCS-3064,AgriSmart Farms,Hybrid Analytics,"DigitalOcean, GCP, Azure, Oracle Cloud",Compliance Segmentation,"Kubernetes, Azure Arc, Anthos",Multi-year Contract,0.36,5.0,Strategy tailored for latency reduction.
MCS-3065,AgriSmart Farms,Edge Computing,"AWS, IBM Cloud, Azure",Compliance Segmentation,"Istio, Terraform, Anthos",Reserved Instances,0.34,13.7,Strategy tailored for latency reduction.
MCS-3066,FinTrust Bank,Data Warehousing,"Azure, Oracle Cloud, AWS",Distributed Workload,"Crossplane, Spinnaker",Multi-year Contract,0.69,30.3,Strategy tailored for latency reduction.
MCS-3067,FinTrust Bank,Backup & Archival,"GCP, IBM Cloud",Vendor Risk Mitigation,"HashiCorp Vault, Crossplane",Pay-as-you-go,0.63,5.6,Strategy tailored for cost savings.
MCS-3068,FinTrust Bank,Backup & Archival,"IBM Cloud, Alibaba Cloud, Azure, AWS",Hybrid Integration,"Crossplane, HashiCorp Vault",Multi-year Contract,0.75,17.9,Strategy tailored for cost savings.
MCS-3069,AeroX Manufacturing,Hybrid Analytics,"Alibaba Cloud, DigitalOcean, AWS",Cost Optimization,"Istio, Spinnaker",Reserved Instances,0.69,27.3,Strategy tailored for latency reduction.
MCS-3070,EduPrime University,Hybrid Analytics,"AWS, Alibaba Cloud, DigitalOcean",Failover/DR,HashiCorp Vault,Usage-based Scaling,0.41,10.4,Strategy tailored for global expansion.
MCS-3071,MediPulse Clinics,AI/ML Model Training,"Alibaba Cloud, IBM Cloud, GCP, Azure",Best-of-Breed,"Istio, Anthos",Pay-as-you-go,0.18,38.3,Strategy tailored for regulatory compliance.
MCS-3072,AeroX Manufacturing,Global App Deployment,"IBM Cloud, DigitalOcean, GCP",Distributed Workload,"Terraform, Crossplane",Spot Instances,0.92,31.0,Strategy tailored for latency reduction.
MCS-3073,HealthCore Systems,Backup & Archival,"Azure, Oracle Cloud, AWS",Best-of-Breed,Azure Arc,Spot Instances,0.19,21.1,Strategy tailored for regulatory compliance.
MCS-3074,HealthCore Systems,Disaster Recovery,"GCP, Alibaba Cloud",Hybrid Integration,"Anthos, Crossplane",Multi-year Contract,0.75,36.2,Strategy tailored for latency reduction.
MCS-3075,MediPulse Clinics,Hybrid Analytics,"DigitalOcean, GCP, Oracle Cloud",Cost Optimization,"HashiCorp Vault, Kubernetes",Committed Use Discount,0.21,5.0,Strategy tailored for latency reduction.
MCS-3076,MediPulse Clinics,Data Warehousing,"AWS, GCP",Hybrid Integration,"Istio, Spinnaker, Azure Arc",Reserved Instances,0.73,19.3,Strategy tailored for regulatory compliance.
MCS-3077,MediPulse Clinics,Data Warehousing,"Alibaba Cloud, Azure",Best-of-Breed,"Terraform, Anthos, Kubernetes",Reserved Instances,0.33,5.5,Strategy tailored for regulatory compliance.
MCS-3078,LogiTrans Freight,Disaster Recovery,"Oracle Cloud, GCP, Alibaba Cloud",Distributed Workload,"Crossplane, HashiCorp Vault",Committed Use Discount,0.58,39.0,Strategy tailored for regulatory compliance.
MCS-3079,AeroX Manufacturing,Global App Deployment,"Oracle Cloud, GCP, Azure, AWS",Vendor Risk Mitigation,Azure Arc,Committed Use Discount,0.95,27.6,Strategy tailored for latency reduction.
MCS-3080,LogiTrans Freight,AI/ML Model Training,"GCP, Alibaba Cloud",Compliance Segmentation,"Azure Arc, Terraform",Reserved Instances,0.56,8.4,Strategy tailored for latency reduction.
MCS-3081,FinTrust Bank,Global App Deployment,"Azure, DigitalOcean, Alibaba Cloud",Best-of-Breed,Spinnaker,Reserved Instances,0.59,20.2,Strategy tailored for cost savings.
MCS-3082,LogiTrans Freight,Hybrid Analytics,"Oracle Cloud, GCP",Cost Optimization,"Azure Arc, Crossplane, Anthos",Multi-year Contract,0.64,20.5,Strategy tailored for regulatory compliance.
MCS-3083,TechNova Solutions,Backup & Archival,"Azure, Alibaba Cloud, IBM Cloud",Compliance Segmentation,"Anthos, HashiCorp Vault",Committed Use Discount,0.31,8.8,Strategy tailored for cost savings.
MCS-3084,TechNova Solutions,AI/ML Model Training,"AWS, IBM Cloud, GCP",Distributed Workload,"Kubernetes, Azure Arc",Pay-as-you-go,0.38,8.9,Strategy tailored for latency reduction.
MCS-3085,TechNova Solutions,Disaster Recovery,"Alibaba Cloud, DigitalOcean, AWS, GCP",Hybrid Integration,"Kubernetes, Anthos, Azure Arc",Spot Instances,0.26,44.5,Strategy tailored for regulatory compliance.
MCS-3086,AgriSmart Farms,Hybrid Analytics,"Alibaba Cloud, GCP",Compliance Segmentation,HashiCorp Vault,Reserved Instances,0.5,26.3,Strategy tailored for regulatory compliance.
MCS-3087,LogiTrans Freight,Backup & Archival,"DigitalOcean, Alibaba Cloud, GCP, AWS",Vendor Risk Mitigation,"Kubernetes, Anthos",Multi-year Contract,0.88,44.8,Strategy tailored for regulatory compliance.
MCS-3088,AeroX Manufacturing,Hybrid Analytics,"GCP, Alibaba Cloud",Vendor Risk Mitigation,"Azure Arc, Terraform, Anthos",Reserved Instances,0.62,37.5,Strategy tailored for global expansion.
MCS-3089,GovSecure Dept,Backup & Archival,"Azure, Alibaba Cloud",Best-of-Breed,"Azure Arc, Spinnaker, Terraform",Pay-as-you-go,0.39,17.2,Strategy tailored for cost savings.
MCS-3090,RetailHub Online,Backup & Archival,"Azure, Oracle Cloud, AWS, DigitalOcean",Cost Optimization,"Anthos, Istio, Crossplane",Pay-as-you-go,0.46,31.9,Strategy tailored for regulatory compliance.
MCS-3091,EduPrime University,Hybrid Analytics,"Oracle Cloud, Azure, AWS, GCP",Vendor Risk Mitigation,"Istio, Kubernetes, Anthos",Usage-based Scaling,0.71,17.6,Strategy tailored for latency reduction.
MCS-3092,TechNova Solutions,Data Warehousing,"Oracle Cloud, DigitalOcean",Hybrid Integration,"HashiCorp Vault, Istio",Usage-based Scaling,0.22,30.3,Strategy tailored for cost savings.
MCS-3093,TechNova Solutions,Global App Deployment,"Alibaba Cloud, IBM Cloud, AWS",Best-of-Breed,"Kubernetes, Anthos, Azure Arc",Usage-based Scaling,0.21,28.1,Strategy tailored for global expansion.
MCS-3094,RetailHub Online,Edge Computing,"Alibaba Cloud, Oracle Cloud, DigitalOcean",Best-of-Breed,"Spinnaker, Azure Arc, HashiCorp Vault",Spot Instances,0.72,33.0,Strategy tailored for cost savings.
MCS-3095,AeroX Manufacturing,High-Performance Computing,"AWS, GCP, Azure, IBM Cloud",Vendor Risk Mitigation,"Anthos, Crossplane",Multi-year Contract,0.77,39.9,Strategy tailored for regulatory compliance.
MCS-3096,MediPulse Clinics,High-Performance Computing,"GCP, AWS, IBM Cloud",Cost Optimization,"Terraform, HashiCorp Vault, Spinnaker",Pay-as-you-go,0.54,34.2,Strategy tailored for latency reduction.
MCS-3097,GovSecure Dept,Backup & Archival,"Oracle Cloud, Azure, IBM Cloud",Best-of-Breed,"Azure Arc, Istio, HashiCorp Vault",Usage-based Scaling,0.65,12.5,Strategy tailored for regulatory compliance.
MCS-3098,EduPrime University,AI/ML Model Training,"AWS, IBM Cloud, DigitalOcean, Oracle Cloud",Compliance Segmentation,"Crossplane, Anthos, Kubernetes",Usage-based Scaling,0.12,16.4,Strategy tailored for regulatory compliance.
MCS-3099,MediPulse Clinics,Edge Computing,"IBM Cloud, Alibaba Cloud, GCP, Oracle Cloud",Cost Optimization,"Spinnaker, Kubernetes",Multi-year Contract,0.49,29.7,Strategy tailored for regulatory compliance.
MCS-3100,LogiTrans Freight,IoT Processing,"DigitalOcean, IBM Cloud, GCP, Azure",Cost Optimization,"Kubernetes, Istio, Crossplane",Pay-as-you-go,0.86,12.8,Strategy tailored for cost savings.
MCS-3101,EduPrime University,AI/ML Model Training,"DigitalOcean, IBM Cloud, Oracle Cloud",Compliance Segmentation,"Kubernetes, Istio, Spinnaker",Committed Use Discount,0.21,43.5,Strategy tailored for cost savings.
MCS-3102,AeroX Manufacturing,Hybrid Analytics,"Oracle Cloud, AWS",Hybrid Integration,"Crossplane, Anthos, Istio",Pay-as-you-go,0.2,24.1,Strategy tailored for regulatory compliance.
MCS-3103,RetailHub Online,High-Performance Computing,"Alibaba Cloud, Azure, IBM Cloud",Distributed Workload,"Kubernetes, Terraform, Spinnaker",Usage-based Scaling,0.62,26.7,Strategy tailored for cost savings.
MCS-3104,FinTrust Bank,Global App Deployment,"IBM Cloud, GCP, Oracle Cloud, AWS",Vendor Risk Mitigation,Azure Arc,Multi-year Contract,0.18,7.3,Strategy tailored for global expansion.
MCS-3105,GovSecure Dept,AI/ML Model Training,"GCP, IBM Cloud, AWS",Vendor Risk Mitigation,Anthos,Pay-as-you-go,0.19,28.4,Strategy tailored for global expansion.
MCS-3106,LogiTrans Freight,Disaster Recovery,"GCP, Azure, IBM Cloud",Vendor Risk Mitigation,"Istio, Crossplane",Reserved Instances,0.58,14.3,Strategy tailored for cost savings.
MCS-3107,TechNova Solutions,AI/ML Model Training,"Alibaba Cloud, DigitalOcean, GCP, AWS",Vendor Risk Mitigation,"Spinnaker, HashiCorp Vault, Terraform",Usage-based Scaling,0.67,37.8,Strategy tailored for regulatory compliance.
MCS-3108,RetailHub Online,Data Warehousing,"Oracle Cloud, AWS, DigitalOcean, IBM Cloud",Cost Optimization,Kubernetes,Pay-as-you-go,0.14,24.9,Strategy tailored for cost savings.
MCS-3109,GovSecure Dept,Data Warehousing,"Oracle Cloud, GCP, Azure, DigitalOcean",Hybrid Integration,Azure Arc,Usage-based Scaling,0.71,15.1,Strategy tailored for global expansion.
MCS-3110,FinTrust Bank,Disaster Recovery,"IBM Cloud, GCP, Alibaba Cloud, AWS",Vendor Risk Mitigation,"Kubernetes, Terraform, Anthos",Committed Use Discount,0.37,29.5,Strategy tailored for latency reduction.
MCS-3111,EduPrime University,Edge Computing,"DigitalOcean, Oracle Cloud",Failover/DR,"Kubernetes, Anthos",Usage-based Scaling,0.9,37.4,Strategy tailored for global expansion.
MCS-3112,RetailHub Online,High-Performance Computing,"Azure, Oracle Cloud, AWS",Failover/DR,"HashiCorp Vault, Crossplane, Spinnaker",Multi-year Contract,0.62,34.2,Strategy tailored for global expansion.
MCS-3113,AeroX Manufacturing,Global App Deployment,"GCP, Azure",Vendor Risk Mitigation,"Terraform, HashiCorp Vault, Spinnaker",Usage-based Scaling,0.42,30.6,Strategy tailored for regulatory compliance.
MCS-3114,GovSecure Dept,IoT Processing,"AWS, GCP, DigitalOcean",Distributed Workload,"Azure Arc, Terraform, HashiCorp Vault",Committed Use Discount,0.51,12.6,Strategy tailored for global expansion.
MCS-3115,MediPulse Clinics,Global App Deployment,"Oracle Cloud, IBM Cloud, Azure, GCP",Hybrid Integration,Kubernetes,Spot Instances,0.72,27.3,Strategy tailored for regulatory compliance.
MCS-3116,RetailHub Online,High-Performance Computing,"IBM Cloud, AWS, Azure, Alibaba Cloud",Distributed Workload,"Anthos, Azure Arc",Pay-as-you-go,0.42,41.5,Strategy tailored for cost savings.
MCS-3117,GovSecure Dept,High-Performance Computing,"Oracle Cloud, Alibaba Cloud, AWS, GCP",Failover/DR,"Anthos, Crossplane",Pay-as-you-go,0.12,17.6,Strategy tailored for global expansion.
MCS-3118,AgriSmart Farms,Edge Computing,"Alibaba Cloud, DigitalOcean",Compliance Segmentation,"Kubernetes, Terraform",Pay-as-you-go,0.15,35.7,Strategy tailored for global expansion.
MCS-3119,TechNova Solutions,Global App Deployment,"IBM Cloud, DigitalOcean, GCP",Distributed Workload,"Terraform, Anthos",Pay-as-you-go,0.72,18.3,Strategy tailored for latency reduction.
MCS-3120,RetailHub Online,Backup & Archival,"AWS, Azure, Oracle Cloud, DigitalOcean",Best-of-Breed,"Anthos, Azure Arc",Spot Instances,0.7,20.8,Strategy tailored for cost savings.
MCS-3121,MediPulse Clinics,Data Warehousing,"Alibaba Cloud, AWS, GCP, IBM Cloud",Compliance Segmentation,"Spinnaker, Terraform",Multi-year Contract,0.77,23.2,Strategy tailored for cost savings.
MCS-3122,AeroX Manufacturing,IoT Processing,"AWS, IBM Cloud",Distributed Workload,"Terraform, Azure Arc, Istio",Spot Instances,0.47,42.4,Strategy tailored for regulatory compliance.
MCS-3123,AeroX Manufacturing,Disaster Recovery,"Azure, Alibaba Cloud, IBM Cloud, GCP",Cost Optimization,"Spinnaker, Istio, Anthos",Committed Use Discount,0.32,9.8,Strategy tailored for regulatory compliance.
MCS-3124,HealthCore Systems,Global App Deployment,"IBM Cloud, DigitalOcean, Oracle Cloud",Failover/DR,"Kubernetes, Azure Arc",Committed Use Discount,0.62,43.8,Strategy tailored for cost savings.
MCS-3125,FinTrust Bank,High-Performance Computing,"IBM Cloud, AWS, DigitalOcean, Oracle Cloud",Vendor Risk Mitigation,"Terraform, Kubernetes",Committed Use Discount,0.44,7.5,Strategy tailored for cost savings.
MCS-3126,AeroX Manufacturing,Backup & Archival,"AWS, IBM Cloud, Oracle Cloud, Azure",Cost Optimization,"Spinnaker, HashiCorp Vault",Usage-based Scaling,0.4,25.2,Strategy tailored for regulatory compliance.
MCS-3127,GovSecure Dept,Global App Deployment,"Azure, Alibaba Cloud, Oracle Cloud, GCP",Vendor Risk Mitigation,"Spinnaker, Terraform",Committed Use Discount,0.24,31.3,Strategy tailored for latency reduction.
MCS-3128,RetailHub Online,Disaster Recovery,"AWS, IBM Cloud, Alibaba Cloud, GCP",Failover/DR,"Istio, Terraform, Kubernetes",Multi-year Contract,0.99,23.1,Strategy tailored for cost savings.
MCS-3129,MediPulse Clinics,Data Warehousing,"GCP, Azure, AWS",Hybrid Integration,Anthos,Reserved Instances,0.42,21.0,Strategy tailored for latency reduction.
MCS-3130,AeroX Manufacturing,Disaster Recovery,"DigitalOcean, GCP, Oracle Cloud, IBM Cloud",Failover/DR,Crossplane,Committed Use Discount,0.2,40.3,Strategy tailored for latency reduction.
MCS-3131,FinTrust Bank,Disaster Recovery,"DigitalOcean, Oracle Cloud, IBM Cloud, GCP",Best-of-Breed,"Azure Arc, Kubernetes, Anthos",Committed Use Discount,0.47,20.5,Strategy tailored for cost savings.
MCS-3132,GovSecure Dept,AI/ML Model Training,"IBM Cloud, Oracle Cloud",Compliance Segmentation,"Crossplane, Terraform, HashiCorp Vault",Reserved Instances,0.69,22.7,Strategy tailored for cost savings.
MCS-3133,AgriSmart Farms,Backup & Archival,"AWS, IBM Cloud, DigitalOcean",Distributed Workload,Istio,Committed Use Discount,0.68,7.5,Strategy tailored for global expansion.
MCS-3134,RetailHub Online,Data Warehousing,"GCP, AWS",Distributed Workload,"Anthos, Kubernetes",Committed Use Discount,0.82,42.6,Strategy tailored for latency reduction.
MCS-3135,AgriSmart Farms,Global App Deployment,"Oracle Cloud, AWS",Best-of-Breed,"Terraform, Spinnaker, Kubernetes",Committed Use Discount,0.68,43.2,Strategy tailored for global expansion.
MCS-3136,GovSecure Dept,High-Performance Computing,"DigitalOcean, Oracle Cloud",Failover/DR,Spinnaker,Pay-as-you-go,0.23,24.1,Strategy tailored for cost savings.
MCS-3137,GovSecure Dept,High-Performance Computing,"DigitalOcean, Alibaba Cloud, Azure",Best-of-Breed,Terraform,Pay-as-you-go,0.64,28.3,Strategy tailored for regulatory compliance.
MCS-3138,RetailHub Online,High-Performance Computing,"DigitalOcean, Azure, AWS",Cost Optimization,"Azure Arc, Spinnaker",Multi-year Contract,0.46,18.5,Strategy tailored for latency reduction.
MCS-3139,FinTrust Bank,IoT Processing,"Oracle Cloud, IBM Cloud, GCP",Best-of-Breed,Kubernetes,Spot Instances,0.21,20.7,Strategy tailored for cost savings.
MCS-3140,EduPrime University,IoT Processing,"AWS, Alibaba Cloud, Oracle Cloud, Azure",Cost Optimization,"Kubernetes, Spinnaker",Pay-as-you-go,0.24,34.4,Strategy tailored for global expansion.
MCS-3141,EduPrime University,Data Warehousing,"AWS, Azure",Cost Optimization,"Terraform, HashiCorp Vault",Multi-year Contract,0.29,7.3,Strategy tailored for global expansion.
MCS-3142,HealthCore Systems,High-Performance Computing,"Azure, Alibaba Cloud, AWS",Best-of-Breed,"HashiCorp Vault, Istio",Usage-based Scaling,0.59,28.8,Strategy tailored for regulatory compliance.
MCS-3143,MediPulse Clinics,AI/ML Model Training,"AWS, IBM Cloud, Azure",Cost Optimization,Spinnaker,Pay-as-you-go,0.88,28.1,Strategy tailored for global expansion.
MCS-3144,AgriSmart Farms,Edge Computing,"Oracle Cloud, AWS",Failover/DR,Crossplane,Committed Use Discount,0.41,37.1,Strategy tailored for cost savings.
MCS-3145,EduPrime University,IoT Processing,"AWS, DigitalOcean",Distributed Workload,Anthos,Committed Use Discount,0.58,8.2,Strategy tailored for cost savings.
MCS-3146,RetailHub Online,Edge Computing,"Azure, DigitalOcean",Compliance Segmentation,"Terraform, Crossplane, Anthos",Committed Use Discount,0.6,41.3,Strategy tailored for global expansion.
MCS-3147,LogiTrans Freight,Data Warehousing,"IBM Cloud, AWS, Azure",Compliance Segmentation,Istio,Usage-based Scaling,0.45,16.9,Strategy tailored for regulatory compliance.
MCS-3148,TechNova Solutions,AI/ML Model Training,"Azure, Oracle Cloud",Distributed Workload,Spinnaker,Multi-year Contract,0.23,11.1,Strategy tailored for regulatory compliance.
MCS-3149,GovSecure Dept,Disaster Recovery,"Azure, GCP, DigitalOcean, IBM Cloud",Cost Optimization,"HashiCorp Vault, Terraform, Azure Arc",Pay-as-you-go,0.49,28.8,Strategy tailored for cost savings.
MCS-3150,HealthCore Systems,AI/ML Model Training,"DigitalOcean, AWS, GCP, Alibaba Cloud",Failover/DR,"Istio, Spinnaker",Usage-based Scaling,0.17,42.6,Strategy tailored for regulatory compliance.
MCS-3151,AeroX Manufacturing,Backup & Archival,"GCP, Oracle Cloud, IBM Cloud",Distributed Workload,"Istio, Kubernetes, Spinnaker",Spot Instances,0.77,28.5,Strategy tailored for global expansion.
MCS-3152,FinTrust Bank,Disaster Recovery,"IBM Cloud, GCP, DigitalOcean, Oracle Cloud",Hybrid Integration,Azure Arc,Spot Instances,0.84,8.2,Strategy tailored for latency reduction.
MCS-3153,AeroX Manufacturing,AI/ML Model Training,"AWS, Oracle Cloud, GCP, Azure",Best-of-Breed,"Crossplane, Terraform",Pay-as-you-go,0.52,30.2,Strategy tailored for global expansion.
MCS-3154,AeroX Manufacturing,Backup & Archival,"Oracle Cloud, IBM Cloud",Compliance Segmentation,"Anthos, Istio, Kubernetes",Committed Use Discount,0.84,36.3,Strategy tailored for cost savings.
MCS-3155,AgriSmart Farms,Backup & Archival,"IBM Cloud, Oracle Cloud, GCP",Distributed Workload,Anthos,Pay-as-you-go,0.35,42.6,Strategy tailored for cost savings.
MCS-3156,AeroX Manufacturing,Backup & Archival,"GCP, Alibaba Cloud, Oracle Cloud",Failover/DR,Terraform,Reserved Instances,0.21,40.0,Strategy tailored for latency reduction.
MCS-3157,EduPrime University,Global App Deployment,"DigitalOcean, Oracle Cloud, Azure, AWS",Hybrid Integration,"Terraform, Kubernetes",Reserved Instances,0.96,12.1,Strategy tailored for latency reduction.
MCS-3158,FinTrust Bank,Disaster Recovery,"IBM Cloud, Alibaba Cloud",Distributed Workload,Crossplane,Usage-based Scaling,0.74,6.6,Strategy tailored for global expansion.
MCS-3159,LogiTrans Freight,Global App Deployment,"AWS, IBM Cloud, Alibaba Cloud, DigitalOcean",Cost Optimization,"Kubernetes, Terraform, Anthos",Pay-as-you-go,0.46,25.7,Strategy tailored for global expansion.
MCS-3160,FinTrust Bank,Disaster Recovery,"Alibaba Cloud, AWS, Oracle Cloud, Azure",Vendor Risk Mitigation,Anthos,Usage-based Scaling,0.62,42.4,Strategy tailored for global expansion.
MCS-3161,RetailHub Online,Hybrid Analytics,"Alibaba Cloud, IBM Cloud, DigitalOcean, Oracle Cloud",Compliance Segmentation,"Terraform, Azure Arc, Spinnaker",Multi-year Contract,0.7,24.3,Strategy tailored for regulatory compliance.
MCS-3162,AgriSmart Farms,Backup & Archival,"Alibaba Cloud, IBM Cloud",Distributed Workload,"Crossplane, Azure Arc",Reserved Instances,0.82,43.0,Strategy tailored for latency reduction.
MCS-3163,FinTrust Bank,Disaster Recovery,"Alibaba Cloud, IBM Cloud, DigitalOcean, GCP",Compliance Segmentation,Azure Arc,Spot Instances,0.12,44.3,Strategy tailored for latency reduction.
MCS-3164,HealthCore Systems,Global App Deployment,"AWS, Alibaba Cloud, IBM Cloud",Best-of-Breed,"Kubernetes, HashiCorp Vault",Multi-year Contract,0.18,37.6,Strategy tailored for regulatory compliance.
MCS-3165,AgriSmart Farms,IoT Processing,"Azure, IBM Cloud, GCP, Alibaba Cloud",Best-of-Breed,Crossplane,Usage-based Scaling,0.35,10.3,Strategy tailored for latency reduction.
MCS-3166,HealthCore Systems,IoT Processing,"GCP, Azure",Hybrid Integration,"Istio, Terraform",Spot Instances,0.49,30.8,Strategy tailored for regulatory compliance.
MCS-3167,MediPulse Clinics,Edge Computing,"IBM Cloud, DigitalOcean, GCP",Vendor Risk Mitigation,"Istio, Azure Arc",Reserved Instances,0.44,7.2,Strategy tailored for latency reduction.
MCS-3168,HealthCore Systems,Disaster Recovery,"Azure, GCP, AWS, Alibaba Cloud",Compliance Segmentation,"Kubernetes, HashiCorp Vault, Crossplane",Reserved Instances,0.63,41.1,Strategy tailored for cost savings.
MCS-3169,RetailHub Online,Backup & Archival,"IBM Cloud, GCP, AWS",Failover/DR,"Anthos, Terraform",Multi-year Contract,0.44,13.7,Strategy tailored for regulatory compliance.
MCS-3170,GovSecure Dept,AI/ML Model Training,"GCP, DigitalOcean, Alibaba Cloud",Failover/DR,"Azure Arc, Istio",Committed Use Discount,0.49,6.9,Strategy tailored for cost savings.
MCS-3171,MediPulse Clinics,Edge Computing,"Azure, GCP",Distributed Workload,Terraform,Committed Use Discount,0.83,38.1,Strategy tailored for latency reduction.
MCS-3172,EduPrime University,AI/ML Model Training,"Azure, IBM Cloud, GCP, AWS",Cost Optimization,Istio,Pay-as-you-go,0.62,19.1,Strategy tailored for cost savings.
MCS-3173,TechNova Solutions,IoT Processing,"AWS, GCP, Oracle Cloud, Alibaba Cloud",Best-of-Breed,Spinnaker,Multi-year Contract,0.81,27.2,Strategy tailored for cost savings.
MCS-3174,RetailHub Online,Disaster Recovery,"Oracle Cloud, Alibaba Cloud, AWS",Best-of-Breed,Anthos,Multi-year Contract,0.84,30.3,Strategy tailored for cost savings.
MCS-3175,GovSecure Dept,Data Warehousing,"AWS, Alibaba Cloud, DigitalOcean",Compliance Segmentation,"Anthos, Kubernetes, Istio",Multi-year Contract,0.8,28.9,Strategy tailored for global expansion.
MCS-3176,HealthCore Systems,IoT Processing,"Azure, AWS",Compliance Segmentation,"HashiCorp Vault, Terraform",Spot Instances,0.47,43.3,Strategy tailored for global expansion.
MCS-3177,MediPulse Clinics,IoT Processing,"Alibaba Cloud, DigitalOcean",Vendor Risk Mitigation,"Crossplane, Azure Arc",Usage-based Scaling,0.58,29.2,Strategy tailored for latency reduction.
MCS-3178,AgriSmart Farms,Data Warehousing,"Oracle Cloud, Alibaba Cloud",Failover/DR,"Crossplane, Azure Arc, Terraform",Pay-as-you-go,0.3,30.0,Strategy tailored for latency reduction.
MCS-3179,TechNova Solutions,Global App Deployment,"GCP, Oracle Cloud",Compliance Segmentation,"Azure Arc, HashiCorp Vault, Anthos",Spot Instances,0.61,12.4,Strategy tailored for cost savings.
MCS-3180,AgriSmart Farms,Global App Deployment,"IBM Cloud, Oracle Cloud, AWS",Distributed Workload,"Anthos, Kubernetes",Committed Use Discount,0.15,29.2,Strategy tailored for latency reduction.
MCS-3181,EduPrime University,Hybrid Analytics,"Azure, Oracle Cloud, DigitalOcean, AWS",Cost Optimization,"Istio, HashiCorp Vault",Spot Instances,0.78,25.9,Strategy tailored for regulatory compliance.
MCS-3182,MediPulse Clinics,Data Warehousing,"GCP, AWS",Cost Optimization,"Istio, Spinnaker",Multi-year Contract,0.3,31.7,Strategy tailored for global expansion.
MCS-3183,GovSecure Dept,Edge Computing,"GCP, Oracle Cloud, DigitalOcean, AWS",Compliance Segmentation,Terraform,Usage-based Scaling,0.17,22.7,Strategy tailored for cost savings.
MCS-3184,TechNova Solutions,Disaster Recovery,"Oracle Cloud, AWS",Vendor Risk Mitigation,"Crossplane, Spinnaker, Istio",Spot Instances,0.25,12.4,Strategy tailored for regulatory compliance.
MCS-3185,EduPrime University,Data Warehousing,"GCP, Alibaba Cloud",Vendor Risk Mitigation,Crossplane,Pay-as-you-go,0.28,20.5,Strategy tailored for regulatory compliance.
MCS-3186,MediPulse Clinics,High-Performance Computing,"Azure, AWS, Alibaba Cloud, DigitalOcean",Hybrid Integration,"Istio, Spinnaker, Anthos",Multi-year Contract,0.15,20.9,Strategy tailored for regulatory compliance.
MCS-3187,EduPrime University,IoT Processing,"IBM Cloud, Azure, AWS",Distributed Workload,"Crossplane, Istio, Anthos",Usage-based Scaling,0.56,24.3,Strategy tailored for latency reduction.
MCS-3188,HealthCore Systems,AI/ML Model Training,"DigitalOcean, IBM Cloud, Oracle Cloud, Azure",Cost Optimization,"Kubernetes, Crossplane, Spinnaker",Spot Instances,0.44,38.6,Strategy tailored for cost savings.
MCS-3189,FinTrust Bank,High-Performance Computing,"GCP, Azure",Hybrid Integration,"Crossplane, Spinnaker, Istio",Reserved Instances,0.23,25.2,Strategy tailored for latency reduction.
MCS-3190,GovSecure Dept,Backup & Archival,"IBM Cloud, Oracle Cloud, Alibaba Cloud",Best-of-Breed,"Istio, Anthos",Pay-as-you-go,0.16,7.8,Strategy tailored for regulatory compliance.
MCS-3191,HealthCore Systems,AI/ML Model Training,"Azure, AWS",Failover/DR,"Crossplane, Kubernetes",Usage-based Scaling,0.61,27.6,Strategy tailored for regulatory compliance.
MCS-3192,HealthCore Systems,Data Warehousing,"Alibaba Cloud, AWS",Best-of-Breed,"Istio, Terraform, Anthos",Multi-year Contract,0.88,27.3,Strategy tailored for global expansion.
MCS-3193,FinTrust Bank,Global App Deployment,"Azure, AWS, IBM Cloud",Distributed Workload,Terraform,Reserved Instances,0.95,6.9,Strategy tailored for cost savings.
MCS-3194,FinTrust Bank,Global App Deployment,"IBM Cloud, Oracle Cloud",Cost Optimization,"Terraform, Spinnaker, Istio",Committed Use Discount,0.19,6.8,Strategy tailored for latency reduction.
MCS-3195,FinTrust Bank,Global App Deployment,"Oracle Cloud, AWS, Azure",Best-of-Breed,"Spinnaker, HashiCorp Vault, Terraform",Multi-year Contract,0.26,26.7,Strategy tailored for global expansion.
MCS-3196,GovSecure Dept,High-Performance Computing,"Alibaba Cloud, DigitalOcean",Best-of-Breed,"Istio, Kubernetes, Anthos",Usage-based Scaling,0.67,6.8,Strategy tailored for latency reduction.
MCS-3197,GovSecure Dept,Edge Computing,"IBM Cloud, DigitalOcean",Hybrid Integration,"Spinnaker, Istio, Crossplane",Committed Use Discount,0.94,38.7,Strategy tailored for regulatory compliance.
MCS-3198,FinTrust Bank,AI/ML Model Training,"Azure, Oracle Cloud",Hybrid Integration,HashiCorp Vault,Multi-year Contract,0.36,8.1,Strategy tailored for cost savings.
MCS-3199,HealthCore Systems,Disaster Recovery,"Azure, IBM Cloud, DigitalOcean",Compliance Segmentation,"Terraform, Azure Arc",Reserved Instances,0.25,10.1,Strategy tailored for global expansion.
MCS-3200,AeroX Manufacturing,Disaster Recovery,"Azure, Oracle Cloud, AWS, DigitalOcean",Best-of-Breed,"Terraform, Crossplane",Usage-based Scaling,0.21,25.7,Strategy tailored for latency reduction.
MCS-3201,AeroX Manufacturing,Hybrid Analytics,"Azure, Alibaba Cloud",Compliance Segmentation,"Istio, Anthos, Azure Arc",Spot Instances,0.32,19.3,Strategy tailored for latency reduction.
MCS-3202,GovSecure Dept,Global App Deployment,"GCP, Azure, AWS",Distributed Workload,"Kubernetes, Terraform",Reserved Instances,0.98,32.4,Strategy tailored for regulatory compliance.
MCS-3203,GovSecure Dept,Disaster Recovery,"DigitalOcean, Alibaba Cloud, IBM Cloud, GCP",Vendor Risk Mitigation,"Spinnaker, Istio",Multi-year Contract,0.94,10.7,Strategy tailored for latency reduction.
MCS-3204,FinTrust Bank,Data Warehousing,"GCP, DigitalOcean, Alibaba Cloud, Azure",Vendor Risk Mitigation,Azure Arc,Spot Instances,0.44,27.2,Strategy tailored for cost savings.
MCS-3205,EduPrime University,AI/ML Model Training,"IBM Cloud, AWS, Oracle Cloud",Cost Optimization,"Istio, Crossplane, Anthos",Spot Instances,0.17,5.2,Strategy tailored for regulatory compliance.
MCS-3206,MediPulse Clinics,Hybrid Analytics,"Oracle Cloud, Alibaba Cloud",Compliance Segmentation,"HashiCorp Vault, Terraform, Azure Arc",Multi-year Contract,0.7,30.7,Strategy tailored for latency reduction.
MCS-3207,RetailHub Online,IoT Processing,"DigitalOcean, Azure, AWS, GCP",Best-of-Breed,"Kubernetes, Istio, Azure Arc",Committed Use Discount,0.47,24.6,Strategy tailored for cost savings.
MCS-3208,MediPulse Clinics,AI/ML Model Training,"Oracle Cloud, AWS",Failover/DR,HashiCorp Vault,Pay-as-you-go,0.47,6.0,Strategy tailored for regulatory compliance.
MCS-3209,EduPrime University,Edge Computing,"DigitalOcean, Alibaba Cloud",Compliance Segmentation,Azure Arc,Multi-year Contract,0.4,12.1,Strategy tailored for cost savings.
MCS-3210,AgriSmart Farms,Backup & Archival,"IBM Cloud, AWS, Azure",Best-of-Breed,Crossplane,Pay-as-you-go,0.19,43.3,Strategy tailored for global expansion.
MCS-3211,AeroX Manufacturing,AI/ML Model Training,"GCP, Azure",Best-of-Breed,Kubernetes,Committed Use Discount,0.63,34.1,Strategy tailored for latency reduction.
MCS-3212,MediPulse Clinics,Hybrid Analytics,"GCP, DigitalOcean, IBM Cloud, Oracle Cloud",Compliance Segmentation,"Istio, HashiCorp Vault",Reserved Instances,0.38,20.7,Strategy tailored for cost savings.
MCS-3213,AeroX Manufacturing,IoT Processing,"GCP, IBM Cloud",Best-of-Breed,Terraform,Committed Use Discount,0.31,8.9,Strategy tailored for latency reduction.
MCS-3214,HealthCore Systems,Edge Computing,"Oracle Cloud, GCP, Azure",Distributed Workload,"Istio, Spinnaker, Terraform",Committed Use Discount,0.26,36.9,Strategy tailored for global expansion.
MCS-3215,RetailHub Online,Backup & Archival,"GCP, DigitalOcean, AWS",Failover/DR,"Kubernetes, Azure Arc, Istio",Committed Use Discount,0.7,26.9,Strategy tailored for latency reduction.
MCS-3216,EduPrime University,Global App Deployment,"GCP, IBM Cloud, Oracle Cloud, AWS",Hybrid Integration,"Crossplane, Kubernetes",Spot Instances,0.52,41.9,Strategy tailored for latency reduction.
MCS-3217,AeroX Manufacturing,Hybrid Analytics,"Azure, DigitalOcean",Distributed Workload,Anthos,Committed Use Discount,0.16,16.2,Strategy tailored for regulatory compliance.
MCS-3218,MediPulse Clinics,IoT Processing,"Oracle Cloud, Alibaba Cloud, DigitalOcean",Failover/DR,HashiCorp Vault,Pay-as-you-go,0.41,36.3,Strategy tailored for global expansion.
MCS-3219,HealthCore Systems,Disaster Recovery,"Azure, AWS, IBM Cloud",Distributed Workload,HashiCorp Vault,Spot Instances,0.98,14.6,Strategy tailored for regulatory compliance.
MCS-3220,LogiTrans Freight,Backup & Archival,"Alibaba Cloud, Azure, Oracle Cloud, AWS",Failover/DR,Spinnaker,Committed Use Discount,0.88,38.2,Strategy tailored for regulatory compliance.
MCS-3221,RetailHub Online,Backup & Archival,"Alibaba Cloud, Azure",Distributed Workload,"Kubernetes, Istio",Committed Use Discount,0.3,21.0,Strategy tailored for regulatory compliance.
MCS-3222,LogiTrans Freight,Data Warehousing,"AWS, Azure, IBM Cloud",Failover/DR,"Crossplane, Istio",Spot Instances,0.46,44.1,Strategy tailored for global expansion.
MCS-3223,EduPrime University,Hybrid Analytics,"IBM Cloud, Alibaba Cloud",Vendor Risk Mitigation,"Terraform, Azure Arc",Spot Instances,0.26,37.0,Strategy tailored for global expansion.
MCS-3224,AgriSmart Farms,Data Warehousing,"Oracle Cloud, DigitalOcean",Distributed Workload,"Azure Arc, Kubernetes, Spinnaker",Pay-as-you-go,0.4,34.2,Strategy tailored for cost savings.
MCS-3225,TechNova Solutions,Global App Deployment,"IBM Cloud, Oracle Cloud, DigitalOcean, Alibaba Cloud",Compliance Segmentation,HashiCorp Vault,Multi-year Contract,0.47,28.1,Strategy tailored for cost savings.
MCS-3226,RetailHub Online,Backup & Archival,"DigitalOcean, IBM Cloud, Oracle Cloud",Cost Optimization,Istio,Usage-based Scaling,0.84,37.2,Strategy tailored for latency reduction.
MCS-3227,AgriSmart Farms,Backup & Archival,"Oracle Cloud, IBM Cloud, Azure, DigitalOcean",Best-of-Breed,"HashiCorp Vault, Istio, Anthos",Reserved Instances,0.87,7.4,Strategy tailored for regulatory compliance.
MCS-3228,FinTrust Bank,IoT Processing,"DigitalOcean, IBM Cloud",Vendor Risk Mitigation,"Anthos, Azure Arc, Kubernetes",Multi-year Contract,0.72,10.6,Strategy tailored for global expansion.
MCS-3229,HealthCore Systems,IoT Processing,"Alibaba Cloud, Oracle Cloud, DigitalOcean, GCP",Vendor Risk Mitigation,HashiCorp Vault,Reserved Instances,0.47,26.9,Strategy tailored for regulatory compliance.
MCS-3230,MediPulse Clinics,Hybrid Analytics,"DigitalOcean, Oracle Cloud",Cost Optimization,"Spinnaker, Azure Arc, HashiCorp Vault",Committed Use Discount,0.46,25.8,Strategy tailored for regulatory compliance.
MCS-3231,AgriSmart Farms,Data Warehousing,"Alibaba Cloud, AWS, IBM Cloud",Compliance Segmentation,Azure Arc,Multi-year Contract,0.99,10.4,Strategy tailored for regulatory compliance.
MCS-3232,EduPrime University,Data Warehousing,"Azure, Oracle Cloud, Alibaba Cloud",Distributed Workload,"Azure Arc, Kubernetes, Terraform",Usage-based Scaling,0.7,20.8,Strategy tailored for cost savings.
MCS-3233,EduPrime University,Data Warehousing,"AWS, Alibaba Cloud, DigitalOcean",Vendor Risk Mitigation,"HashiCorp Vault, Spinnaker",Spot Instances,0.22,11.3,Strategy tailored for global expansion.
MCS-3234,AeroX Manufacturing,AI/ML Model Training,"AWS, Oracle Cloud, Azure",Best-of-Breed,"Anthos, Crossplane",Multi-year Contract,0.94,40.2,Strategy tailored for regulatory compliance.
MCS-3235,HealthCore Systems,Edge Computing,"Alibaba Cloud, IBM Cloud, Oracle Cloud",Cost Optimization,"Azure Arc, Terraform, Anthos",Reserved Instances,0.91,44.7,Strategy tailored for latency reduction.
MCS-3236,MediPulse Clinics,Disaster Recovery,"IBM Cloud, Azure",Failover/DR,Anthos,Usage-based Scaling,0.29,19.2,Strategy tailored for global expansion.
MCS-3237,AeroX Manufacturing,Backup & Archival,"AWS, GCP",Failover/DR,"Istio, Anthos, Azure Arc",Pay-as-you-go,0.7,24.4,Strategy tailored for latency reduction.
MCS-3238,MediPulse Clinics,Backup & Archival,"Alibaba Cloud, AWS",Distributed Workload,"Terraform, Kubernetes",Pay-as-you-go,0.47,19.3,Strategy tailored for global expansion.
MCS-3239,RetailHub Online,Hybrid Analytics,"GCP, DigitalOcean",Best-of-Breed,Crossplane,Multi-year Contract,0.63,28.0,Strategy tailored for cost savings.
MCS-3240,RetailHub Online,Data Warehousing,"Alibaba Cloud, Oracle Cloud, Azure",Hybrid Integration,"Istio, Crossplane",Reserved Instances,0.24,23.9,Strategy tailored for latency reduction.
MCS-3241,LogiTrans Freight,Data Warehousing,"GCP, Oracle Cloud, DigitalOcean, Azure",Cost Optimization,Azure Arc,Multi-year Contract,0.59,27.8,Strategy tailored for latency reduction.
MCS-3242,MediPulse Clinics,IoT Processing,"AWS, Azure, GCP",Cost Optimization,"HashiCorp Vault, Terraform, Spinnaker",Multi-year Contract,0.29,34.7,Strategy tailored for cost savings.
MCS-3243,AeroX Manufacturing,Global App Deployment,"Oracle Cloud, DigitalOcean",Failover/DR,"Anthos, Crossplane",Pay-as-you-go,0.12,19.2,Strategy tailored for cost savings.
MCS-3244,AeroX Manufacturing,AI/ML Model Training,"Azure, GCP, AWS",Hybrid Integration,"Istio, Terraform, Kubernetes",Spot Instances,0.79,27.6,Strategy tailored for global expansion.
MCS-3245,LogiTrans Freight,High-Performance Computing,"GCP, Azure, Oracle Cloud, DigitalOcean",Cost Optimization,"Crossplane, Anthos, Kubernetes",Multi-year Contract,0.33,32.8,Strategy tailored for global expansion.
MCS-3246,AgriSmart Farms,IoT Processing,"Oracle Cloud, DigitalOcean",Best-of-Breed,"Istio, Anthos, Terraform",Spot Instances,0.6,36.8,Strategy tailored for global expansion.
MCS-3247,TechNova Solutions,High-Performance Computing,"Azure, AWS",Cost Optimization,Kubernetes,Multi-year Contract,0.75,29.4,Strategy tailored for cost savings.
MCS-3248,AeroX Manufacturing,Disaster Recovery,"Azure, AWS",Hybrid Integration,"Azure Arc, Crossplane",Pay-as-you-go,0.53,10.3,Strategy tailored for regulatory compliance.
MCS-3249,AgriSmart Farms,Backup & Archival,"AWS, IBM Cloud, Azure, DigitalOcean",Failover/DR,"Azure Arc, Kubernetes",Reserved Instances,0.33,21.8,Strategy tailored for cost savings.
MCS-3250,FinTrust Bank,Data Warehousing,"GCP, AWS",Best-of-Breed,HashiCorp Vault,Usage-based Scaling,0.63,25.5,Strategy tailored for regulatory compliance.
MCS-3251,TechNova Solutions,Disaster Recovery,"IBM Cloud, DigitalOcean",Failover/DR,"Crossplane, Anthos",Usage-based Scaling,0.36,5.3,Strategy tailored for latency reduction.
MCS-3252,RetailHub Online,High-Performance Computing,"IBM Cloud, Alibaba Cloud, DigitalOcean, GCP",Compliance Segmentation,Azure Arc,Reserved Instances,0.54,16.4,Strategy tailored for cost savings.
MCS-3253,EduPrime University,Edge Computing,"Oracle Cloud, Azure",Cost Optimization,"Anthos, Terraform",Multi-year Contract,0.75,6.0,Strategy tailored for latency reduction.
MCS-3254,TechNova Solutions,Backup & Archival,"Azure, AWS, Alibaba Cloud, GCP",Vendor Risk Mitigation,"Kubernetes, Spinnaker",Multi-year Contract,0.62,42.7,Strategy tailored for latency reduction.
MCS-3255,LogiTrans Freight,IoT Processing,"Oracle Cloud, GCP, IBM Cloud, Azure",Best-of-Breed,Anthos,Reserved Instances,0.26,23.9,Strategy tailored for global expansion.
MCS-3256,MediPulse Clinics,Global App Deployment,"Oracle Cloud, Alibaba Cloud",Hybrid Integration,"HashiCorp Vault, Anthos, Kubernetes",Pay-as-you-go,0.18,30.0,Strategy tailored for latency reduction.
MCS-3257,MediPulse Clinics,Data Warehousing,"Alibaba Cloud, GCP, AWS, Azure",Distributed Workload,"Kubernetes, Crossplane",Reserved Instances,0.59,21.3,Strategy tailored for cost savings.
MCS-3258,MediPulse Clinics,Hybrid Analytics,"DigitalOcean, Azure",Best-of-Breed,"HashiCorp Vault, Kubernetes",Usage-based Scaling,0.56,40.9,Strategy tailored for global expansion.
MCS-3259,EduPrime University,High-Performance Computing,"Oracle Cloud, GCP, Azure",Compliance Segmentation,"Istio, Anthos, Azure Arc",Pay-as-you-go,0.27,5.9,Strategy tailored for cost savings.
MCS-3260,FinTrust Bank,High-Performance Computing,"Oracle Cloud, Azure",Best-of-Breed,Anthos,Usage-based Scaling,0.87,28.1,Strategy tailored for regulatory compliance.
MCS-3261,TechNova Solutions,Data Warehousing,"AWS, Azure, DigitalOcean",Compliance Segmentation,Kubernetes,Committed Use Discount,0.89,28.9,Strategy tailored for cost savings.
MCS-3262,TechNova Solutions,IoT Processing,"GCP, AWS",Hybrid Integration,Anthos,Pay-as-you-go,0.82,22.2,Strategy tailored for latency reduction.
MCS-3263,AgriSmart Farms,Global App Deployment,"Alibaba Cloud, AWS, IBM Cloud, Oracle Cloud",Distributed Workload,"Spinnaker, HashiCorp Vault, Kubernetes",Committed Use Discount,0.77,41.5,Strategy tailored for global expansion.
MCS-3264,AeroX Manufacturing,Data Warehousing,"DigitalOcean, Alibaba Cloud, GCP",Vendor Risk Mitigation,Anthos,Pay-as-you-go,0.61,12.2,Strategy tailored for cost savings.
MCS-3265,AgriSmart Farms,IoT Processing,"IBM Cloud, AWS, Alibaba Cloud, Azure",Compliance Segmentation,Crossplane,Multi-year Contract,0.34,12.9,Strategy tailored for global expansion.
MCS-3266,LogiTrans Freight,Disaster Recovery,"Oracle Cloud, DigitalOcean, Alibaba Cloud",Vendor Risk Mitigation,"Azure Arc, Kubernetes, Istio",Reserved Instances,0.32,17.3,Strategy tailored for global expansion.
MCS-3267,TechNova Solutions,AI/ML Model Training,"Alibaba Cloud, IBM Cloud, AWS",Failover/DR,"Spinnaker, HashiCorp Vault",Multi-year Contract,0.59,28.5,Strategy tailored for regulatory compliance.
MCS-3268,MediPulse Clinics,Edge Computing,"IBM Cloud, GCP",Compliance Segmentation,"HashiCorp Vault, Spinnaker, Crossplane",Multi-year Contract,0.48,29.6,Strategy tailored for cost savings.
MCS-3269,GovSecure Dept,Data Warehousing,"DigitalOcean, Oracle Cloud, Alibaba Cloud",Failover/DR,"Anthos, Terraform",Usage-based Scaling,0.17,8.5,Strategy tailored for regulatory compliance.
MCS-3270,MediPulse Clinics,Hybrid Analytics,"DigitalOcean, IBM Cloud",Vendor Risk Mitigation,HashiCorp Vault,Committed Use Discount,0.25,25.7,Strategy tailored for cost savings.
MCS-3271,TechNova Solutions,IoT Processing,"Alibaba Cloud, IBM Cloud",Distributed Workload,Anthos,Reserved Instances,0.29,16.3,Strategy tailored for cost savings.
MCS-3272,TechNova Solutions,Disaster Recovery,"IBM Cloud, Azure",Hybrid Integration,"Istio, Kubernetes, Anthos",Spot Instances,0.46,37.5,Strategy tailored for cost savings.
MCS-3273,GovSecure Dept,High-Performance Computing,"IBM Cloud, GCP",Failover/DR,"Terraform, Spinnaker, Kubernetes",Reserved Instances,0.11,31.0,Strategy tailored for cost savings.
MCS-3274,AgriSmart Farms,AI/ML Model Training,"IBM Cloud, Alibaba Cloud, Azure",Cost Optimization,Terraform,Multi-year Contract,0.7,36.9,Strategy tailored for global expansion.
MCS-3275,MediPulse Clinics,Data Warehousing,"Oracle Cloud, AWS, Azure, Alibaba Cloud",Distributed Workload,Crossplane,Committed Use Discount,0.93,5.8,Strategy tailored for latency reduction.
MCS-3276,AeroX Manufacturing,IoT Processing,"Azure, Alibaba Cloud, AWS",Distributed Workload,"Terraform, Spinnaker",Usage-based Scaling,0.24,40.4,Strategy tailored for cost savings.
MCS-3277,AeroX Manufacturing,AI/ML Model Training,"DigitalOcean, AWS",Cost Optimization,Azure Arc,Committed Use Discount,0.51,27.6,Strategy tailored for cost savings.
MCS-3278,GovSecure Dept,Data Warehousing,"Azure, GCP",Vendor Risk Mitigation,"Kubernetes, Terraform",Multi-year Contract,0.69,32.2,Strategy tailored for cost savings.
MCS-3279,MediPulse Clinics,Disaster Recovery,"AWS, Oracle Cloud, Alibaba Cloud, Azure",Distributed Workload,"Terraform, Anthos",Spot Instances,0.93,44.9,Strategy tailored for regulatory compliance.
MCS-3280,MediPulse Clinics,AI/ML Model Training,"DigitalOcean, Oracle Cloud, AWS, Alibaba Cloud",Distributed Workload,Istio,Committed Use Discount,0.74,16.5,Strategy tailored for cost savings.
MCS-3281,GovSecure Dept,IoT Processing,"AWS, IBM Cloud",Hybrid Integration,Spinnaker,Reserved Instances,0.88,7.0,Strategy tailored for cost savings.
MCS-3282,AgriSmart Farms,High-Performance Computing,"Oracle Cloud, Alibaba Cloud",Compliance Segmentation,Azure Arc,Usage-based Scaling,0.31,40.9,Strategy tailored for latency reduction.
MCS-3283,RetailHub Online,Global App Deployment,"AWS, Alibaba Cloud, IBM Cloud",Hybrid Integration,"Kubernetes, Azure Arc",Committed Use Discount,0.33,13.8,Strategy tailored for cost savings.
MCS-3284,RetailHub Online,AI/ML Model Training,"GCP, Alibaba Cloud, DigitalOcean",Best-of-Breed,"Azure Arc, Spinnaker, Kubernetes",Spot Instances,0.22,39.4,Strategy tailored for global expansion.
MCS-3285,MediPulse Clinics,Backup & Archival,"Oracle Cloud, Alibaba Cloud, AWS",Distributed Workload,"Azure Arc, Istio, Anthos",Multi-year Contract,0.55,32.0,Strategy tailored for regulatory compliance.
MCS-3286,EduPrime University,Disaster Recovery,"Oracle Cloud, AWS, Alibaba Cloud",Hybrid Integration,"Kubernetes, Crossplane",Multi-year Contract,0.31,35.3,Strategy tailored for global expansion.
MCS-3287,FinTrust Bank,AI/ML Model Training,"IBM Cloud, Alibaba Cloud, DigitalOcean",Failover/DR,Crossplane,Usage-based Scaling,0.78,17.5,Strategy tailored for cost savings.
MCS-3288,FinTrust Bank,Data Warehousing,"IBM Cloud, Azure, Oracle Cloud",Hybrid Integration,"Crossplane, Terraform",Spot Instances,0.47,13.4,Strategy tailored for cost savings.
MCS-3289,RetailHub Online,Edge Computing,"Oracle Cloud, GCP, Azure",Cost Optimization,"Crossplane, Azure Arc",Multi-year Contract,0.97,30.8,Strategy tailored for latency reduction.
MCS-3290,EduPrime University,IoT Processing,"Alibaba Cloud, IBM Cloud, GCP",Compliance Segmentation,Istio,Reserved Instances,0.93,17.1,Strategy tailored for global expansion.
MCS-3291,GovSecure Dept,Disaster Recovery,"DigitalOcean, Oracle Cloud, Azure",Failover/DR,"Istio, HashiCorp Vault, Spinnaker",Committed Use Discount,0.8,35.6,Strategy tailored for latency reduction.
MCS-3292,FinTrust Bank,Disaster Recovery,"GCP, Azure, IBM Cloud, Alibaba Cloud",Compliance Segmentation,"Spinnaker, HashiCorp Vault",Committed Use Discount,0.72,43.6,Strategy tailored for cost savings.
MCS-3293,HealthCore Systems,High-Performance Computing,"GCP, Azure, Alibaba Cloud, AWS",Vendor Risk Mitigation,Azure Arc,Spot Instances,0.45,10.2,Strategy tailored for latency reduction.
MCS-3294,AgriSmart Farms,High-Performance Computing,"GCP, Oracle Cloud",Vendor Risk Mitigation,"Istio, HashiCorp Vault, Terraform",Committed Use Discount,0.7,34.2,Strategy tailored for cost savings.
MCS-3295,LogiTrans Freight,Backup & Archival,"GCP, Alibaba Cloud, Azure, Oracle Cloud",Best-of-Breed,"Istio, Terraform",Multi-year Contract,0.61,13.3,Strategy tailored for global expansion.
MCS-3296,TechNova Solutions,High-Performance Computing,"Oracle Cloud, Alibaba Cloud, Azure",Compliance Segmentation,"Azure Arc, Spinnaker",Multi-year Contract,0.55,17.5,Strategy tailored for latency reduction.
MCS-3297,TechNova Solutions,Edge Computing,"AWS, IBM Cloud, GCP, Alibaba Cloud",Best-of-Breed,Spinnaker,Spot Instances,0.48,30.8,Strategy tailored for cost savings.
MCS-3298,AeroX Manufacturing,AI/ML Model Training,"Alibaba Cloud, IBM Cloud",Hybrid Integration,"Terraform, HashiCorp Vault",Spot Instances,0.76,14.3,Strategy tailored for global expansion.
MCS-3299,FinTrust Bank,Edge Computing,"GCP, Oracle Cloud",Vendor Risk Mitigation,"Terraform, Anthos",Pay-as-you-go,0.46,15.8,Strategy tailored for cost savings.
MCS-3300,RetailHub Online,Hybrid Analytics,"Oracle Cloud, IBM Cloud, DigitalOcean",Failover/DR,Terraform,Spot Instances,0.28,36.3,Strategy tailored for global expansion.
MCS-3301,LogiTrans Freight,Global App Deployment,"Alibaba Cloud, Oracle Cloud",Distributed Workload,"Kubernetes, Crossplane, Spinnaker",Reserved Instances,0.91,19.8,Strategy tailored for cost savings.
MCS-3302,MediPulse Clinics,High-Performance Computing,"IBM Cloud, DigitalOcean, GCP",Vendor Risk Mitigation,Terraform,Multi-year Contract,0.77,40.9,Strategy tailored for global expansion.
MCS-3303,GovSecure Dept,Backup & Archival,"GCP, Azure, IBM Cloud",Vendor Risk Mitigation,"Terraform, Azure Arc",Spot Instances,0.85,12.3,Strategy tailored for cost savings.
MCS-3304,AeroX Manufacturing,High-Performance Computing,"GCP, DigitalOcean",Vendor Risk Mitigation,Spinnaker,Spot Instances,0.95,20.1,Strategy tailored for latency reduction.
MCS-3305,TechNova Solutions,IoT Processing,"Alibaba Cloud, DigitalOcean",Compliance Segmentation,"Anthos, Kubernetes",Pay-as-you-go,0.4,7.5,Strategy tailored for global expansion.
MCS-3306,FinTrust Bank,Edge Computing,"Alibaba Cloud, IBM Cloud, Oracle Cloud, AWS",Cost Optimization,"Spinnaker, Terraform",Spot Instances,0.53,9.4,Strategy tailored for global expansion.
MCS-3307,RetailHub Online,Data Warehousing,"Alibaba Cloud, AWS",Distributed Workload,Terraform,Spot Instances,0.32,17.7,Strategy tailored for cost savings.
MCS-3308,AeroX Manufacturing,Data Warehousing,"Alibaba Cloud, IBM Cloud, AWS, Azure",Distributed Workload,Anthos,Spot Instances,0.82,40.0,Strategy tailored for regulatory compliance.
MCS-3309,RetailHub Online,Global App Deployment,"AWS, Oracle Cloud, Alibaba Cloud",Cost Optimization,"Crossplane, Spinnaker",Committed Use Discount,0.37,39.3,Strategy tailored for cost savings.
MCS-3310,MediPulse Clinics,Edge Computing,"AWS, Azure",Compliance Segmentation,"Azure Arc, Terraform, HashiCorp Vault",Reserved Instances,0.86,35.6,Strategy tailored for regulatory compliance.
MCS-3311,AgriSmart Farms,Disaster Recovery,"GCP, Alibaba Cloud",Vendor Risk Mitigation,"Istio, Azure Arc, Terraform",Spot Instances,0.23,32.6,Strategy tailored for cost savings.
MCS-3312,HealthCore Systems,IoT Processing,"Oracle Cloud, Azure, AWS, GCP",Hybrid Integration,"Anthos, Spinnaker, Kubernetes",Multi-year Contract,0.94,32.3,Strategy tailored for regulatory compliance.
MCS-3313,RetailHub Online,Disaster Recovery,"Azure, DigitalOcean, AWS, Oracle Cloud",Compliance Segmentation,"Kubernetes, Azure Arc, Istio",Multi-year Contract,0.4,25.0,Strategy tailored for latency reduction.
MCS-3314,MediPulse Clinics,High-Performance Computing,"GCP, DigitalOcean, Azure, AWS",Hybrid Integration,"Terraform, Spinnaker, Azure Arc",Usage-based Scaling,0.67,25.4,Strategy tailored for regulatory compliance.
MCS-3315,AeroX Manufacturing,Data Warehousing,"IBM Cloud, AWS, GCP, DigitalOcean",Failover/DR,"Terraform, Spinnaker",Spot Instances,0.21,17.5,Strategy tailored for latency reduction.
MCS-3316,AeroX Manufacturing,Data Warehousing,"DigitalOcean, GCP, AWS",Distributed Workload,Azure Arc,Pay-as-you-go,0.81,39.5,Strategy tailored for latency reduction.
MCS-3317,GovSecure Dept,AI/ML Model Training,"Azure, Oracle Cloud, Alibaba Cloud",Cost Optimization,Istio,Multi-year Contract,0.22,43.1,Strategy tailored for cost savings.
MCS-3318,AgriSmart Farms,Edge Computing,"GCP, AWS, DigitalOcean, Oracle Cloud",Failover/DR,"HashiCorp Vault, Crossplane, Kubernetes",Usage-based Scaling,0.39,31.5,Strategy tailored for global expansion.
MCS-3319,AgriSmart Farms,AI/ML Model Training,"Oracle Cloud, IBM Cloud",Best-of-Breed,"Kubernetes, HashiCorp Vault",Multi-year Contract,0.77,37.5,Strategy tailored for global expansion.
MCS-3320,HealthCore Systems,Data Warehousing,"Oracle Cloud, Alibaba Cloud, Azure",Best-of-Breed,"Terraform, Crossplane, Kubernetes",Pay-as-you-go,0.94,17.5,Strategy tailored for cost savings.
MCS-3321,AeroX Manufacturing,AI/ML Model Training,"AWS, DigitalOcean, Azure",Distributed Workload,Crossplane,Committed Use Discount,0.86,10.3,Strategy tailored for regulatory compliance.
MCS-3322,RetailHub Online,IoT Processing,"Oracle Cloud, DigitalOcean, Azure, GCP",Hybrid Integration,"Spinnaker, Terraform, Istio",Reserved Instances,0.73,34.7,Strategy tailored for latency reduction.
MCS-3323,AgriSmart Farms,Data Warehousing,"Azure, DigitalOcean, GCP",Failover/DR,"Terraform, Crossplane",Pay-as-you-go,0.7,15.1,Strategy tailored for cost savings.
MCS-3324,RetailHub Online,Hybrid Analytics,"Azure, AWS, Alibaba Cloud",Cost Optimization,"Spinnaker, Azure Arc",Usage-based Scaling,0.88,11.8,Strategy tailored for latency reduction.
MCS-3325,RetailHub Online,High-Performance Computing,"Alibaba Cloud, Oracle Cloud, AWS, Azure",Vendor Risk Mitigation,"Azure Arc, Spinnaker",Committed Use Discount,0.15,33.7,Strategy tailored for cost savings.
MCS-3326,AgriSmart Farms,Disaster Recovery,"GCP, Azure, Oracle Cloud",Hybrid Integration,"Kubernetes, HashiCorp Vault, Crossplane",Spot Instances,0.52,39.0,Strategy tailored for regulatory compliance.
MCS-3327,AgriSmart Farms,Disaster Recovery,"Alibaba Cloud, Oracle Cloud",Vendor Risk Mitigation,"Crossplane, Istio, Spinnaker",Multi-year Contract,0.44,11.7,Strategy tailored for cost savings.
MCS-3328,HealthCore Systems,IoT Processing,"IBM Cloud, Oracle Cloud, DigitalOcean, Azure",Cost Optimization,"Crossplane, HashiCorp Vault",Spot Instances,0.84,27.0,Strategy tailored for global expansion.
MCS-3329,EduPrime University,Global App Deployment,"Azure, Oracle Cloud",Best-of-Breed,"Istio, Spinnaker",Spot Instances,0.27,33.8,Strategy tailored for global expansion.
MCS-3330,AgriSmart Farms,AI/ML Model Training,"GCP, IBM Cloud",Hybrid Integration,"Spinnaker, Istio, HashiCorp Vault",Reserved Instances,0.55,29.2,Strategy tailored for cost savings.
MCS-3331,FinTrust Bank,Edge Computing,"IBM Cloud, Alibaba Cloud",Distributed Workload,Anthos,Spot Instances,0.51,38.1,Strategy tailored for cost savings.
MCS-3332,FinTrust Bank,High-Performance Computing,"Oracle Cloud, AWS, Alibaba Cloud",Cost Optimization,"Istio, Kubernetes, Spinnaker",Committed Use Discount,0.84,33.4,Strategy tailored for global expansion.
MCS-3333,AeroX Manufacturing,Data Warehousing,"DigitalOcean, IBM Cloud, Alibaba Cloud, Azure",Failover/DR,"Spinnaker, Istio",Spot Instances,0.19,38.6,Strategy tailored for global expansion.
MCS-3334,LogiTrans Freight,Hybrid Analytics,"Azure, GCP, Oracle Cloud, AWS",Hybrid Integration,Azure Arc,Committed Use Discount,0.7,32.9,Strategy tailored for cost savings.
MCS-3335,FinTrust Bank,Backup & Archival,"IBM Cloud, Azure, AWS",Hybrid Integration,Azure Arc,Multi-year Contract,0.42,40.2,Strategy tailored for latency reduction.
MCS-3336,EduPrime University,Data Warehousing,"AWS, Alibaba Cloud, DigitalOcean",Best-of-Breed,"Crossplane, Terraform",Usage-based Scaling,0.75,9.5,Strategy tailored for global expansion.
MCS-3337,MediPulse Clinics,Data Warehousing,"DigitalOcean, Alibaba Cloud, AWS, GCP",Compliance Segmentation,"Azure Arc, Istio, Terraform",Committed Use Discount,0.46,40.5,Strategy tailored for latency reduction.
MCS-3338,RetailHub Online,Edge Computing,"AWS, Azure",Cost Optimization,"Spinnaker, Anthos, Kubernetes",Usage-based Scaling,0.14,43.5,Strategy tailored for global expansion.
MCS-3339,EduPrime University,Disaster Recovery,"IBM Cloud, Alibaba Cloud, Oracle Cloud, GCP",Vendor Risk Mitigation,"Istio, Anthos, Kubernetes",Usage-based Scaling,0.7,30.3,Strategy tailored for cost savings.
MCS-3340,AgriSmart Farms,Disaster Recovery,"IBM Cloud, DigitalOcean, Azure",Best-of-Breed,"Anthos, Kubernetes, Spinnaker",Reserved Instances,0.34,15.0,Strategy tailored for latency reduction.
MCS-3341,AeroX Manufacturing,Hybrid Analytics,"Oracle Cloud, IBM Cloud, AWS",Cost Optimization,"Istio, Kubernetes",Multi-year Contract,0.94,16.9,Strategy tailored for latency reduction.
MCS-3342,TechNova Solutions,High-Performance Computing,"Azure, AWS, DigitalOcean, Oracle Cloud",Compliance Segmentation,"Azure Arc, HashiCorp Vault",Pay-as-you-go,0.79,20.7,Strategy tailored for global expansion.
MCS-3343,AeroX Manufacturing,High-Performance Computing,"AWS, IBM Cloud, Oracle Cloud",Cost Optimization,"Spinnaker, Kubernetes",Usage-based Scaling,0.22,5.4,Strategy tailored for regulatory compliance.
MCS-3344,FinTrust Bank,Edge Computing,"Alibaba Cloud, GCP",Distributed Workload,"Kubernetes, HashiCorp Vault",Reserved Instances,0.58,44.0,Strategy tailored for regulatory compliance.
MCS-3345,RetailHub Online,AI/ML Model Training,"Azure, Oracle Cloud, IBM Cloud, GCP",Vendor Risk Mitigation,"Kubernetes, Terraform",Pay-as-you-go,0.43,19.3,Strategy tailored for global expansion.
MCS-3346,LogiTrans Freight,Hybrid Analytics,"DigitalOcean, Azure",Best-of-Breed,"HashiCorp Vault, Terraform",Reserved Instances,0.41,25.8,Strategy tailored for global expansion.
MCS-3347,HealthCore Systems,Data Warehousing,"Azure, DigitalOcean",Hybrid Integration,"Kubernetes, Crossplane, Spinnaker",Multi-year Contract,0.49,40.2,Strategy tailored for global expansion.
MCS-3348,RetailHub Online,Global App Deployment,"AWS, Azure, GCP",Compliance Segmentation,Crossplane,Committed Use Discount,0.55,25.3,Strategy tailored for regulatory compliance.
MCS-3349,LogiTrans Freight,Edge Computing,"IBM Cloud, AWS, GCP, Oracle Cloud",Distributed Workload,Spinnaker,Usage-based Scaling,0.22,44.3,Strategy tailored for global expansion.
MCS-3350,EduPrime University,Global App Deployment,"AWS, Alibaba Cloud, Oracle Cloud",Distributed Workload,"Kubernetes, Istio",Multi-year Contract,0.32,7.9,Strategy tailored for latency reduction.
MCS-3351,LogiTrans Freight,Disaster Recovery,"IBM Cloud, GCP, AWS, Oracle Cloud",Compliance Segmentation,Anthos,Multi-year Contract,0.69,28.8,Strategy tailored for regulatory compliance.
MCS-3352,HealthCore Systems,Edge Computing,"Oracle Cloud, Azure, GCP",Best-of-Breed,"Kubernetes, Crossplane, Anthos",Multi-year Contract,0.47,21.9,Strategy tailored for latency reduction.
MCS-3353,TechNova Solutions,IoT Processing,"DigitalOcean, AWS, Alibaba Cloud, GCP",Vendor Risk Mitigation,"Crossplane, Anthos",Usage-based Scaling,0.8,12.8,Strategy tailored for global expansion.
MCS-3354,TechNova Solutions,Global App Deployment,"DigitalOcean, AWS, Oracle Cloud, Alibaba Cloud",Compliance Segmentation,"Spinnaker, Terraform",Pay-as-you-go,0.83,30.9,Strategy tailored for regulatory compliance.
MCS-3355,FinTrust Bank,Global App Deployment,"DigitalOcean, GCP",Hybrid Integration,"Kubernetes, Crossplane",Committed Use Discount,0.47,23.3,Strategy tailored for latency reduction.
MCS-3356,RetailHub Online,Backup & Archival,"Azure, AWS",Vendor Risk Mitigation,"Terraform, HashiCorp Vault, Kubernetes",Multi-year Contract,0.33,35.1,Strategy tailored for global expansion.
MCS-3357,MediPulse Clinics,Data Warehousing,"DigitalOcean, AWS, Azure, GCP",Vendor Risk Mitigation,"Istio, HashiCorp Vault, Anthos",Usage-based Scaling,0.56,17.8,Strategy tailored for latency reduction.
MCS-3358,LogiTrans Freight,Backup & Archival,"AWS, Azure, Oracle Cloud, GCP",Failover/DR,"HashiCorp Vault, Terraform, Azure Arc",Committed Use Discount,0.63,44.8,Strategy tailored for global expansion.
MCS-3359,AeroX Manufacturing,Global App Deployment,"DigitalOcean, Azure",Hybrid Integration,"Istio, Kubernetes, Spinnaker",Pay-as-you-go,0.49,41.8,Strategy tailored for cost savings.
MCS-3360,AeroX Manufacturing,Hybrid Analytics,"GCP, AWS, IBM Cloud",Cost Optimization,Istio,Spot Instances,0.41,7.2,Strategy tailored for latency reduction.
MCS-3361,GovSecure Dept,Backup & Archival,"AWS, IBM Cloud, Azure",Best-of-Breed,"Kubernetes, Crossplane, HashiCorp Vault",Multi-year Contract,0.28,21.7,Strategy tailored for latency reduction.
MCS-3362,GovSecure Dept,Edge Computing,"AWS, Alibaba Cloud",Failover/DR,"Anthos, Istio, Azure Arc",Spot Instances,0.3,5.0,Strategy tailored for latency reduction.
MCS-3363,HealthCore Systems,IoT Processing,"GCP, IBM Cloud, Alibaba Cloud, AWS",Hybrid Integration,Istio,Reserved Instances,0.91,38.8,Strategy tailored for cost savings.
MCS-3364,HealthCore Systems,AI/ML Model Training,"DigitalOcean, Oracle Cloud, AWS, GCP",Distributed Workload,"Anthos, Kubernetes, Terraform",Committed Use Discount,0.76,11.7,Strategy tailored for cost savings.
MCS-3365,AeroX Manufacturing,Hybrid Analytics,"AWS, Oracle Cloud, DigitalOcean, GCP",Hybrid Integration,"Crossplane, Anthos, Azure Arc",Usage-based Scaling,0.21,7.7,Strategy tailored for latency reduction.
MCS-3366,GovSecure Dept,Data Warehousing,"Azure, AWS, Oracle Cloud, DigitalOcean",Hybrid Integration,"Kubernetes, Istio",Multi-year Contract,0.74,42.2,Strategy tailored for regulatory compliance.
MCS-3367,RetailHub Online,Edge Computing,"Alibaba Cloud, Oracle Cloud, DigitalOcean",Distributed Workload,Istio,Reserved Instances,0.48,9.8,Strategy tailored for cost savings.
MCS-3368,TechNova Solutions,High-Performance Computing,"GCP, Azure",Best-of-Breed,Istio,Pay-as-you-go,0.56,19.0,Strategy tailored for regulatory compliance.
MCS-3369,FinTrust Bank,Data Warehousing,"Oracle Cloud, IBM Cloud, Alibaba Cloud",Best-of-Breed,Istio,Multi-year Contract,0.43,29.9,Strategy tailored for global expansion.
MCS-3370,FinTrust Bank,IoT Processing,"Oracle Cloud, Azure",Best-of-Breed,"Istio, Kubernetes",Spot Instances,0.74,9.4,Strategy tailored for latency reduction.
MCS-3371,TechNova Solutions,Disaster Recovery,"DigitalOcean, IBM Cloud",Compliance Segmentation,Istio,Committed Use Discount,0.13,44.8,Strategy tailored for latency reduction.
MCS-3372,AeroX Manufacturing,Backup & Archival,"AWS, Alibaba Cloud, Azure, DigitalOcean",Cost Optimization,Anthos,Pay-as-you-go,0.31,7.2,Strategy tailored for cost savings.
MCS-3373,FinTrust Bank,Data Warehousing,"Azure, AWS, IBM Cloud",Hybrid Integration,"Anthos, HashiCorp Vault",Reserved Instances,0.27,6.6,Strategy tailored for global expansion.
MCS-3374,TechNova Solutions,Hybrid Analytics,"IBM Cloud, GCP, Azure, AWS",Cost Optimization,"Anthos, Azure Arc, Terraform",Pay-as-you-go,0.45,37.1,Strategy tailored for global expansion.
MCS-3375,FinTrust Bank,Data Warehousing,"GCP, Oracle Cloud, Alibaba Cloud",Compliance Segmentation,"Crossplane, Istio",Committed Use Discount,0.4,22.8,Strategy tailored for cost savings.
MCS-3376,FinTrust Bank,IoT Processing,"DigitalOcean, IBM Cloud, Alibaba Cloud",Hybrid Integration,"Crossplane, Anthos, Kubernetes",Multi-year Contract,0.7,25.4,Strategy tailored for latency reduction.
MCS-3377,HealthCore Systems,Backup & Archival,"DigitalOcean, IBM Cloud",Best-of-Breed,"Istio, Anthos, HashiCorp Vault",Committed Use Discount,0.87,39.6,Strategy tailored for cost savings.
MCS-3378,AgriSmart Farms,Edge Computing,"Oracle Cloud, Alibaba Cloud, Azure",Vendor Risk Mitigation,HashiCorp Vault,Reserved Instances,0.11,36.1,Strategy tailored for latency reduction.
MCS-3379,LogiTrans Freight,Hybrid Analytics,"GCP, DigitalOcean",Distributed Workload,"Terraform, Kubernetes",Spot Instances,0.51,44.6,Strategy tailored for latency reduction.
MCS-3380,MediPulse Clinics,Data Warehousing,"IBM Cloud, Oracle Cloud, AWS",Distributed Workload,Crossplane,Spot Instances,0.53,44.5,Strategy tailored for cost savings.
MCS-3381,MediPulse Clinics,High-Performance Computing,"Azure, Alibaba Cloud",Hybrid Integration,HashiCorp Vault,Multi-year Contract,0.77,14.9,Strategy tailored for regulatory compliance.
MCS-3382,FinTrust Bank,AI/ML Model Training,"Azure, DigitalOcean, AWS",Best-of-Breed,"Azure Arc, HashiCorp Vault",Usage-based Scaling,0.58,44.7,Strategy tailored for latency reduction.
MCS-3383,MediPulse Clinics,Hybrid Analytics,"GCP, Oracle Cloud",Best-of-Breed,"Spinnaker, Crossplane",Pay-as-you-go,0.86,8.9,Strategy tailored for regulatory compliance.
MCS-3384,EduPrime University,Data Warehousing,"GCP, AWS, Azure",Failover/DR,"HashiCorp Vault, Anthos, Azure Arc",Multi-year Contract,0.73,18.8,Strategy tailored for regulatory compliance.
MCS-3385,FinTrust Bank,High-Performance Computing,"DigitalOcean, Alibaba Cloud, GCP",Failover/DR,HashiCorp Vault,Usage-based Scaling,0.11,21.1,Strategy tailored for global expansion.
MCS-3386,AeroX Manufacturing,Disaster Recovery,"DigitalOcean, Oracle Cloud, AWS",Cost Optimization,"Kubernetes, Istio, HashiCorp Vault",Multi-year Contract,0.31,37.8,Strategy tailored for global expansion.
MCS-3387,MediPulse Clinics,Edge Computing,"Oracle Cloud, IBM Cloud, Azure, Alibaba Cloud",Hybrid Integration,"Kubernetes, Crossplane",Reserved Instances,0.4,38.1,Strategy tailored for cost savings.
MCS-3388,TechNova Solutions,Hybrid Analytics,"DigitalOcean, Alibaba Cloud, IBM Cloud",Distributed Workload,"Terraform, Anthos",Usage-based Scaling,0.1,17.3,Strategy tailored for global expansion.
MCS-3389,FinTrust Bank,Data Warehousing,"DigitalOcean, Alibaba Cloud",Distributed Workload,"Kubernetes, Crossplane",Committed Use Discount,0.31,14.3,Strategy tailored for cost savings.
MCS-3390,FinTrust Bank,AI/ML Model Training,"Azure, Alibaba Cloud, AWS, GCP",Distributed Workload,"Azure Arc, Kubernetes",Reserved Instances,0.16,12.5,Strategy tailored for cost savings.
MCS-3391,AeroX Manufacturing,Hybrid Analytics,"Alibaba Cloud, DigitalOcean",Failover/DR,Istio,Committed Use Discount,0.59,16.7,Strategy tailored for regulatory compliance.
MCS-3392,FinTrust Bank,Data Warehousing,"Azure, GCP, Alibaba Cloud, IBM Cloud",Vendor Risk Mitigation,"Spinnaker, Azure Arc",Multi-year Contract,0.47,20.1,Strategy tailored for cost savings.
MCS-3393,AgriSmart Farms,Data Warehousing,"Oracle Cloud, Azure, IBM Cloud",Compliance Segmentation,Azure Arc,Usage-based Scaling,0.88,41.2,Strategy tailored for regulatory compliance.
MCS-3394,EduPrime University,Disaster Recovery,"Azure, DigitalOcean",Failover/DR,Kubernetes,Committed Use Discount,0.54,18.2,Strategy tailored for latency reduction.
MCS-3395,HealthCore Systems,High-Performance Computing,"Azure, Alibaba Cloud, DigitalOcean, GCP",Hybrid Integration,Azure Arc,Committed Use Discount,0.2,43.1,Strategy tailored for global expansion.
MCS-3396,HealthCore Systems,Backup & Archival,"IBM Cloud, AWS",Vendor Risk Mitigation,"Spinnaker, Anthos, Istio",Pay-as-you-go,0.15,16.9,Strategy tailored for regulatory compliance.
MCS-3397,AgriSmart Farms,IoT Processing,"Oracle Cloud, AWS",Distributed Workload,"Istio, Crossplane",Usage-based Scaling,0.37,17.8,Strategy tailored for latency reduction.
MCS-3398,RetailHub Online,Backup & Archival,"AWS, Alibaba Cloud",Best-of-Breed,"Istio, Spinnaker, Anthos",Reserved Instances,0.25,36.3,Strategy tailored for cost savings.
MCS-3399,EduPrime University,Data Warehousing,"DigitalOcean, Alibaba Cloud, Azure",Failover/DR,"Spinnaker, Azure Arc",Spot Instances,0.21,30.4,Strategy tailored for cost savings.
MCS-3400,RetailHub Online,AI/ML Model Training,"DigitalOcean, IBM Cloud, AWS",Distributed Workload,"Crossplane, HashiCorp Vault",Spot Instances,0.21,7.8,Strategy tailored for latency reduction.
MCS-3401,LogiTrans Freight,Disaster Recovery,"IBM Cloud, GCP",Best-of-Breed,Istio,Pay-as-you-go,0.91,12.6,Strategy tailored for regulatory compliance.
MCS-3402,AeroX Manufacturing,IoT Processing,"IBM Cloud, Alibaba Cloud",Vendor Risk Mitigation,"Anthos, HashiCorp Vault",Committed Use Discount,0.83,26.8,Strategy tailored for latency reduction.
MCS-3403,FinTrust Bank,Hybrid Analytics,"GCP, DigitalOcean, AWS, Azure",Distributed Workload,"Terraform, HashiCorp Vault",Usage-based Scaling,0.17,43.2,Strategy tailored for global expansion.
MCS-3404,LogiTrans Freight,IoT Processing,"Azure, Oracle Cloud, DigitalOcean, IBM Cloud",Failover/DR,"Terraform, Istio",Spot Instances,0.32,39.4,Strategy tailored for cost savings.
MCS-3405,FinTrust Bank,Disaster Recovery,"DigitalOcean, Oracle Cloud",Failover/DR,"HashiCorp Vault, Spinnaker, Azure Arc",Committed Use Discount,0.25,39.2,Strategy tailored for global expansion.
MCS-3406,HealthCore Systems,Edge Computing,"Oracle Cloud, GCP, DigitalOcean, Alibaba Cloud",Compliance Segmentation,"Azure Arc, Terraform, Crossplane",Reserved Instances,0.11,25.5,Strategy tailored for global expansion.
MCS-3407,AeroX Manufacturing,Backup & Archival,"GCP, IBM Cloud, AWS, Alibaba Cloud",Cost Optimization,"Istio, Terraform, Crossplane",Usage-based Scaling,0.78,42.4,Strategy tailored for regulatory compliance.
MCS-3408,TechNova Solutions,Disaster Recovery,"IBM Cloud, DigitalOcean, Azure",Failover/DR,"Istio, Anthos",Reserved Instances,0.91,37.8,Strategy tailored for cost savings.
MCS-3409,EduPrime University,Global App Deployment,"GCP, Oracle Cloud, AWS, Azure",Best-of-Breed,Kubernetes,Usage-based Scaling,0.89,13.0,Strategy tailored for latency reduction.
MCS-3410,TechNova Solutions,Edge Computing,"GCP, Azure, Alibaba Cloud, AWS",Best-of-Breed,"Kubernetes, Spinnaker, HashiCorp Vault",Spot Instances,0.35,16.6,Strategy tailored for global expansion.
MCS-3411,EduPrime University,Data Warehousing,"Alibaba Cloud, IBM Cloud",Cost Optimization,"Crossplane, Azure Arc, Anthos",Reserved Instances,0.44,20.7,Strategy tailored for cost savings.
MCS-3412,TechNova Solutions,High-Performance Computing,"Oracle Cloud, DigitalOcean, IBM Cloud, Alibaba Cloud",Best-of-Breed,"Anthos, Kubernetes, Istio",Spot Instances,0.58,11.4,Strategy tailored for global expansion.
MCS-3413,FinTrust Bank,IoT Processing,"IBM Cloud, GCP, AWS, Oracle Cloud",Cost Optimization,Istio,Usage-based Scaling,0.72,11.7,Strategy tailored for latency reduction.
MCS-3414,RetailHub Online,Edge Computing,"DigitalOcean, GCP, Oracle Cloud, Alibaba Cloud",Distributed Workload,"Crossplane, Azure Arc, Terraform",Usage-based Scaling,0.38,25.1,Strategy tailored for regulatory compliance.
MCS-3415,GovSecure Dept,High-Performance Computing,"Oracle Cloud, IBM Cloud, GCP, Alibaba Cloud",Failover/DR,"Azure Arc, Terraform, Crossplane",Spot Instances,0.81,34.6,Strategy tailored for cost savings.
MCS-3416,RetailHub Online,High-Performance Computing,"AWS, IBM Cloud",Best-of-Breed,"Anthos, Azure Arc, Terraform",Spot Instances,0.67,11.2,Strategy tailored for global expansion.
MCS-3417,EduPrime University,Disaster Recovery,"Oracle Cloud, GCP",Hybrid Integration,"Spinnaker, HashiCorp Vault",Multi-year Contract,0.59,8.5,Strategy tailored for global expansion.
MCS-3418,AgriSmart Farms,IoT Processing,"DigitalOcean, IBM Cloud, Oracle Cloud",Hybrid Integration,"HashiCorp Vault, Azure Arc",Committed Use Discount,0.44,21.5,Strategy tailored for latency reduction.
MCS-3419,EduPrime University,Edge Computing,"Oracle Cloud, GCP, AWS",Best-of-Breed,Istio,Multi-year Contract,0.14,16.0,Strategy tailored for global expansion.
MCS-3420,TechNova Solutions,Backup & Archival,"Alibaba Cloud, IBM Cloud, Azure",Hybrid Integration,"Terraform, Anthos, Spinnaker",Spot Instances,0.95,43.1,Strategy tailored for global expansion.
MCS-3421,TechNova Solutions,Edge Computing,"AWS, Azure, DigitalOcean",Hybrid Integration,"Crossplane, Terraform",Multi-year Contract,0.41,6.7,Strategy tailored for global expansion.
MCS-3422,AgriSmart Farms,Disaster Recovery,"Alibaba Cloud, Azure",Failover/DR,"Istio, Crossplane, Azure Arc",Pay-as-you-go,0.26,20.7,Strategy tailored for cost savings.
MCS-3423,TechNova Solutions,Hybrid Analytics,"DigitalOcean, AWS",Distributed Workload,Azure Arc,Spot Instances,0.94,10.6,Strategy tailored for cost savings.
MCS-3424,FinTrust Bank,Edge Computing,"Azure, Alibaba Cloud, IBM Cloud",Compliance Segmentation,"Terraform, Kubernetes",Pay-as-you-go,0.78,9.3,Strategy tailored for regulatory compliance.
MCS-3425,FinTrust Bank,Backup & Archival,"DigitalOcean, IBM Cloud, Azure, AWS",Cost Optimization,"Kubernetes, Spinnaker",Committed Use Discount,0.97,20.3,Strategy tailored for latency reduction.
MCS-3426,AeroX Manufacturing,High-Performance Computing,"AWS, IBM Cloud, Oracle Cloud, DigitalOcean",Vendor Risk Mitigation,"Spinnaker, Kubernetes, Anthos",Committed Use Discount,0.79,18.7,Strategy tailored for cost savings.
MCS-3427,GovSecure Dept,Edge Computing,"Azure, GCP",Distributed Workload,"Crossplane, Spinnaker, Terraform",Committed Use Discount,0.66,12.7,Strategy tailored for regulatory compliance.
MCS-3428,FinTrust Bank,Hybrid Analytics,"GCP, Oracle Cloud",Vendor Risk Mitigation,"Spinnaker, Anthos, Crossplane",Pay-as-you-go,0.23,42.5,Strategy tailored for regulatory compliance.
MCS-3429,LogiTrans Freight,Global App Deployment,"GCP, DigitalOcean, AWS, Alibaba Cloud",Cost Optimization,"Terraform, Kubernetes, HashiCorp Vault",Spot Instances,0.92,40.5,Strategy tailored for latency reduction.
MCS-3430,EduPrime University,Edge Computing,"Azure, DigitalOcean, AWS",Vendor Risk Mitigation,Kubernetes,Committed Use Discount,0.66,37.3,Strategy tailored for cost savings.
MCS-3431,TechNova Solutions,Backup & Archival,"IBM Cloud, AWS, Oracle Cloud",Failover/DR,"Anthos, Terraform",Reserved Instances,0.16,18.4,Strategy tailored for latency reduction.
MCS-3432,AeroX Manufacturing,Hybrid Analytics,"Oracle Cloud, Alibaba Cloud, GCP, DigitalOcean",Distributed Workload,"HashiCorp Vault, Terraform",Usage-based Scaling,0.38,30.4,Strategy tailored for regulatory compliance.
MCS-3433,HealthCore Systems,Backup & Archival,"DigitalOcean, GCP, IBM Cloud",Compliance Segmentation,Azure Arc,Pay-as-you-go,0.42,10.9,Strategy tailored for cost savings.
MCS-3434,AeroX Manufacturing,IoT Processing,"IBM Cloud, Oracle Cloud, Alibaba Cloud, GCP",Best-of-Breed,"Istio, Kubernetes, Spinnaker",Usage-based Scaling,0.63,37.6,Strategy tailored for cost savings.
MCS-3435,EduPrime University,High-Performance Computing,"DigitalOcean, Alibaba Cloud",Hybrid Integration,"Istio, HashiCorp Vault, Crossplane",Committed Use Discount,0.44,10.3,Strategy tailored for cost savings.
MCS-3436,LogiTrans Freight,High-Performance Computing,"GCP, IBM Cloud, Azure",Best-of-Breed,"Azure Arc, HashiCorp Vault",Pay-as-you-go,0.28,14.5,Strategy tailored for global expansion.
MCS-3437,MediPulse Clinics,Data Warehousing,"Azure, DigitalOcean, AWS, GCP",Best-of-Breed,"Kubernetes, Azure Arc, Crossplane",Multi-year Contract,0.37,30.7,Strategy tailored for cost savings.
MCS-3438,AgriSmart Farms,Data Warehousing,"Alibaba Cloud, GCP, DigitalOcean",Cost Optimization,"Istio, Crossplane",Multi-year Contract,0.63,32.8,Strategy tailored for latency reduction.
MCS-3439,MediPulse Clinics,Data Warehousing,"Azure, Oracle Cloud",Compliance Segmentation,Azure Arc,Usage-based Scaling,0.42,38.0,Strategy tailored for global expansion.
MCS-3440,HealthCore Systems,Hybrid Analytics,"IBM Cloud, Alibaba Cloud, AWS, Azure",Failover/DR,Spinnaker,Usage-based Scaling,0.28,23.8,Strategy tailored for latency reduction.
MCS-3441,FinTrust Bank,High-Performance Computing,"Alibaba Cloud, GCP, IBM Cloud",Compliance Segmentation,"Spinnaker, Terraform, HashiCorp Vault",Multi-year Contract,0.81,12.2,Strategy tailored for regulatory compliance.
MCS-3442,LogiTrans Freight,Hybrid Analytics,"GCP, DigitalOcean, Alibaba Cloud, AWS",Compliance Segmentation,"Istio, Azure Arc",Committed Use Discount,0.2,40.3,Strategy tailored for regulatory compliance.
MCS-3443,RetailHub Online,Backup & Archival,"Alibaba Cloud, IBM Cloud",Cost Optimization,"Terraform, Istio, Azure Arc",Usage-based Scaling,0.41,32.4,Strategy tailored for cost savings.
MCS-3444,LogiTrans Freight,Backup & Archival,"GCP, IBM Cloud",Best-of-Breed,"Spinnaker, Crossplane",Pay-as-you-go,0.12,32.6,Strategy tailored for regulatory compliance.
MCS-3445,TechNova Solutions,Backup & Archival,"Alibaba Cloud, DigitalOcean, Oracle Cloud, Azure",Distributed Workload,"Azure Arc, Crossplane, Anthos",Multi-year Contract,0.38,7.2,Strategy tailored for global expansion.
MCS-3446,MediPulse Clinics,Global App Deployment,"AWS, Azure, Alibaba Cloud, Oracle Cloud",Distributed Workload,Anthos,Reserved Instances,0.64,14.6,Strategy tailored for global expansion.
MCS-3447,HealthCore Systems,Data Warehousing,"DigitalOcean, Alibaba Cloud",Cost Optimization,HashiCorp Vault,Usage-based Scaling,0.44,8.2,Strategy tailored for latency reduction.
MCS-3448,GovSecure Dept,Backup & Archival,"Azure, IBM Cloud",Compliance Segmentation,"Istio, Spinnaker, HashiCorp Vault",Pay-as-you-go,0.23,16.9,Strategy tailored for cost savings.
MCS-3449,FinTrust Bank,Hybrid Analytics,"Oracle Cloud, Alibaba Cloud",Compliance Segmentation,"Terraform, Istio, Spinnaker",Pay-as-you-go,0.18,41.4,Strategy tailored for global expansion.
MCS-3450,AeroX Manufacturing,Data Warehousing,"Oracle Cloud, Azure",Cost Optimization,"Anthos, Azure Arc, Crossplane",Multi-year Contract,0.11,24.4,Strategy tailored for cost savings.
MCS-3451,RetailHub Online,Edge Computing,"IBM Cloud, DigitalOcean, Oracle Cloud, GCP",Cost Optimization,"Terraform, Kubernetes",Usage-based Scaling,0.21,17.3,Strategy tailored for regulatory compliance.
MCS-3452,FinTrust Bank,High-Performance Computing,"GCP, Oracle Cloud, IBM Cloud",Cost Optimization,"Azure Arc, Kubernetes",Committed Use Discount,0.92,11.5,Strategy tailored for regulatory compliance.
MCS-3453,LogiTrans Freight,Disaster Recovery,"Oracle Cloud, Azure, AWS",Vendor Risk Mitigation,Azure Arc,Pay-as-you-go,0.96,13.2,Strategy tailored for regulatory compliance.
MCS-3454,TechNova Solutions,IoT Processing,"AWS, DigitalOcean, GCP, Oracle Cloud",Compliance Segmentation,HashiCorp Vault,Reserved Instances,0.76,26.9,Strategy tailored for latency reduction.
MCS-3455,GovSecure Dept,Hybrid Analytics,"IBM Cloud, DigitalOcean, Azure, GCP",Compliance Segmentation,"Crossplane, Terraform",Committed Use Discount,0.89,27.2,Strategy tailored for regulatory compliance.
MCS-3456,GovSecure Dept,Backup & Archival,"AWS, Alibaba Cloud",Hybrid Integration,Crossplane,Spot Instances,0.58,12.8,Strategy tailored for latency reduction.
MCS-3457,HealthCore Systems,Data Warehousing,"DigitalOcean, GCP",Vendor Risk Mitigation,Azure Arc,Spot Instances,0.25,41.7,Strategy tailored for global expansion.
MCS-3458,HealthCore Systems,IoT Processing,"Alibaba Cloud, Oracle Cloud, IBM Cloud, AWS",Compliance Segmentation,Spinnaker,Spot Instances,0.39,19.9,Strategy tailored for global expansion.
MCS-3459,GovSecure Dept,Disaster Recovery,"Azure, DigitalOcean",Hybrid Integration,"Crossplane, Anthos, Azure Arc",Multi-year Contract,0.78,18.6,Strategy tailored for regulatory compliance.
MCS-3460,AgriSmart Farms,High-Performance Computing,"IBM Cloud, GCP, AWS",Vendor Risk Mitigation,Istio,Usage-based Scaling,0.95,34.5,Strategy tailored for global expansion.
MCS-3461,AgriSmart Farms,Disaster Recovery,"Oracle Cloud, Azure",Failover/DR,"HashiCorp Vault, Azure Arc, Kubernetes",Spot Instances,0.63,40.2,Strategy tailored for cost savings.
MCS-3462,HealthCore Systems,IoT Processing,"Oracle Cloud, GCP, Alibaba Cloud, Azure",Cost Optimization,"Anthos, HashiCorp Vault, Azure Arc",Reserved Instances,0.14,15.3,Strategy tailored for latency reduction.
MCS-3463,GovSecure Dept,High-Performance Computing,"Alibaba Cloud, DigitalOcean, Azure, AWS",Failover/DR,"Kubernetes, Anthos, Crossplane",Committed Use Discount,0.51,14.1,Strategy tailored for regulatory compliance.
MCS-3464,EduPrime University,Global App Deployment,"Azure, GCP",Best-of-Breed,"HashiCorp Vault, Terraform",Multi-year Contract,0.76,41.8,Strategy tailored for regulatory compliance.
MCS-3465,AgriSmart Farms,Backup & Archival,"IBM Cloud, Oracle Cloud",Vendor Risk Mitigation,"Terraform, Azure Arc",Reserved Instances,0.48,18.7,Strategy tailored for regulatory compliance.
MCS-3466,AgriSmart Farms,High-Performance Computing,"DigitalOcean, GCP, Oracle Cloud",Failover/DR,"Kubernetes, Anthos, HashiCorp Vault",Usage-based Scaling,0.96,22.8,Strategy tailored for regulatory compliance.
MCS-3467,GovSecure Dept,Edge Computing,"AWS, DigitalOcean, Oracle Cloud, GCP",Compliance Segmentation,"Kubernetes, Azure Arc, Terraform",Spot Instances,0.54,19.1,Strategy tailored for latency reduction.
MCS-3468,TechNova Solutions,Disaster Recovery,"Azure, AWS",Cost Optimization,"Kubernetes, Azure Arc, Crossplane",Multi-year Contract,0.91,27.8,Strategy tailored for latency reduction.
MCS-3469,AgriSmart Farms,AI/ML Model Training,"Alibaba Cloud, GCP",Vendor Risk Mitigation,"Spinnaker, Azure Arc",Usage-based Scaling,0.78,37.5,Strategy tailored for latency reduction.
MCS-3470,AeroX Manufacturing,Edge Computing,"Azure, DigitalOcean, Oracle Cloud, IBM Cloud",Hybrid Integration,Anthos,Multi-year Contract,0.4,22.3,Strategy tailored for cost savings.
MCS-3471,GovSecure Dept,High-Performance Computing,"DigitalOcean, Alibaba Cloud, Azure",Failover/DR,Anthos,Spot Instances,0.86,19.5,Strategy tailored for regulatory compliance.
MCS-3472,FinTrust Bank,High-Performance Computing,"Alibaba Cloud, Azure, AWS, DigitalOcean",Distributed Workload,"Spinnaker, Azure Arc",Pay-as-you-go,0.81,42.6,Strategy tailored for global expansion.
MCS-3473,MediPulse Clinics,High-Performance Computing,"AWS, Alibaba Cloud, Azure",Hybrid Integration,"Istio, Kubernetes, Anthos",Reserved Instances,0.65,34.7,Strategy tailored for latency reduction.
MCS-3474,EduPrime University,Data Warehousing,"DigitalOcean, Alibaba Cloud",Failover/DR,"Terraform, Spinnaker",Reserved Instances,0.82,38.8,Strategy tailored for global expansion.
MCS-3475,MediPulse Clinics,Backup & Archival,"Oracle Cloud, Alibaba Cloud",Hybrid Integration,"Terraform, Spinnaker, Azure Arc",Spot Instances,0.45,7.1,Strategy tailored for latency reduction.
MCS-3476,TechNova Solutions,Data Warehousing,"GCP, Alibaba Cloud, Oracle Cloud, AWS",Hybrid Integration,"Terraform, Crossplane",Reserved Instances,0.46,32.0,Strategy tailored for cost savings.
MCS-3477,RetailHub Online,IoT Processing,"Oracle Cloud, GCP",Vendor Risk Mitigation,"HashiCorp Vault, Azure Arc",Committed Use Discount,0.5,35.0,Strategy tailored for cost savings.
MCS-3478,MediPulse Clinics,Disaster Recovery,"IBM Cloud, Oracle Cloud",Failover/DR,"Anthos, Azure Arc",Reserved Instances,0.42,30.4,Strategy tailored for latency reduction.
MCS-3479,AeroX Manufacturing,IoT Processing,"DigitalOcean, Oracle Cloud, IBM Cloud, GCP",Hybrid Integration,"Anthos, HashiCorp Vault, Kubernetes",Spot Instances,0.27,35.0,Strategy tailored for global expansion.
MCS-3480,MediPulse Clinics,Edge Computing,"GCP, IBM Cloud",Best-of-Breed,Azure Arc,Multi-year Contract,0.59,13.2,Strategy tailored for regulatory compliance.
MCS-3481,FinTrust Bank,Data Warehousing,"Alibaba Cloud, GCP, DigitalOcean, AWS",Compliance Segmentation,"Azure Arc, Istio, Anthos",Committed Use Discount,0.36,34.9,Strategy tailored for regulatory compliance.
MCS-3482,GovSecure Dept,High-Performance Computing,"Azure, Alibaba Cloud, IBM Cloud",Cost Optimization,Terraform,Committed Use Discount,0.53,13.6,Strategy tailored for global expansion.
MCS-3483,RetailHub Online,Global App Deployment,"GCP, Alibaba Cloud",Hybrid Integration,"Kubernetes, Anthos",Usage-based Scaling,0.96,33.6,Strategy tailored for global expansion.
MCS-3484,AgriSmart Farms,Global App Deployment,"GCP, AWS",Best-of-Breed,"Spinnaker, Crossplane",Multi-year Contract,0.95,22.1,Strategy tailored for global expansion.
MCS-3485,AeroX Manufacturing,IoT Processing,"AWS, Azure",Vendor Risk Mitigation,"Terraform, Anthos, Spinnaker",Multi-year Contract,0.52,40.9,Strategy tailored for regulatory compliance.
MCS-3486,AgriSmart Farms,Global App Deployment,"Oracle Cloud, DigitalOcean, Alibaba Cloud",Distributed Workload,Azure Arc,Pay-as-you-go,0.57,33.3,Strategy tailored for regulatory compliance.
MCS-3487,GovSecure Dept,Disaster Recovery,"AWS, DigitalOcean",Compliance Segmentation,"Spinnaker, Kubernetes, Terraform",Committed Use Discount,0.32,22.9,Strategy tailored for cost savings.
MCS-3488,AeroX Manufacturing,AI/ML Model Training,"AWS, Alibaba Cloud, GCP",Failover/DR,"Spinnaker, Crossplane",Spot Instances,0.21,13.2,Strategy tailored for cost savings.
MCS-3489,HealthCore Systems,Disaster Recovery,"Alibaba Cloud, IBM Cloud, AWS",Cost Optimization,"Kubernetes, Terraform",Multi-year Contract,0.1,6.6,Strategy tailored for global expansion.
MCS-3490,GovSecure Dept,IoT Processing,"GCP, Azure, Alibaba Cloud",Vendor Risk Mitigation,"Terraform, Azure Arc",Usage-based Scaling,0.97,14.7,Strategy tailored for latency reduction.
MCS-3491,EduPrime University,High-Performance Computing,"DigitalOcean, Azure, Alibaba Cloud, AWS",Hybrid Integration,"Anthos, HashiCorp Vault",Usage-based Scaling,0.69,38.6,Strategy tailored for cost savings.
MCS-3492,FinTrust Bank,High-Performance Computing,"AWS, Azure",Failover/DR,Anthos,Multi-year Contract,0.59,11.1,Strategy tailored for global expansion.
MCS-3493,TechNova Solutions,IoT Processing,"AWS, DigitalOcean, GCP, Azure",Failover/DR,"Kubernetes, Terraform",Committed Use Discount,0.75,29.0,Strategy tailored for cost savings.
MCS-3494,FinTrust Bank,High-Performance Computing,"Oracle Cloud, AWS, DigitalOcean",Hybrid Integration,Crossplane,Committed Use Discount,0.75,35.8,Strategy tailored for cost savings.
MCS-3495,FinTrust Bank,AI/ML Model Training,"Oracle Cloud, Azure, DigitalOcean",Vendor Risk Mitigation,"Anthos, Kubernetes, Istio",Reserved Instances,0.97,27.9,Strategy tailored for regulatory compliance.
MCS-3496,FinTrust Bank,Disaster Recovery,"Azure, IBM Cloud, Alibaba Cloud",Failover/DR,"Anthos, Terraform, Spinnaker",Spot Instances,0.4,30.9,Strategy tailored for cost savings.
MCS-3497,FinTrust Bank,AI/ML Model Training,"DigitalOcean, IBM Cloud, AWS, Alibaba Cloud",Best-of-Breed,Crossplane,Multi-year Contract,0.16,40.9,Strategy tailored for regulatory compliance.
MCS-3498,RetailHub Online,Global App Deployment,"AWS, Azure, DigitalOcean, IBM Cloud",Hybrid Integration,Istio,Pay-as-you-go,0.21,18.1,Strategy tailored for cost savings.
MCS-3499,EduPrime University,Global App Deployment,"IBM Cloud, GCP, DigitalOcean, Oracle Cloud",Compliance Segmentation,"HashiCorp Vault, Kubernetes",Reserved Instances,0.83,28.9,Strategy tailored for regulatory compliance.
MCS-3500,EduPrime University,Backup & Archival,"GCP, Alibaba Cloud, IBM Cloud",Distributed Workload,"Terraform, Kubernetes",Committed Use Discount,0.45,23.9,Strategy tailored for global expansion.
MCS-3501,MediPulse Clinics,Global App Deployment,"Azure, DigitalOcean, AWS",Compliance Segmentation,"HashiCorp Vault, Kubernetes, Azure Arc",Spot Instances,0.86,18.6,Strategy tailored for global expansion.
MCS-3502,RetailHub Online,Edge Computing,"IBM Cloud, Alibaba Cloud, GCP, Azure",Cost Optimization,"Azure Arc, Anthos",Spot Instances,0.87,8.5,Strategy tailored for latency reduction.
MCS-3503,TechNova Solutions,Data Warehousing,"Oracle Cloud, GCP, DigitalOcean",Cost Optimization,Crossplane,Spot Instances,0.79,38.9,Strategy tailored for global expansion.
MCS-3504,EduPrime University,IoT Processing,"Alibaba Cloud, DigitalOcean",Cost Optimization,Istio,Spot Instances,0.26,22.2,Strategy tailored for regulatory compliance.
MCS-3505,HealthCore Systems,Edge Computing,"Alibaba Cloud, GCP, Azure",Failover/DR,"HashiCorp Vault, Kubernetes",Committed Use Discount,0.25,33.3,Strategy tailored for global expansion.
MCS-3506,AgriSmart Farms,High-Performance Computing,"DigitalOcean, GCP, Azure",Hybrid Integration,Istio,Reserved Instances,0.58,30.4,Strategy tailored for regulatory compliance.
MCS-3507,RetailHub Online,Data Warehousing,"Azure, DigitalOcean, Oracle Cloud",Distributed Workload,"Anthos, Spinnaker, Terraform",Committed Use Discount,0.27,13.5,Strategy tailored for global expansion.
MCS-3508,HealthCore Systems,Data Warehousing,"Oracle Cloud, DigitalOcean, Alibaba Cloud, Azure",Compliance Segmentation,"Azure Arc, Anthos, Istio",Reserved Instances,0.14,17.9,Strategy tailored for regulatory compliance.
MCS-3509,MediPulse Clinics,Backup & Archival,"IBM Cloud, DigitalOcean, Oracle Cloud",Failover/DR,"Terraform, Azure Arc, Spinnaker",Spot Instances,0.6,39.3,Strategy tailored for cost savings.
MCS-3510,AgriSmart Farms,Hybrid Analytics,"DigitalOcean, Azure, IBM Cloud, AWS",Distributed Workload,HashiCorp Vault,Reserved Instances,0.69,22.4,Strategy tailored for latency reduction.
MCS-3511,HealthCore Systems,High-Performance Computing,"DigitalOcean, Azure, Oracle Cloud, AWS",Best-of-Breed,Terraform,Spot Instances,0.95,33.8,Strategy tailored for cost savings.
MCS-3512,LogiTrans Freight,Data Warehousing,"AWS, Oracle Cloud, Azure",Vendor Risk Mitigation,Kubernetes,Committed Use Discount,0.93,26.1,Strategy tailored for global expansion.
MCS-3513,LogiTrans Freight,Backup & Archival,"AWS, IBM Cloud, Azure, Oracle Cloud",Compliance Segmentation,"Azure Arc, Terraform",Reserved Instances,0.33,7.1,Strategy tailored for latency reduction.
MCS-3514,AgriSmart Farms,High-Performance Computing,"IBM Cloud, GCP",Vendor Risk Mitigation,"Istio, Kubernetes",Committed Use Discount,0.75,9.9,Strategy tailored for regulatory compliance.
MCS-3515,EduPrime University,Data Warehousing,"Alibaba Cloud, DigitalOcean, GCP",Hybrid Integration,"Azure Arc, Istio",Reserved Instances,0.37,26.3,Strategy tailored for latency reduction.
MCS-3516,LogiTrans Freight,Data Warehousing,"IBM Cloud, Alibaba Cloud, GCP, AWS",Failover/DR,"Crossplane, Spinnaker",Usage-based Scaling,0.6,29.0,Strategy tailored for latency reduction.
MCS-3517,HealthCore Systems,Data Warehousing,"Oracle Cloud, DigitalOcean, Alibaba Cloud, GCP",Cost Optimization,"Kubernetes, Crossplane",Spot Instances,0.25,20.2,Strategy tailored for global expansion.
MCS-3518,FinTrust Bank,High-Performance Computing,"IBM Cloud, Azure, DigitalOcean, GCP",Failover/DR,"Kubernetes, Terraform, Istio",Spot Instances,0.65,43.8,Strategy tailored for latency reduction.
MCS-3519,EduPrime University,IoT Processing,"AWS, Alibaba Cloud, Oracle Cloud, Azure",Cost Optimization,"Crossplane, HashiCorp Vault, Spinnaker",Pay-as-you-go,0.75,41.9,Strategy tailored for latency reduction.
MCS-3520,RetailHub Online,Global App Deployment,"GCP, Alibaba Cloud",Failover/DR,"Istio, Spinnaker",Spot Instances,0.78,28.7,Strategy tailored for cost savings.
MCS-3521,AgriSmart Farms,Backup & Archival,"GCP, AWS",Vendor Risk Mitigation,"Crossplane, Terraform, HashiCorp Vault",Pay-as-you-go,0.27,31.7,Strategy tailored for latency reduction.
MCS-3522,MediPulse Clinics,Hybrid Analytics,"Azure, AWS, DigitalOcean, GCP",Cost Optimization,Kubernetes,Spot Instances,0.65,29.1,Strategy tailored for latency reduction.
MCS-3523,AgriSmart Farms,AI/ML Model Training,"AWS, GCP",Compliance Segmentation,Terraform,Reserved Instances,0.54,26.1,Strategy tailored for global expansion.
MCS-3524,MediPulse Clinics,AI/ML Model Training,"IBM Cloud, AWS, DigitalOcean",Cost Optimization,"Terraform, Kubernetes, Anthos",Reserved Instances,0.4,25.8,Strategy tailored for latency reduction.
MCS-3525,RetailHub Online,Edge Computing,"DigitalOcean, GCP, Alibaba Cloud, IBM Cloud",Failover/DR,Azure Arc,Committed Use Discount,0.28,37.2,Strategy tailored for cost savings.
MCS-3526,HealthCore Systems,High-Performance Computing,"DigitalOcean, Oracle Cloud",Cost Optimization,"Kubernetes, Azure Arc, Crossplane",Pay-as-you-go,0.27,8.4,Strategy tailored for cost savings.
MCS-3527,GovSecure Dept,High-Performance Computing,"AWS, GCP",Vendor Risk Mitigation,"Kubernetes, Istio",Usage-based Scaling,0.49,31.3,Strategy tailored for latency reduction.
MCS-3528,LogiTrans Freight,AI/ML Model Training,"Azure, DigitalOcean",Best-of-Breed,"Crossplane, Istio, Terraform",Reserved Instances,0.49,16.1,Strategy tailored for regulatory compliance.
MCS-3529,LogiTrans Freight,Disaster Recovery,"IBM Cloud, Alibaba Cloud",Vendor Risk Mitigation,"Kubernetes, Anthos, Terraform",Pay-as-you-go,0.6,18.9,Strategy tailored for cost savings.
MCS-3530,GovSecure Dept,Hybrid Analytics,"GCP, Alibaba Cloud, Azure, Oracle Cloud",Compliance Segmentation,Azure Arc,Spot Instances,0.93,41.9,Strategy tailored for global expansion.
MCS-3531,GovSecure Dept,IoT Processing,"Oracle Cloud, GCP, Alibaba Cloud",Failover/DR,"Kubernetes, Spinnaker, Crossplane",Pay-as-you-go,0.55,18.1,Strategy tailored for latency reduction.
MCS-3532,LogiTrans Freight,Edge Computing,"AWS, DigitalOcean, Oracle Cloud, Alibaba Cloud",Vendor Risk Mitigation,"Crossplane, Kubernetes, Istio",Usage-based Scaling,0.76,6.5,Strategy tailored for cost savings.
MCS-3533,HealthCore Systems,IoT Processing,"AWS, Alibaba Cloud, Azure",Best-of-Breed,"Azure Arc, Anthos",Pay-as-you-go,0.52,18.5,Strategy tailored for global expansion.
MCS-3534,AeroX Manufacturing,High-Performance Computing,"Azure, Oracle Cloud, AWS, DigitalOcean",Cost Optimization,"HashiCorp Vault, Anthos",Reserved Instances,0.92,5.5,Strategy tailored for regulatory compliance.
MCS-3535,EduPrime University,Hybrid Analytics,"GCP, AWS, DigitalOcean, Azure",Compliance Segmentation,"Crossplane, Azure Arc",Usage-based Scaling,0.59,34.6,Strategy tailored for latency reduction.
MCS-3536,LogiTrans Freight,Backup & Archival,"DigitalOcean, IBM Cloud, GCP, Alibaba Cloud",Distributed Workload,"Crossplane, Spinnaker",Multi-year Contract,0.53,8.4,Strategy tailored for cost savings.
MCS-3537,FinTrust Bank,Disaster Recovery,"AWS, IBM Cloud, GCP",Distributed Workload,"HashiCorp Vault, Spinnaker",Spot Instances,0.97,25.7,Strategy tailored for cost savings.
MCS-3538,TechNova Solutions,IoT Processing,"GCP, Azure, DigitalOcean, Oracle Cloud",Compliance Segmentation,"Kubernetes, Azure Arc, Spinnaker",Spot Instances,0.65,14.5,Strategy tailored for global expansion.
MCS-3539,EduPrime University,IoT Processing,"GCP, AWS, Alibaba Cloud",Distributed Workload,Spinnaker,Pay-as-you-go,0.53,22.2,Strategy tailored for latency reduction.
MCS-3540,HealthCore Systems,Edge Computing,"GCP, AWS, Azure, DigitalOcean",Vendor Risk Mitigation,"Istio, Spinnaker",Reserved Instances,0.17,9.2,Strategy tailored for regulatory compliance.
MCS-3541,FinTrust Bank,Backup & Archival,"Alibaba Cloud, AWS, DigitalOcean",Best-of-Breed,"Istio, Azure Arc, Crossplane",Multi-year Contract,0.85,14.6,Strategy tailored for latency reduction.
MCS-3542,AgriSmart Farms,AI/ML Model Training,"Azure, IBM Cloud, Alibaba Cloud",Best-of-Breed,"Istio, Kubernetes",Reserved Instances,0.27,25.2,Strategy tailored for latency reduction.
MCS-3543,HealthCore Systems,IoT Processing,"Azure, Alibaba Cloud, DigitalOcean, IBM Cloud",Cost Optimization,Anthos,Reserved Instances,0.78,7.5,Strategy tailored for cost savings.
MCS-3544,AgriSmart Farms,Disaster Recovery,"GCP, Oracle Cloud, Alibaba Cloud, Azure",Cost Optimization,HashiCorp Vault,Multi-year Contract,0.61,9.8,Strategy tailored for regulatory compliance.
MCS-3545,FinTrust Bank,Disaster Recovery,"AWS, Alibaba Cloud, IBM Cloud",Hybrid Integration,"Kubernetes, Spinnaker",Committed Use Discount,0.13,7.1,Strategy tailored for latency reduction.
MCS-3546,HealthCore Systems,Global App Deployment,"DigitalOcean, AWS, GCP",Failover/DR,"Spinnaker, Kubernetes",Reserved Instances,0.84,9.7,Strategy tailored for cost savings.
MCS-3547,FinTrust Bank,High-Performance Computing,"AWS, DigitalOcean, GCP",Distributed Workload,"Terraform, Crossplane, Azure Arc",Multi-year Contract,0.14,22.5,Strategy tailored for cost savings.
MCS-3548,FinTrust Bank,Data Warehousing,"AWS, Alibaba Cloud, DigitalOcean, GCP",Best-of-Breed,"Crossplane, Istio, HashiCorp Vault",Committed Use Discount,0.85,15.5,Strategy tailored for cost savings.
MCS-3549,AgriSmart Farms,AI/ML Model Training,"GCP, Azure, IBM Cloud, AWS",Compliance Segmentation,"Crossplane, Azure Arc",Multi-year Contract,0.48,6.6,Strategy tailored for global expansion.
MCS-3550,LogiTrans Freight,Edge Computing,"DigitalOcean, Azure, IBM Cloud, AWS",Failover/DR,Azure Arc,Pay-as-you-go,0.5,28.1,Strategy tailored for global expansion.
MCS-3551,RetailHub Online,IoT Processing,"IBM Cloud, DigitalOcean, AWS",Compliance Segmentation,Spinnaker,Multi-year Contract,0.61,18.3,Strategy tailored for latency reduction.
MCS-3552,EduPrime University,AI/ML Model Training,"Alibaba Cloud, DigitalOcean",Cost Optimization,"Spinnaker, Anthos, Kubernetes",Usage-based Scaling,0.38,9.3,Strategy tailored for global expansion.
MCS-3553,AeroX Manufacturing,Disaster Recovery,"Alibaba Cloud, GCP, IBM Cloud",Hybrid Integration,"Spinnaker, Istio",Committed Use Discount,0.43,9.0,Strategy tailored for regulatory compliance.
MCS-3554,FinTrust Bank,Backup & Archival,"Azure, IBM Cloud, AWS",Vendor Risk Mitigation,"Istio, Crossplane",Usage-based Scaling,0.78,43.7,Strategy tailored for latency reduction.
MCS-3555,AgriSmart Farms,IoT Processing,"IBM Cloud, Alibaba Cloud",Vendor Risk Mitigation,"Istio, Terraform, Azure Arc",Pay-as-you-go,0.96,39.6,Strategy tailored for latency reduction.
MCS-3556,MediPulse Clinics,IoT Processing,"Oracle Cloud, Azure, DigitalOcean",Distributed Workload,"HashiCorp Vault, Azure Arc",Pay-as-you-go,0.63,33.0,Strategy tailored for latency reduction.
MCS-3557,MediPulse Clinics,IoT Processing,"Oracle Cloud, Alibaba Cloud",Best-of-Breed,Istio,Usage-based Scaling,0.35,30.2,Strategy tailored for latency reduction.
MCS-3558,AgriSmart Farms,Backup & Archival,"Azure, GCP",Failover/DR,"Terraform, Crossplane, Anthos",Reserved Instances,0.51,24.3,Strategy tailored for global expansion.
MCS-3559,MediPulse Clinics,Data Warehousing,"IBM Cloud, Oracle Cloud, GCP, Alibaba Cloud",Hybrid Integration,"Spinnaker, Istio",Reserved Instances,0.77,16.3,Strategy tailored for regulatory compliance.
MCS-3560,FinTrust Bank,Backup & Archival,"DigitalOcean, Azure, Alibaba Cloud",Compliance Segmentation,Crossplane,Reserved Instances,0.38,42.0,Strategy tailored for cost savings.
MCS-3561,AgriSmart Farms,Backup & Archival,"Alibaba Cloud, AWS",Hybrid Integration,Spinnaker,Usage-based Scaling,0.15,24.4,Strategy tailored for cost savings.
MCS-3562,AgriSmart Farms,AI/ML Model Training,"GCP, Alibaba Cloud, Azure, Oracle Cloud",Cost Optimization,HashiCorp Vault,Multi-year Contract,0.91,29.4,Strategy tailored for regulatory compliance.
MCS-3563,TechNova Solutions,Hybrid Analytics,"Alibaba Cloud, IBM Cloud, AWS",Distributed Workload,Spinnaker,Multi-year Contract,0.59,15.0,Strategy tailored for global expansion.
MCS-3564,FinTrust Bank,Data Warehousing,"Azure, GCP, Oracle Cloud",Best-of-Breed,Azure Arc,Reserved Instances,0.41,39.1,Strategy tailored for cost savings.
MCS-3565,AeroX Manufacturing,IoT Processing,"IBM Cloud, GCP, DigitalOcean, Azure",Failover/DR,HashiCorp Vault,Usage-based Scaling,0.6,25.6,Strategy tailored for cost savings.
MCS-3566,GovSecure Dept,High-Performance Computing,"AWS, GCP",Best-of-Breed,Istio,Spot Instances,0.19,5.6,Strategy tailored for cost savings.
MCS-3567,AeroX Manufacturing,AI/ML Model Training,"Azure, AWS, Oracle Cloud",Hybrid Integration,Anthos,Reserved Instances,0.96,20.1,Strategy tailored for latency reduction.
MCS-3568,AgriSmart Farms,AI/ML Model Training,"Oracle Cloud, IBM Cloud, Azure",Best-of-Breed,"Azure Arc, Crossplane",Reserved Instances,0.64,8.2,Strategy tailored for global expansion.
MCS-3569,MediPulse Clinics,Global App Deployment,"Alibaba Cloud, AWS, Oracle Cloud",Failover/DR,HashiCorp Vault,Pay-as-you-go,0.71,42.3,Strategy tailored for cost savings.
MCS-3570,HealthCore Systems,Global App Deployment,"Azure, IBM Cloud, AWS, GCP",Cost Optimization,"Terraform, Kubernetes",Reserved Instances,0.61,10.0,Strategy tailored for latency reduction.
MCS-3571,MediPulse Clinics,AI/ML Model Training,"IBM Cloud, AWS, DigitalOcean, Azure",Compliance Segmentation,Azure Arc,Committed Use Discount,0.62,35.7,Strategy tailored for cost savings.
MCS-3572,LogiTrans Freight,Hybrid Analytics,"IBM Cloud, AWS",Best-of-Breed,Terraform,Reserved Instances,0.46,40.2,Strategy tailored for regulatory compliance.
MCS-3573,MediPulse Clinics,AI/ML Model Training,"Azure, Alibaba Cloud, GCP",Distributed Workload,"Crossplane, HashiCorp Vault, Azure Arc",Pay-as-you-go,0.68,41.0,Strategy tailored for regulatory compliance.
MCS-3574,TechNova Solutions,Edge Computing,"DigitalOcean, Oracle Cloud",Cost Optimization,"Anthos, Kubernetes, Terraform",Committed Use Discount,0.65,10.3,Strategy tailored for regulatory compliance.
MCS-3575,RetailHub Online,Data Warehousing,"Azure, AWS, Oracle Cloud, IBM Cloud",Distributed Workload,"Kubernetes, Anthos, Istio",Spot Instances,0.38,13.1,Strategy tailored for regulatory compliance.
MCS-3576,LogiTrans Freight,Edge Computing,"Oracle Cloud, AWS",Vendor Risk Mitigation,"Kubernetes, Crossplane, Anthos",Committed Use Discount,0.91,35.4,Strategy tailored for cost savings.
MCS-3577,AeroX Manufacturing,AI/ML Model Training,"DigitalOcean, Oracle Cloud",Distributed Workload,"Istio, HashiCorp Vault",Spot Instances,0.7,17.0,Strategy tailored for regulatory compliance.
MCS-3578,FinTrust Bank,IoT Processing,"DigitalOcean, Oracle Cloud",Compliance Segmentation,"Kubernetes, Spinnaker",Pay-as-you-go,0.26,35.3,Strategy tailored for cost savings.
MCS-3579,GovSecure Dept,AI/ML Model Training,"DigitalOcean, GCP, Oracle Cloud, AWS",Distributed Workload,"Kubernetes, Istio, HashiCorp Vault",Multi-year Contract,0.52,14.0,Strategy tailored for latency reduction.
MCS-3580,EduPrime University,Data Warehousing,"AWS, DigitalOcean",Best-of-Breed,"Spinnaker, HashiCorp Vault",Multi-year Contract,0.65,6.6,Strategy tailored for global expansion.
MCS-3581,FinTrust Bank,High-Performance Computing,"Alibaba Cloud, Oracle Cloud, DigitalOcean, Azure",Hybrid Integration,Anthos,Reserved Instances,0.39,23.7,Strategy tailored for cost savings.
MCS-3582,LogiTrans Freight,AI/ML Model Training,"GCP, IBM Cloud, Azure, AWS",Vendor Risk Mitigation,Istio,Usage-based Scaling,0.23,44.4,Strategy tailored for regulatory compliance.
MCS-3583,GovSecure Dept,IoT Processing,"Azure, Oracle Cloud, AWS",Best-of-Breed,"Anthos, Crossplane",Committed Use Discount,0.29,10.2,Strategy tailored for cost savings.
MCS-3584,FinTrust Bank,Disaster Recovery,"DigitalOcean, Azure",Distributed Workload,"Azure Arc, Crossplane",Multi-year Contract,0.28,35.8,Strategy tailored for cost savings.
MCS-3585,RetailHub Online,AI/ML Model Training,"Azure, GCP",Distributed Workload,"Istio, Azure Arc",Multi-year Contract,0.48,27.6,Strategy tailored for cost savings.
MCS-3586,EduPrime University,Hybrid Analytics,"DigitalOcean, GCP, AWS, Oracle Cloud",Compliance Segmentation,"Azure Arc, Istio, HashiCorp Vault",Spot Instances,0.12,6.4,Strategy tailored for global expansion.
MCS-3587,TechNova Solutions,AI/ML Model Training,"Azure, IBM Cloud, Alibaba Cloud",Best-of-Breed,Kubernetes,Committed Use Discount,0.5,37.7,Strategy tailored for latency reduction.
MCS-3588,MediPulse Clinics,IoT Processing,"DigitalOcean, Oracle Cloud",Distributed Workload,"Anthos, Azure Arc",Spot Instances,0.89,8.5,Strategy tailored for cost savings.
MCS-3589,TechNova Solutions,AI/ML Model Training,"Oracle Cloud, Azure",Hybrid Integration,"HashiCorp Vault, Kubernetes",Reserved Instances,0.58,41.5,Strategy tailored for global expansion.
MCS-3590,TechNova Solutions,High-Performance Computing,"Alibaba Cloud, Oracle Cloud, IBM Cloud",Distributed Workload,"Crossplane, Spinnaker",Spot Instances,0.45,38.2,Strategy tailored for regulatory compliance.
MCS-3591,AeroX Manufacturing,High-Performance Computing,"Azure, GCP",Vendor Risk Mitigation,"Crossplane, HashiCorp Vault, Anthos",Pay-as-you-go,0.22,42.4,Strategy tailored for latency reduction.
MCS-3592,AgriSmart Farms,High-Performance Computing,"Azure, GCP, AWS, Oracle Cloud",Cost Optimization,Istio,Committed Use Discount,0.77,42.7,Strategy tailored for global expansion.
MCS-3593,GovSecure Dept,IoT Processing,"Azure, DigitalOcean",Best-of-Breed,"Anthos, Istio",Spot Instances,0.7,19.5,Strategy tailored for global expansion.
MCS-3594,LogiTrans Freight,Data Warehousing,"Azure, DigitalOcean, GCP, AWS",Cost Optimization,"Azure Arc, Anthos",Usage-based Scaling,0.93,16.0,Strategy tailored for regulatory compliance.
MCS-3595,EduPrime University,AI/ML Model Training,"IBM Cloud, AWS",Hybrid Integration,"HashiCorp Vault, Terraform",Reserved Instances,0.4,33.0,Strategy tailored for cost savings.
MCS-3596,RetailHub Online,Edge Computing,"Oracle Cloud, IBM Cloud, AWS",Hybrid Integration,"Spinnaker, HashiCorp Vault",Multi-year Contract,0.78,42.2,Strategy tailored for global expansion.
MCS-3597,EduPrime University,IoT Processing,"Alibaba Cloud, IBM Cloud",Hybrid Integration,"Terraform, Azure Arc, Spinnaker",Reserved Instances,0.28,36.9,Strategy tailored for cost savings.
MCS-3598,AeroX Manufacturing,Backup & Archival,"AWS, GCP",Distributed Workload,"Anthos, Istio, Kubernetes",Reserved Instances,0.76,7.6,Strategy tailored for global expansion.
MCS-3599,EduPrime University,Disaster Recovery,"DigitalOcean, Alibaba Cloud, GCP, IBM Cloud",Best-of-Breed,"Istio, Azure Arc, Spinnaker",Usage-based Scaling,0.44,16.3,Strategy tailored for global expansion.
MCS-3600,FinTrust Bank,High-Performance Computing,"Oracle Cloud, DigitalOcean",Failover/DR,"Anthos, Istio, Crossplane",Spot Instances,0.37,44.3,Strategy tailored for cost savings.
MCS-3601,FinTrust Bank,AI/ML Model Training,"Azure, Alibaba Cloud",Best-of-Breed,Crossplane,Multi-year Contract,0.67,33.7,Strategy tailored for regulatory compliance.
MCS-3602,EduPrime University,High-Performance Computing,"Alibaba Cloud, IBM Cloud, Azure",Failover/DR,Istio,Spot Instances,0.97,20.1,Strategy tailored for global expansion.
MCS-3603,FinTrust Bank,Backup & Archival,"DigitalOcean, IBM Cloud",Cost Optimization,"Spinnaker, HashiCorp Vault",Usage-based Scaling,0.81,22.4,Strategy tailored for latency reduction.
MCS-3604,RetailHub Online,High-Performance Computing,"Alibaba Cloud, GCP",Compliance Segmentation,"Crossplane, Spinnaker, Anthos",Spot Instances,0.87,12.2,Strategy tailored for cost savings.
MCS-3605,FinTrust Bank,Backup & Archival,"Oracle Cloud, GCP, IBM Cloud",Compliance Segmentation,Kubernetes,Reserved Instances,0.94,13.8,Strategy tailored for cost savings.
MCS-3606,AgriSmart Farms,IoT Processing,"IBM Cloud, Azure",Hybrid Integration,Terraform,Pay-as-you-go,0.39,35.2,Strategy tailored for latency reduction.
MCS-3607,TechNova Solutions,Edge Computing,"AWS, Oracle Cloud, GCP",Vendor Risk Mitigation,"Terraform, Crossplane, Spinnaker",Reserved Instances,0.45,29.3,Strategy tailored for latency reduction.
MCS-3608,AgriSmart Farms,Edge Computing,"AWS, Alibaba Cloud, GCP, DigitalOcean",Hybrid Integration,Kubernetes,Committed Use Discount,0.5,34.7,Strategy tailored for global expansion.
MCS-3609,MediPulse Clinics,Backup & Archival,"AWS, DigitalOcean, Azure",Vendor Risk Mitigation,"Azure Arc, Crossplane",Usage-based Scaling,0.3,7.3,Strategy tailored for latency reduction.
MCS-3610,AgriSmart Farms,Backup & Archival,"Azure, Oracle Cloud, GCP, DigitalOcean",Hybrid Integration,"Terraform, Kubernetes",Pay-as-you-go,0.37,24.0,Strategy tailored for latency reduction.
MCS-3611,HealthCore Systems,High-Performance Computing,"GCP, Oracle Cloud, Alibaba Cloud, DigitalOcean",Best-of-Breed,"Spinnaker, Crossplane",Committed Use Discount,0.25,19.2,Strategy tailored for latency reduction.
MCS-3612,HealthCore Systems,Disaster Recovery,"Oracle Cloud, DigitalOcean",Best-of-Breed,"Azure Arc, Spinnaker",Usage-based Scaling,0.46,7.3,Strategy tailored for latency reduction.
MCS-3613,MediPulse Clinics,AI/ML Model Training,"GCP, IBM Cloud",Distributed Workload,"Istio, Terraform",Pay-as-you-go,0.62,40.4,Strategy tailored for global expansion.
MCS-3614,MediPulse Clinics,Hybrid Analytics,"IBM Cloud, DigitalOcean, Alibaba Cloud",Failover/DR,"Azure Arc, Kubernetes, Spinnaker",Pay-as-you-go,0.24,28.9,Strategy tailored for global expansion.
MCS-3615,FinTrust Bank,IoT Processing,"GCP, IBM Cloud",Failover/DR,"Azure Arc, Anthos",Committed Use Discount,0.69,21.8,Strategy tailored for latency reduction.
MCS-3616,AeroX Manufacturing,IoT Processing,"GCP, Oracle Cloud, Azure",Cost Optimization,"Azure Arc, Anthos",Reserved Instances,0.72,21.4,Strategy tailored for cost savings.
MCS-3617,AeroX Manufacturing,Backup & Archival,"GCP, Azure",Distributed Workload,"Anthos, Terraform",Spot Instances,0.55,5.3,Strategy tailored for global expansion.
MCS-3618,TechNova Solutions,Backup & Archival,"AWS, DigitalOcean",Hybrid Integration,"Crossplane, Azure Arc, Istio",Multi-year Contract,0.72,31.5,Strategy tailored for global expansion.
MCS-3619,AeroX Manufacturing,Global App Deployment,"Alibaba Cloud, Azure",Best-of-Breed,HashiCorp Vault,Reserved Instances,0.13,19.7,Strategy tailored for cost savings.
MCS-3620,LogiTrans Freight,Data Warehousing,"Alibaba Cloud, Oracle Cloud, DigitalOcean",Cost Optimization,"Azure Arc, Anthos, Istio",Pay-as-you-go,0.97,21.8,Strategy tailored for regulatory compliance.
MCS-3621,FinTrust Bank,Data Warehousing,"Azure, IBM Cloud, GCP",Hybrid Integration,"Kubernetes, Spinnaker",Pay-as-you-go,0.55,41.4,Strategy tailored for global expansion.
MCS-3622,RetailHub Online,Disaster Recovery,"IBM Cloud, Oracle Cloud, Azure, AWS",Compliance Segmentation,"Azure Arc, Crossplane",Usage-based Scaling,0.74,28.3,Strategy tailored for cost savings.
MCS-3623,LogiTrans Freight,Hybrid Analytics,"Oracle Cloud, DigitalOcean, AWS",Best-of-Breed,"Crossplane, Kubernetes, Anthos",Reserved Instances,0.81,39.6,Strategy tailored for global expansion.
MCS-3624,GovSecure Dept,High-Performance Computing,"AWS, IBM Cloud",Best-of-Breed,Spinnaker,Pay-as-you-go,0.51,24.0,Strategy tailored for cost savings.
MCS-3625,HealthCore Systems,Disaster Recovery,"DigitalOcean, GCP",Failover/DR,Crossplane,Usage-based Scaling,0.44,43.7,Strategy tailored for regulatory compliance.
MCS-3626,LogiTrans Freight,Global App Deployment,"AWS, GCP, Oracle Cloud, IBM Cloud",Distributed Workload,Istio,Pay-as-you-go,0.72,8.3,Strategy tailored for global expansion.
MCS-3627,HealthCore Systems,High-Performance Computing,"DigitalOcean, IBM Cloud, Oracle Cloud",Hybrid Integration,"Istio, Spinnaker",Spot Instances,0.87,24.2,Strategy tailored for global expansion.
MCS-3628,AgriSmart Farms,Disaster Recovery,"IBM Cloud, DigitalOcean, Oracle Cloud, Azure",Failover/DR,"Crossplane, Terraform",Pay-as-you-go,0.16,27.0,Strategy tailored for regulatory compliance.
MCS-3629,EduPrime University,Data Warehousing,"Azure, DigitalOcean, Oracle Cloud",Compliance Segmentation,"HashiCorp Vault, Kubernetes, Azure Arc",Multi-year Contract,0.47,40.1,Strategy tailored for cost savings.
MCS-3630,EduPrime University,Data Warehousing,"IBM Cloud, AWS",Vendor Risk Mitigation,"Azure Arc, Crossplane",Usage-based Scaling,0.28,38.1,Strategy tailored for latency reduction.
MCS-3631,LogiTrans Freight,Disaster Recovery,"DigitalOcean, GCP, Oracle Cloud",Compliance Segmentation,Istio,Pay-as-you-go,0.6,7.2,Strategy tailored for latency reduction.
MCS-3632,TechNova Solutions,Hybrid Analytics,"IBM Cloud, AWS, DigitalOcean, GCP",Best-of-Breed,"Kubernetes, Terraform, Istio",Spot Instances,0.96,25.5,Strategy tailored for cost savings.
MCS-3633,MediPulse Clinics,Disaster Recovery,"IBM Cloud, AWS",Failover/DR,"HashiCorp Vault, Crossplane",Multi-year Contract,0.36,23.8,Strategy tailored for cost savings.
MCS-3634,AgriSmart Farms,Hybrid Analytics,"IBM Cloud, Oracle Cloud, Alibaba Cloud",Vendor Risk Mitigation,Azure Arc,Committed Use Discount,0.86,17.2,Strategy tailored for regulatory compliance.
MCS-3635,GovSecure Dept,Backup & Archival,"Azure, GCP, Oracle Cloud, AWS",Cost Optimization,Kubernetes,Committed Use Discount,0.27,10.2,Strategy tailored for global expansion.
MCS-3636,LogiTrans Freight,AI/ML Model Training,"Oracle Cloud, Azure, IBM Cloud",Distributed Workload,"Istio, Spinnaker, Anthos",Usage-based Scaling,0.37,36.2,Strategy tailored for cost savings.
MCS-3637,EduPrime University,Disaster Recovery,"AWS, Oracle Cloud",Compliance Segmentation,Istio,Spot Instances,0.52,14.1,Strategy tailored for regulatory compliance.
MCS-3638,EduPrime University,Backup & Archival,"GCP, Oracle Cloud",Cost Optimization,"Crossplane, Istio",Multi-year Contract,0.25,18.3,Strategy tailored for cost savings.
MCS-3639,LogiTrans Freight,Data Warehousing,"AWS, Alibaba Cloud, DigitalOcean",Compliance Segmentation,"Anthos, Terraform, Crossplane",Spot Instances,0.94,18.7,Strategy tailored for latency reduction.
MCS-3640,HealthCore Systems,Edge Computing,"DigitalOcean, Oracle Cloud, AWS, GCP",Best-of-Breed,"Terraform, Crossplane, Anthos",Committed Use Discount,0.98,24.4,Strategy tailored for cost savings.
MCS-3641,EduPrime University,Hybrid Analytics,"Oracle Cloud, DigitalOcean",Failover/DR,"Terraform, HashiCorp Vault, Istio",Usage-based Scaling,0.26,40.6,Strategy tailored for cost savings.
MCS-3642,RetailHub Online,IoT Processing,"Alibaba Cloud, DigitalOcean, Azure",Distributed Workload,"Azure Arc, Istio, Terraform",Pay-as-you-go,0.51,33.4,Strategy tailored for latency reduction.
MCS-3643,FinTrust Bank,Disaster Recovery,"AWS, IBM Cloud, DigitalOcean, Azure",Best-of-Breed,"Spinnaker, Crossplane, Terraform",Usage-based Scaling,0.98,7.0,Strategy tailored for latency reduction.
MCS-3644,AgriSmart Farms,Backup & Archival,"Azure, IBM Cloud",Compliance Segmentation,HashiCorp Vault,Usage-based Scaling,0.19,33.8,Strategy tailored for regulatory compliance.
MCS-3645,HealthCore Systems,IoT Processing,"IBM Cloud, Azure, Alibaba Cloud, AWS",Cost Optimization,"Azure Arc, Terraform, Anthos",Usage-based Scaling,0.35,12.4,Strategy tailored for cost savings.
MCS-3646,LogiTrans Freight,High-Performance Computing,"AWS, Azure, Oracle Cloud",Distributed Workload,Terraform,Multi-year Contract,0.14,5.9,Strategy tailored for latency reduction.
MCS-3647,EduPrime University,Data Warehousing,"DigitalOcean, Oracle Cloud, IBM Cloud, AWS",Hybrid Integration,"Crossplane, Istio, Azure Arc",Usage-based Scaling,0.79,10.4,Strategy tailored for regulatory compliance.
MCS-3648,LogiTrans Freight,Disaster Recovery,"DigitalOcean, Azure, AWS",Vendor Risk Mitigation,Terraform,Committed Use Discount,0.52,29.2,Strategy tailored for cost savings.
MCS-3649,RetailHub Online,Disaster Recovery,"Oracle Cloud, Alibaba Cloud, Azure, DigitalOcean",Cost Optimization,"Crossplane, Kubernetes, Terraform",Multi-year Contract,0.48,6.1,Strategy tailored for latency reduction.
MCS-3650,AgriSmart Farms,Data Warehousing,"Oracle Cloud, IBM Cloud, Azure, Alibaba Cloud",Distributed Workload,"HashiCorp Vault, Spinnaker, Terraform",Usage-based Scaling,0.8,5.4,Strategy tailored for latency reduction.
MCS-3651,MediPulse Clinics,Hybrid Analytics,"Oracle Cloud, DigitalOcean, AWS",Cost Optimization,"Spinnaker, Azure Arc",Reserved Instances,0.78,40.7,Strategy tailored for cost savings.
MCS-3652,MediPulse Clinics,Global App Deployment,"IBM Cloud, Alibaba Cloud, GCP",Best-of-Breed,Istio,Usage-based Scaling,0.49,26.4,Strategy tailored for cost savings.
MCS-3653,LogiTrans Freight,High-Performance Computing,"IBM Cloud, Azure",Failover/DR,"Istio, Azure Arc",Spot Instances,0.52,20.6,Strategy tailored for latency reduction.
MCS-3654,AeroX Manufacturing,Global App Deployment,"DigitalOcean, Oracle Cloud, AWS",Distributed Workload,"Anthos, Kubernetes",Multi-year Contract,0.89,40.8,Strategy tailored for latency reduction.
MCS-3655,LogiTrans Freight,Edge Computing,"IBM Cloud, Azure, GCP, AWS",Failover/DR,"HashiCorp Vault, Crossplane",Spot Instances,0.4,29.6,Strategy tailored for global expansion.
MCS-3656,LogiTrans Freight,Data Warehousing,"GCP, IBM Cloud, Oracle Cloud",Distributed Workload,"Terraform, Crossplane",Reserved Instances,0.92,43.5,Strategy tailored for regulatory compliance.
MCS-3657,GovSecure Dept,Disaster Recovery,"AWS, Alibaba Cloud, GCP",Best-of-Breed,"Kubernetes, Istio",Spot Instances,0.55,23.1,Strategy tailored for regulatory compliance.
MCS-3658,LogiTrans Freight,Backup & Archival,"Azure, IBM Cloud, AWS, Alibaba Cloud",Cost Optimization,"Istio, Anthos",Pay-as-you-go,0.35,43.4,Strategy tailored for global expansion.
MCS-3659,HealthCore Systems,AI/ML Model Training,"IBM Cloud, Oracle Cloud, AWS",Best-of-Breed,"HashiCorp Vault, Istio, Terraform",Pay-as-you-go,0.23,28.2,Strategy tailored for cost savings.
MCS-3660,AgriSmart Farms,Edge Computing,"DigitalOcean, Alibaba Cloud, Azure, Oracle Cloud",Cost Optimization,"HashiCorp Vault, Spinnaker",Spot Instances,0.35,16.2,Strategy tailored for latency reduction.
MCS-3661,RetailHub Online,Disaster Recovery,"IBM Cloud, Azure",Best-of-Breed,Kubernetes,Usage-based Scaling,0.46,45.0,Strategy tailored for cost savings.
MCS-3662,TechNova Solutions,Disaster Recovery,"DigitalOcean, IBM Cloud",Distributed Workload,"Terraform, Azure Arc, Anthos",Reserved Instances,0.15,28.1,Strategy tailored for latency reduction.
MCS-3663,MediPulse Clinics,IoT Processing,"Azure, Alibaba Cloud",Failover/DR,Istio,Multi-year Contract,0.17,11.2,Strategy tailored for cost savings.
MCS-3664,HealthCore Systems,Backup & Archival,"Oracle Cloud, Azure",Best-of-Breed,Spinnaker,Usage-based Scaling,0.49,25.4,Strategy tailored for cost savings.
MCS-3665,FinTrust Bank,Data Warehousing,"Alibaba Cloud, Azure, Oracle Cloud",Compliance Segmentation,"Istio, Kubernetes, Anthos",Usage-based Scaling,0.33,17.7,Strategy tailored for global expansion.
MCS-3666,TechNova Solutions,Global App Deployment,"Alibaba Cloud, DigitalOcean, GCP",Best-of-Breed,"HashiCorp Vault, Azure Arc, Spinnaker",Pay-as-you-go,0.18,17.1,Strategy tailored for regulatory compliance.
MCS-3667,AgriSmart Farms,High-Performance Computing,"IBM Cloud, GCP, Oracle Cloud, Alibaba Cloud",Hybrid Integration,Istio,Multi-year Contract,0.96,42.8,Strategy tailored for global expansion.
MCS-3668,RetailHub Online,IoT Processing,"GCP, Alibaba Cloud, DigitalOcean, Azure",Hybrid Integration,"Kubernetes, Anthos",Spot Instances,0.4,27.8,Strategy tailored for global expansion.
MCS-3669,GovSecure Dept,Backup & Archival,"Alibaba Cloud, Oracle Cloud, GCP, Azure",Compliance Segmentation,"Crossplane, Spinnaker, Kubernetes",Committed Use Discount,0.91,5.2,Strategy tailored for cost savings.
MCS-3670,TechNova Solutions,Backup & Archival,"DigitalOcean, Azure, Oracle Cloud",Vendor Risk Mitigation,"Azure Arc, Spinnaker",Spot Instances,0.82,42.9,Strategy tailored for regulatory compliance.
MCS-3671,GovSecure Dept,IoT Processing,"Azure, AWS",Vendor Risk Mitigation,"Spinnaker, Azure Arc, Anthos",Multi-year Contract,0.18,11.5,Strategy tailored for global expansion.
MCS-3672,FinTrust Bank,Backup & Archival,"GCP, Azure, DigitalOcean, Oracle Cloud",Vendor Risk Mitigation,"Azure Arc, HashiCorp Vault, Istio",Committed Use Discount,0.96,26.5,Strategy tailored for regulatory compliance.
MCS-3673,RetailHub Online,High-Performance Computing,"DigitalOcean, GCP, IBM Cloud, AWS",Hybrid Integration,Crossplane,Committed Use Discount,0.11,15.3,Strategy tailored for latency reduction.
MCS-3674,TechNova Solutions,Disaster Recovery,"Azure, IBM Cloud, GCP, Oracle Cloud",Distributed Workload,Terraform,Pay-as-you-go,0.5,32.7,Strategy tailored for global expansion.
MCS-3675,RetailHub Online,Edge Computing,"Alibaba Cloud, IBM Cloud",Vendor Risk Mitigation,Terraform,Usage-based Scaling,0.75,44.8,Strategy tailored for global expansion.
MCS-3676,LogiTrans Freight,Global App Deployment,"Oracle Cloud, Azure, IBM Cloud, GCP",Hybrid Integration,"HashiCorp Vault, Spinnaker, Istio",Usage-based Scaling,0.36,26.5,Strategy tailored for latency reduction.
MCS-3677,RetailHub Online,Backup & Archival,"AWS, Oracle Cloud",Failover/DR,"HashiCorp Vault, Terraform",Committed Use Discount,0.57,21.2,Strategy tailored for latency reduction.
MCS-3678,EduPrime University,Disaster Recovery,"GCP, AWS, Azure",Cost Optimization,Crossplane,Reserved Instances,0.25,44.1,Strategy tailored for regulatory compliance.
MCS-3679,RetailHub Online,AI/ML Model Training,"Oracle Cloud, IBM Cloud",Hybrid Integration,"Azure Arc, Istio, Kubernetes",Spot Instances,0.86,24.9,Strategy tailored for regulatory compliance.
MCS-3680,RetailHub Online,AI/ML Model Training,"DigitalOcean, AWS, Alibaba Cloud, Azure",Failover/DR,"HashiCorp Vault, Crossplane, Terraform",Committed Use Discount,0.64,14.1,Strategy tailored for cost savings.
MCS-3681,MediPulse Clinics,IoT Processing,"Oracle Cloud, GCP",Failover/DR,"Istio, Spinnaker, HashiCorp Vault",Spot Instances,0.58,32.8,Strategy tailored for cost savings.
MCS-3682,TechNova Solutions,AI/ML Model Training,"AWS, IBM Cloud, GCP, Oracle Cloud",Failover/DR,"Azure Arc, Crossplane, HashiCorp Vault",Usage-based Scaling,0.56,44.6,Strategy tailored for regulatory compliance.
MCS-3683,TechNova Solutions,Edge Computing,"AWS, GCP, Oracle Cloud",Best-of-Breed,"Kubernetes, Crossplane, Spinnaker",Committed Use Discount,0.64,19.8,Strategy tailored for latency reduction.
MCS-3684,HealthCore Systems,Hybrid Analytics,"GCP, Alibaba Cloud, DigitalOcean, IBM Cloud",Vendor Risk Mitigation,"Azure Arc, HashiCorp Vault, Spinnaker",Usage-based Scaling,0.79,11.8,Strategy tailored for latency reduction.
MCS-3685,MediPulse Clinics,Data Warehousing,"Azure, IBM Cloud, AWS",Distributed Workload,"Azure Arc, Kubernetes",Spot Instances,0.44,18.9,Strategy tailored for regulatory compliance.
MCS-3686,MediPulse Clinics,AI/ML Model Training,"Alibaba Cloud, AWS",Compliance Segmentation,"Spinnaker, Anthos",Spot Instances,0.48,36.3,Strategy tailored for cost savings.
MCS-3687,MediPulse Clinics,Edge Computing,"Azure, Oracle Cloud",Best-of-Breed,"Crossplane, Spinnaker, Terraform",Multi-year Contract,0.53,36.8,Strategy tailored for global expansion.
MCS-3688,MediPulse Clinics,Data Warehousing,"IBM Cloud, Alibaba Cloud",Best-of-Breed,"Azure Arc, Terraform",Multi-year Contract,0.61,18.7,Strategy tailored for global expansion.
MCS-3689,RetailHub Online,Disaster Recovery,"IBM Cloud, Alibaba Cloud",Hybrid Integration,Istio,Usage-based Scaling,0.82,14.5,Strategy tailored for global expansion.
MCS-3690,FinTrust Bank,Edge Computing,"AWS, DigitalOcean, GCP",Compliance Segmentation,"Anthos, Istio, Kubernetes",Usage-based Scaling,0.3,25.2,Strategy tailored for global expansion.
MCS-3691,LogiTrans Freight,Global App Deployment,"Alibaba Cloud, AWS, Azure, IBM Cloud",Hybrid Integration,Terraform,Committed Use Discount,0.33,5.4,Strategy tailored for regulatory compliance.
MCS-3692,HealthCore Systems,Edge Computing,"Azure, AWS, Alibaba Cloud, GCP",Cost Optimization,Istio,Committed Use Discount,0.68,25.4,Strategy tailored for regulatory compliance.
MCS-3693,FinTrust Bank,Data Warehousing,"Azure, DigitalOcean, Alibaba Cloud, AWS",Failover/DR,"Anthos, Azure Arc",Committed Use Discount,0.5,43.7,Strategy tailored for regulatory compliance.
MCS-3694,LogiTrans Freight,High-Performance Computing,"Azure, IBM Cloud, DigitalOcean",Best-of-Breed,HashiCorp Vault,Committed Use Discount,0.61,39.5,Strategy tailored for latency reduction.
MCS-3695,AgriSmart Farms,Edge Computing,"AWS, IBM Cloud",Vendor Risk Mitigation,"Azure Arc, HashiCorp Vault, Anthos",Reserved Instances,0.22,27.8,Strategy tailored for global expansion.
MCS-3696,AeroX Manufacturing,IoT Processing,"Alibaba Cloud, AWS",Best-of-Breed,"Anthos, HashiCorp Vault, Crossplane",Spot Instances,0.87,28.3,Strategy tailored for global expansion.
MCS-3697,HealthCore Systems,AI/ML Model Training,"AWS, Oracle Cloud, Azure",Compliance Segmentation,"Kubernetes, HashiCorp Vault, Azure Arc",Multi-year Contract,0.74,19.9,Strategy tailored for cost savings.
MCS-3698,MediPulse Clinics,IoT Processing,"Oracle Cloud, Azure",Vendor Risk Mitigation,Kubernetes,Spot Instances,0.18,23.3,Strategy tailored for cost savings.
MCS-3699,AeroX Manufacturing,AI/ML Model Training,"AWS, DigitalOcean, IBM Cloud, Oracle Cloud",Failover/DR,"Anthos, Kubernetes, Terraform",Multi-year Contract,0.45,39.7,Strategy tailored for cost savings.
MCS-3700,MediPulse Clinics,AI/ML Model Training,"Oracle Cloud, Azure, Alibaba Cloud",Distributed Workload,"Kubernetes, Istio",Pay-as-you-go,0.32,43.7,Strategy tailored for regulatory compliance.
MCS-3701,EduPrime University,Backup & Archival,"Oracle Cloud, Alibaba Cloud, AWS, DigitalOcean",Compliance Segmentation,"HashiCorp Vault, Istio",Multi-year Contract,0.95,14.9,Strategy tailored for latency reduction.
MCS-3702,TechNova Solutions,Global App Deployment,"GCP, Alibaba Cloud",Hybrid Integration,Terraform,Reserved Instances,0.41,40.8,Strategy tailored for latency reduction.
MCS-3703,EduPrime University,High-Performance Computing,"Alibaba Cloud, IBM Cloud, Azure, Oracle Cloud",Cost Optimization,"Terraform, Kubernetes, HashiCorp Vault",Committed Use Discount,0.96,22.7,Strategy tailored for regulatory compliance.
MCS-3704,FinTrust Bank,Data Warehousing,"GCP, IBM Cloud, Oracle Cloud, DigitalOcean",Vendor Risk Mitigation,"Terraform, Kubernetes",Usage-based Scaling,0.39,26.0,Strategy tailored for latency reduction.
MCS-3705,AgriSmart Farms,Disaster Recovery,"Alibaba Cloud, DigitalOcean, Azure, GCP",Distributed Workload,"Spinnaker, HashiCorp Vault, Anthos",Committed Use Discount,0.71,15.9,Strategy tailored for latency reduction.
MCS-3706,GovSecure Dept,Data Warehousing,"Alibaba Cloud, Oracle Cloud",Cost Optimization,"Kubernetes, Terraform, Istio",Reserved Instances,0.76,7.1,Strategy tailored for cost savings.
MCS-3707,LogiTrans Freight,Data Warehousing,"AWS, GCP",Best-of-Breed,Azure Arc,Committed Use Discount,0.14,20.5,Strategy tailored for global expansion.
MCS-3708,FinTrust Bank,AI/ML Model Training,"GCP, Azure, DigitalOcean, AWS",Best-of-Breed,Anthos,Committed Use Discount,0.41,17.6,Strategy tailored for cost savings.
MCS-3709,EduPrime University,Disaster Recovery,"DigitalOcean, Azure, AWS, Oracle Cloud",Cost Optimization,Istio,Reserved Instances,0.54,17.8,Strategy tailored for global expansion.
MCS-3710,FinTrust Bank,Global App Deployment,"IBM Cloud, DigitalOcean, AWS, Oracle Cloud",Failover/DR,"Istio, Crossplane, Terraform",Spot Instances,0.27,17.4,Strategy tailored for regulatory compliance.
MCS-3711,LogiTrans Freight,High-Performance Computing,"Azure, AWS, DigitalOcean",Best-of-Breed,"Anthos, Terraform",Committed Use Discount,0.97,21.4,Strategy tailored for latency reduction.
MCS-3712,FinTrust Bank,Hybrid Analytics,"Oracle Cloud, AWS",Distributed Workload,Crossplane,Multi-year Contract,0.5,28.1,Strategy tailored for regulatory compliance.
MCS-3713,FinTrust Bank,Backup & Archival,"GCP, AWS, Azure, IBM Cloud",Distributed Workload,HashiCorp Vault,Pay-as-you-go,0.98,14.7,Strategy tailored for latency reduction.
MCS-3714,AeroX Manufacturing,AI/ML Model Training,"GCP, DigitalOcean, Alibaba Cloud, IBM Cloud",Hybrid Integration,"Istio, Crossplane",Spot Instances,0.71,33.6,Strategy tailored for cost savings.
MCS-3715,AeroX Manufacturing,High-Performance Computing,"GCP, Oracle Cloud, AWS",Cost Optimization,Spinnaker,Spot Instances,0.64,8.5,Strategy tailored for global expansion.
MCS-3716,HealthCore Systems,Global App Deployment,"Oracle Cloud, DigitalOcean, AWS",Compliance Segmentation,"Istio, Spinnaker, Kubernetes",Spot Instances,0.7,7.6,Strategy tailored for cost savings.
MCS-3717,AeroX Manufacturing,IoT Processing,"AWS, Azure, Oracle Cloud",Vendor Risk Mitigation,"Spinnaker, Crossplane",Reserved Instances,0.63,34.6,Strategy tailored for latency reduction.
MCS-3718,TechNova Solutions,IoT Processing,"Azure, Oracle Cloud, AWS",Failover/DR,"Spinnaker, HashiCorp Vault, Anthos",Pay-as-you-go,0.29,38.7,Strategy tailored for cost savings.
MCS-3719,EduPrime University,Global App Deployment,"DigitalOcean, Alibaba Cloud, GCP, Oracle Cloud",Best-of-Breed,"Crossplane, Istio",Spot Instances,0.13,38.8,Strategy tailored for global expansion.
MCS-3720,EduPrime University,Hybrid Analytics,"Azure, DigitalOcean, Alibaba Cloud",Best-of-Breed,"Kubernetes, Terraform",Spot Instances,0.51,13.7,Strategy tailored for global expansion.
MCS-3721,HealthCore Systems,Edge Computing,"DigitalOcean, Alibaba Cloud",Best-of-Breed,"Anthos, Spinnaker",Multi-year Contract,0.22,43.1,Strategy tailored for cost savings.
MCS-3722,HealthCore Systems,High-Performance Computing,"DigitalOcean, Oracle Cloud, Azure, Alibaba Cloud",Hybrid Integration,"Terraform, Istio",Committed Use Discount,0.16,13.0,Strategy tailored for global expansion.
MCS-3723,TechNova Solutions,High-Performance Computing,"IBM Cloud, Oracle Cloud, Alibaba Cloud, DigitalOcean",Best-of-Breed,Istio,Multi-year Contract,0.41,29.8,Strategy tailored for cost savings.
MCS-3724,FinTrust Bank,Disaster Recovery,"IBM Cloud, Azure, Oracle Cloud",Compliance Segmentation,"Azure Arc, Spinnaker, HashiCorp Vault",Reserved Instances,0.58,10.0,Strategy tailored for latency reduction.
MCS-3725,TechNova Solutions,Data Warehousing,"Azure, DigitalOcean, IBM Cloud, AWS",Compliance Segmentation,"Anthos, Azure Arc, Terraform",Spot Instances,0.36,14.6,Strategy tailored for regulatory compliance.
MCS-3726,AeroX Manufacturing,Global App Deployment,"AWS, Alibaba Cloud, GCP",Best-of-Breed,"Anthos, Crossplane",Pay-as-you-go,0.29,21.4,Strategy tailored for latency reduction.
MCS-3727,GovSecure Dept,Hybrid Analytics,"Azure, IBM Cloud",Failover/DR,"Spinnaker, Terraform",Multi-year Contract,0.73,13.7,Strategy tailored for cost savings.
MCS-3728,FinTrust Bank,AI/ML Model Training,"AWS, Oracle Cloud, IBM Cloud, DigitalOcean",Compliance Segmentation,Spinnaker,Committed Use Discount,0.43,20.6,Strategy tailored for global expansion.
MCS-3729,GovSecure Dept,Backup & Archival,"GCP, IBM Cloud, Oracle Cloud, Alibaba Cloud",Cost Optimization,"Spinnaker, Crossplane, Istio",Pay-as-you-go,0.97,43.2,Strategy tailored for regulatory compliance.
MCS-3730,EduPrime University,Data Warehousing,"Oracle Cloud, AWS",Best-of-Breed,"Istio, Spinnaker",Committed Use Discount,0.81,14.7,Strategy tailored for global expansion.
MCS-3731,TechNova Solutions,Backup & Archival,"AWS, IBM Cloud, DigitalOcean, Alibaba Cloud",Best-of-Breed,"Kubernetes, Azure Arc",Reserved Instances,0.16,17.7,Strategy tailored for regulatory compliance.
MCS-3732,MediPulse Clinics,Global App Deployment,"Oracle Cloud, Azure",Vendor Risk Mitigation,Anthos,Multi-year Contract,0.34,25.2,Strategy tailored for global expansion.
MCS-3733,TechNova Solutions,IoT Processing,"Alibaba Cloud, Azure, Oracle Cloud",Best-of-Breed,"Crossplane, Spinnaker",Spot Instances,0.79,39.3,Strategy tailored for cost savings.
MCS-3734,LogiTrans Freight,Backup & Archival,"AWS, Alibaba Cloud, IBM Cloud, Azure",Cost Optimization,"Terraform, Azure Arc, Crossplane",Reserved Instances,0.85,19.4,Strategy tailored for latency reduction.
MCS-3735,HealthCore Systems,Global App Deployment,"Alibaba Cloud, AWS, Oracle Cloud, DigitalOcean",Distributed Workload,"HashiCorp Vault, Kubernetes",Usage-based Scaling,0.71,17.5,Strategy tailored for cost savings.
MCS-3736,HealthCore Systems,High-Performance Computing,"Alibaba Cloud, DigitalOcean",Failover/DR,"Kubernetes, Istio",Reserved Instances,0.15,33.1,Strategy tailored for latency reduction.
MCS-3737,LogiTrans Freight,Backup & Archival,"GCP, IBM Cloud, AWS",Vendor Risk Mitigation,Crossplane,Usage-based Scaling,0.11,21.4,Strategy tailored for latency reduction.
MCS-3738,RetailHub Online,Hybrid Analytics,"Azure, IBM Cloud, GCP, DigitalOcean",Hybrid Integration,"HashiCorp Vault, Crossplane, Kubernetes",Committed Use Discount,0.39,32.7,Strategy tailored for global expansion.
MCS-3739,RetailHub Online,Backup & Archival,"Azure, Oracle Cloud",Vendor Risk Mitigation,"Azure Arc, Crossplane",Usage-based Scaling,0.78,17.2,Strategy tailored for cost savings.
MCS-3740,EduPrime University,IoT Processing,"AWS, Oracle Cloud, GCP",Best-of-Breed,"Anthos, Spinnaker, Crossplane",Pay-as-you-go,0.82,16.8,Strategy tailored for regulatory compliance.
MCS-3741,LogiTrans Freight,High-Performance Computing,"AWS, DigitalOcean",Failover/DR,"Azure Arc, Spinnaker, Terraform",Pay-as-you-go,0.5,34.1,Strategy tailored for global expansion.
MCS-3742,RetailHub Online,Edge Computing,"GCP, AWS, Azure",Compliance Segmentation,"Crossplane, Anthos, Kubernetes",Pay-as-you-go,0.72,44.5,Strategy tailored for regulatory compliance.
MCS-3743,MediPulse Clinics,Global App Deployment,"IBM Cloud, Azure",Best-of-Breed,"Istio, Crossplane",Usage-based Scaling,0.3,31.5,Strategy tailored for regulatory compliance.
MCS-3744,AeroX Manufacturing,Disaster Recovery,"IBM Cloud, Oracle Cloud, GCP, Alibaba Cloud",Vendor Risk Mitigation,"Spinnaker, Kubernetes, HashiCorp Vault",Committed Use Discount,0.64,41.6,Strategy tailored for latency reduction.
MCS-3745,GovSecure Dept,Data Warehousing,"AWS, Oracle Cloud, DigitalOcean, Azure",Hybrid Integration,"Kubernetes, Azure Arc, Istio",Multi-year Contract,0.24,35.1,Strategy tailored for latency reduction.
MCS-3746,HealthCore Systems,Global App Deployment,"IBM Cloud, Oracle Cloud",Failover/DR,"Spinnaker, Terraform",Spot Instances,0.61,16.0,Strategy tailored for cost savings.
MCS-3747,HealthCore Systems,Hybrid Analytics,"Azure, DigitalOcean, GCP, AWS",Compliance Segmentation,Crossplane,Reserved Instances,0.52,18.4,Strategy tailored for cost savings.
MCS-3748,EduPrime University,Edge Computing,"DigitalOcean, IBM Cloud",Cost Optimization,"Azure Arc, Istio, Terraform",Spot Instances,0.62,40.6,Strategy tailored for cost savings.
MCS-3749,EduPrime University,Global App Deployment,"GCP, Alibaba Cloud, AWS",Best-of-Breed,"Kubernetes, HashiCorp Vault, Anthos",Committed Use Discount,0.61,30.3,Strategy tailored for regulatory compliance.
MCS-3750,EduPrime University,Edge Computing,"Alibaba Cloud, GCP, Azure, AWS",Failover/DR,"Crossplane, Kubernetes, Anthos",Pay-as-you-go,0.56,7.0,Strategy tailored for regulatory compliance.
MCS-3751,LogiTrans Freight,High-Performance Computing,"DigitalOcean, AWS, Alibaba Cloud",Compliance Segmentation,"Istio, HashiCorp Vault, Terraform",Committed Use Discount,0.31,24.7,Strategy tailored for global expansion.
MCS-3752,AgriSmart Farms,Disaster Recovery,"Alibaba Cloud, IBM Cloud, GCP, AWS",Hybrid Integration,"HashiCorp Vault, Kubernetes",Multi-year Contract,0.38,12.3,Strategy tailored for latency reduction.
MCS-3753,RetailHub Online,Hybrid Analytics,"GCP, Alibaba Cloud",Vendor Risk Mitigation,"Anthos, Spinnaker, Istio",Pay-as-you-go,0.55,17.9,Strategy tailored for latency reduction.
MCS-3754,GovSecure Dept,Data Warehousing,"Alibaba Cloud, AWS, DigitalOcean",Best-of-Breed,"Azure Arc, Anthos, Spinnaker",Committed Use Discount,0.33,23.6,Strategy tailored for regulatory compliance.
MCS-3755,EduPrime University,Data Warehousing,"DigitalOcean, Azure",Failover/DR,"Istio, HashiCorp Vault",Spot Instances,0.22,42.1,Strategy tailored for global expansion.
MCS-3756,AeroX Manufacturing,High-Performance Computing,"Azure, Alibaba Cloud, IBM Cloud, GCP",Failover/DR,Istio,Pay-as-you-go,0.87,33.3,Strategy tailored for regulatory compliance.
MCS-3757,HealthCore Systems,AI/ML Model Training,"Alibaba Cloud, IBM Cloud, Azure, AWS",Vendor Risk Mitigation,"Azure Arc, Istio, Anthos",Reserved Instances,0.19,36.0,Strategy tailored for regulatory compliance.
MCS-3758,EduPrime University,Edge Computing,"Oracle Cloud, Alibaba Cloud",Compliance Segmentation,Azure Arc,Committed Use Discount,0.82,35.7,Strategy tailored for global expansion.
MCS-3759,RetailHub Online,Global App Deployment,"DigitalOcean, IBM Cloud, Alibaba Cloud",Cost Optimization,Azure Arc,Committed Use Discount,0.2,30.8,Strategy tailored for cost savings.
MCS-3760,LogiTrans Freight,IoT Processing,"DigitalOcean, IBM Cloud",Distributed Workload,"Crossplane, HashiCorp Vault",Pay-as-you-go,0.84,28.1,Strategy tailored for global expansion.
MCS-3761,TechNova Solutions,Edge Computing,"GCP, Azure",Compliance Segmentation,"Anthos, Azure Arc, Crossplane",Reserved Instances,0.68,23.3,Strategy tailored for regulatory compliance.
MCS-3762,TechNova Solutions,Disaster Recovery,"GCP, Azure, Alibaba Cloud",Vendor Risk Mitigation,HashiCorp Vault,Reserved Instances,0.57,6.4,Strategy tailored for regulatory compliance.
MCS-3763,AeroX Manufacturing,Edge Computing,"Alibaba Cloud, DigitalOcean, AWS",Failover/DR,"Istio, Spinnaker, Crossplane",Spot Instances,0.67,8.3,Strategy tailored for regulatory compliance.
MCS-3764,TechNova Solutions,Global App Deployment,"IBM Cloud, AWS, Oracle Cloud",Distributed Workload,"Terraform, Anthos",Spot Instances,0.49,16.7,Strategy tailored for latency reduction.
MCS-3765,GovSecure Dept,Backup & Archival,"AWS, Alibaba Cloud",Vendor Risk Mitigation,"HashiCorp Vault, Anthos, Kubernetes",Multi-year Contract,0.59,10.3,Strategy tailored for global expansion.
MCS-3766,RetailHub Online,Edge Computing,"DigitalOcean, Alibaba Cloud, IBM Cloud",Compliance Segmentation,"Istio, Crossplane",Spot Instances,0.72,36.8,Strategy tailored for global expansion.
MCS-3767,LogiTrans Freight,Backup & Archival,"IBM Cloud, GCP, Oracle Cloud, AWS",Distributed Workload,"Kubernetes, Azure Arc, HashiCorp Vault",Usage-based Scaling,0.25,9.2,Strategy tailored for latency reduction.
MCS-3768,MediPulse Clinics,Disaster Recovery,"Alibaba Cloud, GCP",Cost Optimization,"Kubernetes, Terraform",Pay-as-you-go,0.23,40.1,Strategy tailored for cost savings.
MCS-3769,GovSecure Dept,Edge Computing,"Oracle Cloud, AWS, GCP, Alibaba Cloud",Distributed Workload,"Istio, Azure Arc",Usage-based Scaling,0.57,23.7,Strategy tailored for regulatory compliance.
MCS-3770,FinTrust Bank,IoT Processing,"IBM Cloud, DigitalOcean",Cost Optimization,"Terraform, HashiCorp Vault",Pay-as-you-go,0.19,31.0,Strategy tailored for global expansion.
MCS-3771,LogiTrans Freight,Edge Computing,"IBM Cloud, DigitalOcean, Azure",Failover/DR,"Azure Arc, Anthos",Multi-year Contract,0.87,38.1,Strategy tailored for global expansion.
MCS-3772,AeroX Manufacturing,Backup & Archival,"AWS, GCP, DigitalOcean",Vendor Risk Mitigation,HashiCorp Vault,Spot Instances,0.66,8.0,Strategy tailored for global expansion.
MCS-3773,AeroX Manufacturing,Global App Deployment,"GCP, Alibaba Cloud, AWS",Failover/DR,"Crossplane, Kubernetes, Spinnaker",Spot Instances,0.2,7.0,Strategy tailored for latency reduction.
MCS-3774,LogiTrans Freight,Backup & Archival,"Azure, GCP, Oracle Cloud, AWS",Hybrid Integration,Anthos,Committed Use Discount,0.33,10.4,Strategy tailored for latency reduction.
MCS-3775,RetailHub Online,Backup & Archival,"Alibaba Cloud, DigitalOcean, Oracle Cloud",Distributed Workload,"Anthos, Istio, Azure Arc",Committed Use Discount,0.33,20.4,Strategy tailored for latency reduction.
MCS-3776,MediPulse Clinics,Global App Deployment,"DigitalOcean, GCP, IBM Cloud, Azure",Vendor Risk Mitigation,"Istio, Spinnaker, Crossplane",Pay-as-you-go,0.94,29.4,Strategy tailored for global expansion.
MCS-3777,RetailHub Online,IoT Processing,"GCP, Azure, AWS, IBM Cloud",Best-of-Breed,Anthos,Spot Instances,0.84,33.4,Strategy tailored for global expansion.
MCS-3778,AeroX Manufacturing,IoT Processing,"Alibaba Cloud, IBM Cloud",Compliance Segmentation,Terraform,Committed Use Discount,0.2,34.4,Strategy tailored for regulatory compliance.
MCS-3779,EduPrime University,Hybrid Analytics,"GCP, IBM Cloud, Oracle Cloud",Vendor Risk Mitigation,"Terraform, Kubernetes",Spot Instances,0.34,30.6,Strategy tailored for regulatory compliance.
MCS-3780,MediPulse Clinics,Data Warehousing,"Azure, DigitalOcean",Distributed Workload,Crossplane,Committed Use Discount,0.4,44.9,Strategy tailored for regulatory compliance.
MCS-3781,RetailHub Online,Edge Computing,"IBM Cloud, Alibaba Cloud, Oracle Cloud",Compliance Segmentation,"Azure Arc, Kubernetes, Terraform",Multi-year Contract,0.33,16.2,Strategy tailored for latency reduction.
MCS-3782,EduPrime University,Global App Deployment,"GCP, Oracle Cloud",Compliance Segmentation,"Kubernetes, Azure Arc",Usage-based Scaling,0.93,6.0,Strategy tailored for latency reduction.
MCS-3783,LogiTrans Freight,Global App Deployment,"Oracle Cloud, GCP",Hybrid Integration,"Spinnaker, Azure Arc",Spot Instances,0.72,34.0,Strategy tailored for cost savings.
MCS-3784,MediPulse Clinics,Data Warehousing,"Azure, Oracle Cloud, DigitalOcean",Cost Optimization,"Terraform, Crossplane",Multi-year Contract,0.84,44.0,Strategy tailored for global expansion.
MCS-3785,LogiTrans Freight,Edge Computing,"Alibaba Cloud, GCP, IBM Cloud",Hybrid Integration,"Crossplane, HashiCorp Vault, Kubernetes",Committed Use Discount,0.97,7.6,Strategy tailored for regulatory compliance.
MCS-3786,EduPrime University,IoT Processing,"Oracle Cloud, DigitalOcean",Distributed Workload,"Terraform, Istio",Reserved Instances,0.83,30.9,Strategy tailored for global expansion.
MCS-3787,MediPulse Clinics,Hybrid Analytics,"IBM Cloud, Oracle Cloud, GCP",Best-of-Breed,"Anthos, Terraform",Spot Instances,0.68,10.1,Strategy tailored for global expansion.
MCS-3788,LogiTrans Freight,IoT Processing,"GCP, IBM Cloud",Distributed Workload,"Azure Arc, Anthos",Pay-as-you-go,0.68,44.3,Strategy tailored for latency reduction.
MCS-3789,TechNova Solutions,Hybrid Analytics,"DigitalOcean, Azure",Best-of-Breed,"Terraform, Istio, Spinnaker",Usage-based Scaling,0.91,22.6,Strategy tailored for latency reduction.
MCS-3790,AeroX Manufacturing,Edge Computing,"AWS, Oracle Cloud, GCP, DigitalOcean",Hybrid Integration,"Anthos, Kubernetes, HashiCorp Vault",Committed Use Discount,0.14,19.5,Strategy tailored for regulatory compliance.
MCS-3791,TechNova Solutions,Global App Deployment,"Alibaba Cloud, GCP, Oracle Cloud, DigitalOcean",Failover/DR,"Anthos, Kubernetes",Usage-based Scaling,0.84,33.1,Strategy tailored for cost savings.
MCS-3792,MediPulse Clinics,High-Performance Computing,"DigitalOcean, Alibaba Cloud",Compliance Segmentation,Terraform,Committed Use Discount,0.51,7.2,Strategy tailored for global expansion.
MCS-3793,FinTrust Bank,AI/ML Model Training,"AWS, DigitalOcean",Failover/DR,"HashiCorp Vault, Istio",Spot Instances,0.48,23.8,Strategy tailored for latency reduction.
MCS-3794,HealthCore Systems,Backup & Archival,"IBM Cloud, DigitalOcean, Oracle Cloud, GCP",Best-of-Breed,Kubernetes,Usage-based Scaling,0.93,30.6,Strategy tailored for regulatory compliance.
MCS-3795,GovSecure Dept,Global App Deployment,"Oracle Cloud, GCP, Alibaba Cloud, IBM Cloud",Best-of-Breed,"Crossplane, Azure Arc",Spot Instances,0.38,26.0,Strategy tailored for global expansion.
MCS-3796,HealthCore Systems,Backup & Archival,"Alibaba Cloud, DigitalOcean, Oracle Cloud, IBM Cloud",Compliance Segmentation,Crossplane,Usage-based Scaling,0.16,43.9,Strategy tailored for global expansion.
MCS-3797,AeroX Manufacturing,High-Performance Computing,"DigitalOcean, Alibaba Cloud, Oracle Cloud",Cost Optimization,Terraform,Usage-based Scaling,0.42,24.1,Strategy tailored for regulatory compliance.
MCS-3798,EduPrime University,IoT Processing,"GCP, IBM Cloud, DigitalOcean",Hybrid Integration,Kubernetes,Committed Use Discount,0.42,32.3,Strategy tailored for cost savings.
MCS-3799,RetailHub Online,Global App Deployment,"DigitalOcean, Azure",Cost Optimization,"Anthos, Azure Arc, Istio",Committed Use Discount,0.69,33.6,Strategy tailored for latency reduction.
MCS-3800,TechNova Solutions,Edge Computing,"DigitalOcean, Azure, IBM Cloud",Cost Optimization,"Anthos, Kubernetes",Pay-as-you-go,0.34,17.6,Strategy tailored for regulatory compliance.
MCS-3801,FinTrust Bank,IoT Processing,"Azure, AWS",Cost Optimization,"Istio, Terraform",Committed Use Discount,0.21,31.2,Strategy tailored for global expansion.
MCS-3802,AgriSmart Farms,Hybrid Analytics,"Azure, IBM Cloud",Cost Optimization,Crossplane,Spot Instances,0.14,28.9,Strategy tailored for regulatory compliance.
MCS-3803,EduPrime University,Edge Computing,"GCP, Alibaba Cloud, Azure",Best-of-Breed,HashiCorp Vault,Multi-year Contract,0.87,40.6,Strategy tailored for regulatory compliance.
MCS-3804,AgriSmart Farms,AI/ML Model Training,"DigitalOcean, Alibaba Cloud",Failover/DR,"Azure Arc, Istio, Crossplane",Spot Instances,0.5,23.4,Strategy tailored for cost savings.
MCS-3805,TechNova Solutions,AI/ML Model Training,"DigitalOcean, Alibaba Cloud, Oracle Cloud, IBM Cloud",Hybrid Integration,"Spinnaker, Anthos",Pay-as-you-go,0.17,31.8,Strategy tailored for cost savings.
MCS-3806,HealthCore Systems,Global App Deployment,"AWS, IBM Cloud, Azure",Best-of-Breed,HashiCorp Vault,Multi-year Contract,0.83,14.8,Strategy tailored for regulatory compliance.
MCS-3807,RetailHub Online,Edge Computing,"Alibaba Cloud, GCP, IBM Cloud",Vendor Risk Mitigation,HashiCorp Vault,Reserved Instances,0.47,38.6,Strategy tailored for regulatory compliance.
MCS-3808,EduPrime University,AI/ML Model Training,"IBM Cloud, Alibaba Cloud, GCP",Hybrid Integration,"Terraform, Istio, Crossplane",Multi-year Contract,0.88,14.7,Strategy tailored for regulatory compliance.
MCS-3809,HealthCore Systems,Data Warehousing,"Oracle Cloud, GCP, DigitalOcean, AWS",Distributed Workload,"HashiCorp Vault, Istio",Multi-year Contract,0.59,12.7,Strategy tailored for cost savings.
MCS-3810,RetailHub Online,Backup & Archival,"Alibaba Cloud, AWS",Cost Optimization,Crossplane,Multi-year Contract,0.19,41.4,Strategy tailored for latency reduction.
MCS-3811,GovSecure Dept,Disaster Recovery,"AWS, Azure, IBM Cloud, Alibaba Cloud",Vendor Risk Mitigation,"Istio, Kubernetes",Committed Use Discount,0.83,35.4,Strategy tailored for cost savings.
MCS-3812,AeroX Manufacturing,Data Warehousing,"Azure, AWS, IBM Cloud",Hybrid Integration,"Spinnaker, HashiCorp Vault, Kubernetes",Pay-as-you-go,0.14,38.7,Strategy tailored for latency reduction.
MCS-3813,EduPrime University,AI/ML Model Training,"GCP, Azure, Oracle Cloud, DigitalOcean",Hybrid Integration,Kubernetes,Committed Use Discount,0.49,18.7,Strategy tailored for global expansion.
MCS-3814,HealthCore Systems,Global App Deployment,"AWS, GCP",Compliance Segmentation,"HashiCorp Vault, Kubernetes",Pay-as-you-go,0.59,8.7,Strategy tailored for latency reduction.
MCS-3815,TechNova Solutions,Global App Deployment,"Azure, AWS",Vendor Risk Mitigation,"Crossplane, Terraform",Spot Instances,0.77,28.3,Strategy tailored for global expansion.
MCS-3816,GovSecure Dept,AI/ML Model Training,"DigitalOcean, AWS, Alibaba Cloud, Oracle Cloud",Hybrid Integration,"Crossplane, HashiCorp Vault, Anthos",Committed Use Discount,0.27,12.5,Strategy tailored for global expansion.
MCS-3817,MediPulse Clinics,High-Performance Computing,"DigitalOcean, GCP",Hybrid Integration,"Kubernetes, Istio",Multi-year Contract,0.26,7.3,Strategy tailored for cost savings.
MCS-3818,AeroX Manufacturing,AI/ML Model Training,"Oracle Cloud, IBM Cloud",Vendor Risk Mitigation,"Crossplane, Anthos, Kubernetes",Pay-as-you-go,0.62,38.6,Strategy tailored for global expansion.
MCS-3819,AgriSmart Farms,AI/ML Model Training,"DigitalOcean, AWS, Alibaba Cloud, Oracle Cloud",Best-of-Breed,"Istio, HashiCorp Vault, Azure Arc",Usage-based Scaling,0.12,7.0,Strategy tailored for latency reduction.
MCS-3820,FinTrust Bank,Disaster Recovery,"DigitalOcean, IBM Cloud, Azure, Alibaba Cloud",Compliance Segmentation,"Anthos, Istio",Usage-based Scaling,0.61,37.8,Strategy tailored for latency reduction.
MCS-3821,MediPulse Clinics,Backup & Archival,"Oracle Cloud, IBM Cloud",Failover/DR,Kubernetes,Usage-based Scaling,0.39,19.0,Strategy tailored for global expansion.
MCS-3822,TechNova Solutions,High-Performance Computing,"DigitalOcean, Oracle Cloud",Vendor Risk Mitigation,"Istio, Kubernetes, Terraform",Multi-year Contract,0.63,16.0,Strategy tailored for cost savings.
MCS-3823,AgriSmart Farms,Hybrid Analytics,"Alibaba Cloud, DigitalOcean, AWS, IBM Cloud",Best-of-Breed,"Azure Arc, Kubernetes",Usage-based Scaling,0.12,34.4,Strategy tailored for regulatory compliance.
MCS-3824,LogiTrans Freight,Data Warehousing,"IBM Cloud, DigitalOcean",Distributed Workload,Azure Arc,Reserved Instances,0.66,28.2,Strategy tailored for cost savings.
MCS-3825,FinTrust Bank,Disaster Recovery,"DigitalOcean, Oracle Cloud, GCP, IBM Cloud",Cost Optimization,"Anthos, Spinnaker",Reserved Instances,0.76,32.0,Strategy tailored for global expansion.
MCS-3826,HealthCore Systems,Data Warehousing,"GCP, AWS, Alibaba Cloud, IBM Cloud",Failover/DR,"Terraform, Anthos, HashiCorp Vault",Multi-year Contract,0.28,19.1,Strategy tailored for latency reduction.
MCS-3827,EduPrime University,Backup & Archival,"AWS, Oracle Cloud, Alibaba Cloud",Hybrid Integration,"Terraform, Kubernetes, Istio",Committed Use Discount,0.21,10.2,Strategy tailored for latency reduction.
MCS-3828,MediPulse Clinics,IoT Processing,"Oracle Cloud, GCP, Alibaba Cloud",Vendor Risk Mitigation,"HashiCorp Vault, Terraform",Usage-based Scaling,0.7,39.3,Strategy tailored for latency reduction.
MCS-3829,AgriSmart Farms,AI/ML Model Training,"IBM Cloud, DigitalOcean, Alibaba Cloud, GCP",Distributed Workload,"Crossplane, Kubernetes",Pay-as-you-go,0.96,30.1,Strategy tailored for latency reduction.
MCS-3830,MediPulse Clinics,IoT Processing,"Alibaba Cloud, GCP, Oracle Cloud, Azure",Failover/DR,"Spinnaker, Crossplane, Istio",Multi-year Contract,0.26,9.2,Strategy tailored for global expansion.
MCS-3831,MediPulse Clinics,IoT Processing,"DigitalOcean, IBM Cloud, Alibaba Cloud",Vendor Risk Mitigation,Kubernetes,Reserved Instances,0.82,28.2,Strategy tailored for global expansion.
MCS-3832,FinTrust Bank,High-Performance Computing,"Azure, Alibaba Cloud, IBM Cloud, AWS",Best-of-Breed,Azure Arc,Multi-year Contract,0.65,36.3,Strategy tailored for global expansion.
MCS-3833,FinTrust Bank,Edge Computing,"Alibaba Cloud, IBM Cloud, GCP",Compliance Segmentation,"Kubernetes, Istio",Multi-year Contract,0.73,38.4,Strategy tailored for latency reduction.
MCS-3834,RetailHub Online,Backup & Archival,"Azure, GCP",Best-of-Breed,"Crossplane, Istio, Spinnaker",Multi-year Contract,0.15,34.9,Strategy tailored for regulatory compliance.
MCS-3835,RetailHub Online,Backup & Archival,"DigitalOcean, IBM Cloud",Hybrid Integration,"Kubernetes, Crossplane",Usage-based Scaling,0.86,16.4,Strategy tailored for latency reduction.
MCS-3836,AgriSmart Farms,Hybrid Analytics,"DigitalOcean, AWS, GCP, Azure",Hybrid Integration,"Anthos, Crossplane",Reserved Instances,0.67,17.6,Strategy tailored for regulatory compliance.
MCS-3837,HealthCore Systems,High-Performance Computing,"Azure, DigitalOcean, AWS",Vendor Risk Mitigation,"HashiCorp Vault, Spinnaker, Kubernetes",Reserved Instances,0.95,6.3,Strategy tailored for global expansion.
MCS-3838,LogiTrans Freight,Disaster Recovery,"GCP, IBM Cloud, DigitalOcean, Oracle Cloud",Vendor Risk Mitigation,"Istio, Spinnaker, Anthos",Spot Instances,0.62,11.7,Strategy tailored for cost savings.
MCS-3839,AeroX Manufacturing,Data Warehousing,"Alibaba Cloud, DigitalOcean, IBM Cloud",Compliance Segmentation,Anthos,Multi-year Contract,0.73,12.0,Strategy tailored for cost savings.
MCS-3840,GovSecure Dept,Disaster Recovery,"IBM Cloud, Azure",Failover/DR,HashiCorp Vault,Reserved Instances,0.31,24.8,Strategy tailored for latency reduction.
MCS-3841,MediPulse Clinics,Backup & Archival,"GCP, Oracle Cloud, IBM Cloud, Alibaba Cloud",Compliance Segmentation,"Spinnaker, Azure Arc",Usage-based Scaling,0.91,13.5,Strategy tailored for global expansion.
MCS-3842,GovSecure Dept,Disaster Recovery,"Oracle Cloud, GCP, DigitalOcean, Azure",Distributed Workload,"Crossplane, Spinnaker",Committed Use Discount,0.23,35.4,Strategy tailored for global expansion.
MCS-3843,TechNova Solutions,Data Warehousing,"Azure, GCP",Compliance Segmentation,Kubernetes,Spot Instances,0.55,41.5,Strategy tailored for regulatory compliance.
MCS-3844,TechNova Solutions,IoT Processing,"DigitalOcean, Azure, IBM Cloud, Oracle Cloud",Hybrid Integration,"Spinnaker, Anthos, Terraform",Usage-based Scaling,0.23,30.8,Strategy tailored for latency reduction.
MCS-3845,AgriSmart Farms,Backup & Archival,"DigitalOcean, Azure, Oracle Cloud",Distributed Workload,"Kubernetes, Istio",Usage-based Scaling,0.31,11.3,Strategy tailored for latency reduction.
MCS-3846,AeroX Manufacturing,Hybrid Analytics,"GCP, Alibaba Cloud, Azure",Hybrid Integration,"Istio, Anthos, Spinnaker",Pay-as-you-go,0.71,28.7,Strategy tailored for regulatory compliance.
MCS-3847,MediPulse Clinics,Edge Computing,"IBM Cloud, Oracle Cloud",Distributed Workload,"Istio, Kubernetes, HashiCorp Vault",Pay-as-you-go,0.77,17.4,Strategy tailored for latency reduction.
MCS-3848,AeroX Manufacturing,Global App Deployment,"DigitalOcean, IBM Cloud, Azure",Best-of-Breed,Istio,Reserved Instances,0.5,21.2,Strategy tailored for latency reduction.
MCS-3849,HealthCore Systems,IoT Processing,"Oracle Cloud, DigitalOcean, Azure, IBM Cloud",Hybrid Integration,Anthos,Multi-year Contract,0.98,16.7,Strategy tailored for regulatory compliance.
MCS-3850,GovSecure Dept,Global App Deployment,"Alibaba Cloud, DigitalOcean, IBM Cloud",Failover/DR,"Istio, Azure Arc",Multi-year Contract,0.36,19.2,Strategy tailored for latency reduction.
MCS-3851,AeroX Manufacturing,Backup & Archival,"Oracle Cloud, DigitalOcean, AWS",Best-of-Breed,"Terraform, Anthos, Spinnaker",Reserved Instances,0.6,15.1,Strategy tailored for cost savings.
MCS-3852,AgriSmart Farms,Backup & Archival,"AWS, GCP",Vendor Risk Mitigation,Spinnaker,Usage-based Scaling,0.91,15.6,Strategy tailored for cost savings.
MCS-3853,TechNova Solutions,Backup & Archival,"Oracle Cloud, DigitalOcean, Alibaba Cloud",Best-of-Breed,"HashiCorp Vault, Anthos",Committed Use Discount,0.9,9.1,Strategy tailored for global expansion.
MCS-3854,FinTrust Bank,IoT Processing,"IBM Cloud, Azure",Distributed Workload,Istio,Spot Instances,0.68,41.3,Strategy tailored for regulatory compliance.
MCS-3855,MediPulse Clinics,Data Warehousing,"Azure, AWS, GCP",Compliance Segmentation,Istio,Usage-based Scaling,0.25,43.7,Strategy tailored for regulatory compliance.
MCS-3856,AeroX Manufacturing,AI/ML Model Training,"IBM Cloud, DigitalOcean",Failover/DR,"HashiCorp Vault, Azure Arc, Istio",Usage-based Scaling,0.5,42.8,Strategy tailored for cost savings.
MCS-3857,GovSecure Dept,IoT Processing,"AWS, Azure, Alibaba Cloud, GCP",Hybrid Integration,"Azure Arc, Crossplane, Kubernetes",Pay-as-you-go,0.7,17.1,Strategy tailored for global expansion.
MCS-3858,LogiTrans Freight,IoT Processing,"IBM Cloud, Azure, AWS",Failover/DR,"Anthos, Azure Arc",Committed Use Discount,0.27,17.1,Strategy tailored for cost savings.
MCS-3859,AeroX Manufacturing,IoT Processing,"Oracle Cloud, DigitalOcean, IBM Cloud",Hybrid Integration,"Istio, Terraform",Spot Instances,0.18,10.8,Strategy tailored for latency reduction.
MCS-3860,LogiTrans Freight,IoT Processing,"DigitalOcean, IBM Cloud",Compliance Segmentation,"Kubernetes, Crossplane, Istio",Pay-as-you-go,0.19,21.9,Strategy tailored for global expansion.
MCS-3861,LogiTrans Freight,IoT Processing,"AWS, Azure, IBM Cloud",Compliance Segmentation,"Crossplane, Anthos, Terraform",Committed Use Discount,0.81,10.7,Strategy tailored for cost savings.
MCS-3862,TechNova Solutions,Global App Deployment,"AWS, Oracle Cloud, GCP, Azure",Cost Optimization,"Azure Arc, Crossplane, HashiCorp Vault",Committed Use Discount,0.22,30.7,Strategy tailored for global expansion.
MCS-3863,AgriSmart Farms,Hybrid Analytics,"Oracle Cloud, GCP, Alibaba Cloud",Vendor Risk Mitigation,"Terraform, Azure Arc",Pay-as-you-go,0.28,8.9,Strategy tailored for regulatory compliance.
MCS-3864,TechNova Solutions,Edge Computing,"IBM Cloud, GCP, Azure, DigitalOcean",Failover/DR,"Spinnaker, HashiCorp Vault",Spot Instances,0.25,41.9,Strategy tailored for latency reduction.
MCS-3865,TechNova Solutions,High-Performance Computing,"Azure, Alibaba Cloud, AWS, GCP",Vendor Risk Mitigation,"Terraform, Azure Arc, Istio",Usage-based Scaling,0.83,19.2,Strategy tailored for cost savings.
MCS-3866,AgriSmart Farms,AI/ML Model Training,"Azure, GCP, IBM Cloud",Distributed Workload,"Kubernetes, Terraform",Usage-based Scaling,0.68,26.5,Strategy tailored for latency reduction.
MCS-3867,HealthCore Systems,AI/ML Model Training,"DigitalOcean, GCP, Oracle Cloud",Distributed Workload,Crossplane,Multi-year Contract,0.7,32.3,Strategy tailored for regulatory compliance.
MCS-3868,RetailHub Online,AI/ML Model Training,"GCP, DigitalOcean, IBM Cloud, Oracle Cloud",Failover/DR,HashiCorp Vault,Committed Use Discount,0.66,15.6,Strategy tailored for global expansion.
MCS-3869,GovSecure Dept,IoT Processing,"GCP, AWS, Azure",Hybrid Integration,"Spinnaker, Anthos",Pay-as-you-go,0.13,23.2,Strategy tailored for global expansion.
MCS-3870,GovSecure Dept,IoT Processing,"GCP, Oracle Cloud, Azure, Alibaba Cloud",Failover/DR,Anthos,Multi-year Contract,0.89,27.8,Strategy tailored for regulatory compliance.
MCS-3871,TechNova Solutions,IoT Processing,"AWS, DigitalOcean, IBM Cloud, GCP",Distributed Workload,"Crossplane, Istio, Azure Arc",Committed Use Discount,0.84,44.7,Strategy tailored for latency reduction.
MCS-3872,MediPulse Clinics,High-Performance Computing,"Azure, IBM Cloud",Vendor Risk Mitigation,"Kubernetes, Istio",Reserved Instances,0.25,32.7,Strategy tailored for global expansion.
MCS-3873,EduPrime University,Global App Deployment,"DigitalOcean, Alibaba Cloud",Compliance Segmentation,"Crossplane, Azure Arc, Terraform",Committed Use Discount,0.7,44.2,Strategy tailored for latency reduction.
MCS-3874,LogiTrans Freight,AI/ML Model Training,"Oracle Cloud, IBM Cloud, Alibaba Cloud",Compliance Segmentation,"Kubernetes, Anthos, HashiCorp Vault",Spot Instances,0.98,32.5,Strategy tailored for global expansion.
MCS-3875,RetailHub Online,Edge Computing,"IBM Cloud, GCP",Compliance Segmentation,"HashiCorp Vault, Terraform",Multi-year Contract,0.32,36.9,Strategy tailored for cost savings.
MCS-3876,LogiTrans Freight,Edge Computing,"DigitalOcean, Oracle Cloud, AWS",Best-of-Breed,"Terraform, Kubernetes",Multi-year Contract,0.2,36.2,Strategy tailored for global expansion.
MCS-3877,HealthCore Systems,Disaster Recovery,"Oracle Cloud, GCP",Cost Optimization,"Terraform, HashiCorp Vault, Spinnaker",Pay-as-you-go,0.91,20.3,Strategy tailored for global expansion.
MCS-3878,FinTrust Bank,High-Performance Computing,"IBM Cloud, DigitalOcean, GCP",Cost Optimization,Spinnaker,Multi-year Contract,0.66,22.2,Strategy tailored for global expansion.
MCS-3879,AeroX Manufacturing,Data Warehousing,"GCP, Alibaba Cloud, AWS, Oracle Cloud",Compliance Segmentation,Kubernetes,Usage-based Scaling,0.49,17.4,Strategy tailored for regulatory compliance.
MCS-3880,AeroX Manufacturing,Global App Deployment,"IBM Cloud, Alibaba Cloud, Oracle Cloud, DigitalOcean",Distributed Workload,"Azure Arc, Anthos, Kubernetes",Spot Instances,0.78,42.4,Strategy tailored for global expansion.
MCS-3881,RetailHub Online,IoT Processing,"Alibaba Cloud, GCP, IBM Cloud, Oracle Cloud",Best-of-Breed,"Terraform, Azure Arc",Reserved Instances,0.94,12.0,Strategy tailored for cost savings.
MCS-3882,GovSecure Dept,Backup & Archival,"GCP, AWS",Failover/DR,HashiCorp Vault,Pay-as-you-go,0.88,34.5,Strategy tailored for cost savings.
MCS-3883,AeroX Manufacturing,Disaster Recovery,"GCP, Azure",Best-of-Breed,"Spinnaker, Istio, Anthos",Reserved Instances,0.33,7.7,Strategy tailored for global expansion.
MCS-3884,AgriSmart Farms,Global App Deployment,"Oracle Cloud, DigitalOcean, Azure",Hybrid Integration,"Istio, Azure Arc",Pay-as-you-go,0.34,41.5,Strategy tailored for regulatory compliance.
MCS-3885,GovSecure Dept,Disaster Recovery,"DigitalOcean, Alibaba Cloud",Best-of-Breed,"Terraform, Azure Arc, HashiCorp Vault",Usage-based Scaling,0.66,33.8,Strategy tailored for cost savings.
MCS-3886,TechNova Solutions,High-Performance Computing,"IBM Cloud, Azure, Oracle Cloud",Vendor Risk Mitigation,Anthos,Committed Use Discount,0.33,33.8,Strategy tailored for cost savings.
MCS-3887,MediPulse Clinics,Global App Deployment,"Oracle Cloud, IBM Cloud, GCP, AWS",Failover/DR,"Istio, Azure Arc, Crossplane",Pay-as-you-go,0.13,20.0,Strategy tailored for latency reduction.
MCS-3888,EduPrime University,Data Warehousing,"Alibaba Cloud, Azure",Best-of-Breed,"Anthos, Spinnaker",Reserved Instances,0.66,10.8,Strategy tailored for global expansion.
MCS-3889,HealthCore Systems,AI/ML Model Training,"Oracle Cloud, DigitalOcean, IBM Cloud, Azure",Vendor Risk Mitigation,"Crossplane, Azure Arc",Committed Use Discount,0.83,14.4,Strategy tailored for global expansion.
MCS-3890,AgriSmart Farms,Edge Computing,"GCP, DigitalOcean, Azure",Failover/DR,"HashiCorp Vault, Anthos",Committed Use Discount,0.68,21.2,Strategy tailored for latency reduction.
MCS-3891,HealthCore Systems,Backup & Archival,"Alibaba Cloud, DigitalOcean",Cost Optimization,"HashiCorp Vault, Terraform, Kubernetes",Spot Instances,0.63,9.3,Strategy tailored for global expansion.
MCS-3892,RetailHub Online,Backup & Archival,"DigitalOcean, GCP",Failover/DR,Azure Arc,Multi-year Contract,0.12,41.4,Strategy tailored for latency reduction.
MCS-3893,AeroX Manufacturing,Global App Deployment,"Alibaba Cloud, DigitalOcean, Oracle Cloud",Cost Optimization,"Kubernetes, Crossplane",Committed Use Discount,0.34,37.8,Strategy tailored for global expansion.
MCS-3894,HealthCore Systems,Edge Computing,"DigitalOcean, Azure, Alibaba Cloud",Best-of-Breed,Crossplane,Usage-based Scaling,0.99,13.5,Strategy tailored for cost savings.
MCS-3895,RetailHub Online,Global App Deployment,"GCP, AWS, DigitalOcean",Best-of-Breed,Spinnaker,Reserved Instances,0.34,31.5,Strategy tailored for cost savings.
MCS-3896,MediPulse Clinics,Disaster Recovery,"AWS, IBM Cloud",Distributed Workload,"Crossplane, Azure Arc",Spot Instances,0.96,41.6,Strategy tailored for latency reduction.
MCS-3897,AeroX Manufacturing,Disaster Recovery,"DigitalOcean, Alibaba Cloud, Oracle Cloud",Distributed Workload,Azure Arc,Spot Instances,0.55,36.8,Strategy tailored for global expansion.
MCS-3898,EduPrime University,IoT Processing,"Oracle Cloud, Alibaba Cloud",Compliance Segmentation,"Kubernetes, HashiCorp Vault",Spot Instances,0.22,44.1,Strategy tailored for cost savings.
MCS-3899,HealthCore Systems,Hybrid Analytics,"AWS, GCP",Cost Optimization,"Istio, Crossplane, Terraform",Usage-based Scaling,0.96,11.5,Strategy tailored for regulatory compliance.
MCS-3900,HealthCore Systems,Backup & Archival,"Alibaba Cloud, IBM Cloud, Azure",Best-of-Breed,Anthos,Spot Instances,0.37,9.0,Strategy tailored for regulatory compliance.
MCS-3901,TechNova Solutions,High-Performance Computing,"IBM Cloud, Oracle Cloud, DigitalOcean",Hybrid Integration,Kubernetes,Spot Instances,0.34,37.6,Strategy tailored for latency reduction.
MCS-3902,TechNova Solutions,Global App Deployment,"DigitalOcean, AWS, Oracle Cloud, GCP",Vendor Risk Mitigation,"Terraform, Crossplane, HashiCorp Vault",Usage-based Scaling,0.44,8.5,Strategy tailored for global expansion.
MCS-3903,FinTrust Bank,Global App Deployment,"Azure, GCP, AWS",Compliance Segmentation,"Spinnaker, HashiCorp Vault, Terraform",Pay-as-you-go,0.4,44.3,Strategy tailored for latency reduction.
MCS-3904,TechNova Solutions,Backup & Archival,"AWS, Azure, Oracle Cloud, DigitalOcean",Cost Optimization,"Spinnaker, Terraform",Spot Instances,0.66,21.6,Strategy tailored for regulatory compliance.
MCS-3905,EduPrime University,AI/ML Model Training,"Azure, AWS, IBM Cloud",Failover/DR,"Istio, HashiCorp Vault, Kubernetes",Committed Use Discount,0.25,44.4,Strategy tailored for cost savings.
MCS-3906,MediPulse Clinics,Disaster Recovery,"Azure, AWS",Distributed Workload,"Terraform, Crossplane, HashiCorp Vault",Multi-year Contract,0.83,16.3,Strategy tailored for global expansion.
MCS-3907,TechNova Solutions,Edge Computing,"AWS, Azure, IBM Cloud, DigitalOcean",Failover/DR,"Azure Arc, Istio",Multi-year Contract,0.16,7.3,Strategy tailored for regulatory compliance.
MCS-3908,RetailHub Online,AI/ML Model Training,"Oracle Cloud, GCP",Distributed Workload,HashiCorp Vault,Pay-as-you-go,0.21,28.2,Strategy tailored for global expansion.
MCS-3909,AgriSmart Farms,IoT Processing,"Oracle Cloud, IBM Cloud, Azure",Vendor Risk Mitigation,"HashiCorp Vault, Terraform, Istio",Reserved Instances,0.93,24.9,Strategy tailored for latency reduction.
MCS-3910,AgriSmart Farms,Disaster Recovery,"Azure, IBM Cloud",Failover/DR,Kubernetes,Multi-year Contract,0.85,22.8,Strategy tailored for regulatory compliance.
MCS-3911,TechNova Solutions,Backup & Archival,"IBM Cloud, DigitalOcean, Oracle Cloud, AWS",Failover/DR,"Spinnaker, Terraform",Spot Instances,0.73,34.3,Strategy tailored for global expansion.
MCS-3912,HealthCore Systems,Hybrid Analytics,"AWS, Azure, Alibaba Cloud, GCP",Distributed Workload,"Spinnaker, Terraform, Crossplane",Committed Use Discount,0.25,19.4,Strategy tailored for latency reduction.
MCS-3913,EduPrime University,Edge Computing,"Oracle Cloud, AWS, GCP, DigitalOcean",Distributed Workload,"Azure Arc, Istio",Usage-based Scaling,0.67,7.8,Strategy tailored for regulatory compliance.
MCS-3914,RetailHub Online,Global App Deployment,"Oracle Cloud, IBM Cloud, GCP",Best-of-Breed,"Spinnaker, Istio, Azure Arc",Spot Instances,0.42,26.4,Strategy tailored for global expansion.
MCS-3915,MediPulse Clinics,Disaster Recovery,"Oracle Cloud, GCP",Failover/DR,"HashiCorp Vault, Spinnaker",Usage-based Scaling,0.99,24.0,Strategy tailored for global expansion.
MCS-3916,RetailHub Online,AI/ML Model Training,"Alibaba Cloud, Oracle Cloud, Azure, AWS",Failover/DR,Anthos,Committed Use Discount,0.83,22.3,Strategy tailored for global expansion.
MCS-3917,LogiTrans Freight,IoT Processing,"GCP, Alibaba Cloud, AWS",Vendor Risk Mitigation,Crossplane,Multi-year Contract,0.81,28.8,Strategy tailored for regulatory compliance.
MCS-3918,GovSecure Dept,Disaster Recovery,"GCP, DigitalOcean, Oracle Cloud, Azure",Vendor Risk Mitigation,Kubernetes,Committed Use Discount,0.89,21.4,Strategy tailored for global expansion.
MCS-3919,FinTrust Bank,IoT Processing,"Azure, Oracle Cloud, AWS",Distributed Workload,"HashiCorp Vault, Istio, Crossplane",Usage-based Scaling,0.64,30.2,Strategy tailored for regulatory compliance.
MCS-3920,LogiTrans Freight,High-Performance Computing,"AWS, Alibaba Cloud",Best-of-Breed,"Spinnaker, Azure Arc",Committed Use Discount,0.47,10.8,Strategy tailored for global expansion.
MCS-3921,TechNova Solutions,Edge Computing,"DigitalOcean, GCP, Oracle Cloud, Alibaba Cloud",Distributed Workload,Spinnaker,Reserved Instances,0.18,5.7,Strategy tailored for cost savings.
MCS-3922,MediPulse Clinics,Global App Deployment,"IBM Cloud, GCP, DigitalOcean",Compliance Segmentation,Azure Arc,Multi-year Contract,0.88,14.5,Strategy tailored for latency reduction.
MCS-3923,AeroX Manufacturing,Backup & Archival,"DigitalOcean, Oracle Cloud, IBM Cloud",Vendor Risk Mitigation,"Istio, Terraform",Spot Instances,0.29,34.4,Strategy tailored for global expansion.
MCS-3924,AeroX Manufacturing,Data Warehousing,"DigitalOcean, Oracle Cloud, AWS, Azure",Cost Optimization,Istio,Multi-year Contract,0.38,25.2,Strategy tailored for global expansion.
MCS-3925,FinTrust Bank,Hybrid Analytics,"Oracle Cloud, Alibaba Cloud, IBM Cloud",Hybrid Integration,"Terraform, Istio",Usage-based Scaling,0.24,43.4,Strategy tailored for cost savings.
MCS-3926,AeroX Manufacturing,High-Performance Computing,"Oracle Cloud, Azure",Distributed Workload,"Anthos, HashiCorp Vault",Spot Instances,0.86,39.6,Strategy tailored for latency reduction.
MCS-3927,HealthCore Systems,Disaster Recovery,"Alibaba Cloud, Azure, GCP",Best-of-Breed,Istio,Reserved Instances,0.46,35.5,Strategy tailored for cost savings.
MCS-3928,FinTrust Bank,High-Performance Computing,"DigitalOcean, Azure, GCP, Alibaba Cloud",Failover/DR,Azure Arc,Usage-based Scaling,0.23,5.3,Strategy tailored for cost savings.
MCS-3929,FinTrust Bank,Data Warehousing,"IBM Cloud, Alibaba Cloud",Failover/DR,"Crossplane, Azure Arc",Pay-as-you-go,0.12,28.5,Strategy tailored for global expansion.
MCS-3930,FinTrust Bank,High-Performance Computing,"GCP, DigitalOcean, Azure, AWS",Distributed Workload,"HashiCorp Vault, Spinnaker, Kubernetes",Reserved Instances,0.51,25.7,Strategy tailored for regulatory compliance.
MCS-3931,LogiTrans Freight,Backup & Archival,"GCP, Azure, IBM Cloud",Hybrid Integration,Anthos,Multi-year Contract,0.11,21.9,Strategy tailored for regulatory compliance.
MCS-3932,RetailHub Online,Hybrid Analytics,"Alibaba Cloud, AWS, DigitalOcean, Oracle Cloud",Vendor Risk Mitigation,"Crossplane, Spinnaker",Multi-year Contract,0.74,22.7,Strategy tailored for regulatory compliance.
MCS-3933,AgriSmart Farms,Backup & Archival,"Alibaba Cloud, GCP, Azure",Best-of-Breed,Terraform,Committed Use Discount,0.75,14.3,Strategy tailored for cost savings.
MCS-3934,TechNova Solutions,IoT Processing,"Azure, IBM Cloud, AWS",Hybrid Integration,Spinnaker,Spot Instances,0.82,28.5,Strategy tailored for regulatory compliance.
MCS-3935,EduPrime University,IoT Processing,"Alibaba Cloud, AWS, Oracle Cloud",Cost Optimization,"Spinnaker, Crossplane",Spot Instances,0.29,14.5,Strategy tailored for latency reduction.
MCS-3936,EduPrime University,Disaster Recovery,"DigitalOcean, IBM Cloud",Failover/DR,Kubernetes,Reserved Instances,0.66,38.2,Strategy tailored for latency reduction.
MCS-3937,LogiTrans Freight,Disaster Recovery,"IBM Cloud, DigitalOcean",Hybrid Integration,"Istio, Azure Arc, Kubernetes",Multi-year Contract,0.47,15.3,Strategy tailored for cost savings.
MCS-3938,GovSecure Dept,Hybrid Analytics,"IBM Cloud, Oracle Cloud, Azure, DigitalOcean",Failover/DR,"Kubernetes, Anthos, Spinnaker",Committed Use Discount,0.87,31.8,Strategy tailored for regulatory compliance.
MCS-3939,MediPulse Clinics,Data Warehousing,"Alibaba Cloud, AWS, Oracle Cloud, IBM Cloud",Hybrid Integration,"Kubernetes, Azure Arc",Pay-as-you-go,0.5,24.5,Strategy tailored for cost savings.
MCS-3940,RetailHub Online,Data Warehousing,"IBM Cloud, Alibaba Cloud, AWS, Oracle Cloud",Best-of-Breed,HashiCorp Vault,Pay-as-you-go,0.28,30.1,Strategy tailored for latency reduction.
MCS-3941,EduPrime University,Backup & Archival,"GCP, Alibaba Cloud, AWS",Failover/DR,Anthos,Usage-based Scaling,0.42,44.8,Strategy tailored for cost savings.
MCS-3942,FinTrust Bank,AI/ML Model Training,"Oracle Cloud, GCP, DigitalOcean, IBM Cloud",Hybrid Integration,Istio,Committed Use Discount,0.53,24.4,Strategy tailored for global expansion.
MCS-3943,AeroX Manufacturing,Data Warehousing,"Alibaba Cloud, DigitalOcean, AWS, IBM Cloud",Vendor Risk Mitigation,"Istio, Azure Arc",Reserved Instances,0.6,41.7,Strategy tailored for global expansion.
MCS-3944,TechNova Solutions,Disaster Recovery,"GCP, Azure",Distributed Workload,"Spinnaker, Anthos, Istio",Reserved Instances,0.81,23.0,Strategy tailored for latency reduction.
MCS-3945,RetailHub Online,High-Performance Computing,"Oracle Cloud, IBM Cloud",Vendor Risk Mitigation,"Crossplane, HashiCorp Vault",Multi-year Contract,0.74,28.4,Strategy tailored for cost savings.
MCS-3946,RetailHub Online,Disaster Recovery,"GCP, IBM Cloud, Oracle Cloud, Azure",Failover/DR,"Azure Arc, Spinnaker, Crossplane",Usage-based Scaling,0.54,12.7,Strategy tailored for latency reduction.
MCS-3947,MediPulse Clinics,Disaster Recovery,"Alibaba Cloud, GCP",Hybrid Integration,"Anthos, Kubernetes",Reserved Instances,0.51,14.8,Strategy tailored for global expansion.
MCS-3948,LogiTrans Freight,AI/ML Model Training,"DigitalOcean, Alibaba Cloud, IBM Cloud",Hybrid Integration,"Kubernetes, Crossplane, HashiCorp Vault",Spot Instances,0.91,18.4,Strategy tailored for latency reduction.
MCS-3949,HealthCore Systems,IoT Processing,"DigitalOcean, AWS",Cost Optimization,"Spinnaker, Crossplane",Spot Instances,0.95,26.3,Strategy tailored for cost savings.
MCS-3950,FinTrust Bank,Data Warehousing,"AWS, IBM Cloud, Azure",Best-of-Breed,Anthos,Multi-year Contract,0.66,26.7,Strategy tailored for regulatory compliance.
MCS-3951,EduPrime University,Global App Deployment,"DigitalOcean, Azure",Cost Optimization,"Terraform, Istio",Committed Use Discount,0.22,20.0,Strategy tailored for cost savings.
MCS-3952,LogiTrans Freight,IoT Processing,"Azure, IBM Cloud, AWS, GCP",Cost Optimization,"HashiCorp Vault, Anthos, Terraform",Pay-as-you-go,0.19,29.9,Strategy tailored for global expansion.
MCS-3953,RetailHub Online,Hybrid Analytics,"GCP, IBM Cloud",Failover/DR,Spinnaker,Committed Use Discount,0.5,36.1,Strategy tailored for global expansion.
MCS-3954,AgriSmart Farms,AI/ML Model Training,"Azure, GCP, IBM Cloud",Vendor Risk Mitigation,"Azure Arc, Crossplane",Spot Instances,0.3,11.6,Strategy tailored for cost savings.
MCS-3955,MediPulse Clinics,Data Warehousing,"IBM Cloud, AWS, Alibaba Cloud",Cost Optimization,Kubernetes,Reserved Instances,0.46,42.1,Strategy tailored for regulatory compliance.
MCS-3956,AeroX Manufacturing,Hybrid Analytics,"Oracle Cloud, Azure, Alibaba Cloud, IBM Cloud",Distributed Workload,Crossplane,Committed Use Discount,0.73,21.8,Strategy tailored for cost savings.
MCS-3957,AgriSmart Farms,Global App Deployment,"GCP, Alibaba Cloud, IBM Cloud, Oracle Cloud",Cost Optimization,"Anthos, Crossplane",Spot Instances,0.56,8.4,Strategy tailored for regulatory compliance.
MCS-3958,LogiTrans Freight,AI/ML Model Training,"Oracle Cloud, DigitalOcean, GCP",Failover/DR,"Terraform, Istio, Kubernetes",Multi-year Contract,0.98,31.7,Strategy tailored for latency reduction.
MCS-3959,RetailHub Online,Edge Computing,"DigitalOcean, AWS, GCP, Azure",Hybrid Integration,"Istio, Terraform",Usage-based Scaling,0.35,28.4,Strategy tailored for latency reduction.
MCS-3960,FinTrust Bank,Edge Computing,"IBM Cloud, AWS",Distributed Workload,"HashiCorp Vault, Azure Arc, Kubernetes",Spot Instances,0.2,43.6,Strategy tailored for global expansion.
MCS-3961,EduPrime University,Edge Computing,"Oracle Cloud, Alibaba Cloud",Compliance Segmentation,"Anthos, Kubernetes, Spinnaker",Committed Use Discount,0.26,30.9,Strategy tailored for cost savings.
MCS-3962,FinTrust Bank,Global App Deployment,"Alibaba Cloud, IBM Cloud, Azure",Best-of-Breed,"Kubernetes, HashiCorp Vault, Anthos",Usage-based Scaling,0.32,33.7,Strategy tailored for latency reduction.
MCS-3963,HealthCore Systems,IoT Processing,"Oracle Cloud, Azure",Best-of-Breed,"Kubernetes, Istio, Azure Arc",Reserved Instances,0.79,31.9,Strategy tailored for cost savings.
MCS-3964,MediPulse Clinics,Edge Computing,"GCP, Oracle Cloud",Vendor Risk Mitigation,"Istio, Crossplane",Pay-as-you-go,0.65,40.7,Strategy tailored for latency reduction.
MCS-3965,HealthCore Systems,Backup & Archival,"Azure, IBM Cloud, Alibaba Cloud",Failover/DR,"Crossplane, Azure Arc",Committed Use Discount,0.17,18.2,Strategy tailored for cost savings.
MCS-3966,EduPrime University,Backup & Archival,"Azure, DigitalOcean, GCP, Oracle Cloud",Compliance Segmentation,"Spinnaker, Istio",Spot Instances,0.32,44.5,Strategy tailored for latency reduction.
MCS-3967,TechNova Solutions,Global App Deployment,"AWS, Azure, DigitalOcean, Oracle Cloud",Vendor Risk Mitigation,Crossplane,Spot Instances,0.45,34.3,Strategy tailored for cost savings.
MCS-3968,MediPulse Clinics,IoT Processing,"AWS, DigitalOcean",Failover/DR,Terraform,Multi-year Contract,0.71,13.5,Strategy tailored for latency reduction.
MCS-3969,FinTrust Bank,High-Performance Computing,"Alibaba Cloud, Oracle Cloud, DigitalOcean",Best-of-Breed,"Crossplane, Anthos, Kubernetes",Spot Instances,0.31,16.3,Strategy tailored for global expansion.
MCS-3970,RetailHub Online,IoT Processing,"GCP, DigitalOcean, AWS",Compliance Segmentation,"Anthos, HashiCorp Vault",Reserved Instances,0.47,14.4,Strategy tailored for latency reduction.
MCS-3971,MediPulse Clinics,Hybrid Analytics,"Azure, DigitalOcean, AWS, Oracle Cloud",Distributed Workload,"Crossplane, Spinnaker",Reserved Instances,0.12,40.2,Strategy tailored for cost savings.
MCS-3972,AgriSmart Farms,Global App Deployment,"IBM Cloud, Oracle Cloud, Alibaba Cloud, AWS",Hybrid Integration,"Azure Arc, HashiCorp Vault",Usage-based Scaling,0.96,18.7,Strategy tailored for cost savings.
MCS-3973,TechNova Solutions,Data Warehousing,"Oracle Cloud, IBM Cloud, Azure, GCP",Distributed Workload,Azure Arc,Multi-year Contract,0.4,5.3,Strategy tailored for latency reduction.
MCS-3974,RetailHub Online,Global App Deployment,"Oracle Cloud, Azure",Hybrid Integration,"Azure Arc, HashiCorp Vault",Usage-based Scaling,0.71,38.0,Strategy tailored for cost savings.
MCS-3975,FinTrust Bank,Data Warehousing,"Oracle Cloud, GCP",Best-of-Breed,Anthos,Committed Use Discount,0.23,11.4,Strategy tailored for global expansion.
MCS-3976,AgriSmart Farms,Disaster Recovery,"IBM Cloud, Alibaba Cloud, GCP, Azure",Compliance Segmentation,"Anthos, Terraform",Reserved Instances,0.8,29.7,Strategy tailored for cost savings.
MCS-3977,TechNova Solutions,Disaster Recovery,"AWS, Oracle Cloud, Alibaba Cloud",Failover/DR,Anthos,Committed Use Discount,0.14,29.9,Strategy tailored for latency reduction.
MCS-3978,FinTrust Bank,Hybrid Analytics,"AWS, GCP, DigitalOcean, IBM Cloud",Cost Optimization,"Terraform, Istio",Multi-year Contract,0.37,19.7,Strategy tailored for regulatory compliance.
MCS-3979,FinTrust Bank,Edge Computing,"Azure, DigitalOcean",Vendor Risk Mitigation,"Crossplane, Anthos, Azure Arc",Committed Use Discount,0.79,37.4,Strategy tailored for latency reduction.
MCS-3980,HealthCore Systems,Data Warehousing,"Alibaba Cloud, GCP, AWS",Failover/DR,"Azure Arc, Crossplane",Pay-as-you-go,0.46,42.9,Strategy tailored for global expansion.
MCS-3981,GovSecure Dept,AI/ML Model Training,"AWS, Azure, GCP, Alibaba Cloud",Hybrid Integration,"Azure Arc, HashiCorp Vault, Istio",Committed Use Discount,0.46,35.9,Strategy tailored for regulatory compliance.
MCS-3982,HealthCore Systems,Hybrid Analytics,"GCP, DigitalOcean",Distributed Workload,"HashiCorp Vault, Azure Arc",Pay-as-you-go,0.53,40.9,Strategy tailored for global expansion.
MCS-3983,MediPulse Clinics,Global App Deployment,"IBM Cloud, DigitalOcean",Compliance Segmentation,Crossplane,Spot Instances,0.91,8.5,Strategy tailored for cost savings.
MCS-3984,FinTrust Bank,High-Performance Computing,"DigitalOcean, Oracle Cloud",Failover/DR,HashiCorp Vault,Usage-based Scaling,0.93,38.0,Strategy tailored for global expansion.
MCS-3985,RetailHub Online,IoT Processing,"AWS, Alibaba Cloud",Distributed Workload,"Kubernetes, Anthos",Pay-as-you-go,0.8,13.0,Strategy tailored for regulatory compliance.
MCS-3986,EduPrime University,Disaster Recovery,"IBM Cloud, Alibaba Cloud, Oracle Cloud",Cost Optimization,"Istio, Crossplane",Spot Instances,0.82,39.0,Strategy tailored for global expansion.
MCS-3987,HealthCore Systems,Edge Computing,"DigitalOcean, Azure",Compliance Segmentation,"Terraform, Crossplane",Pay-as-you-go,0.36,43.1,Strategy tailored for latency reduction.
MCS-3988,HealthCore Systems,Disaster Recovery,"GCP, Oracle Cloud",Compliance Segmentation,Terraform,Usage-based Scaling,0.14,11.0,Strategy tailored for cost savings.
MCS-3989,AeroX Manufacturing,Data Warehousing,"Alibaba Cloud, IBM Cloud, DigitalOcean",Cost Optimization,"Kubernetes, Crossplane, Istio",Reserved Instances,0.58,28.0,Strategy tailored for latency reduction.
MCS-3990,AgriSmart Farms,High-Performance Computing,"AWS, Oracle Cloud, Azure, Alibaba Cloud",Distributed Workload,"Spinnaker, HashiCorp Vault, Crossplane",Usage-based Scaling,0.67,5.7,Strategy tailored for regulatory compliance.
MCS-3991,HealthCore Systems,Backup & Archival,"GCP, Oracle Cloud, IBM Cloud, AWS",Hybrid Integration,"Terraform, HashiCorp Vault, Crossplane",Spot Instances,0.95,6.8,Strategy tailored for regulatory compliance.
MCS-3992,MediPulse Clinics,Backup & Archival,"Alibaba Cloud, Azure, Oracle Cloud, IBM Cloud",Failover/DR,"Terraform, Spinnaker, Azure Arc",Reserved Instances,0.23,5.6,Strategy tailored for global expansion.
MCS-3993,EduPrime University,Disaster Recovery,"DigitalOcean, IBM Cloud, AWS, GCP",Distributed Workload,Azure Arc,Spot Instances,0.6,42.3,Strategy tailored for cost savings.
MCS-3994,TechNova Solutions,High-Performance Computing,"AWS, Oracle Cloud, IBM Cloud",Failover/DR,"Terraform, Crossplane, Kubernetes",Pay-as-you-go,0.69,37.9,Strategy tailored for global expansion.
MCS-3995,AeroX Manufacturing,Hybrid Analytics,"Alibaba Cloud, IBM Cloud, DigitalOcean, GCP",Best-of-Breed,"Crossplane, Anthos, Istio",Multi-year Contract,0.11,26.7,Strategy tailored for cost savings.
MCS-3996,MediPulse Clinics,Hybrid Analytics,"GCP, Oracle Cloud",Distributed Workload,"Terraform, Azure Arc",Spot Instances,0.51,25.0,Strategy tailored for global expansion.
MCS-3997,LogiTrans Freight,IoT Processing,"Alibaba Cloud, IBM Cloud",Hybrid Integration,"Kubernetes, Terraform",Spot Instances,0.16,32.4,Strategy tailored for regulatory compliance.
MCS-3998,TechNova Solutions,High-Performance Computing,"GCP, DigitalOcean",Cost Optimization,"Istio, Kubernetes",Committed Use Discount,0.55,35.6,Strategy tailored for cost savings.
MCS-3999,HealthCore Systems,Backup & Archival,"DigitalOcean, Alibaba Cloud",Distributed Workload,Anthos,Pay-as-you-go,0.53,11.0,Strategy tailored for latency reduction.
