timestamp,budget,region,weights_cost_cpu_ram_storage_security,chosen_provider,chosen_instance,topsis_score
2025-11-27T15:08:22.707315,0.2,ap-south-1,"[0.25, 0.21875, 0.1875, 0.15625, 0.1875]",GCP,n2-standard-8,0.6136586868671117
2025-11-27T15:09:47.612621,1.89,ap-southeast-1,"[0.17391304347826086, 0.21739130434782608, 0.21739130434782608, 0.21739130434782608, 0.17391304347826086]",Azure,ND6s,0.5768431974039607
2025-11-27T15:17:48.209869,1.1000000000000008,asia-south1,"[0.1, 0.15, 0.2, 0.35, 0.2]",Azure,ND6s,0.7239735025967436
2025-11-27T15:20:02.882342,1.0000000000000009,asia-south1,"[0.09090909090909091, 0.13636363636363635, 0.18181818181818182, 0.3181818181818182, 0.2727272727272727]",Azure,ND6s,0.7239643702109321
2025-11-27T15:23:50.210423,0.2,ap-southeast-1,"[0.25806451612903225, 0.1935483870967742, 0.25806451612903225, 0.16129032258064516, 0.12903225806451613]",GCP,n2-standard-8,0.6257172057275805
2025-11-27T15:35:29.814076,0.3400000000000001,eu-west-1,"[0.25, 0.21875, 0.1875, 0.15625, 0.1875]",GCP,n2-highmem-8,0.6302879263388119
2025-11-27T19:05:44.493141,0.2,ap-south-1,"[0.25, 0.21875, 0.1875, 0.15625, 0.1875]",GCP,n2-standard-8,0.6136586868671117
2025-11-27T19:11:52.926777,0.2,ap-south-1,"[0.2962962962962963, 0.3333333333333333, 0.07407407407407407, 0.14814814814814814, 0.14814814814814814]",GCP,n2-standard-8,0.611293267561169
2025-11-27T19:16:42.619963,0.23,ap-southeast-1,"[0.16129032258064516, 0.22580645161290322, 0.1935483870967742, 0.22580645161290322, 0.1935483870967742]",GCP,n2-highmem-8,0.706636993092957
2025-11-27T19:22:12.820769,0.2,ap-south-1,"[0.25, 0.21875, 0.1875, 0.15625, 0.1875]",GCP,n2-standard-8,0.6136586868671117
2025-11-27T19:23:55.585998,0.2,ap-south-1,"[0.14285714285714285, 0.2857142857142857, 0.17857142857142858, 0.21428571428571427, 0.17857142857142858]",GCP,n2-standard-8,0.7726036578239555
2025-11-27T19:26:01.495517,0.2,ap-south-1,"[0.1111111111111111, 0.25925925925925924, 0.2222222222222222, 0.18518518518518517, 0.2222222222222222]",GCP,n2-standard-8,0.8089908025849493
2025-11-27T19:28:00.895966,0.1299999999999999,ap-south-1,"[0.0967741935483871, 0.22580645161290322, 0.1935483870967742, 0.22580645161290322, 0.25806451612903225]",Azure,E4s_v3,0.8420767481905785
2025-11-27T19:33:03.604998,0.2,ap-south-1,"[0.25806451612903225, 0.22580645161290322, 0.1935483870967742, 0.16129032258064516, 0.16129032258064516]",GCP,n2-standard-8,0.6136592662721837
2025-11-27T19:45:16.666229,0.18,asia-south1,"[0.24242424242424243, 0.12121212121212122, 0.18181818181818182, 0.15151515151515152, 0.30303030303030304]",Azure,E4s_v3,0.6019206796426869
2025-11-27T20:03:54.476536,0.2,asia-south1,"[0.25, 0.21875, 0.1875, 0.15625, 0.1875]",GCP,n2-standard-8,0.6136586868671117
2025-11-27T20:04:16.666222,0.2,asia-south1,"[0.25, 0.21875, 0.1875, 0.15625, 0.1875]",GCP,n2-standard-8,0.6136586868671117
2026-11-13T15:08:22.707315,0.205326081422378,ap-south-1,"[0.25, 0.21875, 0.1875, 0.15625, 0.1875]",GCP 570,n2-standard-8,0.6135328004688919
2025-11-27T15:09:47.612621 v9_2400,1.959391756539212,ap-southeast-1,"[0.17391304347826086, 0.21739130434782608, 0.21739130434782608, 0.21739130434782608, 0.1739130",Azure 545,ND6s v48,0.5507101482923497
2025-09-25T15:17:48.209869,1.1289624403197016,asia-south1,"[0.1, 0.15, 0.2, 0.35, 0.2] v30",AZURE 624,ND6s,0.6984183206501959
2025-01-08T15:20:02.882000,1.0290567552691163,asia-south1,"[0.09090909090909091, 0.13636363636363635, 0.18181818181818182, 0.3181818181818182, 0.272727",Azure 264,ND6s,0.7053545302773283
2025-11-27T15:23:50.210423 v3_7632,0.1993628388374147,ap-southeast-1,"[0.25806451612903225, 0.1935483870967742, 0.25806451612903225, 0.16129032258064516, 0.12903225806451613]",GCP 59,n2-standard-8,0.6499663696880713
2025-11-27T15:35:29.814076 v49_7414,0.3468894055988892,eu-west-1 v43,"[0.25, 0.21875, 0.1875, 0.15625, 0.1875]",GCP 289,n2-highmem-8,0.6308515159998238
2025-08-08T19:05:44.493141,0.209379357241646,ap-south-1,"[0.25, 0.21875, 0.1875, 0.15625, 0.1875]",GCP 604,n2-standard-8,0.6402348732563178
2026-03-04T19:11:52.926777,0.1925292849080714,ap-south-1 v14,"[0.2962962962962963, 0.3333333333333333, 0.07407407407407407, 0.14814814814814814, 0.14814814814814814]",GCP 199,n2-standard-8,0.6359179518979107
2025-11-27T19:16:42.619963 v15_942,0.2230753849352859,ap-southeast-1,"[0.16129032258064516, 0.22580645161290322, 0.1935483870967742, 0.22580645161290322, 0.1935483870967742]",GCP 952,n2-highmem-8 v46,0.7120826236123441
2025-05-02T19:22:12.820000,0.2069968520919405,ap-south-1,"[0.25, 0.21875, 0.1875, 0.15625, 0.1875]",GCP 735,n2-standard-8,0.6009261908508944
2025-11-27T19:23:55.585998 v25_8854,0.1970715024726455,ap-south-1,"[0.14285714285714285, 0.2857142857142857, 0.17857142857142858, 0.21428571428571427, 0.17857142857142858] v24",GCP 20,n2-standard-8,0.7369721774777905
2025-11-27T19:26:01.495517 v33_5986,0.208696440808876,ap-south-1,"[0.1111111111111111, 0.25925925925925924, 0.2222222222222222, 0.18518518518518517, 0.2222222222222222]",GCP 825,n2-standard-8,0.8360884976130172
2025-07-30T19:28:00.895966,0.1274417065188756,ap-south-1 v25,"[0.0967741935483871, 0.22580645161290322, 0.1935483870967742, 0.22580645161290322, 0.25806451612903225]",Azure 176,E4s_v3,0.8677460109436571
2025-04-06T19:33:03.604998,0.2070923805157696,ap-south-1,"[0.25806451612903225, 0.22580645161290322, 0.1935483870967742, 0.16129032258064516, 0.16129032258064516]",GCP 102,n2-standard-8 v15,0.6043783600767
2025-11-22T19:45:16.666229,0.1738733896219219,asia-south1,"[0.24242424242424243, 0.12121212121212122, 0.18181818181818182, 0.15151515151515152, 0.30303030303030304]",Azure 338,E4s_v3 v36,0.6067202214844164
2026-08-11T20:03:54.476536,0.208231537745261,asia-south1,"[0.25, 0.21875, 0.1875, 0.15625, 0.1875]",GCP 321,n2-standard-8,0.6041850344240008
2026-08-13T20:04:16.666222,0.1907759890945777,asia-south1,"[0.25, 0.21875, 0.1875, 0.15625, 0.1875]",GCP 133,n2-standard-8,0.5944372109654726
2025-03-17T15:08:22.707000,0.2053353671267667,ap-south-1,"[0.25, 0.21875, 0.1875, 0.15625, 0.1875]",GCP 869,n2-standard-8 v29,0.6042150012961996
2026-08-31T15:09:47.612621,1.81464118740406,ap-southeast-1,"[0.17391304347826086, 0.21739130434782608, 0.21739130434782608, 0.21739130434782608, 0.17391304347826086]",Azure v30 329,ND6s,0.5600127477616399
2026-08-30T15:17:48.209869,1.1336496426786793,ASIA-SOUTH1,"[0.1, 0.15, 0.2, 0.35, 0.2]",Azure 23,ND6s,0.7080224736177733
2024-12-05T15:20:02.882000,1.000426346079304,asia-south1,"[0.09090909090909091, 0.13636363636363635, 0.18181818181818182, 0.3181818181818182, 0.272727",Azure 13,ND6s,0.750435768058766
2025-01-17T15:23:50.210423,0.191570724855856,ap-southeast-1,"[0.25806451612903225, 0.1935483870967742, 0.25806451612903225, 0.16129032258064516, 0.1290322",GCP 209,n2-standard-8,0.6167322029835943
2025-01-16T15:35:29.814076,0.341723478519623,eu-west-1 v1,"[0.25, 0.21875, 0.1875, 0.15625, 0.1875]",GCP 393,n2-highmem-8,0.6182956427415078
2026-11-15T19:05:44.493000,0.2040090973084871,ap-south-1,"[0.25, 0.21875, 0.1875, 0.15625, 0.1875]",GCP 939,n2-standard-8,0.6076333844608609
2026-09-21T19:11:52.926777,0.2046540036774161,ap-south-1,"[0.2962962962962963, 0.3333333333333333, 0.07407407407407407, 0.14814814814814814, 0.14814814814814814]",GCP 420,n2-standard-8,0.6184383540013735
2025-11-17T19:16:42.619000,0.2187166566873662,ap-southeast-1,"[0.16129032258064516, 0.22580645161290322, 0.1935483870967742, 0.22580645161290322, 0.1935483870967742]",GCP 148,N2-HIGHMEM-8,0.7284574468994689
2026-09-09T19:22:12.820769,0.2027226733545613,ap-south-1,"[0.25, 0.21875, 0.1875, 0.15625, 0.1875]",GCP v45 702,n2-standard-8,0.6103283501830328
2025-07-13T19:23:55.585998,0.1952993412311088,ap-south-1,"[0.14285714285714285, 0.2857142857142857, 0.17857142857142858, 0.21428571428571427, 0.1785714",GCP 575,n2-standard-8,0.7686349930630479
2025-11-27T19:26:01.495517 v20_5131,0.195320427534576,ap-south-1,"[0.1111111111111111, 0.25925925925925924, 0.2222222222222222, 0.18518518518518517, 0.2222222222222222]",GCP 320,n2-standard-8,0.8163377233368663
2026-04-21T19:28:00.895966,0.1237338457104409,ap-south-1,"[0.0967741935483871, 0.22580645161290322, 0.1935483870967742, 0.22580645161290322, 0.25806451612903225]",Azure 89,E4s_v3,0.8785194113999384
2025-08-10T19:33:03.604998,0.2037643783881547,ap-south-1,"[0.25806451612903225, 0.22580645161290322, 0.1935483870967742, 0.16129032258064516, 0.16129032258064516] v32",GCP 209,n2-standard-8,0.5842245522968744
2025-12-20T19:45:16.666000,0.1797674857978244,asia-south1,"[0.24242424242424243, 0.12121212121212122, 0.18181818181818182, 0.15151515151515152, 0.30303030303030304]",Azure 617,E4s_v3,0.6246884778880847
2026-08-18T20:03:54.476536,0.2085974096458775,asia-south1,"[0.25, 0.21875, 0.1875, 0.15625, 0.1875]",GCP 606,n2-standard-8,0.6126643693504943
2025-08-10T20:04:16.666222,0.1923949357700106,asia-south1 v33,"[0.25, 0.21875, 0.1875, 0.15625, 0.1875]",GCP v2 346,N2-STANDARD-8,0.5981309995953693
2025-05-17T15:08:22.707000,0.2082164844066079,ap-south-1,"[0.25, 0.21875, 0.1875, 0.15625, 0.1875]",GCP 464,n2-standard-8,0.6408627969798719
2025-05-28T15:09:47.612621,1.9426395013316544,ap-southeast-1,"[0.17391304347826086, 0.21739130434782608, 0.21739130434782608, 0.21739130434782608, 0.17391304347826086]",Azure 399,ND6s,0.5555585266866622
2025-02-08T15:17:48.209869,1.048772769143365,ASIA-SOUTH1,"[0.1, 0.15, 0.2, 0.35, 0.2]",Azure v34 355,ND6S,0.7053162224866152
2026-06-29T15:20:02.882342,1.0021743225790924,asia-south1,"[0.09090909090909091, 0.13636363636363635, 0.18181818181818182, 0.3181818181818182, 0.2727272727272727] v8",Azure 910,ND6s,0.7190730618061568
2025-10-13T15:23:50.210423,0.1914885683687703,AP-SOUTHEAST-1,"[0.25806451612903225, 0.1935483870967742, 0.25806451612903225, 0.16129032258064516, 0.1290322",GCP 324,n2-standard-8,0.6259482055801513
2025-11-07T15:35:29.814076,0.3425151559510793,eu-west-1,"[0.25, 0.21875, 0.1875, 0.15625, 0.1875] v32",GCP 849,n2-highmem-8,0.6538869780215181
2026-11-15T19:05:44.493141,0.1901799731456651,ap-south-1,"[0.25, 0.21875, 0.1875, 0.15625, 0.1875]",GCP 781,n2-standard-8,0.5987965407650784
2026-09-21T19:11:52.926000,0.1996836899664519,ap-south-1,"[0.2962962962962963, 0.3333333333333333, 0.07407407407407407, 0.14814814814814814, 0.14814814814814814]",GCP 749,n2-standard-8,0.620346650891787
2026-01-11T19:16:42.619000,0.2335418670926657,ap-southeast-1 v22,"[0.16129032258064516, 0.22580645161290322, 0.1935483870967742, 0.22580645161290322, 0.1935483870967742]",GCP 956,n2-highmem-8 v15,0.6739886657916274
2026-01-28T19:22:12.820000,0.1996397237365281,ap-south-1,"[0.25, 0.21875, 0.1875, 0.15625, 0.1875] v28",GCP v1 650,n2-standard-8,0.5907755148301491
2025-06-24T19:23:55.585998,0.2018496598780319,ap-south-1,"[0.14285714285714285, 0.2857142857142857, 0.17857142857142858, 0.21428571428571427, 0.17857142857142858]",GCP 431,N2-STANDARD-8,0.7985300505054812
2025-03-10T19:26:01.495517,0.1947326626294002,ap-south-1,"[0.1111111111111111, 0.25925925925925924, 0.2222222222222222, 0.18518518518518517, 0.2222222222222222]",GCP 204,n2-standard-8,0.8405211374315226
2025-01-19T19:28:00.895966,0.1261181883363204,ap-south-1,"[0.0967741935483871, 0.22580645161290322, 0.1935483870967742, 0.22580645161290322, 0.25806451612903225]",Azure 276,E4s_v3 v44,0.883857539122083
2025-03-11T19:33:03.604000,0.196254822323768,ap-south-1,"[0.25806451612903225, 0.22580645161290322, 0.1935483870967742, 0.16129032258064516, 0.16129032258064516]",GCP 266,n2-standard-8,0.612802855580369
2025-11-27T19:45:16.666229 v10_1182,0.1868667447526004,asia-south1,"[0.24242424242424243, 0.12121212121212122, 0.18181818181818182, 0.15151515151515152, 0.30303030303030304]",Azure 549,E4S_V3,0.5968593486072956
2025-03-07T20:03:54.476536,0.2083657007075991,asia-south1,"[0.25, 0.21875, 0.1875, 0.15625, 0.1875] v43",GCP v15 56,n2-standard-8,0.5926993241609777
2025-12-12T20:04:16.666222,0.1962207333452067,asia-south1,"[0.25, 0.21875, 0.1875, 0.15625, 0.1875] v47",GCP 92,n2-standard-8,0.5870154580472462
2025-05-13T15:08:22.707315,0.1922653950612937,ap-south-1,"[0.25, 0.21875, 0.1875, 0.15625, 0.1875]",GCP 812,n2-standard-8,0.6304042405508918
2026-05-08T15:09:47.612621,1.9437288850264132,ap-southeast-1,"[0.17391304347826086, 0.21739130434782608, 0.21739130434782608, 0.21739130434782608, 0.17391304347826086]",Azure v26 278,ND6s,0.5758045864815113
2026-03-07T15:17:48.209869,1.0755958004493809,asia-south1,"[0.1, 0.15, 0.2, 0.35, 0.2]",Azure 839,ND6s,0.711268249008384
2024-12-26T15:20:02.882000,1.0411591227806136,asia-south1,"[0.09090909090909091, 0.13636363636363635, 0.18181818181818182, 0.3181818181818182, 0.2727272727272727]",Azure 359,ND6s,0.7278829115876928
2025-10-05T15:23:50.210423,0.2052792639265123,ap-southeast-1,"[0.25806451612903225, 0.1935483870967742, 0.25806451612903225, 0.16129032258064516, 0.12903225806451613]",GCP 365,n2-standard-8 v22,0.6406430038513611
2025-08-22T15:35:29.814076,0.3442928153385226,eu-west-1,"[0.25, 0.21875, 0.1875, 0.15625, 0.1875]",GCP 698,n2-highmem-8,0.6409431652997525
2025-11-12T19:05:44.493141,0.2089155299449269,ap-south-1 v33,"[0.25, 0.21875, 0.1875, 0.15625, 0.1875]",GCP 180,n2-standard-8,0.6119197734629065
2026-04-20T19:11:52.926777,0.1909280577203025,ap-south-1 v35,"[0.2962962962962963, 0.3333333333333333, 0.07407407407407407, 0.14814814814814814, 0.14814814814814814] v15",GCP 365,n2-standard-8,0.6268087289570069
2025-03-24T19:16:42.619963,0.2202743206039794,ap-southeast-1 v32,"[0.16129032258064516, 0.22580645161290322, 0.1935483870967742, 0.22580645161290322, 0.1935483870967742]",GCP v19 482,n2-highmem-8,0.6786512975181643
2025-03-13T19:22:12.820000,0.1954069718099117,ap-south-1,"[0.25, 0.21875, 0.1875, 0.15625, 0.1875]",GCP 382,n2-standard-8,0.6334651495583247
2026-03-09T19:23:55.585998,0.1992361296312403,ap-south-1,"[0.14285714285714285, 0.2857142857142857, 0.17857142857142858, 0.21428571428571427, 0.17857142857142858]",GCP 866,n2-standard-8,0.7582667689622072
2025-02-07T19:26:01.495517,0.1914020296053488,ap-south-1,"[0.1111111111111111, 0.25925925925925924, 0.2222222222222222, 0.18518518518518517, 0.2222222222222222] v18",GCP 992,n2-standard-8,0.819444516451065
2026-11-06T19:28:00.895966,0.1241755592757052,AP-SOUTH-1,"[0.0967741935483871, 0.22580645161290322, 0.1935483870967742, 0.22580645161290322, 0.25806451612903225]",Azure 590,E4s_v3,0.8723702744285763
2024-12-09T19:33:03.604998,0.1952483216339243,ap-south-1,"[0.25806451612903225, 0.22580645161290322, 0.1935483870967742, 0.16129032258064516, 0.16129032258064516]",GCP 299,n2-standard-8,0.5978124059856382
2025-11-27T19:45:16.666229 v12_7379,0.1772327887476254,asia-south1,"[0.24242424242424243, 0.12121212121212122, 0.18181818181818182, 0.15151515151515152, 0.30303030303030304]",Azure 280,E4s_v3,0.6204441440943004
2026-04-02T20:03:54.476536,0.1995211340430212,asia-south1,"[0.25, 0.21875, 0.1875, 0.15625, 0.1875]",GCP v28 356,n2-standard-8 v46,0.6302543375611889
2025-01-09T20:04:16.666222,0.2000288294739582,asia-south1,"[0.25, 0.21875, 0.1875, 0.15625, 0.1875]",GCP 573,n2-standard-8,0.5973123390917779
2026-01-09T15:08:22.707315,0.1962961011784113,ap-south-1,"[0.25, 0.21875, 0.1875, 0.15625, 0.1875]",GCP 991,n2-standard-8,0.6127687369650502
2026-11-08T15:09:47.612000,1.8845882655530823,ap-southeast-1 v2,"[0.17391304347826086, 0.21739130434782608, 0.21739130434782608, 0.21739130434782608, 0.17391304347826086]",Azure v25 99,ND6S,0.5769548500646072
2025-08-10T15:17:48.209869,1.057435826461797,asia-south1,"[0.1, 0.15, 0.2, 0.35, 0.2]",Azure 189,ND6s,0.7426103979712951
2026-10-04T15:20:02.882342,1.0309770403897272,ASIA-SOUTH1,"[0.09090909090909091, 0.13636363636363635, 0.18181818181818182, 0.3181818181818182, 0.272727",Azure v3 819,ND6s,0.7269876685835225
2025-11-20T15:23:50.210423,0.1993101133305496,ap-southeast-1 v38,"[0.25806451612903225, 0.1935483870967742, 0.25806451612903225, 0.16129032258064516, 0.12903225806451613]",GCP 650,n2-standard-8 v19,0.6175214198800262
2025-08-14T15:35:29.814076,0.3258131023185605,eu-west-1,"[0.25, 0.21875, 0.1875, 0.15625, 0.1875]",GCP 887,n2-highmem-8 v49,0.6576416293459572
2026-10-19T19:05:44.493141,0.1987722287187928,ap-south-1,"[0.25, 0.21875, 0.1875, 0.15625, 0.1875]",GCP 762,n2-standard-8,0.6296329374664067
2026-06-09T19:11:52.926000,0.2088710629129881,ap-south-1,"[0.2962962962962963, 0.3333333333333333, 0.07407407407407407, 0.14814814814814814, 0.1481481",GCP v34 109,n2-standard-8,0.591167552948428
2025-06-17T19:16:42.619963,0.230209607859313,ap-southeast-1 v38,"[0.16129032258064516, 0.22580645161290322, 0.1935483870967742, 0.22580645161290322, 0.1935483870967742]",GCP 325,n2-highmem-8,0.7265383955245956
2026-07-10T19:22:12.820769,0.2042940463276451,ap-south-1 v7,"[0.25, 0.21875, 0.1875, 0.15625, 0.1875]",GCP 622,n2-standard-8,0.638957046129143
2025-07-05T19:23:55.585998,0.1987736940579959,ap-south-1,"[0.14285714285714285, 0.2857142857142857, 0.17857142857142858, 0.21428571428571427, 0.17857142857142858]",GCP 73,n2-standard-8 v45,0.8087591754975155
2025-08-27T19:26:01.495517,0.2009278093442347,ap-south-1,"[0.1111111111111111, 0.25925925925925924, 0.2222222222222222, 0.18518518518518517, 0.2222222222222222]",GCP v49 555,n2-standard-8,0.8451873161098862
2025-11-27T19:28:00.895966 v16_3082,0.1244508526232175,ap-south-1,"[0.0967741935483871, 0.22580645161290322, 0.1935483870967742, 0.22580645161290322, 0.25806451612903225]",Azure 329,E4s_v3,0.8643617680962213
2026-02-11T19:33:03.604998,0.2077521665898791,ap-south-1,"[0.25806451612903225, 0.22580645161290322, 0.1935483870967742, 0.16129032258064516, 0.1612903",GCP 217,n2-standard-8,0.6055498016936272
2026-11-07T19:45:16.666229,0.1788128796326072,asia-south1,"[0.24242424242424243, 0.12121212121212122, 0.18181818181818182, 0.15151515151515152, 0.30303030303030304]",Azure 356,E4s_v3 v24,0.6187475449208175
2025-02-25T20:03:54.476536,0.2006386595510558,asia-south1,"[0.25, 0.21875, 0.1875, 0.15625, 0.1875] v27",GCP 167,n2-standard-8,0.6336307197509234
2025-11-27T20:04:16.666222 v15_4491,0.1932580530895479,asia-south1 v4,"[0.25, 0.21875, 0.1875, 0.15625, 0.1875]",GCP 74,n2-standard-8,0.6353451230457835
2026-08-11T15:08:22.707315,0.1978989037204292,ap-south-1,"[0.25, 0.21875, 0.1875, 0.15625, 0.1",GCP 730,n2-standard-8 v17,0.5860751873465478
2025-04-14T15:09:47.612621,1.9316505372063864,ap-southeast-1,"[0.17391304347826086, 0.21739130434782608, 0.21739130434782608, 0.21739130434782608, 0.17391304347826086]",Azure 459,ND6s,0.5736405627016378
2025-11-27T15:17:48.209869 v6_9942,1.1348700531847402,asia-south1,"[0.1, 0.15, 0.2, 0.35, 0.2]",Azure 568,ND6s,0.7173703587219966
2026-08-28T15:20:02.882342,1.0244865358466289,asia-south1,"[0.09090909090909091, 0.13636363636363635, 0.18181818181818182, 0.3181818181818182, 0.272727",Azure 431,ND6s v37,0.7016293175462746
2025-11-27T15:23:50.210423 v5_2986,0.1925230619257563,ap-southeast-1,"[0.25806451612903225, 0.1935483870967742, 0.25806451612903225, 0.16129032258064516, 0.12903225806451613]",GCP 560,n2-standard-8,0.602145432900866
2025-01-25T15:35:29.814000,0.3254388790857069,eu-west-1,"[0.25, 0.21875, 0.1875, 0.15625, 0.1875]",GCP 397,n2-highmem-8,0.6403643310235856
2024-12-21T19:05:44.493141,0.2051676954317983,ap-south-1,"[0.25, 0.21875, 0.1875, 0.15625, 0.1875]",GCP v47 410,n2-standard-8,0.623417988224066
2025-05-03T19:11:52.926777,0.1920912572950868,ap-south-1,"[0.2962962962962963, 0.3333333333333333, 0.07407407407407407, 0.14814814814814814, 0.14814814814814814] v28",GCP v33 569,n2-standard-8,0.6129740761405391
2026-01-31T19:16:42.619963,0.231032278778676,ap-southeast-1,"[0.16129032258064516, 0.22580645161290322, 0.1935483870967742, 0.22580645161290322, 0.1935483870967742]",GCP 56,n2-highmem-8,0.6913388102836381
2026-07-20T19:22:12.820769,0.2068492821367115,ap-south-1 v5,"[0.25, 0.21875, 0.1875, 0.15625, 0.1",GCP 449,n2-standard-8,0.6420014260973553
2026-08-31T19:23:55.585000,0.1998556269172991,ap-south-1,"[0.14285714285714285, 0.2857142857142857, 0.17857142857142858, 0.21428571428571427, 0.17857142857142858]",GCP 49,n2-standard-8,0.7463902470773671
2026-02-03T19:26:01.495517,0.2030637437831562,ap-south-1,"[0.1111111111111111, 0.25925925925925924, 0.2222222222222222, 0.18518518518518517, 0.2222222222222222]",GCP 2,n2-standard-8,0.7967792825566391
2025-11-27T19:28:00.895966 v9_5564,0.1251774733155624,ap-south-1 v46,"[0.0967741935483871, 0.22580645161290322, 0.1935483870967742, 0.22580645161290322, 0.25806451612903225] v36",Azure v17 916,E4s_v3,0.8563895202879297
2025-09-15T19:33:03.604998,0.1951336118330052,ap-south-1 v43,"[0.25806451612903225, 0.22580645161290322, 0.1935483870967742, 0.16129032258064516, 0.16129032258064516]",GCP v4 46,n2-standard-8,0.6076695569322417
2025-11-27T19:45:16.666229 v42_247,0.1804787089666162,asia-south1,"[0.24242424242424243, 0.12121212121212122, 0.18181818181818182, 0.15151515151515152, 0.3030303",AZURE 148,E4s_v3,0.590079757793757
2025-12-05T20:03:54.476536,0.1913281070692099,asia-south1,"[0.25, 0.21875, 0.1875, 0.15625, 0.1875]",GCP 80,n2-standard-8,0.6436880448877214
2026-11-09T20:04:16.666000,0.2030981424629571,asia-south1 v1,"[0.25, 0.21875, 0.1875, 0.15625, 0.1875]",GCP 726,n2-standard-8,0.6026578173520621
2026-07-25T15:08:22.707315,0.1946513614851366,ap-south-1,"[0.25, 0.21875, 0.1875, 0.15625, 0.1875] v25",GCP 819,n2-standard-8,0.6076860210133903
2025-11-27T15:09:47.612621 v27_6958,1.935895111252015,ap-southeast-1,"[0.17391304347826086, 0.21739130434782608, 0.21739130434782608, 0.21739130434782608, 0.17391304347826086]",Azure v31 415,ND6s,0.558911374567956
2025-07-21T15:17:48.209869,1.0686768202551056,asia-south1,"[0.1, 0.15, 0.2, 0.35, 0.2]",Azure 739,ND6s,0.7501541907706107
2026-02-27T15:20:02.882000,1.001849297494225,asia-south1,"[0.09090909090909091, 0.13636363636363635, 0.18181818181818182, 0.3181818181818182, 0.2727272727272727]",Azure 80,ND6s,0.7132720596480068
2026-03-14T15:23:50.210423,0.1909956200304609,ap-southeast-1,"[0.25806451612903225, 0.1935483870967742, 0.25806451612903225, 0.16129032258064516, 0.12903225806451613]",GCP 671,n2-standard-8,0.6112318571827954
2025-11-27T15:35:29.814076 v11_7070,0.3550974034615516,eu-west-1,"[0.25, 0.21875, 0.1875, 0.15625, 0.1875] v36",GCP 739,n2-highmem-8 v17,0.631080590044418
2026-06-04T19:05:44.493141,0.19909901553684,ap-south-1,"[0.25, 0.21875, 0.1875, 0.15625, 0.1875]",GCP 880,n2-standard-8,0.6118658828301116
2026-08-13T19:11:52.926777,0.2088127999837223,ap-south-1,"[0.2962962962962963, 0.3333333333333333, 0.07407407407407407, 0.14814814814814814, 0.14814814814814814]",GCP 547,n2-standard-8,0.6008597921620804
2025-04-22T19:16:42.619963,0.2299147878865147,ap-southeast-1,"[0.16129032258064516, 0.22580645161290322, 0.1935483870967742, 0.22580645161290322, 0.1935483870967742]",GCP 122,n2-highmem-8,0.7097787952988366
2025-12-06T19:22:12.820769,0.1935216526606343,ap-south-1,"[0.25, 0.21875, 0.1875, 0.15625, 0.1875]",GCP 570,n2-standard-8,0.6269578111432985
2026-01-28T19:23:55.585998,0.1946839811957618,ap-south-1,"[0.14285714285714285, 0.2857142857142857, 0.17857142857142858, 0.21428571428571427, 0.17857142857142858]",GCP 868,n2-standard-8,0.7548055272439499
2026-10-07T19:26:01.495517,0.1978017207756043,ap-south-1,"[0.1111111111111111, 0.25925925925925924, 0.2222222222222222, 0.18518518518518517, 0.2222222222222222]",GCP 166,n2-standard-8,0.7842800142705821
2026-02-28T19:28:00.895966,0.1255039178163722,ap-south-1,"[0.0967741935483871, 0.22580645161290322, 0.1935483870967742, 0.22580645161290322, 0.25806451612903225]",Azure 189,E4s_v3,0.8720246742123544
2026-08-06T19:33:03.604998,0.192114012077586,ap-south-1,"[0.25806451612903225, 0.22580645161290322, 0.1935483870967742, 0.16129032258064516, 0.1612903",GCP 364,n2-standard-8,0.625568694852019
2025-06-19T19:45:16.666229,0.1763650362923065,asia-south1,"[0.24242424242424243, 0.12121212121212122, 0.18181818181818182, 0.15151515151515152, 0.30303030303030304]",Azure 825,E4s_v3,0.5972581647525668
2026-09-27T20:03:54.476536,0.1952605167148557,asia-south1,"[0.25, 0.21875, 0.1875, 0.15625, 0.1875]",GCP 653,n2-standard-8,0.5930157253932915
2026-06-15T20:04:16.666222,0.2017762054031244,asia-south1,"[0.25, 0.21875, 0.1875, 0.15625, 0.1",GCP 616,n2-standard-8,0.5884509483727003
2025-07-26T15:08:22.707315,0.2055588905494064,ap-south-1,"[0.25, 0.21875, 0.1875, 0.15625, 0.1875]",GCP 203,n2-standard-8 v23,0.6185536248196275
2026-05-03T15:09:47.612621,1.848965436949623,ap-southeast-1,"[0.17391304347826086, 0.21739130434782608, 0.21739130434782608, 0.21739130434782608, 0.17391304347826086]",Azure 417,ND6s,0.5996209586330925
2026-10-15T15:17:48.209869,1.0833462716387137,asia-south1,"[0.1, 0.15, 0.2, 0.35, 0",Azure 126,ND6s,0.740031265403432
2025-11-27T15:20:02.882342 v46_2667,1.0036578190028629,asia-south1,"[0.09090909090909091, 0.13636363636363635, 0.18181818181818182, 0.3181818181818182, 0.2727272727272727]",Azure 464,ND6s,0.7079080847621991
2026-06-11T15:23:50.210423,0.1932499683094888,ap-southeast-1 v26,"[0.25806451612903225, 0.1935483870967742, 0.25806451612903225, 0.16129032258064516, 0.12903225806451613]",GCP 849,n2-standard-8,0.6373570614874612
2025-11-27T15:35:29.814076 v31_7227,0.3281185159941157,eu-west-1,"[0.25, 0.21875, 0.1875, 0.15625, 0.1875]",GCP v5 164,n2-highmem-8,0.6356502783847428
2025-11-27T19:05:44.493141 v3_6084,0.2094133605558774,ap-south-1,"[0.25, 0.21875, 0.1875, 0.15625, 0.1875]",GCP v17 311,n2-standard-8,0.5884692371651996
2025-11-27T19:11:52.926777 v45_8244,0.1950829456025563,ap-south-1,"[0.2962962962962963, 0.3333333333333333, 0.07407407407407407, 0.14814814814814814, 0.14814814814814814]",GCP 338,n2-standard-8,0.6311685436152853
2026-08-13T19:16:42.619963,0.2383709609062187,ap-southeast-1,"[0.16129032258064516, 0.22580645161290322, 0.1935483870967742, 0.22580645161290322, 0.1935483870967742]",GCP 300,n2-highmem-8,0.6924239219453617
2025-02-02T19:22:12.820769,0.1923236114850818,ap-south-1,"[0.25, 0.21875, 0.1875, 0.15625, 0.1875]",GCP 506,n2-standard-8,0.6207927170550798
2026-08-08T19:23:55.585998,0.2030627346658371,ap-south-1 v4,"[0.14285714285714285, 0.2857142857142857, 0.17857142857142858, 0.21428571428571427, 0.17857142857142858]",GCP 963,n2-standard-8,0.7747011517187234
2025-04-04T19:26:01.495517,0.1911021927988133,ap-south-1,"[0.1111111111111111, 0.25925925925925924, 0.2222222222222222, 0.18518518518518517, 0.222222",GCP v42 291,N2-STANDARD-8,0.822402608184986
2026-04-23T19:28:00.895966,0.1258842695319265,ap-south-1 v31,"[0.0967741935483871, 0.22580645161290322, 0.1935483870967742, 0.22580645161290322, 0.25806451612903225]",Azure 643,E4s_v3,0.868818186194677
2026-07-20T19:33:03.604000,0.2004091218427876,ap-south-1,"[0.25806451612903225, 0.22580645161290322, 0.1935483870967742, 0.16129032258064516, 0.16129032258064516]",GCP 417,n2-standard-8,0.6358007591981214
2025-12-19T19:45:16.666229,0.1716331433675687,asia-south1,"[0.24242424242424243, 0.12121212121212122, 0.18181818181818182, 0.15151515151515152, 0.30303030303030304]",Azure 241,E4s_v3,0.6267090729960232
2025-05-21T20:03:54.476536,0.192684048526527,asia-south1,"[0.25, 0.21875, 0.1875, 0.15625, 0.1875]",GCP 387,n2-standard-8,0.6225418091425575
2026-02-21T20:04:16.666222,0.2068474266763664,asia-south1,"[0.25, 0.21875, 0.1875, 0.15625, 0.1875]",GCP 277,n2-standard-8,0.6296510361195868
2025-09-04T15:08:22.707315,0.2066714821929147,ap-south-1,"[0.25, 0.21875, 0.1875, 0.15625, 0.1875]",GCP 41,n2-standard-8,0.5949487747529809
2025-08-20T15:09:47.612621,1.8821848307373232,ap-southeast-1,"[0.17391304347826086, 0.21739130434782608, 0.21739130434782608, 0.21739130434782608, 0.17391304347826086]",Azure 541,ND6s,0.587051980970887
2026-02-18T15:17:48.209869,1.1548795169739392,asia-south1,"[0.1, 0.15, 0.2, 0.35, 0.2]",Azure 756,ND6s,0.7317752415104136
2025-10-26T15:20:02.882342,0.9725207100216212,asia-south1,"[0.09090909090909091, 0.13636363636363635, 0.18181818181818182, 0.3181818181818182, 0.272727",Azure 881,ND6s,0.7063789925446481
2025-04-19T15:23:50.210423,0.2082762904524989,ap-southeast-1,"[0.25806451612903225, 0.1935483870967742, 0.25806451612903225, 0.16129032258064516, 0.12903225806451613]",GCP 865,n2-standard-8,0.6174762265315678
2026-01-23T15:35:29.814076,0.3360401734227553,eu-west-1,"[0.25, 0.21875, 0.1875, 0.15625, 0.1875]",GCP v49 417,n2-highmem-8 v12,0.6397919321450825
2025-02-14T19:05:44.493141,0.1958283027735209,ap-south-1 v5,"[0.25, 0.21875, 0.1875, 0.15625, 0.1875]",GCP 31,n2-standard-8,0.5853299842020252
2026-11-13T19:11:52.926777,0.2002549979958786,ap-south-1,"[0.2962962962962963, 0.3333333333333333, 0.07407407407407407, 0.14814814814814814, 0.14814814814814814]",GCP 564,n2-standard-8,0.6050733729207763
2026-07-08T19:16:42.619963,0.2338505572022781,ap-southeast-1,"[0.16129032258064516, 0.22580645161290322, 0.1935483870967742, 0.22580645161290322, 0.1935483870967742]",GCP v10 387,n2-highmem-8,0.7097591378467916
2026-02-02T19:22:12.820769,0.1919018729542146,ap-south-1,"[0.25, 0.21875, 0.1875, 0.15625, 0.1875]",GCP 412,n2-standard-8,0.5863025032999786
2025-11-27T19:23:55.585998 v19_3042,0.1999264554256875,ap-south-1,"[0.14285714285714285, 0.2857142857142857, 0.17857142857142858, 0.21428571428571427, 0.17857142857142858]",GCP 993,n2-standard-8,0.7651593661961786
2025-10-19T19:26:01.495000,0.2062629997672763,ap-south-1 v3,"[0.1111111111111111, 0.25925925925925924, 0.2222222222222222, 0.18518518518518517, 0.222222",GCP 920,n2-standard-8,0.8400367966736503
2025-09-08T19:28:00.895966,0.1346636511546728,ap-south-1,"[0.0967741935483871, 0.22580645161290322, 0.1935483870967742, 0.22580645161290322, 0.25806451612903225] v45",Azure 956,E4s_v3,0.8283380724880585
2025-03-03T19:33:03.604998,0.2072222704012285,ap-south-1,"[0.25806451612903225, 0.22580645161290322, 0.1935483870967742, 0.16129032258064516, 0.16129032258064516]",GCP 965,n2-standard-8,0.5877836002818649
2026-03-04T19:45:16.666000,0.1866074399488516,ASIA-SOUTH1,"[0.24242424242424243, 0.12121212121212122, 0.18181818181818182, 0.15151515151515152, 0.30303030303030304]",AZURE 948,E4s_v3,0.6291679955885796
2025-03-27T20:03:54.476536,0.2001270110656162,asia-south1,"[0.25, 0.21875, 0.1875, 0.15625, 0.1875]",GCP 197,n2-standard-8,0.6425936977023909
2025-01-04T20:04:16.666222,0.2058478155071762,asia-south1,"[0.25, 0.21875, 0.1875, 0.15625, 0.1875]",GCP 566,n2-standard-8,0.5967977947934685
2025-06-14T15:08:22.707315,0.2076746677766277,ap-south-1,"[0.25, 0.21875, 0.1875, 0.15625, 0.1875]",GCP 788,n2-standard-8,0.6174313342895855
2025-08-01T15:09:47.612621,1.8379057742070135,ap-southeast-1,"[0.17391304347826086, 0.21739130434782608, 0.21739130434782608, 0.21739130434782608, 0.1739130",Azure 383,ND6s,0.5764883924425261
2026-04-10T15:17:48.209869,1.1296606380272027,asia-south1,"[0.1, 0.15, 0.2, 0.35, 0.2]",Azure 42,ND6s,0.7231271517137456
2025-03-21T15:20:02.882342,0.9739211088034228,asia-south1 v42,"[0.09090909090909091, 0.13636363636363635, 0.18181818181818182, 0.3181818181818182, 0.272727",Azure 218,ND6s,0.7445197883833431
2025-12-18T15:23:50.210423,0.2001161844518466,ap-southeast-1,"[0.25806451612903225, 0.1935483870967742, 0.25806451612903225, 0.16129032258064516, 0.12903225806451613]",GCP 226,n2-standard-8 v16,0.6400220494371154
2026-11-07T15:35:29.814076,0.3429027643748926,eu-west-1,"[0.25, 0.21875, 0.1875, 0.15625, 0.1875] v24",GCP 624,n2-highmem-8,0.6520936987239739
2025-06-17T19:05:44.493141,0.1916929750716925,ap-south-1,"[0.25, 0.21875, 0.1875, 0.15625, 0.1875] v19",GCP 417,n2-standard-8,0.6342736600346707
2025-02-06T19:11:52.926777,0.2068088550109204,ap-south-1,"[0.2962962962962963, 0.3333333333333333, 0.07407407407407407, 0.14814814814814814, 0.14814814814814814] v21",GCP 810,n2-standard-8 v39,0.5926944271845729
2025-08-11T19:16:42.619963,0.2376076499376795,ap-southeast-1,"[0.16129032258064516, 0.22580645161290322, 0.1935483870967742, 0.22580645161290322, 0.1935483870967742]",GCP 275,n2-highmem-8,0.6919682749994082
2026-03-31T19:22:12.820769,0.2018183218565445,ap-south-1,"[0.25, 0.21875, 0.1875, 0.15625, 0.1875]",GCP 733,n2-standard-8,0.6436798936212477
2026-03-27T19:23:55.585000,0.1909336963979855,ap-south-1,"[0.14285714285714285, 0.2857142857142857, 0.17857142857142858, 0.21428571428571427, 0.17857142857142858]",GCP 708,n2-standard-8,0.7942003778094406
2025-09-29T19:26:01.495517,0.2065928761070585,ap-south-1,"[0.1111111111111111, 0.25925925925925924, 0.2222222222222222, 0.18518518518518517, 0.2222222222222222]",GCP 850,n2-standard-8,0.8254890913790244
2025-08-17T19:28:00.895966,0.1288160540648366,ap-south-1,"[0.0967741935483871, 0.22580645161290322, 0.1935483870967742, 0.22580645161290322, 0.2580645",Azure 977,E4s_v3,0.8557158517615326
2026-01-11T19:33:03.604998,0.2026117739461709,ap-south-1,"[0.25806451612903225, 0.22580645161290322, 0.1935483870967742, 0.16129032258064516, 0.16129032258064516]",GCP 173,n2-standard-8,0.610566356436323
2026-03-13T19:45:16.666229,0.1751948033088037,asia-south1,"[0.24242424242424243, 0.12121212121212122, 0.18181818181818182, 0.15151515151515152, 0.30303030303030304]",Azure 110,E4s_v3,0.6063524926720499
2024-12-27T20:03:54.476536,0.2032758324788289,asia-south1,"[0.25, 0.21875, 0.1875, 0.15625, 0.1875]",GCP v32 951,n2-standard-8,0.6044283517430793
2025-11-27T20:04:16.666222 v12_4262,0.1968404532849596,asia-south1 v8,"[0.25, 0.21875, 0.1875, 0.15625, 0.1875]",GCP 700,n2-standard-8,0.5863604846198319
2025-11-27T15:08:22.707315 v22_545,0.1918811964045718,ap-south-1,"[0.25, 0.21875, 0.1875, 0.15625, 0.1875]",GCP v20 10,n2-standard-8,0.6211647535667064
2026-08-25T15:09:47.612621,1.8518294337658512,ap-southeast-1,"[0.17391304347826086, 0.21739130434782608, 0.21739130434782608, 0.21739130434782608, 0.1739130",Azure 427,ND6s v4,0.581503907571239
2026-04-06T15:17:48.209869,1.1458307412963316,asia-south1,"[0.1, 0.15, 0.2, 0.35, 0.2]",Azure 787,ND6S,0.738850915684045
2026-02-26T15:20:02.882342,0.9894341146350674,asia-south1,"[0.09090909090909091, 0.13636363636363635, 0.18181818181818182, 0.3181818181818182, 0.2727272727272727]",Azure 795,ND6s,0.6878591395321448
2026-08-25T15:23:50.210423,0.2006910908951208,ap-southeast-1,"[0.25806451612903225, 0.1935483870967742, 0.25806451612903225, 0.16129032258064516, 0.12903225806451613]",GCP 123,n2-standard-8 v45,0.6205518028147483
2026-04-27T15:35:29.814076,0.3436839015820771,eu-west-1,"[0.25, 0.21875, 0.1875, 0.15625, 0.1875]",GCP 443,n2-highmem-8 v12,0.6108760824864654
2025-10-31T19:05:44.493141,0.2070034389041009,ap-south-1,"[0.25, 0.21875, 0.1875, 0.15625, 0.1875]",GCP 438,n2-standard-8,0.6441932749266275
2024-12-21T19:11:52.926777,0.1941881342789987,ap-south-1,"[0.2962962962962963, 0.3333333333333333, 0.07407407407407407, 0.14814814814814814, 0.14814814814814814]",GCP 506,n2-standard-8,0.5814487000897833
2026-10-17T19:16:42.619963,0.2249646993652376,ap-southeast-1,"[0.16129032258064516, 0.22580645161290322, 0.1935483870967742, 0.22580645161290322, 0.193548",GCP v40 885,n2-highmem-8,0.683744758604612
2025-07-15T19:22:12.820000,0.1962508730447344,ap-south-1,"[0.25, 0.21875, 0.1875, 0.15625, 0.1875]",GCP v47 784,n2-standard-8,0.6026239480001275
2026-01-25T19:23:55.585000,0.2054313945211165,ap-south-1,"[0.14285714285714285, 0.2857142857142857, 0.17857142857142858, 0.21428571428571427, 0.17857142857142858]",GCP 647,n2-standard-8,0.8020306959445113
2026-09-19T19:26:01.495517,0.2020502272714945,ap-south-1,"[0.1111111111111111, 0.25925925925925924, 0.2222222222222222, 0.18518518518518517, 0.2222222222222222] v48",GCP v25 912,n2-standard-8,0.8365453224000119
2026-06-25T19:28:00.895966,0.129329301933207,ap-south-1,"[0.0967741935483871, 0.22580645161290322, 0.1935483870967742, 0.22580645161290322, 0.2580645",Azure 859,E4s_v3 v16,0.8042335541823147
2025-08-21T19:33:03.604998,0.1987606731339529,ap-south-1,"[0.25806451612903225, 0.22580645161290322, 0.1935483870967742, 0.16129032258064516, 0.16129032258064516]",GCP 169,n2-standard-8,0.6358144154048553
2025-06-28T19:45:16.666229,0.1841313047143161,ASIA-SOUTH1,"[0.24242424242424243, 0.12121212121212122, 0.18181818181818182, 0.15151515151515152, 0.30303030303030304]",Azure 562,E4S_V3,0.5927286084647666
2026-11-18T20:03:54.476536,0.1974575301840435,asia-south1,"[0.25, 0.21875, 0.1875, 0.15625, 0.1875]",GCP 946,n2-standard-8,0.591908629217234
2025-05-18T20:04:16.666222,0.1922534705326958,asia-south1,"[0.25, 0.21875, 0.1875, 0.15625, 0.1875]",GCP 17,n2-standard-8,0.6183766958235513
2026-09-11T15:08:22.707315,0.2005463935919972,ap-south-1,"[0.25, 0.21875, 0.1875, 0.15625, 0.1875] v46",GCP 835,n2-standard-8,0.6433350552601294
2026-06-15T15:09:47.612621,1.803787055121863,ap-southeast-1 v30,"[0.17391304347826086, 0.21739130434782608, 0.21739130434782608, 0.21739130434782608, 0.17391304347826086]",Azure 138,ND6s,0.5540306576397726
2026-07-29T15:17:48.209869,1.094502666348059,asia-south1,"[0.1, 0.15, 0.2, 0.35, 0.2]",Azure 695,ND6S,0.7118607149340707
2026-11-23T15:20:02.882342,0.9762693309880014,asia-south1,"[0.09090909090909091, 0.13636363636363635, 0.18181818181818182, 0.3181818181818182, 0.2727272727272727] v22",Azure 886,ND6s,0.7376576753425171
2025-08-11T15:23:50.210000,0.1940030842249873,ap-southeast-1,"[0.25806451612903225, 0.1935483870967742, 0.25806451612903225, 0.16129032258064516, 0.12903225806451613]",GCP 480,n2-standard-8,0.6144286057191501
2025-11-03T15:35:29.814076,0.3254557978412643,eu-west-1,"[0.25, 0.21875, 0.1875, 0.15625, 0.1875]",GCP 171,n2-highmem-8,0.6080673151661511
2025-11-27T19:05:44.493141 v13_6404,0.2062381822991981,ap-south-1,"[0.25, 0.21875, 0.1875, 0.15625, 0.1875]",GCP 373,n2-standard-8 v1,0.62920345498146
2025-11-27T19:11:52.926777 v13_254,0.2044257453794765,ap-south-1,"[0.2962962962962963, 0.3333333333333333, 0.07407407407407407, 0.14814814814814814, 0.14814814814814814]",GCP 7,n2-standard-8,0.5902908764172099
2025-02-03T19:16:42.619963,0.2352023581288284,ap-southeast-1,"[0.16129032258064516, 0.22580645161290322, 0.1935483870967742, 0.22580645161290322, 0.1935483870967742]",GCP 81,n2-highmem-8,0.7307916378567544
2025-06-27T19:22:12.820769,0.1963319612082114,ap-south-1 v6,"[0.25, 0.21875, 0.1875, 0.15625, 0.1",GCP 834,n2-standard-8 v25,0.5849054608726317
2025-10-25T19:23:55.585998,0.206715661417092,ap-south-1,"[0.14285714285714285, 0.2857142857142857, 0.17857142857142858, 0.21428571428571427, 0.17857142857142858]",GCP 77,n2-standard-8,0.766049165493322
2026-01-27T19:26:01.495517,0.1934922183396452,ap-south-1,"[0.1111111111111111, 0.25925925925925924, 0.2222222222222222, 0.18518518518518517, 0.2222222222222222]",GCP v47 210,n2-standard-8,0.8399619225701959
2025-11-14T19:28:00.895966,0.1302291877691734,ap-south-1,"[0.0967741935483871, 0.22580645161290322, 0.1935483870967742, 0.22580645161290322, 0.2580645",Azure 157,E4s_v3 v26,0.8786455975739088
2026-03-29T19:33:03.604000,0.1958317625632231,ap-south-1,"[0.25806451612903225, 0.22580645161290322, 0.1935483870967742, 0.16129032258064516, 0.16129032258064516]",GCP 131,n2-standard-8,0.5993548250889006
2024-12-11T19:45:16.666229,0.1741040350015294,asia-south1,"[0.24242424242424243, 0.12121212121212122, 0.18181818181818182, 0.15151515151515152, 0.30303030303030304]",Azure 232,E4s_v3,0.6067139219789325
2025-11-27T20:03:54.476536 v3_7499,0.1918731490521495,asia-south1,"[0.25, 0.21875, 0.1875, 0.15625, 0.1875]",GCP 427,n2-standard-8,0.6301102244594535
2026-02-18T20:04:16.666222,0.1962340664298562,asia-south1,"[0.25, 0.21875, 0.1875, 0.15625, 0.1875]",GCP 413,n2-standard-8,0.6017683898331597
2025-09-14T15:08:22.707315,0.1914471451548265,ap-south-1,"[0.25, 0.21875, 0.1875, 0.15625, 0.1875]",GCP 811,n2-standard-8 v31,0.5987260200828182
2026-08-15T15:09:47.612621,1.972402899831336,ap-southeast-1,"[0.17391304347826086, 0.21739130434782608, 0.21739130434782608, 0.21739130434782608, 0.17391304347826086]",Azure 365,ND6s,0.5871180727355598
2025-02-11T15:17:48.209869,1.1208487629795965,asia-south1 v36,"[0.1, 0.15, 0.2, 0.35, 0.2]",AZURE 673,ND6s,0.7069347503763512
2025-03-10T15:20:02.882342,0.9599985247483784,asia-south1,"[0.09090909090909091, 0.13636363636363635, 0.18181818181818182, 0.3181818181818182, 0.2727272727272727] v14",Azure 452,ND6s v27,0.7283370392672974
2026-06-15T15:23:50.210423,0.20591573462353,ap-southeast-1,"[0.25806451612903225, 0.1935483870967742, 0.25806451612903225, 0.16129032258064516, 0.12903225806451613]",GCP 900,n2-standard-8,0.6157192608481435
2024-12-05T15:35:29.814076,0.3393036540617861,eu-west-1,"[0.25, 0.21875, 0.1875, 0.15625, 0.1875]",GCP 53,n2-highmem-8,0.5997727598457337
2026-08-12T19:05:44.493141,0.1965337804506349,ap-south-1,"[0.25, 0.21875, 0.1875, 0.15625, 0.1875] v46",GCP 863,n2-standard-8,0.6104230467548015
2025-11-26T19:11:52.926777,0.2090826328314214,ap-south-1,"[0.2962962962962963, 0.3333333333333333, 0.07407407407407407, 0.14814814814814814, 0.14814814814814814] v27",GCP 701,n2-standard-8 v6,0.637108657560354
2025-11-27T19:16:42.619963 v13_3368,0.2197577462773274,ap-southeast-1,"[0.16129032258064516, 0.22580645161290322, 0.1935483870967742, 0.22580645161290322, 0.1935483870967742]",GCP 928,n2-highmem-8,0.7000922823139196
2026-06-01T19:22:12.820769,0.204964776123618,ap-south-1,"[0.25, 0.21875, 0.1875, 0.15625, 0.1875]",GCP 550,n2-standard-8,0.6383922403194937
2025-05-28T19:23:55.585998,0.191922517034643,ap-south-1,"[0.14285714285714285, 0.2857142857142857, 0.17857142857142858, 0.21428571428571427, 0.17857142857142858]",GCP 435,n2-standard-8,0.7667761098651299
2025-11-27T19:26:01.495517 v43_1161,0.2061299189221049,ap-south-1,"[0.1111111111111111, 0.25925925925925924, 0.2222222222222222, 0.18518518518518517, 0.2222222222222222]",GCP 858,n2-standard-8,0.7830744032818568
2026-03-10T19:28:00.895966,0.1279404052282754,ap-south-1,"[0.0967741935483871, 0.22580645161290322, 0.1935483870967742, 0.22580645161290322, 0.25806451612903225] v31",Azure 602,E4s_v3,0.8533479302012325
2024-12-20T19:33:03.604000,0.1941730382631686,ap-south-1,"[0.25806451612903225, 0.22580645161290322, 0.1935483870967742, 0.16129032258064516, 0.16129032258064516]",GCP 624,n2-standard-8,0.6238013870141703
2025-07-07T19:45:16.666229,0.1831355572115687,asia-south1,"[0.24242424242424243, 0.12121212121212122, 0.18181818181818182, 0.15151515151515152, 0.30303030303030304]",Azure 632,E4s_v3,0.5798584135134173
2026-04-02T20:03:54.476536,0.2097947319542454,asia-south1 v41,"[0.25, 0.21875, 0.1875, 0.15625, 0.1875]",GCP v2 189,n2-standard-8,0.5934860941522256
2025-08-02T20:04:16.666222,0.1960528068127363,asia-south1,"[0.25, 0.21875, 0.1875, 0.15625, 0.1875]",GCP 588,n2-standard-8,0.6236227771009347
2026-03-17T15:08:22.707315,0.203762353184127,ap-south-1,"[0.25, 0.21875, 0.1875, 0.15625, 0.1875]",GCP 806,N2-STANDARD-8,0.5908421249670455
2026-03-11T15:09:47.612621,1.8422219479366475,AP-SOUTHEAST-1,"[0.17391304347826086, 0.21739130434782608, 0.21739130434782608, 0.21739130434782608, 0.17391304347826086]",Azure 345,ND6s,0.5911705547075766
2026-08-16T15:17:48.209869,1.1419889037034945,ASIA-SOUTH1,"[0.1, 0.15, 0.2, 0.35, 0.2]",Azure 592,ND6s,0.7523402476807678
2025-11-27T15:20:02.882342 v15_2759,0.9580949702022366,asia-south1 v13,"[0.09090909090909091, 0.13636363636363635, 0.18181818181818182, 0.3181818181818182, 0.2727272727272727] v43",Azure 529,ND6s,0.7394081033660016
2026-04-09T15:23:50.210423,0.2005566807512254,ap-southeast-1,"[0.25806451612903225, 0.1935483870967742, 0.25806451612903225, 0.16129032258064516, 0.12903225806451613]",GCP 441,N2-STANDARD-8,0.6437335399517604
2026-02-07T15:35:29.814076,0.3450330763492494,eu-west-1,"[0.25, 0.21875, 0.1875, 0.15625, 0.1875]",GCP 541,n2-highmem-8,0.6201245274893546
2025-11-27T19:05:44.493141 v22_8954,0.1949788704959374,ap-south-1,"[0.25, 0.21875, 0.1875, 0.15625, 0.1875]",GCP 675,n2-standard-8,0.6028851862591247
2026-07-02T19:11:52.926777,0.1905148481949443,ap-south-1,"[0.2962962962962963, 0.3333333333333333, 0.07407407407407407, 0.14814814814814814, 0.1481481",GCP 942,n2-standard-8,0.6015766310408523
2026-06-27T19:16:42.619963,0.239137865402244,ap-southeast-1,"[0.16129032258064516, 0.22580645161290322, 0.1935483870967742, 0.22580645161290322, 0.1935483870967742]",GCP 710,n2-highmem-8,0.707924366670976
2026-01-31T19:22:12.820769,0.1906164923739874,ap-south-1,"[0.25, 0.21875, 0.1875, 0.15625, 0.1875]",GCP 40,n2-standard-8 v25,0.6221551025517604
2025-02-20T19:23:55.585000,0.1958726478351975,ap-south-1,"[0.14285714285714285, 0.2857142857142857, 0.17857142857142858, 0.21428571428571427, 0.17857142857142858] v23",GCP 397,n2-standard-8,0.7603914589799592
2025-12-12T19:26:01.495517,0.1904878198622019,ap-south-1,"[0.1111111111111111, 0.25925925925925924, 0.2222222222222222, 0.18518518518518517, 0.2222222222222222]",GCP 444,n2-standard-8,0.815578001690003
2025-09-30T19:28:00.895966,0.1359103220893109,ap-south-1,"[0.0967741935483871, 0.22580645161290322, 0.1935483870967742, 0.22580645161290322, 0.25806451612903225]",Azure 739,E4s_v3,0.85079908416567
2025-11-25T19:33:03.604998,0.1929378832782586,ap-south-1,"[0.25806451612903225, 0.22580645161290322, 0.1935483870967742, 0.16129032258064516, 0.16129032258064516]",GCP 983,n2-standard-8 v6,0.5930725548891477
2026-01-25T19:45:16.666229,0.1757425220224892,asia-south1,"[0.24242424242424243, 0.12121212121212122, 0.18181818181818182, 0.15151515151515152, 0.30303030303030304]",Azure v16 746,E4s_v3,0.6200182640453834
2025-11-27T20:03:54.476536 v13_5791,0.1963670404427202,asia-south1,"[0.25, 0.21875, 0.1875, 0.15625, 0.1875]",GCP 860,n2-standard-8,0.6063702597451803
2025-11-27T20:04:16.666222 v28_4963,0.2070913732806528,asia-south1,"[0.25, 0.21875, 0.1875, 0.15625, 0.1875]",GCP 922,n2-standard-8,0.5987438535941413
2026-01-02T15:08:22.707315,0.1944618003689071,ap-south-1,"[0.25, 0.21875, 0.1875, 0.15625, 0.1875]",GCP 225,n2-standard-8,0.5864438869839287
2025-01-24T15:09:47.612621,1.8823459283817896,ap-southeast-1,"[0.17391304347826086, 0.21739130434782608, 0.21739130434782608, 0.21739130434782608, 0.17391304347826086]",Azure 892,ND6s,0.5689121647843531
2025-07-19T15:17:48.209869,1.1136809967715977,asia-south1,"[0.1, 0.15, 0.2, 0.35, 0.2]",Azure 107,ND6s,0.7350712591805243
2026-10-06T15:20:02.882342,1.0131034175712057,asia-south1,"[0.09090909090909091, 0.13636363636363635, 0.18181818181818182, 0.3181818181818182, 0.2727272727272727]",Azure 583,ND6s,0.7567771270801856
2026-05-27T15:23:50.210423,0.2045515864426988,ap-southeast-1,"[0.25806451612903225, 0.1935483870967742, 0.25806451612903225, 0.16129032258064516, 0.12903225806451613]",GCP 267,n2-standard-8 v35,0.6480384122602825
2024-12-21T15:35:29.814076,0.3344221692148838,eu-west-1,"[0.25, 0.21875, 0.1875, 0.15625, 0.1875]",GCP 432,n2-highmem-8,0.6341134262194607
2025-11-27T19:05:44.493141 v32_1190,0.1925104836245575,ap-south-1 v31,"[0.25, 0.21875, 0.1875, 0.15625, 0.1875]",GCP 703,n2-standard-8,0.5956295613106279
2025-02-20T19:11:52.926777,0.2032375677608938,ap-south-1,"[0.2962962962962963, 0.3333333333333333, 0.07407407407407407, 0.14814814814814814, 0.14814814814814814]",GCP 574,n2-standard-8,0.5934110712541196
2025-08-03T19:16:42.619963,0.2377866317615702,ap-southeast-1 v14,"[0.16129032258064516, 0.22580645161290322, 0.1935483870967742, 0.22580645161290322, 0.1935483870967742]",GCP 525,n2-highmem-8,0.7003584479645307
2025-11-27T19:22:12.820769 v35_717,0.1926348759926393,ap-south-1,"[0.25, 0.21875, 0.1875, 0.15625, 0.1875]",GCP 896,n2-standard-8,0.6247191332018771
2025-11-27T19:23:55.585998 v16_3038,0.1906664639887901,ap-south-1,"[0.14285714285714285, 0.2857142857142857, 0.17857142857142858, 0.21428571428571427, 0.17857142857142858]",GCP v45 298,n2-standard-8,0.7350272944112534
2025-09-18T19:26:01.495517,0.2039598094299558,ap-south-1,"[0.1111111111111111, 0.25925925925925924, 0.2222222222222222, 0.18518518518518517, 0.2222222222222222]",GCP 467,n2-standard-8,0.8324725618497514
2026-10-22T19:28:00.895966,0.1299435009714821,ap-south-1,"[0.0967741935483871, 0.22580645161290322, 0.1935483870967742, 0.22580645161290322, 0.25806451612903225]",Azure 845,E4s_v3 v2,0.8480547833436904
2025-11-27T19:33:03.604998 v40_9912,0.1927274221005891,ap-south-1 v43,"[0.25806451612903225, 0.22580645161290322, 0.1935483870967742, 0.16129032258064516, 0.16129032258064516]",GCP 428,n2-standard-8 v31,0.5951347795239165
2025-11-25T19:45:16.666229,0.1782409458137658,asia-south1,"[0.24242424242424243, 0.12121212121212122, 0.18181818181818182, 0.15151515151515152, 0.3030303",Azure 202,E4s_v3,0.5943755569142533
2025-04-10T20:03:54.476536,0.1986011069038255,asia-south1 v4,"[0.25, 0.21875, 0.1875, 0.15625, 0.1875]",GCP 626,n2-standard-8,0.604934986075653
2025-01-06T20:04:16.666222,0.2067841590607892,asia-south1,"[0.25, 0.21875, 0.1875, 0.15625, 0.1875]",GCP 296,n2-standard-8,0.5849391203636749
2025-03-16T15:08:22.707315,0.2078414870218724,ap-south-1,"[0.25, 0.21875, 0.1875, 0.15625, 0.1875]",GCP 221,N2-STANDARD-8,0.6158385201051433
2025-07-28T15:09:47.612621,1.9190640274387127,ap-southeast-1,"[0.17391304347826086, 0.21739130434782608, 0.21739130434782608, 0.21739130434782608, 0.17391304347826086]",Azure 902,ND6s v22,0.5853356146723939
2026-11-24T15:17:48.209869,1.0509452390084706,asia-south1,"[0.1, 0.15, 0.2, 0.35, 0",Azure 92,ND6s v11,0.6945672824247378
2025-12-31T15:20:02.882342,1.0064194791798755,asia-south1,"[0.09090909090909091, 0.13636363636363635, 0.18181818181818182, 0.3181818181818182, 0.2727272727272727]",Azure 207,ND6s,0.723541401524418
2025-11-27T15:23:50.210423 v43_8048,0.2088993412728015,ap-southeast-1,"[0.25806451612903225, 0.1935483870967742, 0.25806451612903225, 0.16129032258064516, 0.12903225806451613]",GCP v37 241,n2-standard-8,0.6194697493606509
2025-05-18T15:35:29.814076,0.3401213825297209,eu-west-1,"[0.25, 0.21875, 0.1875, 0.15625, 0.1875]",GCP 502,n2-highmem-8,0.6493000945828401
2025-11-27T19:05:44.493141 v35_6031,0.2069753517056262,ap-south-1,"[0.25, 0.21875, 0.1875, 0.15625, 0.1875]",GCP 533,n2-standard-8 v38,0.6130729133537998
2025-09-29T19:11:52.926777,0.2076985349368993,ap-south-1,"[0.2962962962962963, 0.3333333333333333, 0.07407407407407407, 0.14814814814814814, 0.14814814814814814]",GCP 339,n2-standard-8,0.6160014728629984
2026-07-19T19:16:42.619963,0.2246897543106742,ap-southeast-1 v13,"[0.16129032258064516, 0.22580645161290322, 0.1935483870967742, 0.22580645161290322, 0.1935483870967742]",GCP v44 848,n2-highmem-8,0.674461070203295
2026-03-05T19:22:12.820769,0.2059213705079387,ap-south-1,"[0.25, 0.21875, 0.1875, 0.15625, 0.1875]",GCP v23 235,n2-standard-8,0.5883499036621765
2026-05-07T19:23:55.585998,0.2033836730439828,ap-south-1,"[0.14285714285714285, 0.2857142857142857, 0.17857142857142858, 0.21428571428571427, 0.17857142857142858]",GCP 769,n2-standard-8,0.7905621699793678
2026-01-13T19:26:01.495517,0.2035945159200351,ap-south-1,"[0.1111111111111111, 0.25925925925925924, 0.2222222222222222, 0.18518518518518517, 0.2222222222222222] v49",GCP 538,n2-standard-8,0.7883453470289378
2026-03-22T19:28:00.895966,0.1250764436136686,ap-south-1 v43,"[0.0967741935483871, 0.22580645161290322, 0.1935483870967742, 0.22580645161290322, 0.25806451612903225]",Azure 839,E4s_v3,0.854166968066802
2025-01-16T19:33:03.604998,0.2042414398449586,ap-south-1,"[0.25806451612903225, 0.22580645161290322, 0.1935483870967742, 0.16129032258064516, 0.1612903",GCP 81,n2-standard-8 v32,0.5852807358760611
2026-08-11T19:45:16.666229,0.1756919948861178,asia-south1,"[0.24242424242424243, 0.12121212121212122, 0.18181818181818182, 0.15151515151515152, 0.30303030303030304]",Azure 680,E4s_v3 v1,0.5781929880856544
2026-11-05T20:03:54.476536,0.1933766721330514,asia-south1,"[0.25, 0.21875, 0.1875, 0.15625, 0.1875]",GCP 471,n2-standard-8,0.6334063129588969
2026-02-08T20:04:16.666222,0.2019344598021243,asia-south1,"[0.25, 0.21875, 0.1875, 0.15625, 0.1",GCP 531,n2-standard-8 v15,0.5990848210623086
2026-11-15T15:08:22.707315,0.2001951413380174,ap-south-1,"[0.25, 0.21875, 0.1875, 0.15625, 0.1875] v29",GCP 464,n2-standard-8,0.6442325403479582
2025-03-11T15:09:47.612621,1.8046333132736696,ap-southeast-1,"[0.17391304347826086, 0.21739130434782608, 0.21739130434782608, 0.21739130434782608, 0.17391304347826086]",Azure 937,ND6s v48,0.5849770358997807
2026-10-12T15:17:48.209869,1.0630312288251649,asia-south1,"[0.1, 0.15, 0.2, 0.35, 0.2]",Azure 158,ND6s v49,0.753249625241528
2026-09-26T15:20:02.882342,1.0491892857319651,asia-south1 v10,"[0.09090909090909091, 0.13636363636363635, 0.18181818181818182, 0.3181818181818182, 0.2727272727272727]",AZURE 770,ND6s,0.7552333131550322
2025-11-28T15:23:50.210000,0.2090042241173086,AP-SOUTHEAST-1,"[0.25806451612903225, 0.1935483870967742, 0.25806451612903225, 0.16129032258064516, 0.12903225806451613]",GCP 550,n2-standard-8 v7,0.5993732974354142
2026-02-19T15:35:29.814076,0.3533883223839061,eu-west-1,"[0.25, 0.21875, 0.1875, 0.15625, 0.1",GCP 95,n2-highmem-8,0.6321667552154918
2025-06-04T19:05:44.493141,0.206631478518209,ap-south-1 v30,"[0.25, 0.21875, 0.1875, 0.15625, 0.1875]",GCP 711,n2-standard-8,0.5979529525719245
2026-08-28T19:11:52.926000,0.2017291902474959,ap-south-1,"[0.2962962962962963, 0.3333333333333333, 0.07407407407407407, 0.14814814814814814, 0.14814814814814814]",GCP 605,n2-standard-8 v24,0.5886129979904373
2025-11-27T19:16:42.619963 v44_4766,0.2192123238787177,ap-southeast-1,"[0.16129032258064516, 0.22580645161290322, 0.1935483870967742, 0.22580645161290322, 0.1935483870967742]",GCP 541,n2-highmem-8,0.6907302875748189
2025-03-21T19:22:12.820769,0.19840670778391,ap-south-1,"[0.25, 0.21875, 0.1875, 0.15625, 0.1875]",GCP 949,n2-standard-8 v26,0.5973356902476354
2026-06-10T19:23:55.585998,0.1932327538756918,ap-south-1,"[0.14285714285714285, 0.2857142857142857, 0.17857142857142858, 0.21428571428571427, 0.17857142857142858] v43",GCP 889,n2-standard-8,0.8046557236570754
2026-03-04T19:26:01.495517,0.1982161800201936,ap-south-1 v41,"[0.1111111111111111, 0.25925925925925924, 0.2222222222222222, 0.18518518518518517, 0.2222222222222222]",GCP 438,n2-standard-8,0.8277355460392959
2025-02-25T19:28:00.895966,0.1261044176742536,ap-south-1,"[0.0967741935483871, 0.22580645161290322, 0.1935483870967742, 0.22580645161290322, 0.25806451612903225]",Azure 411,E4s_v3,0.8177412936610022
2025-11-27T19:33:03.604998 v8_2317,0.1961945844350266,ap-south-1,"[0.25806451612903225, 0.22580645161290322, 0.1935483870967742, 0.16129032258064516, 0.16129032258064516]",GCP 191,n2-standard-8,0.6126043917206437
2026-03-11T19:45:16.666229,0.1861014797401332,asia-south1 v8,"[0.24242424242424243, 0.12121212121212122, 0.18181818181818182, 0.15151515151515152, 0.3030303",Azure 661,E4s_v3 v29,0.5800698888957042
2025-11-27T20:03:54.476536 v12_6338,0.2021716630927981,asia-south1,"[0.25, 0.21875, 0.1875, 0.15625, 0.1875]",GCP 482,n2-standard-8,0.6173317642585006
2026-04-08T20:04:16.666222,0.2025479311063169,asia-south1,"[0.25, 0.21875, 0.1875, 0.15625, 0.1875]",GCP v4 212,n2-standard-8,0.6009185816983695
2025-07-05T15:08:22.707315,0.2047087318778437,ap-south-1,"[0.25, 0.21875, 0.1875, 0.15625, 0.1",GCP v18 273,n2-standard-8,0.6251514711231805
2025-02-22T15:09:47.612621,1.9698661845271963,ap-southeast-1 v23,"[0.17391304347826086, 0.21739130434782608, 0.21739130434782608, 0.21739130434782608, 0.17391304347826086] v48",Azure 799,ND6s v20,0.5628469889263362
2026-09-10T15:17:48.209000,1.049368232832948,asia-south1,"[0.1, 0.15, 0.2, 0.35, 0.2]",Azure 740,ND6s v14,0.7202212092548838
2026-04-13T15:20:02.882342,0.9721237819806692,asia-south1,"[0.09090909090909091, 0.13636363636363635, 0.18181818181818182, 0.3181818181818182, 0.2727272727272727]",Azure 200,ND6s,0.7367838760975006
2026-09-07T15:23:50.210423,0.199464263737688,ap-southeast-1,"[0.25806451612903225, 0.1935483870967742, 0.25806451612903225, 0.16129032258064516, 0.12903225806451613]",GCP 492,n2-standard-8,0.6330835819238654
2026-08-31T15:35:29.814076,0.3533991065547668,eu-west-1,"[0.25, 0.21875, 0.1875, 0.15625, 0.1875]",GCP 416,n2-highmem-8,0.6301536233593087
2025-05-07T19:05:44.493000,0.2060270411654049,ap-south-1,"[0.25, 0.21875, 0.1875, 0.15625, 0.1875]",GCP 869,n2-standard-8 v29,0.6108617728896113
2026-03-07T19:11:52.926777,0.1902134457569766,ap-south-1 v8,"[0.2962962962962963, 0.3333333333333333, 0.07407407407407407, 0.14814814814814814, 0.14814814814814814]",GCP 243,n2-standard-8,0.6309554747928112
2026-05-13T19:16:42.619963,0.2241495262031227,ap-southeast-1,"[0.16129032258064516, 0.22580645161290322, 0.1935483870967742, 0.22580645161290322, 0.1935483870967742]",GCP 494,n2-highmem-8,0.6790272333064914
2026-05-02T19:22:12.820000,0.205544084947017,ap-south-1,"[0.25, 0.21875, 0.1875, 0.15625, 0.1875]",GCP 923,n2-standard-8,0.5994863762626147
2025-03-20T19:23:55.585000,0.2094609069902832,ap-south-1 v17,"[0.14285714285714285, 0.2857142857142857, 0.17857142857142858, 0.21428571428571427, 0.17857142857142858]",GCP 26,n2-standard-8,0.7692767376160835
2025-01-27T19:26:01.495517,0.2041012656841076,ap-south-1,"[0.1111111111111111, 0.25925925925925924, 0.2222222222222222, 0.18518518518518517, 0.2222222222222222]",GCP 229,n2-standard-8,0.8050256557289481
2026-02-25T19:28:00.895000,0.1326977966467144,ap-south-1,"[0.0967741935483871, 0.22580645161290322, 0.1935483870967742, 0.22580645161290322, 0.25806451612903225]",Azure 588,E4s_v3,0.80259807739006
2024-12-21T19:33:03.604998,0.1927730505822661,ap-south-1,"[0.25806451612903225, 0.22580645161290322, 0.1935483870967742, 0.16129032258064516, 0.1612903",GCP 569,n2-standard-8,0.5907889143685193
2026-07-23T19:45:16.666229,0.1882847944528572,asia-south1,"[0.24242424242424243, 0.12121212121212122, 0.18181818181818182, 0.15151515151515152, 0.30303030303030304]",Azure 1,E4s_v3 v12,0.6110990507784234
2025-02-20T20:03:54.476000,0.1971672507131565,asia-south1,"[0.25, 0.21875, 0.1875, 0.15625, 0.1",GCP 476,n2-standard-8 v8,0.597365067293146
2026-08-26T20:04:16.666222,0.2072014703797958,asia-south1 v4,"[0.25, 0.21875, 0.1875, 0.15625, 0.1875]",GCP 175,n2-standard-8,0.5987540528770635
2025-03-11T15:08:22.707315,0.1933951699641427,ap-south-1,"[0.25, 0.21875, 0.1875, 0.15625, 0.1875]",GCP 578,n2-standard-8,0.6422338984433774
2025-11-01T15:09:47.612621,1.886432755753384,ap-southeast-1,"[0.17391304347826086, 0.21739130434782608, 0.21739130434782608, 0.21739130434782608, 0.17391304347826086]",Azure v49 762,ND6s,0.5953181501883057
2026-06-27T15:17:48.209869,1.071496587007604,asia-south1 v11,"[0.1, 0.15, 0.2, 0.35, 0.2]",Azure 637,ND6s,0.7178086401923137
2026-10-25T15:20:02.882342,0.983120830232853,asia-south1,"[0.09090909090909091, 0.13636363636363635, 0.18181818181818182, 0.3181818181818182, 0.2727272727272727]",Azure 866,ND6s,0.7082180529707391
2025-01-07T15:23:50.210423,0.2046083253003947,ap-southeast-1,"[0.25806451612903225, 0.1935483870967742, 0.25806451612903225, 0.16129032258064516, 0.12903225806451613]",GCP 93,n2-standard-8,0.6277743408128539
2025-11-27T15:35:29.814076 v23_5746,0.3352898211689496,eu-west-1,"[0.25, 0.21875, 0.1875, 0.15625, 0.1875]",GCP 292,n2-highmem-8,0.6477897851935402
2025-03-03T19:05:44.493141,0.2078592918340965,ap-south-1,"[0.25, 0.21875, 0.1875, 0.15625, 0.1875]",GCP 887,n2-standard-8,0.6104642031277894
2025-02-02T19:11:52.926777,0.2045935682729448,ap-south-1,"[0.2962962962962963, 0.3333333333333333, 0.07407407407407407, 0.14814814814814814, 0.14814814814814814]",GCP 758,n2-standard-8,0.5839101312667303
2025-11-27T19:16:42.619963 v22_9437,0.2270699173822728,ap-southeast-1,"[0.16129032258064516, 0.22580645161290322, 0.1935483870967742, 0.22580645161290322, 0.1935483870967742]",GCP 262,n2-highmem-8,0.6875820200640413
2025-02-08T19:22:12.820769,0.19268980212991,ap-south-1,"[0.25, 0.21875, 0.1875, 0.15625, 0.1875]",GCP 637,n2-standard-8,0.6026242580189999
2025-10-24T19:23:55.585000,0.2049646743298702,ap-south-1,"[0.14285714285714285, 0.2857142857142857, 0.17857142857142858, 0.21428571428571427, 0.17857142857142858]",GCP 398,n2-standard-8,0.7427396053664799
2026-09-25T19:26:01.495517,0.1977231183718764,ap-south-1,"[0.1111111111111111, 0.25925925925925924, 0.2222222222222222, 0.18518518518518517, 0.2222222222222222]",GCP 455,n2-standard-8,0.8457510940317667
2025-07-29T19:28:00.895966,0.136009909738459,ap-south-1,"[0.0967741935483871, 0.22580645161290322, 0.1935483870967742, 0.22580645161290322, 0.25806451612903225]",Azure v36 818,E4s_v3,0.8624811305518084
2026-01-27T19:33:03.604998,0.1999923682399752,ap-south-1,"[0.25806451612903225, 0.22580645161290322, 0.1935483870967742, 0.16129032258064516, 0.16129032258064516]",GCP 42,n2-standard-8,0.6017060754200231
2025-11-27T19:45:16.666229 v17_4263,0.1796891109745821,asia-south1,"[0.24242424242424243, 0.12121212121212122, 0.18181818181818182, 0.15151515151515152, 0.30303030303030304]",Azure v4 585,E4s_v3,0.5887063071133569
2025-03-18T20:03:54.476536,0.1948436689118753,asia-south1 v16,"[0.25, 0.21875, 0.1875, 0.15625, 0.1875]",GCP 274,n2-standard-8,0.61948559019098
2025-11-27T20:04:16.666222 v23_4420,0.2025781028984723,asia-south1,"[0.25, 0.21875, 0.1875, 0.15625, 0.1875]",GCP 793,n2-standard-8,0.590213161759173
2025-11-27T15:08:22.707315 v32_5732,0.1921570652912462,ap-south-1,"[0.25, 0.21875, 0.1875, 0.15625, 0.1875]",GCP 307,n2-standard-8 v26,0.6344548371843793
2026-03-27T15:09:47.612621,1.8938145748534223,ap-southeast-1,"[0.17391304347826086, 0.21739130434782608, 0.21739130434782608, 0.21739130434782608, 0.1739130",Azure 517,ND6s,0.5807154712330177
2025-11-27T15:17:48.209869 v5_265,1.1319663261246735,asia-south1 v22,"[0.1, 0.15, 0.2, 0.35, 0.2]",Azure 93,ND6s v5,0.7102597804443411
2026-08-25T15:20:02.882000,1.003898087445013,asia-south1,"[0.09090909090909091, 0.13636363636363635, 0.18181818181818182, 0.3181818181818182, 0.2727272727272727]",Azure 746,ND6s,0.7086076020332301
2025-03-19T15:23:50.210423,0.1980555226869667,ap-southeast-1 v10,"[0.25806451612903225, 0.1935483870967742, 0.25806451612903225, 0.16129032258064516, 0.12903225806451613]",GCP 901,n2-standard-8,0.6178293341401535
2026-02-09T15:35:29.814000,0.323754895641587,eu-west-1,"[0.25, 0.21875, 0.1875, 0.15625, 0.1875]",GCP 187,N2-HIGHMEM-8,0.6179168776843373
2025-04-07T19:05:44.493141,0.1964187087663888,ap-south-1,"[0.25, 0.21875, 0.1875, 0.15625, 0.1875]",GCP 872,n2-standard-8 v25,0.5978018974836913
2026-10-18T19:11:52.926777,0.2079130583916635,ap-south-1,"[0.2962962962962963, 0.3333333333333333, 0.07407407407407407, 0.14814814814814814, 0.14814814814814814]",GCP 692,n2-standard-8,0.5871837630387143
2026-07-01T19:16:42.619963,0.2299896201295866,ap-southeast-1,"[0.16129032258064516, 0.22580645161290322, 0.1935483870967742, 0.22580645161290322, 0.1935483870967742]",GCP 171,n2-highmem-8,0.7327775844557975
2024-12-15T19:22:12.820769,0.2035578983699217,ap-south-1,"[0.25, 0.21875, 0.1875, 0.15625, 0.1875]",GCP 226,n2-standard-8,0.6180803823933846
2025-05-20T19:23:55.585998,0.1998281452686533,ap-south-1,"[0.14285714285714285, 0.2857142857142857, 0.17857142857142858, 0.21428571428571427, 0.17857142857142858]",GCP 222,n2-standard-8 v49,0.7711311994933245
2026-01-03T19:26:01.495517,0.1972637824743245,ap-south-1,"[0.1111111111111111, 0.25925925925925924, 0.2222222222222222, 0.18518518518518517, 0.2222222222222222]",GCP 318,n2-standard-8,0.772769749587772
2026-06-29T19:28:00.895966,0.1291707874225604,ap-south-1,"[0.0967741935483871, 0.22580645161290322, 0.1935483870967742, 0.22580645161290322, 0.25806451612903225]",Azure 540,E4s_v3,0.8163760439708571
2026-08-19T19:33:03.604998,0.2060512149630325,ap-south-1,"[0.25806451612903225, 0.22580645161290322, 0.1935483870967742, 0.16129032258064516, 0.16129032258064516]",GCP 892,n2-standard-8,0.6128241759199708
2026-06-12T19:45:16.666229,0.1873750830828155,asia-south1,"[0.24242424242424243, 0.12121212121212122, 0.18181818181818182, 0.15151515151515152, 0.30303030303030304]",Azure 491,E4s_v3,0.6309567646855295
2026-10-31T20:03:54.476536,0.190806504794419,asia-south1 v25,"[0.25, 0.21875, 0.1875, 0.15625, 0.1875]",GCP 249,n2-standard-8,0.636259553321307
2025-08-21T20:04:16.666222,0.190036240677385,asia-south1,"[0.25, 0.21875, 0.1875, 0.15625, 0.1875]",GCP 417,n2-standard-8 v29,0.6440840298628546
2025-03-28T15:08:22.707315,0.2004708318771416,ap-south-1,"[0.25, 0.21875, 0.1875, 0.15625, 0.1875]",GCP 892,n2-standard-8,0.5955382017502153
2025-06-24T15:09:47.612621,1.8644506202021849,ap-southeast-1,"[0.17391304347826086, 0.21739130434782608, 0.21739130434782608, 0.21739130434782608, 0.17391304347826086] v6",Azure 958,ND6s,0.5707857825944587
2026-11-08T15:17:48.209869,1.070380770426674,ASIA-SOUTH1,"[0.1, 0.15, 0.2, 0.35, 0.2]",Azure 728,ND6s,0.713167278508615
2026-03-21T15:20:02.882342,1.0082400964867948,asia-south1 v32,"[0.09090909090909091, 0.13636363636363635, 0.18181818181818182, 0.3181818181818182, 0.2727272727272727]",Azure 902,ND6s,0.7295533567908573
2026-05-05T15:23:50.210000,0.1900568430732794,ap-southeast-1,"[0.25806451612903225, 0.1935483870967742, 0.25806451612903225, 0.16129032258064516, 0.12903225806451613]",GCP 202,n2-standard-8 v33,0.6530578723476306
2026-04-23T15:35:29.814076,0.3455785201207944,eu-west-1,"[0.25, 0.21875, 0.1875, 0.15625, 0.1875]",GCP v46 319,n2-highmem-8,0.6262055966951825
2026-08-28T19:05:44.493141,0.1993517789699753,ap-south-1,"[0.25, 0.21875, 0.1875, 0.15625, 0.1875]",GCP 724,n2-standard-8,0.6366671691967988
2026-01-13T19:11:52.926777,0.2096197260559736,ap-south-1,"[0.2962962962962963, 0.3333333333333333, 0.07407407407407407, 0.14814814814814814, 0.14814814814814814]",GCP 252,n2-standard-8,0.6373678462277917
2025-09-04T19:16:42.619963,0.2353268998319478,ap-southeast-1,"[0.16129032258064516, 0.22580645161290322, 0.1935483870967742, 0.22580645161290322, 0.1935483870967742]",GCP 112,N2-HIGHMEM-8,0.6972385901639394
2025-09-20T19:22:12.820769,0.2037729010452877,ap-south-1,"[0.25, 0.21875, 0.1875, 0.15625, 0.1875]",GCP 317,n2-standard-8,0.6430317103688556
2025-11-27T19:23:55.585998 v34_7642,0.191952375210703,ap-south-1,"[0.14285714285714285, 0.2857142857142857, 0.17857142857142858, 0.21428571428571427, 0.17857142857142858]",GCP 739,n2-standard-8 v35,0.7603861363733356
2025-02-20T19:26:01.495517,0.2016330266534601,ap-south-1,"[0.1111111111111111, 0.25925925925925924, 0.2222222222222222, 0.18518518518518517, 0.2222222222222222]",GCP 763,n2-standard-8,0.8474543126958861
2025-04-24T19:28:00.895966,0.130326831073005,ap-south-1,"[0.0967741935483871, 0.22580645161290322, 0.1935483870967742, 0.22580645161290322, 0.2580645",Azure 583,E4s_v3,0.8170665264037852
2025-11-27T19:33:03.604998 v29_7237,0.1922206984604772,ap-south-1,"[0.25806451612903225, 0.22580645161290322, 0.1935483870967742, 0.16129032258064516, 0.16129032258064516]",GCP v32 446,n2-standard-8,0.616606149947676
2026-07-12T19:45:16.666229,0.1823241164154167,asia-south1,"[0.24242424242424243, 0.12121212121212122, 0.18181818181818182, 0.15151515151515152, 0.3030303",Azure 626,E4s_v3,0.581013456275892
2026-06-15T20:03:54.476536,0.2032077367640177,asia-south1,"[0.25, 0.21875, 0.1875, 0.15625, 0.1875]",GCP 399,n2-standard-8 v2,0.6082430058251586
2026-02-16T20:04:16.666222,0.2033882412850729,asia-south1,"[0.25, 0.21875, 0.1875, 0.15625, 0.1875] v37",GCP 803,n2-standard-8,0.6239562613276238
2025-11-27T15:08:22.707315 v23_1810,0.2084291547243306,ap-south-1,"[0.25, 0.21875, 0.1875, 0.15625, 0.1875]",GCP 890,n2-standard-8,0.6430226211997109
2025-08-26T15:09:47.612621,1.9131981012353436,ap-southeast-1,"[0.17391304347826086, 0.21739130434782608, 0.21739130434782608, 0.21739130434782608, 0.17391304347826086] v33",Azure 936,ND6s v26,0.5539643275553255
2026-06-17T15:17:48.209869,1.0593028881215154,asia-south1 v8,"[0.1, 0.15, 0.2, 0.35, 0.2]",Azure 638,ND6s,0.7452248327202193
2026-08-08T15:20:02.882342,0.9683457884758874,asia-south1,"[0.09090909090909091, 0.13636363636363635, 0.18181818181818182, 0.3181818181818182, 0.2727272727272727] v12",Azure 211,ND6s,0.6893578975585183
2025-09-26T15:23:50.210000,0.1902789803738382,ap-southeast-1,"[0.25806451612903225, 0.1935483870967742, 0.25806451612903225, 0.16129032258064516, 0.12903225806451613]",GCP v39 233,n2-standard-8 v12,0.6172759002007588
2025-11-27T15:35:29.814076 v7_4039,0.3251325538280916,eu-west-1,"[0.25, 0.21875, 0.1875, 0.15625, 0.1875]",GCP 29,n2-highmem-8,0.6501727392940888
2025-11-27T19:05:44.493141 v10_8522,0.2077140382708095,ap-south-1,"[0.25, 0.21875, 0.1875, 0.15625, 0.1",GCP 723,n2-standard-8,0.6228162405567006
2025-11-27T19:11:52.926777 v31_7074,0.192822192966653,ap-south-1,"[0.2962962962962963, 0.3333333333333333, 0.07407407407407407, 0.14814814814814814, 0.1481481",GCP 941,n2-standard-8,0.6179440136194353
2025-11-27T19:16:42.619963 v24_7911,0.2409484636230633,ap-southeast-1,"[0.16129032258064516, 0.22580645161290322, 0.1935483870967742, 0.22580645161290322, 0.1935483870967742]",GCP 646,n2-highmem-8,0.7330338120067788
2026-11-12T19:22:12.820769,0.2017559081013274,ap-south-1,"[0.25, 0.21875, 0.1875, 0.15625, 0.1875]",GCP 573,n2-standard-8,0.634970853348965
2025-02-19T19:23:55.585000,0.190359157275003,ap-south-1,"[0.14285714285714285, 0.2857142857142857, 0.17857142857142858, 0.21428571428571427, 0.17857142857142858]",GCP v13 458,n2-standard-8,0.8033168645977637
2025-11-27T19:26:01.495517 v20_37,0.2038641908443773,ap-south-1,"[0.1111111111111111, 0.25925925925925924, 0.2222222222222222, 0.18518518518518517, 0.2222222222222222]",GCP 765,n2-standard-8,0.7742783171185175
2026-10-07T19:28:00.895966,0.1343729950632058,ap-south-1,"[0.0967741935483871, 0.22580645161290322, 0.1935483870967742, 0.22580645161290322, 0.25806451612903225]",Azure 566,E4s_v3,0.8698814961692123
2026-08-06T19:33:03.604998,0.1905667490076677,ap-south-1,"[0.25806451612903225, 0.22580645161290322, 0.1935483870967742, 0.16129032258064516, 0.1612903",GCP v41 137,n2-standard-8,0.5842208232743722
2024-12-01T19:45:16.666229,0.180246669581206,asia-south1,"[0.24242424242424243, 0.12121212121212122, 0.18181818181818182, 0.15151515151515152, 0.30303030303030304]",Azure 972,E4s_v3,0.5862865474759831
2025-07-27T20:03:54.476536,0.2017241633238101,asia-south1,"[0.25, 0.21875, 0.1875, 0.15625, 0.1875]",GCP 787,n2-standard-8,0.6298749658589955
2025-11-04T20:04:16.666222,0.2051660523442104,asia-south1,"[0.25, 0.21875, 0.1875, 0.15625, 0.1",GCP 682,n2-standard-8,0.6316776950424816
2025-04-21T15:08:22.707315,0.2097184531794003,ap-south-1,"[0.25, 0.21875, 0.1875, 0.15625, 0.1875]",GCP 323,n2-standard-8,0.6222472320179192
2026-07-20T15:09:47.612621,1.87029577284115,ap-southeast-1,"[0.17391304347826086, 0.21739130434782608, 0.21739130434782608, 0.21739130434782608, 0.17391304347826086] v23",Azure 475,ND6s,0.5700027221784549
2026-03-28T15:17:48.209869,1.063906107279318,asia-south1,"[0.1, 0.15, 0.2, 0.35, 0.2]",Azure 473,ND6s,0.6920624378512403
2025-11-27T15:20:02.882342,1.0196221436121282,asia-south1,"[0.09090909090909091, 0.13636363636363635, 0.18181818181818182, 0.3181818181818182, 0.2727272727272727]",Azure 933,ND6s,0.7026851591313058
2025-10-28T15:23:50.210423,0.1913000157789778,ap-southeast-1,"[0.25806451612903225, 0.1935483870967742, 0.25806451612903225, 0.16129032258064516, 0.12903225806451613]",GCP 664,n2-standard-8,0.6460723121839618
2025-08-07T15:35:29.814076,0.3537053152396766,eu-west-1 v36,"[0.25, 0.21875, 0.1875, 0.15625, 0.1875] v40",GCP 966,n2-highmem-8 v39,0.6057693991319854
2025-05-15T19:05:44.493141,0.1985732964877897,ap-south-1,"[0.25, 0.21875, 0.1875, 0.15625, 0.1875]",GCP 690,n2-standard-8,0.5907515895950743
2026-02-28T19:11:52.926777,0.1979680093321885,ap-south-1,"[0.2962962962962963, 0.3333333333333333, 0.07407407407407407, 0.14814814814814814, 0.14814814814814814]",GCP 529,n2-standard-8,0.5981257535007134
2026-10-12T19:16:42.619963,0.2291402432544758,ap-southeast-1 v26,"[0.16129032258064516, 0.22580645161290322, 0.1935483870967742, 0.22580645161290322, 0.1935483870967742]",GCP 731,n2-highmem-8,0.7293608624081221
2024-12-27T19:22:12.820769,0.1905335352521774,ap-south-1,"[0.25, 0.21875, 0.1875, 0.15625, 0.1875] v26",GCP 368,n2-standard-8,0.6423823626165271
2026-01-18T19:23:55.585998,0.2062232520775826,ap-south-1,"[0.14285714285714285, 0.2857142857142857, 0.17857142857142858, 0.21428571428571427, 0.17857142857142858]",GCP 620,n2-standard-8,0.7365095849785217
2026-07-05T19:26:01.495517,0.1987260284766603,ap-south-1,"[0.1111111111111111, 0.25925925925925924, 0.2222222222222222, 0.18518518518518517, 0.2222222222222222]",GCP 256,n2-standard-8 v16,0.7725274557115237
2025-07-19T19:28:00.895000,0.13341342446629,ap-south-1,"[0.0967741935483871, 0.22580645161290322, 0.1935483870967742, 0.22580645161290322, 0.25806451612903225]",Azure 553,E4s_v3,0.87014970278067
2025-11-27T19:33:03.604998 v29_9920,0.1910337135982226,ap-south-1,"[0.25806451612903225, 0.22580645161290322, 0.1935483870967742, 0.16129032258064516, 0.16129032258064516]",GCP 24,n2-standard-8,0.5927050212288419
2025-04-09T19:45:16.666229,0.1733868718334426,asia-south1,"[0.24242424242424243, 0.12121212121212122, 0.18181818181818182, 0.15151515151515152, 0.30303030303030304]",Azure 421,E4S_V3,0.5858732497743829
2025-11-09T20:03:54.476536,0.2003424177622666,asia-south1 v34,"[0.25, 0.21875, 0.1875, 0.15625, 0.1875] v28",GCP 849,n2-standard-8,0.6104266954778612
2025-07-05T20:04:16.666222,0.2023669261409091,asia-south1,"[0.25, 0.21875, 0.1875, 0.15625, 0.1875]",GCP 308,n2-standard-8 v22,0.5868330568459628
2025-07-26T15:08:22.707315,0.2037848803992404,ap-south-1,"[0.25, 0.21875, 0.1875, 0.15625, 0.1",GCP 158,n2-standard-8 v15,0.615999001156354
2025-07-11T15:09:47.612621,1.851020994002176,ap-southeast-1,"[0.17391304347826086, 0.21739130434782608, 0.21739130434782608, 0.21739130434782608, 0.17391304347826086]",Azure 423,ND6s,0.5639995968160496
2025-01-10T15:17:48.209869,1.091578268538978,asia-south1,"[0.1, 0.15, 0.2, 0.35, 0.2]",Azure 472,ND6s,0.725054214684234
2025-02-26T15:20:02.882342,1.0162906252344577,asia-south1,"[0.09090909090909091, 0.13636363636363635, 0.18181818181818182, 0.3181818181818182, 0.2727272727272727]",Azure 22,ND6S,0.7494869189608067
2025-09-03T15:23:50.210423,0.209510546580418,ap-southeast-1,"[0.25806451612903225, 0.1935483870967742, 0.25806451612903225, 0.16129032258064516, 0.12903225806451613]",GCP 364,n2-standard-8,0.6152828545141211
2025-09-02T15:35:29.814076,0.3260666538068084,eu-west-1,"[0.25, 0.21875, 0.1875, 0.15625, 0.1875]",GCP 19,n2-highmem-8,0.6369699239461691
2025-03-18T19:05:44.493141,0.2049250869029257,ap-south-1,"[0.25, 0.21875, 0.1875, 0.15625, 0.1875]",GCP 763,n2-standard-8,0.5937516076384771
2025-07-05T19:11:52.926777,0.2015532287343932,ap-south-1,"[0.2962962962962963, 0.3333333333333333, 0.07407407407407407, 0.14814814814814814, 0.14814814814814814]",GCP 920,n2-standard-8,0.6026014890757292
2026-02-07T19:16:42.619963,0.2370658529177846,ap-southeast-1,"[0.16129032258064516, 0.22580645161290322, 0.1935483870967742, 0.22580645161290322, 0.1935483870967742]",GCP 170,N2-HIGHMEM-8,0.6972382453119239
2024-12-10T19:22:12.820000,0.2069997518633802,ap-south-1,"[0.25, 0.21875, 0.1875, 0.15625, 0.1875]",GCP 743,n2-standard-8,0.6349089100858107
2026-06-14T19:23:55.585998,0.2066499740197193,ap-south-1,"[0.14285714285714285, 0.2857142857142857, 0.17857142857142858, 0.21428571428571427, 0.17857142857142858] v6",GCP 530,n2-standard-8,0.7342608572881474
2025-06-10T19:26:01.495517,0.2001944634320713,ap-south-1,"[0.1111111111111111, 0.25925925925925924, 0.2222222222222222, 0.18518518518518517, 0.2222222222222222] v38",GCP 755,n2-standard-8,0.8108751414096241
2026-07-21T19:28:00.895966,0.1364627146240586,ap-south-1,"[0.0967741935483871, 0.22580645161290322, 0.1935483870967742, 0.22580645161290322, 0.25806451612903225]",Azure 308,E4s_v3,0.8650158450643274
2025-06-22T19:33:03.604998,0.2077544879578664,ap-south-1,"[0.25806451612903225, 0.22580645161290322, 0.1935483870967742, 0.16129032258064516, 0.1612903",GCP 937,n2-standard-8,0.6025021724765948
2026-09-11T19:45:16.666229,0.1736975303799579,asia-south1,"[0.24242424242424243, 0.12121212121212122, 0.18181818181818182, 0.15151515151515152, 0.30303030303030304]",Azure 764,E4S_V3,0.6062442019195053
2026-08-23T20:03:54.476536,0.1945612363380004,asia-south1,"[0.25, 0.21875, 0.1875, 0.15625, 0.1",GCP 186,n2-standard-8,0.5836830563886128
2025-08-10T20:04:16.666222,0.1961853622299939,asia-south1 v5,"[0.25, 0.21875, 0.1875, 0.15625, 0.1875]",GCP v13 205,n2-standard-8,0.6019152631055087
2024-12-04T15:08:22.707315,0.1939816462565591,ap-south-1,"[0.25, 0.21875, 0.1875, 0.15625, 0.1875]",GCP 409,n2-standard-8,0.6190406716609154
2025-11-27T15:09:47.612621 v40_9444,1.8894712542721883,ap-southeast-1,"[0.17391304347826086, 0.21739130434782608, 0.21739130434782608, 0.21739130434782608, 0.17391304347826086]",Azure 640,ND6s,0.5722249149307521
2025-10-10T15:17:48.209869,1.1250477007067072,asia-south1,"[0.1, 0.15, 0.2, 0.35, 0.2] v20",Azure 795,ND6s,0.7177419772733461
2025-11-27T15:20:02.882342 v45_7212,1.015402307765877,asia-south1,"[0.09090909090909091, 0.13636363636363635, 0.18181818181818182, 0.3181818181818182, 0.2727272727272727]",Azure v25 737,ND6s,0.7065937680605544
2026-02-18T15:23:50.210423,0.2013014456607338,ap-southeast-1,"[0.25806451612903225, 0.1935483870967742, 0.25806451612903225, 0.16129032258064516, 0.12903225806451613]",GCP v8 592,n2-standard-8,0.6138115708069085
2025-05-22T15:35:29.814076,0.3324678198911218,eu-west-1,"[0.25, 0.21875, 0.1875, 0.15625, 0.1875]",GCP 383,n2-highmem-8,0.6552771318439704
2026-02-09T19:05:44.493000,0.2046136819484155,ap-south-1,"[0.25, 0.21875, 0.1875, 0.15625, 0.1875]",GCP 56,n2-standard-8,0.6393102649392267
2026-09-13T19:11:52.926777,0.2047789169315745,ap-south-1,"[0.2962962962962963, 0.3333333333333333, 0.07407407407407407, 0.14814814814814814, 0.14814814814814814] v35",GCP 8,n2-standard-8,0.6322834474800443
2026-10-21T19:16:42.619963,0.2355866727242639,ap-southeast-1 v45,"[0.16129032258064516, 0.22580645161290322, 0.1935483870967742, 0.22580645161290322, 0.193548",GCP 503,n2-highmem-8 v31,0.7249310369538108
2025-12-14T19:22:12.820000,0.2027745236449844,ap-south-1,"[0.25, 0.21875, 0.1875, 0.15625, 0.1875] v30",GCP 155,n2-standard-8,0.5891791419195752
2025-09-22T19:23:55.585998,0.2022271402619676,ap-south-1 v6,"[0.14285714285714285, 0.2857142857142857, 0.17857142857142858, 0.21428571428571427, 0.17857142857142858]",GCP 18,n2-standard-8,0.7413575917186207
2025-07-16T19:26:01.495517,0.1911149919694065,ap-south-1,"[0.1111111111111111, 0.25925925925925924, 0.2222222222222222, 0.18518518518518517, 0.222222",GCP v20 955,n2-standard-8,0.782383295589295
2025-11-14T19:28:00.895966,0.1326638447255072,ap-south-1,"[0.0967741935483871, 0.22580645161290322, 0.1935483870967742, 0.22580645161290322, 0.2580645",Azure 303,E4s_v3,0.807147444889822
2026-10-03T19:33:03.604998,0.1978388237957687,ap-south-1,"[0.25806451612903225, 0.22580645161290322, 0.1935483870967742, 0.16129032258064516, 0.16129032258064516] v45",GCP v13 525,n2-standard-8 v9,0.6087201504648928
2026-11-08T19:45:16.666000,0.1716404786242823,asia-south1,"[0.24242424242424243, 0.12121212121212122, 0.18181818181818182, 0.15151515151515152, 0.30303030303030304]",Azure 485,E4s_v3,0.5800550323147523
2025-05-09T20:03:54.476536,0.1903607581900929,asia-south1,"[0.25, 0.21875, 0.1875, 0.15625, 0.1875]",GCP 372,n2-standard-8,0.6403070177962301
2026-03-18T20:04:16.666222,0.2059847618840691,asia-south1,"[0.25, 0.21875, 0.1875, 0.15625, 0.1875]",GCP v17 382,n2-standard-8,0.6117349673394885
2025-02-02T15:08:22.707315,0.1937166411113068,ap-south-1,"[0.25, 0.21875, 0.1875, 0.15625, 0.1875]",GCP 344,N2-STANDARD-8,0.6429911685413436
2025-08-12T15:09:47.612621,1.9005116422349744,ap-southeast-1 v7,"[0.17391304347826086, 0.21739130434782608, 0.21739130434782608, 0.21739130434782608, 0.17391304347826086]",Azure 307,ND6s,0.5492858089532641
2025-07-30T15:17:48.209000,1.0790256646794052,asia-south1,"[0.1, 0.15, 0.2, 0.35, 0.2]",Azure 733,ND6s,0.7080920998385534
2025-12-04T15:20:02.882342,1.0190853504339823,asia-south1,"[0.09090909090909091, 0.13636363636363635, 0.18181818181818182, 0.3181818181818182, 0.2727272727272727]",Azure 572,ND6s,0.744739877894511
2025-11-02T15:23:50.210423,0.208318860079081,ap-southeast-1,"[0.25806451612903225, 0.1935483870967742, 0.25806451612903225, 0.16129032258064516, 0.12903225806451613]",GCP 563,n2-standard-8,0.6124478771201726
2025-05-15T15:35:29.814076,0.3451571130258666,eu-west-1,"[0.25, 0.21875, 0.1875, 0.15625, 0.1",GCP 39,n2-highmem-8,0.6436879363530937
2025-01-22T19:05:44.493141,0.1963863376004274,ap-south-1,"[0.25, 0.21875, 0.1875, 0.15625, 0.1875]",GCP 277,n2-standard-8,0.5984523720171387
2025-10-17T19:11:52.926777,0.2084659901653986,ap-south-1,"[0.2962962962962963, 0.3333333333333333, 0.07407407407407407, 0.14814814814814814, 0.14814814814814814]",GCP 461,n2-standard-8,0.6086840606602484
2026-02-24T19:16:42.619963,0.2289034399855888,ap-southeast-1,"[0.16129032258064516, 0.22580645161290322, 0.1935483870967742, 0.22580645161290322, 0.1935483870967742]",GCP 26,n2-highmem-8 v21,0.718039315431069
2026-04-26T19:22:12.820769,0.1997516320679343,ap-south-1,"[0.25, 0.21875, 0.1875, 0.15625, 0.1875]",GCP 533,n2-standard-8,0.6257874288391758
2026-09-12T19:23:55.585000,0.2036009211274854,ap-south-1,"[0.14285714285714285, 0.2857142857142857, 0.17857142857142858, 0.21428571428571427, 0.1785714",GCP 757,n2-standard-8,0.7830459362216303
2025-09-15T19:26:01.495517,0.1978003212149512,ap-south-1,"[0.1111111111111111, 0.25925925925925924, 0.2222222222222222, 0.18518518518518517, 0.2222222222222222]",GCP 185,n2-standard-8,0.8014353019948517
2025-10-16T19:28:00.895966,0.1254782698244648,ap-south-1,"[0.0967741935483871, 0.22580645161290322, 0.1935483870967742, 0.22580645161290322, 0.25806451612903225] v28",Azure 565,E4s_v3,0.8114462540602277
2026-11-05T19:33:03.604998,0.199415247847752,ap-south-1,"[0.25806451612903225, 0.22580645161290322, 0.1935483870967742, 0.16129032258064516, 0.16129032258064516]",GCP 486,n2-standard-8,0.6368626557070445
2024-12-03T19:45:16.666229,0.185476700778812,asia-south1,"[0.24242424242424243, 0.12121212121212122, 0.18181818181818182, 0.15151515151515152, 0.30303030303030304]",Azure 804,E4s_v3,0.6115005810001484
2025-12-27T20:03:54.476536,0.200272667678573,ASIA-SOUTH1,"[0.25, 0.21875, 0.1875, 0.15625, 0.1875]",GCP 221,n2-standard-8,0.6322553387404672
2025-11-24T20:04:16.666222,0.19191380232116,asia-south1 v15,"[0.25, 0.21875, 0.1875, 0.15625, 0.1875]",GCP 382,n2-standard-8,0.6418640450655505
2026-03-05T15:08:22.707315,0.1913178803642384,ap-south-1,"[0.25, 0.21875, 0.1875, 0.15625, 0.1875] v15",GCP 527,n2-standard-8 v14,0.6439016785861144
2025-02-27T15:09:47.612621,1.862901519978124,AP-SOUTHEAST-1,"[0.17391304347826086, 0.21739130434782608, 0.21739130434782608, 0.21739130434782608, 0.17391304347826086]",Azure v4 617,ND6s,0.5925351659255411
2025-11-27T15:17:48.209869 v9_3957,1.1171760701032194,asia-south1,"[0.1, 0.15, 0.2, 0.35, 0.2] v43",Azure 938,ND6s,0.708968539895241
2025-10-28T15:20:02.882000,0.998782283738189,asia-south1,"[0.09090909090909091, 0.13636363636363635, 0.18181818181818182, 0.3181818181818182, 0.2727272727272727] v5",Azure 553,ND6s,0.7202114021445626
2025-07-26T15:23:50.210423,0.197755286570595,ap-southeast-1 v4,"[0.25806451612903225, 0.1935483870967742, 0.25806451612903225, 0.16129032258064516, 0.12903225806451613]",GCP 149,n2-standard-8 v2,0.6119958370087469
2026-08-08T15:35:29.814076,0.3321123910176664,eu-west-1,"[0.25, 0.21875, 0.1875, 0.15625, 0.1875]",GCP 453,n2-highmem-8,0.6194975107802926
2026-07-14T19:05:44.493141,0.1958792275282059,ap-south-1 v28,"[0.25, 0.21875, 0.1875, 0.15625, 0.1875]",GCP 131,n2-standard-8,0.5995429192719023
2025-11-27T19:11:52.926777 v9_5431,0.1921183137925755,ap-south-1,"[0.2962962962962963, 0.3333333333333333, 0.07407407407407407, 0.14814814814814814, 0.14814814814814814] v31",GCP 407,n2-standard-8,0.609064971516261
2024-12-11T19:16:42.619963,0.2363474675457506,ap-southeast-1,"[0.16129032258064516, 0.22580645161290322, 0.1935483870967742, 0.22580645161290322, 0.1935483870967742]",GCP 687,n2-highmem-8,0.7276624453598127
2026-09-28T19:22:12.820000,0.196193639166259,ap-south-1 v28,"[0.25, 0.21875, 0.1875, 0.15625, 0.1875]",GCP 45,n2-standard-8 v3,0.6281904379504951
2025-11-27T19:23:55.585998 v45_5494,0.2008568274866815,ap-south-1,"[0.14285714285714285, 0.2857142857142857, 0.17857142857142858, 0.21428571428571427, 0.17857142857142858]",GCP 65,n2-standard-8,0.7748940048261359
2024-12-26T19:26:01.495517,0.203107663989269,ap-south-1 v26,"[0.1111111111111111, 0.25925925925925924, 0.2222222222222222, 0.18518518518518517, 0.2222222222222222]",GCP 266,n2-standard-8,0.8087553303885118
2025-12-30T19:28:00.895000,0.1349321609129763,ap-south-1,"[0.0967741935483871, 0.22580645161290322, 0.1935483870967742, 0.22580645161290322, 0.25806451612903225]",Azure 891,E4s_v3,0.8410425826472692
2025-01-12T19:33:03.604998,0.1949973493051586,ap-south-1,"[0.25806451612903225, 0.22580645161290322, 0.1935483870967742, 0.16129032258064516, 0.16129032258064516] v10",GCP 599,n2-standard-8,0.6368242433828425
2025-10-06T19:45:16.666229,0.1873982825996259,asia-south1,"[0.24242424242424243, 0.12121212121212122, 0.18181818181818182, 0.15151515151515152, 0.3030303",Azure 147,E4s_v3,0.6316052249340837
2025-11-27T20:03:54.476536 v14_6645,0.2090075950296418,asia-south1,"[0.25, 0.21875, 0.1875, 0.15625, 0.1875] v12",GCP 253,n2-standard-8,0.6295541680499969
2025-11-27T20:04:16.666222 v1_2612,0.2068904306262731,asia-south1,"[0.25, 0.21875, 0.1875, 0.15625, 0.1875]",GCP 572,N2-STANDARD-8,0.6187126236399387
2025-07-15T15:08:22.707315,0.2020897796451692,ap-south-1 v29,"[0.25, 0.21875, 0.1875, 0.15625, 0.1875]",GCP 968,n2-standard-8,0.6041752761811179
2026-03-18T15:09:47.612621,1.9252968311332803,ap-southeast-1 v47,"[0.17391304347826086, 0.21739130434782608, 0.21739130434782608, 0.21739130434782608, 0.17391304347826086]",Azure 417,ND6s,0.5618501602450537
2026-08-07T15:17:48.209869,1.1046802648530718,asia-south1,"[0.1, 0.15, 0.2, 0.35, 0",Azure 128,ND6s,0.7586116088352626
2026-09-12T15:20:02.882342,1.030036418845535,asia-south1,"[0.09090909090909091, 0.13636363636363635, 0.18181818181818182, 0.3181818181818182, 0.2727272727272727]",Azure 395,ND6s,0.72085305747243
2025-04-07T15:23:50.210423,0.2020851903197384,ap-southeast-1 v24,"[0.25806451612903225, 0.1935483870967742, 0.25806451612903225, 0.16129032258064516, 0.12903225806451613]",GCP v13 13,n2-standard-8,0.620594501698955
2025-09-15T15:35:29.814076,0.34181866918676,eu-west-1,"[0.25, 0.21875, 0.1875, 0.15625, 0.1875]",GCP 816,n2-highmem-8 v49,0.6270827989537604
2025-01-09T19:05:44.493000,0.1918227467817941,ap-south-1,"[0.25, 0.21875, 0.1875, 0.15625, 0.1",GCP 883,n2-standard-8 v12,0.6229357923885606
2025-11-27T19:11:52.926777 v44_8445,0.1999909832453516,ap-south-1,"[0.2962962962962963, 0.3333333333333333, 0.07407407407407407, 0.14814814814814814, 0.14814814814814814]",GCP 132,n2-standard-8 v34,0.6034359080312058
2025-03-15T19:16:42.619963,0.2308548943968927,ap-southeast-1,"[0.16129032258064516, 0.22580645161290322, 0.1935483870967742, 0.22580645161290322, 0.1935483870967742]",GCP 706,n2-highmem-8 v26,0.6823111292834138
2025-07-27T19:22:12.820769,0.1986744740566284,ap-south-1 v6,"[0.25, 0.21875, 0.1875, 0.15625, 0.1875]",GCP 264,n2-standard-8,0.5834788496217301
2026-05-21T19:23:55.585998,0.2092204187153042,ap-south-1,"[0.14285714285714285, 0.2857142857142857, 0.17857142857142858, 0.21428571428571427, 0.17857142857142858]",GCP 783,n2-standard-8,0.7349837727462544
2025-11-27T19:26:01.495517 v23_8218,0.1950444626846124,ap-south-1 v46,"[0.1111111111111111, 0.25925925925925924, 0.2222222222222222, 0.18518518518518517, 0.2222222222222222]",GCP 266,n2-standard-8,0.7736871717425468
2026-06-28T19:28:00.895966,0.1301617169936703,ap-south-1,"[0.0967741935483871, 0.22580645161290322, 0.1935483870967742, 0.22580645161290322, 0.25806451612903225]",Azure 135,E4s_v3,0.8459420959746805
2026-05-11T19:33:03.604000,0.1934073450156306,ap-south-1,"[0.25806451612903225, 0.22580645161290322, 0.1935483870967742, 0.16129032258064516, 0.16129032258064516]",GCP 156,n2-standard-8,0.6136412046436337
2024-12-16T19:45:16.666229,0.1736712305367518,asia-south1 v19,"[0.24242424242424243, 0.12121212121212122, 0.18181818181818182, 0.15151515151515152, 0.30303030303030304]",AZURE 269,E4s_v3,0.580482339914006
2026-01-01T20:03:54.476000,0.2061631409804842,asia-south1,"[0.25, 0.21875, 0.1875, 0.15625, 0.1875] v11",GCP 950,n2-standard-8,0.6370804747464407
2025-11-27T20:04:16.666222 v28_4647,0.1983318445556839,asia-south1 v22,"[0.25, 0.21875, 0.1875, 0.15625, 0.1875] v22",GCP 802,n2-standard-8,0.601964344904674
2025-11-14T15:08:22.707315,0.200475169931057,ap-south-1,"[0.25, 0.21875, 0.1875, 0.15625, 0.1875]",GCP 908,n2-standard-8,0.5844780053010648
2025-11-27T15:09:47.612621 v2_3537,1.7977812177718169,ap-southeast-1,"[0.17391304347826086, 0.21739130434782608, 0.21739130434782608, 0.21739130434782608, 0.17391304347826086]",Azure 90,ND6s,0.5779355863792494
2025-10-24T15:17:48.209869,1.1509157543402,asia-south1,"[0.1, 0.15, 0.2, 0.35, 0.2]",Azure 739,ND6s v44,0.7539106008986416
2025-11-27T15:20:02.882342 v17_108,1.0427900629862037,asia-south1,"[0.09090909090909091, 0.13636363636363635, 0.18181818181818182, 0.3181818181818182, 0.2727272727272727]",Azure 165,ND6S,0.747737777948085
2025-02-20T15:23:50.210423,0.2081194732701852,ap-southeast-1,"[0.25806451612903225, 0.1935483870967742, 0.25806451612903225, 0.16129032258064516, 0.12903225806451613]",GCP 734,n2-standard-8,0.6484649377225205
2025-11-25T15:35:29.814076,0.3302976907387506,EU-WEST-1,"[0.25, 0.21875, 0.1875, 0.15625, 0.1875]",GCP 60,n2-highmem-8,0.638967170782228
2026-05-25T19:05:44.493141,0.2043443846202084,ap-south-1,"[0.25, 0.21875, 0.1875, 0.15625, 0.1875]",GCP 44,n2-standard-8,0.6340893266840416
2025-09-14T19:11:52.926000,0.2038301109162719,ap-south-1,"[0.2962962962962963, 0.3333333333333333, 0.07407407407407407, 0.14814814814814814, 0.14814814814814814]",GCP v37 849,n2-standard-8,0.6357857155367391
2025-09-08T19:16:42.619963,0.2342027278492921,ap-southeast-1,"[0.16129032258064516, 0.22580645161290322, 0.1935483870967742, 0.22580645161290322, 0.1935483870967742]",GCP 204,n2-highmem-8,0.720823343202652
2025-11-27T19:22:12.820769 v44_3066,0.2044884468053863,ap-south-1,"[0.25, 0.21875, 0.1875, 0.15625, 0.1875]",GCP 188,n2-standard-8,0.607755965646023
2026-02-25T19:23:55.585998,0.1984935802483691,ap-south-1 v27,"[0.14285714285714285, 0.2857142857142857, 0.17857142857142858, 0.21428571428571427, 0.17857142857142858]",GCP 448,n2-standard-8,0.7914036477329341
2025-04-05T19:26:01.495517,0.2095485008337884,ap-south-1,"[0.1111111111111111, 0.25925925925925924, 0.2222222222222222, 0.18518518518518517, 0.2222222222222222]",GCP 889,n2-standard-8 v9,0.847990419129998
2026-05-15T19:28:00.895966,0.1250701337916234,ap-south-1 v13,"[0.0967741935483871, 0.22580645161290322, 0.1935483870967742, 0.22580645161290322, 0.25806451612903225] v21",Azure 302,E4S_V3,0.824187118732439
2025-03-21T19:33:03.604998,0.1986368738462406,ap-south-1,"[0.25806451612903225, 0.22580645161290322, 0.1935483870967742, 0.16129032258064516, 0.1612903",GCP 460,n2-standard-8,0.5862859258800038
2025-10-17T19:45:16.666000,0.1800853105568463,asia-south1,"[0.24242424242424243, 0.12121212121212122, 0.18181818181818182, 0.15151515151515152, 0.30303030303030304]",Azure 579,E4s_v3,0.5808263284071422
2025-05-17T20:03:54.476536,0.2086312996001584,asia-south1,"[0.25, 0.21875, 0.1875, 0.15625, 0.1875]",GCP 997,n2-standard-8,0.6264154663134991
2025-09-06T20:04:16.666222,0.1939386697488174,asia-south1,"[0.25, 0.21875, 0.1875, 0.15625, 0.1",GCP 475,n2-standard-8,0.6306751707614582
2026-08-02T15:08:22.707315,0.1972253277681198,ap-south-1,"[0.25, 0.21875, 0.1875, 0.15625, 0.1875]",GCP 632,n2-standard-8,0.5960689625392612
2026-06-08T15:09:47.612621,1.935285906141026,ap-southeast-1,"[0.17391304347826086, 0.21739130434782608, 0.21739130434782608, 0.21739130434782608, 0.17391304347826086]",Azure 222,ND6s,0.572092259484354
2026-01-05T15:17:48.209869,1.118850480978648,asia-south1 v28,"[0.1, 0.15, 0.2, 0.35, 0.2]",Azure v31 257,ND6s v26,0.7305168449914149
2025-01-12T15:20:02.882342,0.9526297726684676,asia-south1,"[0.09090909090909091, 0.13636363636363635, 0.18181818181818182, 0.3181818181818182, 0.2727272727272727]",Azure 213,ND6S,0.7066636970280027
2026-04-13T15:23:50.210423,0.2069287035261461,ap-southeast-1,"[0.25806451612903225, 0.1935483870967742, 0.25806451612903225, 0.16129032258064516, 0.12903225806451613] v22",GCP 6,n2-standard-8,0.6201740353038954
2026-07-04T15:35:29.814076,0.3272965848261982,eu-west-1,"[0.25, 0.21875, 0.1875, 0.15625, 0.1875]",GCP 686,n2-highmem-8,0.6601441696785856
2025-11-27T19:05:44.493141 v40_538,0.2054317772893562,ap-south-1,"[0.25, 0.21875, 0.1875, 0.15625, 0.1875] v42",GCP 565,n2-standard-8,0.6328037020572154
2025-12-23T19:11:52.926000,0.2031771080845368,ap-south-1,"[0.2962962962962963, 0.3333333333333333, 0.07407407407407407, 0.14814814814814814, 0.14814814814814814]",GCP 791,n2-standard-8,0.6153549252977099
2025-05-31T19:16:42.619963,0.2299038478709164,ap-southeast-1 v35,"[0.16129032258064516, 0.22580645161290322, 0.1935483870967742, 0.22580645161290322, 0.1935483870967742]",GCP 261,n2-highmem-8,0.6843727000233367
2025-07-08T19:22:12.820769,0.2092924571123403,ap-south-1,"[0.25, 0.21875, 0.1875, 0.15625, 0.1875]",GCP 256,n2-standard-8,0.6142246359430493
2025-11-27T19:23:55.585998 v20_3282,0.1980709724162737,ap-south-1 v2,"[0.14285714285714285, 0.2857142857142857, 0.17857142857142858, 0.21428571428571427, 0.17857142857142858]",GCP 513,n2-standard-8,0.7726294361835302
2025-07-16T19:26:01.495517,0.1931566145236224,ap-south-1,"[0.1111111111111111, 0.25925925925925924, 0.2222222222222222, 0.18518518518518517, 0.2222222222222222] v29",GCP 774,N2-STANDARD-8,0.8303170378130155
2024-12-16T19:28:00.895000,0.1297502201863363,ap-south-1,"[0.0967741935483871, 0.22580645161290322, 0.1935483870967742, 0.22580645161290322, 0.25806451612903225]",Azure v46 14,E4s_v3,0.8633658821121862
2025-06-22T19:33:03.604998,0.2053572184625171,ap-south-1,"[0.25806451612903225, 0.22580645161290322, 0.1935483870967742, 0.16129032258064516, 0.16129032258064516]",GCP 813,n2-standard-8,0.5854621858930209
2026-07-09T19:45:16.666229,0.1818961853029961,asia-south1,"[0.24242424242424243, 0.12121212121212122, 0.18181818181818182, 0.15151515151515152, 0.3030303",Azure 78,E4s_v3,0.5770662943080277
2026-01-20T20:03:54.476536,0.2024057730517717,ASIA-SOUTH1,"[0.25, 0.21875, 0.1875, 0.15625, 0.1875]",GCP 7,n2-standard-8,0.6010353456136658
2026-05-16T20:04:16.666222,0.2015410668342709,asia-south1,"[0.25, 0.21875, 0.1875, 0.15625, 0.1",GCP 726,n2-standard-8,0.6039791779468711
2025-11-27T15:08:22.707315 v6_9270,0.1925436490726502,ap-south-1,"[0.25, 0.21875, 0.1875, 0.15625, 0.1875]",GCP 806,n2-standard-8,0.5874154739459354
2025-01-10T15:09:47.612621,1.8525467509087568,ap-southeast-1,"[0.17391304347826086, 0.21739130434782608, 0.21739130434782608, 0.21739130434782608, 0.17391304347826086]",AZURE 829,ND6s,0.5855129761124309
2026-02-04T15:17:48.209869,1.0880599697873925,asia-south1,"[0.1, 0.15, 0.2, 0.35, 0.2]",Azure 332,ND6s v33,0.7300130354493153
2025-12-14T15:20:02.882342,1.0155415696802863,asia-south1 v38,"[0.09090909090909091, 0.13636363636363635, 0.18181818181818182, 0.3181818181818182, 0.2727272727272727]",Azure 365,ND6s,0.7247995495703142
2025-12-04T15:23:50.210000,0.1908376078767755,ap-southeast-1,"[0.25806451612903225, 0.1935483870967742, 0.25806451612903225, 0.16129032258064516, 0.12903225806451613]",GCP 616,N2-STANDARD-8,0.6259091959539388
2026-09-10T15:35:29.814076,0.3542866975265254,eu-west-1 v49,"[0.25, 0.21875, 0.1875, 0.15625, 0.1875]",GCP 418,n2-highmem-8,0.6209787220603122
2026-07-31T19:05:44.493141,0.2011964957776558,ap-south-1,"[0.25, 0.21875, 0.1875, 0.15625, 0.1875]",GCP v25 402,n2-standard-8,0.5880486871215576
2025-08-07T19:11:52.926777,0.1937082363565435,ap-south-1,"[0.2962962962962963, 0.3333333333333333, 0.07407407407407407, 0.14814814814814814, 0.14814814814814814]",GCP 121,n2-standard-8,0.61202792755371
2026-10-16T19:16:42.619963,0.2335101082401891,ap-southeast-1,"[0.16129032258064516, 0.22580645161290322, 0.1935483870967742, 0.22580645161290322, 0.1935483870967742]",GCP 342,n2-highmem-8,0.6756367430172914
2025-02-22T19:22:12.820769,0.1999329042477901,ap-south-1,"[0.25, 0.21875, 0.1875, 0.15625, 0.1875]",GCP 940,n2-standard-8,0.5918227357780965
2026-05-11T19:23:55.585998,0.1988153049535074,ap-south-1,"[0.14285714285714285, 0.2857142857142857, 0.17857142857142858, 0.21428571428571427, 0.17857142857142858]",GCP 447,N2-STANDARD-8,0.8108134779284912
2025-01-11T19:26:01.495517,0.2014858707941715,ap-south-1,"[0.1111111111111111, 0.25925925925925924, 0.2222222222222222, 0.18518518518518517, 0.2222222222222222]",GCP 886,n2-standard-8,0.8188628752208599
2026-07-16T19:28:00.895966,0.1342143399951295,ap-south-1,"[0.0967741935483871, 0.22580645161290322, 0.1935483870967742, 0.22580645161290322, 0.25806451612903225]",Azure 831,E4s_v3,0.8609063790117726
2025-05-02T19:33:03.604998,0.1940165750034984,ap-south-1,"[0.25806451612903225, 0.22580645161290322, 0.1935483870967742, 0.16129032258064516, 0.1612903",GCP 855,n2-standard-8,0.6107163881844614
2026-10-14T19:45:16.666229,0.1824730649628324,asia-south1,"[0.24242424242424243, 0.12121212121212122, 0.18181818181818182, 0.15151515151515152, 0.3030303",Azure 114,E4s_v3,0.6149435033802181
2026-06-20T20:03:54.476000,0.1900871915991316,asia-south1,"[0.25, 0.21875, 0.1875, 0.15625, 0.1875]",GCP 715,n2-standard-8,0.6397177708390727
2026-07-26T20:04:16.666222,0.1918976846029515,asia-south1,"[0.25, 0.21875, 0.1875, 0.15625, 0.1875]",GCP 991,n2-standard-8,0.6034110552053126
2025-03-03T15:08:22.707315,0.1942860014464575,ap-south-1,"[0.25, 0.21875, 0.1875, 0.15625, 0.1875] v49",GCP 958,n2-standard-8,0.6402439190918138
2025-12-21T15:09:47.612621,1.8987735713360596,ap-southeast-1,"[0.17391304347826086, 0.21739130434782608, 0.21739130434782608, 0.21739130434782608, 0.17391304347826086] v44",Azure 620,ND6s,0.5877860013961766
2025-06-10T15:17:48.209869,1.0921722916827137,asia-south1 v4,"[0.1, 0.15, 0.2, 0.35, 0.2]",Azure 478,ND6s,0.6949902313417516
2026-05-24T15:20:02.882342,1.0331785300185168,asia-south1,"[0.09090909090909091, 0.13636363636363635, 0.18181818181818182, 0.3181818181818182, 0.2727272727272727]",AZURE 231,ND6S,0.7587487440631085
2025-06-14T15:23:50.210423,0.2019712870031662,ap-southeast-1,"[0.25806451612903225, 0.1935483870967742, 0.25806451612903225, 0.16129032258064516, 0.12903225806451613]",GCP 846,n2-standard-8,0.6258951010085584
2026-07-07T15:35:29.814076,0.3550359464626997,eu-west-1,"[0.25, 0.21875, 0.1875, 0.15625, 0.1875]",GCP 953,n2-highmem-8,0.6320039468762162
2026-07-15T19:05:44.493141,0.1931625313926613,ap-south-1,"[0.25, 0.21875, 0.1875, 0.15625, 0.1875]",GCP 434,n2-standard-8,0.6037497335373574
2026-05-22T19:11:52.926777,0.2021343915956446,ap-south-1,"[0.2962962962962963, 0.3333333333333333, 0.07407407407407407, 0.14814814814814814, 0.1481481",GCP 285,n2-standard-8,0.6190434769411189
2026-06-11T19:16:42.619963,0.2329605919015883,ap-southeast-1,"[0.16129032258064516, 0.22580645161290322, 0.1935483870967742, 0.22580645161290322, 0.1935483870967742]",GCP 258,n2-highmem-8 v41,0.681745445282447
2025-04-09T19:22:12.820000,0.1939141550327757,ap-south-1,"[0.25, 0.21875, 0.1875, 0.15625, 0.1875]",GCP 746,n2-standard-8,0.5846847783178536
2026-11-25T19:23:55.585998,0.1903904514139598,ap-south-1,"[0.14285714285714285, 0.2857142857142857, 0.17857142857142858, 0.21428571428571427, 0.17857142857142858]",GCP 573,n2-standard-8,0.79815285768199
2025-04-22T19:26:01.495517,0.2065836355989984,ap-south-1,"[0.1111111111111111, 0.25925925925925924, 0.2222222222222222, 0.18518518518518517, 0.2222222222222222]",GCP 940,n2-standard-8,0.8044429458534657
2025-09-15T19:28:00.895966,0.1303519222006748,ap-south-1,"[0.0967741935483871, 0.22580645161290322, 0.1935483870967742, 0.22580645161290322, 0.25806451612903225]",Azure 25,E4S_V3,0.8031898783728748
2025-11-27T19:33:03.604998 v16_7255,0.2000454972919077,ap-south-1,"[0.25806451612903225, 0.22580645161290322, 0.1935483870967742, 0.16129032258064516, 0.16129032258064516]",GCP 654,n2-standard-8 v43,0.6194480205349415
2026-04-01T19:45:16.666229,0.1739553293530144,asia-south1,"[0.24242424242424243, 0.12121212121212122, 0.18181818181818182, 0.15151515151515152, 0.30303030303030304]",Azure v23 908,E4s_v3,0.5933071879258153
2026-06-24T20:03:54.476536,0.1984175449948641,asia-south1,"[0.25, 0.21875, 0.1875, 0.15625, 0.1875]",GCP 294,n2-standard-8,0.6275951486662038
2026-04-30T20:04:16.666222,0.2021889059465456,asia-south1,"[0.25, 0.21875, 0.1875, 0.15625, 0.1875]",GCP v40 616,n2-standard-8,0.5868352129345383
2026-10-27T15:08:22.707315,0.1973291384150638,ap-south-1,"[0.25, 0.21875, 0.1875, 0.15625, 0.1875]",GCP 825,n2-standard-8 v44,0.6113489643813586
2025-01-05T15:09:47.612621,1.9587160535932984,ap-southeast-1,"[0.17391304347826086, 0.21739130434782608, 0.21739130434782608, 0.21739130434782608, 0.1739130",Azure 173,ND6s,0.6016048247493502
2025-11-12T15:17:48.209869,1.1400329388205956,asia-south1,"[0.1, 0.15, 0.2, 0.35, 0",Azure 525,ND6s,0.7443550312117488
2026-03-05T15:20:02.882342,0.9745750312185896,asia-south1,"[0.09090909090909091, 0.13636363636363635, 0.18181818181818182, 0.3181818181818182, 0.2727272727272727]",Azure 830,ND6s,0.7295359384758624
2025-08-16T15:23:50.210423,0.2064818898096875,ap-southeast-1,"[0.25806451612903225, 0.1935483870967742, 0.25806451612903225, 0.16129032258064516, 0.12903225806451613]",GCP 166,n2-standard-8,0.5947644892058902
2025-05-15T15:35:29.814076,0.3345329166632453,EU-WEST-1,"[0.25, 0.21875, 0.1875, 0.15625, 0.1875]",GCP 598,n2-highmem-8,0.6191118944816113
2025-11-27T19:05:44.493141 v5_8956,0.1942851086868637,ap-south-1,"[0.25, 0.21875, 0.1875, 0.15625, 0.1875]",GCP 527,n2-standard-8 v42,0.6353314534984411
2026-01-09T19:11:52.926777,0.2003900370952996,ap-south-1 v9,"[0.2962962962962963, 0.3333333333333333, 0.07407407407407407, 0.14814814814814814, 0.14814814814814814]",GCP 601,n2-standard-8,0.6207417947699247
2026-04-06T19:16:42.619963,0.233715059455362,ap-southeast-1 v21,"[0.16129032258064516, 0.22580645161290322, 0.1935483870967742, 0.22580645161290322, 0.1935483870967742]",GCP 678,n2-highmem-8,0.708870018919506
2026-06-29T19:22:12.820769,0.198511267314367,ap-south-1,"[0.25, 0.21875, 0.1875, 0.15625, 0.1875]",GCP 733,n2-standard-8,0.6166956575365994
2025-09-11T19:23:55.585998,0.2021541822366385,ap-south-1,"[0.14285714285714285, 0.2857142857142857, 0.17857142857142858, 0.21428571428571427, 0.17857142857142858] v30",GCP 489,n2-standard-8,0.7544716626261202
2025-12-23T19:26:01.495517,0.2038769077254453,ap-south-1,"[0.1111111111111111, 0.25925925925925924, 0.2222222222222222, 0.18518518518518517, 0.2222222222222222]",GCP v22 412,n2-standard-8,0.8241490627305221
2025-12-07T19:28:00.895966,0.1269113016934195,ap-south-1,"[0.0967741935483871, 0.22580645161290322, 0.1935483870967742, 0.22580645161290322, 0.2580645",Azure 720,E4s_v3,0.8639472773797157
2024-12-08T19:33:03.604000,0.1991123274793368,ap-south-1,"[0.25806451612903225, 0.22580645161290322, 0.1935483870967742, 0.16129032258064516, 0.16129032258064516]",GCP 892,N2-STANDARD-8,0.6205263641273013
2026-07-27T19:45:16.666000,0.1836350496021565,asia-south1,"[0.24242424242424243, 0.12121212121212122, 0.18181818181818182, 0.15151515151515152, 0.30303030303030304]",Azure 818,E4s_v3,0.6221284568051884
2026-06-25T20:03:54.476000,0.2002516525369427,asia-south1,"[0.25, 0.21875, 0.1875, 0.15625, 0.1875] v35",GCP 509,n2-standard-8 v1,0.6223922558804278
2026-08-09T20:04:16.666000,0.2011745888704907,asia-south1,"[0.25, 0.21875, 0.1875, 0.15625, 0.1875]",GCP v28 785,n2-standard-8,0.6011440697354703
2025-11-27T15:08:22.707315 v40_1615,0.1921584910992999,ap-south-1,"[0.25, 0.21875, 0.1875, 0.15625, 0.1875]",GCP 460,n2-standard-8,0.6401653142211363
2024-12-13T15:09:47.612000,1.93250804137702,ap-southeast-1,"[0.17391304347826086, 0.21739130434782608, 0.21739130434782608, 0.21739130434782608, 0.17391304347826086]",Azure v15 496,ND6s,0.584344153552226
2025-11-27T15:17:48.209869 v49_5734,1.089254048717062,asia-south1 v9,"[0.1, 0.15, 0.2, 0.35, 0.2] v5",Azure 888,ND6s,0.7297317249724776
2025-12-16T15:20:02.882342,0.9866957831817004,asia-south1,"[0.09090909090909091, 0.13636363636363635, 0.18181818181818182, 0.3181818181818182, 0.2727272727272727]",AZURE 269,ND6S,0.6938400651232545
2025-11-11T15:23:50.210423,0.1918022726586828,AP-SOUTHEAST-1,"[0.25806451612903225, 0.1935483870967742, 0.25806451612903225, 0.16129032258064516, 0.12903225806451613]",GCP 110,n2-standard-8 v6,0.6009247075124138
2025-11-27T15:35:29.814076 v35_596,0.3454040549937813,eu-west-1 v19,"[0.25, 0.21875, 0.1875, 0.15625, 0.1875]",GCP v28 979,N2-HIGHMEM-8,0.6293420081555389
2026-10-05T19:05:44.493141,0.2003527787137887,ap-south-1,"[0.25, 0.21875, 0.1875, 0.15625, 0.1",GCP v34 62,n2-standard-8,0.6176045775580561
2025-05-23T19:11:52.926777,0.209939810056251,ap-south-1,"[0.2962962962962963, 0.3333333333333333, 0.07407407407407407, 0.14814814814814814, 0.14814814814814814]",GCP 948,n2-standard-8,0.6067425484838194
2026-05-12T19:16:42.619963,0.2348348265112741,ap-southeast-1 v19,"[0.16129032258064516, 0.22580645161290322, 0.1935483870967742, 0.22580645161290322, 0.1935483870967742]",GCP 106,N2-HIGHMEM-8,0.7301873883710236
2025-02-15T19:22:12.820769,0.2043911682653087,ap-south-1,"[0.25, 0.21875, 0.1875, 0.15625, 0.1875]",GCP 662,n2-standard-8,0.5895697124938937
2025-08-17T19:23:55.585998,0.2047143597355622,ap-south-1,"[0.14285714285714285, 0.2857142857142857, 0.17857142857142858, 0.21428571428571427, 0.17857142857142858]",GCP 661,n2-standard-8,0.7503307906789995
2025-05-17T19:26:01.495517,0.2095214117206381,ap-south-1,"[0.1111111111111111, 0.25925925925925924, 0.2222222222222222, 0.18518518518518517, 0.2222222222222222]",GCP 265,n2-standard-8,0.7893187006195179
2026-03-17T19:28:00.895966,0.1238902629343252,ap-south-1,"[0.0967741935483871, 0.22580645161290322, 0.1935483870967742, 0.22580645161290322, 0.25806451612903225]",Azure 356,E4s_v3,0.8334225174199407
2026-10-22T19:33:03.604998,0.2098339892203712,ap-south-1,"[0.25806451612903225, 0.22580645161290322, 0.1935483870967742, 0.16129032258064516, 0.16129032258064516]",GCP 875,n2-standard-8,0.6398969646324475
2026-09-12T19:45:16.666229,0.1717341302418393,asia-south1,"[0.24242424242424243, 0.12121212121212122, 0.18181818181818182, 0.15151515151515152, 0.30303030303030304]",Azure 81,E4s_v3 v14,0.6318463852063168
2026-01-07T20:03:54.476536,0.1971556985168353,asia-south1,"[0.25, 0.21875, 0.1875, 0.15625, 0.1875]",GCP 574,n2-standard-8,0.6407598906898272
2025-01-18T20:04:16.666222,0.1959127666355927,ASIA-SOUTH1,"[0.25, 0.21875, 0.1875, 0.15625, 0.1875]",GCP 984,n2-standard-8,0.6186321752087591
2025-11-21T15:08:22.707315,0.2054976686450589,ap-south-1 v28,"[0.25, 0.21875, 0.1875, 0.15625, 0.1",GCP 487,n2-standard-8,0.628202171411787
2026-08-08T15:09:47.612621,1.95136475421408,AP-SOUTHEAST-1,"[0.17391304347826086, 0.21739130434782608, 0.21739130434782608, 0.21739130434782608, 0.1739130",Azure 815,ND6s,0.563928753013912
2026-01-13T15:17:48.209869,1.085110399011517,asia-south1 v34,"[0.1, 0.15, 0.2, 0.35, 0.2]",Azure 677,ND6s,0.7070494270203689
2026-09-21T15:20:02.882342,0.9606885295489068,asia-south1,"[0.09090909090909091, 0.13636363636363635, 0.18181818181818182, 0.3181818181818182, 0.2727272727272727]",Azure 967,ND6s,0.7355564082875811
2025-08-08T15:23:50.210423,0.2043689456260483,ap-southeast-1,"[0.25806451612903225, 0.1935483870967742, 0.25806451612903225, 0.16129032258064516, 0.12903225806451613]",GCP 353,n2-standard-8 v12,0.642191413079918
2026-07-27T15:35:29.814076,0.3299531475155551,eu-west-1,"[0.25, 0.21875, 0.1875, 0.15625, 0.1",GCP 941,n2-highmem-8,0.6200753697598965
2025-11-27T19:05:44.493141 v35_377,0.2050988040031666,ap-south-1,"[0.25, 0.21875, 0.1875, 0.15625, 0.1875]",GCP 973,n2-standard-8,0.6031868176443844
2025-03-30T19:11:52.926777,0.2070803266733757,AP-SOUTH-1,"[0.2962962962962963, 0.3333333333333333, 0.07407407407407407, 0.14814814814814814, 0.14814814814814814] v32",GCP 658,n2-standard-8 v21,0.6038897169317268
2026-08-11T19:16:42.619963,0.2208477232696202,ap-southeast-1,"[0.16129032258064516, 0.22580645161290322, 0.1935483870967742, 0.22580645161290322, 0.1935483870967742] v10",GCP 469,n2-highmem-8,0.7209226724236271
2025-03-26T19:22:12.820769,0.2074421212749316,ap-south-1,"[0.25, 0.21875, 0.1875, 0.15625, 0.1875] v23",GCP v22 582,n2-standard-8,0.6061841000466983
2026-04-24T19:23:55.585998,0.2058400625226039,ap-south-1,"[0.14285714285714285, 0.2857142857142857, 0.17857142857142858, 0.21428571428571427, 0.17857142857142858] v35",GCP 664,n2-standard-8 v39,0.7893046091127403
2026-08-21T19:26:01.495000,0.1928942127227304,ap-south-1,"[0.1111111111111111, 0.25925925925925924, 0.2222222222222222, 0.18518518518518517, 0.2222222222222222]",GCP v1 621,n2-standard-8,0.8035545106933516
2025-08-21T19:28:00.895966,0.1269529229496633,ap-south-1,"[0.0967741935483871, 0.22580645161290322, 0.1935483870967742, 0.22580645161290322, 0.25806451612903225]",AZURE 615,E4s_v3,0.8592848354974967
2025-01-27T19:33:03.604998,0.1947780939133515,ap-south-1,"[0.25806451612903225, 0.22580645161290322, 0.1935483870967742, 0.16129032258064516, 0.16129032258064516]",GCP 300,n2-standard-8,0.5855427256552859
2025-11-27T19:45:16.666229 v19_6622,0.1825900909519177,asia-south1 v44,"[0.24242424242424243, 0.12121212121212122, 0.18181818181818182, 0.15151515151515152, 0.30303030303030304]",Azure 369,E4s_v3 v47,0.6253432512948061
2025-08-20T20:03:54.476536,0.2076049598895113,asia-south1,"[0.25, 0.21875, 0.1875, 0.15625, 0.1875] v32",GCP 138,n2-standard-8 v1,0.6377755568656337
2026-11-17T20:04:16.666222,0.2016998546721164,ASIA-SOUTH1,"[0.25, 0.21875, 0.1875, 0.15625, 0.1875]",GCP v26 17,n2-standard-8,0.6265335353516371
2025-11-27T15:08:22.707315 v4_6794,0.2049226195647728,ap-south-1 v23,"[0.25, 0.21875, 0.1875, 0.15625, 0.1875]",GCP 174,n2-standard-8,0.6246583348128638
2026-10-22T15:09:47.612621,1.906392258676663,ap-southeast-1,"[0.17391304347826086, 0.21739130434782608, 0.21739130434782608, 0.21739130434782608, 0.17391304347826086]",Azure 242,ND6s,0.5939127457267104
2025-06-16T15:17:48.209869,1.1322627884368617,asia-south1 v27,"[0.1, 0.15, 0.2, 0.35, 0.2] v18",Azure 762,ND6s,0.7557385732029976
2025-04-27T15:20:02.882342,1.0095947950792623,asia-south1,"[0.09090909090909091, 0.13636363636363635, 0.18181818181818182, 0.3181818181818182, 0.2727272727272727] v10",Azure 102,ND6s,0.7247945792514143
2025-07-20T15:23:50.210423,0.1982209438711211,ap-southeast-1,"[0.25806451612903225, 0.1935483870967742, 0.25806451612903225, 0.16129032258064516, 0.12903225806451613]",GCP v31 162,n2-standard-8 v41,0.5983715748325595
2025-05-18T15:35:29.814076,0.3275827166871929,eu-west-1,"[0.25, 0.21875, 0.1875, 0.15625, 0.1875]",GCP 843,n2-highmem-8,0.6300405684870347
2025-07-01T19:05:44.493141,0.2031222230095633,AP-SOUTH-1,"[0.25, 0.21875, 0.1875, 0.15625, 0.1875]",GCP 817,n2-standard-8,0.5958909204956598
2026-02-23T19:11:52.926777,0.1948013930621435,ap-south-1,"[0.2962962962962963, 0.3333333333333333, 0.07407407407407407, 0.14814814814814814, 0.14814814814814814]",GCP 402,n2-standard-8,0.6147730607458053
2025-08-26T19:16:42.619963,0.2399661387480118,ap-southeast-1,"[0.16129032258064516, 0.22580645161290322, 0.1935483870967742, 0.22580645161290322, 0.193548",GCP 700,n2-highmem-8,0.6948723601134774
2025-03-13T19:22:12.820000,0.1999309962720366,ap-south-1,"[0.25, 0.21875, 0.1875, 0.15625, 0.1875]",GCP v42 328,n2-standard-8,0.6353790417703254
2024-12-20T19:23:55.585998,0.1954192641574244,ap-south-1,"[0.14285714285714285, 0.2857142857142857, 0.17857142857142858, 0.21428571428571427, 0.17857142857142858]",GCP 540,n2-standard-8 v36,0.7549040206146356
2025-11-27T19:26:01.495517 v43_9946,0.2024364912918083,ap-south-1,"[0.1111111111111111, 0.25925925925925924, 0.2222222222222222, 0.18518518518518517, 0.2222222222222222] v20",GCP 911,n2-standard-8,0.7847108022733713
2026-04-25T19:28:00.895966,0.1338732614602928,ap-south-1,"[0.0967741935483871, 0.22580645161290322, 0.1935483870967742, 0.22580645161290322, 0.25806451612903225]",Azure 193,E4S_V3,0.8473924918814747
2025-11-27T19:33:03.604998 v9_9250,0.1981576985370071,ap-south-1,"[0.25806451612903225, 0.22580645161290322, 0.1935483870967742, 0.16129032258064516, 0.16129032258064516] v26",GCP 649,n2-standard-8,0.6244683703474878
2025-11-27T19:45:16.666229 v13_6656,0.1710009508847813,asia-south1,"[0.24242424242424243, 0.12121212121212122, 0.18181818181818182, 0.15151515151515152, 0.30303030303030304]",Azure 47,E4s_v3,0.6292431115182242
2025-11-27T20:03:54.476536 v4_3356,0.1903128659061487,asia-south1,"[0.25, 0.21875, 0.1875, 0.15625, 0.1875]",GCP 377,n2-standard-8,0.640282808757874
2025-11-27T20:04:16.666222 v6_6580,0.1918657476944394,asia-south1,"[0.25, 0.21875, 0.1875, 0.15625, 0.1",GCP 176,n2-standard-8,0.6283115080350021
2025-11-12T15:08:22.707315,0.2035709468283632,ap-south-1,"[0.25, 0.21875, 0.1875, 0.15625, 0.1875]",GCP 143,n2-standard-8,0.6179887487576552
2026-11-14T15:09:47.612621,1.8792151160078083,ap-southeast-1 v14,"[0.17391304347826086, 0.21739130434782608, 0.21739130434782608, 0.21739130434782608, 0.1739130",Azure 643,ND6S,0.598486919733472
2026-06-28T15:17:48.209869,1.089480087297927,asia-south1,"[0.1, 0.15, 0.2, 0.35, 0",Azure 382,ND6s,0.6995008224466993
2025-10-17T15:20:02.882342,1.042680670911005,asia-south1,"[0.09090909090909091, 0.13636363636363635, 0.18181818181818182, 0.3181818181818182, 0.2727272727272727]",Azure 522,ND6s v35,0.729974624492198
2025-11-16T15:23:50.210423,0.2088398289376774,ap-southeast-1,"[0.25806451612903225, 0.1935483870967742, 0.25806451612903225, 0.16129032258064516, 0.12903225806451613]",GCP 947,n2-standard-8,0.5984559099023272
2025-09-13T15:35:29.814076,0.3237976067385193,eu-west-1,"[0.25, 0.21875, 0.1875, 0.15625, 0.1875]",GCP 851,n2-highmem-8 v48,0.6188262781669378
2026-01-28T19:05:44.493000,0.1949392644832364,ap-south-1,"[0.25, 0.21875, 0.1875, 0.15625, 0.1875]",GCP 702,n2-standard-8,0.6314477769964149
2026-10-21T19:11:52.926000,0.2006542324407797,ap-south-1,"[0.2962962962962963, 0.3333333333333333, 0.07407407407407407, 0.14814814814814814, 0.1481481",GCP 659,n2-standard-8 v4,0.6132566175943459
2025-11-27T19:16:42.619963 v43_731,0.2277600630818237,ap-southeast-1,"[0.16129032258064516, 0.22580645161290322, 0.1935483870967742, 0.22580645161290322, 0.1935483870967742]",GCP 809,n2-highmem-8,0.734217215628476
2025-02-18T19:22:12.820769,0.192406808804861,AP-SOUTH-1,"[0.25, 0.21875, 0.1875, 0.15625, 0.1875]",GCP 156,N2-STANDARD-8,0.589022577521519
2026-08-07T19:23:55.585000,0.1944705564460302,ap-south-1 v3,"[0.14285714285714285, 0.2857142857142857, 0.17857142857142858, 0.21428571428571427, 0.17857142857142858]",GCP 424,n2-standard-8,0.7907202123304957
2025-12-11T19:26:01.495517,0.1903776175715247,ap-south-1,"[0.1111111111111111, 0.25925925925925924, 0.2222222222222222, 0.18518518518518517, 0.2222222222222222]",GCP 667,n2-standard-8,0.7766740760119278
2026-06-08T19:28:00.895966,0.1324695366426426,ap-south-1 v48,"[0.0967741935483871, 0.22580645161290322, 0.1935483870967742, 0.22580645161290322, 0.25806451612903225]",Azure 214,E4s_v3 v13,0.8707953531766675
2025-05-04T19:33:03.604998,0.1927832002181592,AP-SOUTH-1,"[0.25806451612903225, 0.22580645161290322, 0.1935483870967742, 0.16129032258064516, 0.1612903",GCP 956,n2-standard-8,0.5975188197889278
2025-11-08T19:45:16.666229,0.1743996488906798,asia-south1 v37,"[0.24242424242424243, 0.12121212121212122, 0.18181818181818182, 0.15151515151515152, 0.30303030303030304]",Azure v21 744,E4s_v3,0.6039904178621257
2026-08-24T20:03:54.476536,0.1980367937137984,asia-south1,"[0.25, 0.21875, 0.1875, 0.15625, 0.1875]",GCP 925,n2-standard-8 v23,0.5982273643495402
2025-11-27T20:04:16.666222 v47_7763,0.2061438394080432,ASIA-SOUTH1,"[0.25, 0.21875, 0.1875, 0.15625, 0.1875]",GCP 539,n2-standard-8,0.6294543963695642
2024-12-11T15:08:22.707000,0.2054971680436391,ap-south-1,"[0.25, 0.21875, 0.1875, 0.15625, 0.1875] v38",GCP 955,n2-standard-8,0.5986119762880022
2026-11-19T15:09:47.612621,1.9254166934976,ap-southeast-1 v15,"[0.17391304347826086, 0.21739130434782608, 0.21739130434782608, 0.21739130434782608, 0.17391304347826086]",Azure 523,ND6s v16,0.5921487181874855
2026-04-16T15:17:48.209869,1.1073220403553163,asia-south1,"[0.1, 0.15, 0.2, 0.35, 0.2]",Azure 526,ND6s,0.7570817964294767
2025-12-14T15:20:02.882342,0.9719619045479346,asia-south1,"[0.09090909090909091, 0.13636363636363635, 0.18181818181818182, 0.3181818181818182, 0.2727272727272727] v8",Azure 16,ND6s,0.7255487272806054
2026-08-05T15:23:50.210423,0.1976220102722362,ap-southeast-1,"[0.25806451612903225, 0.1935483870967742, 0.25806451612903225, 0.16129032258064516, 0.12903225806451613]",GCP 132,n2-standard-8,0.63944983571536
2026-08-11T15:35:29.814076,0.3328696450287019,eu-west-1,"[0.25, 0.21875, 0.1875, 0.15625, 0.1875]",GCP 932,n2-highmem-8,0.632883959770417
2026-05-30T19:05:44.493141,0.19159578247268,ap-south-1,"[0.25, 0.21875, 0.1875, 0.15625, 0.1",GCP 357,n2-standard-8,0.6086248166505315
2026-01-13T19:11:52.926000,0.2044302355968685,ap-south-1,"[0.2962962962962963, 0.3333333333333333, 0.07407407407407407, 0.14814814814814814, 0.14814814814814814] v48",GCP v10 462,n2-standard-8,0.6321337126061481
2025-11-27T19:16:42.619963 v4_2788,0.237366738094011,ap-southeast-1,"[0.16129032258064516, 0.22580645161290322, 0.1935483870967742, 0.22580645161290322, 0.1935483870967742]",GCP 114,n2-highmem-8,0.6998610402071427
2025-08-30T19:22:12.820000,0.2002404677821752,ap-south-1 v46,"[0.25, 0.21875, 0.1875, 0.15625, 0.1875]",GCP 464,n2-standard-8,0.6116512471849203
2025-02-01T19:23:55.585998,0.2089740983647836,ap-south-1 v5,"[0.14285714285714285, 0.2857142857142857, 0.17857142857142858, 0.21428571428571427, 0.1785714",GCP 304,n2-standard-8,0.8016316934991768
2025-05-04T19:26:01.495517,0.1917697379139803,ap-south-1 v33,"[0.1111111111111111, 0.25925925925925924, 0.2222222222222222, 0.18518518518518517, 0.2222222222222222]",GCP 149,n2-standard-8,0.7899894904617946
2026-10-29T19:28:00.895966,0.1345049484106041,ap-south-1,"[0.0967741935483871, 0.22580645161290322, 0.1935483870967742, 0.22580645161290322, 0.25806451612903225] v8",Azure 96,E4s_v3,0.8053693248949262
2026-05-09T19:33:03.604998,0.2053120963651558,ap-south-1,"[0.25806451612903225, 0.22580645161290322, 0.1935483870967742, 0.16129032258064516, 0.1612903",GCP v2 263,n2-standard-8,0.6278824211142087
2025-09-16T19:45:16.666229,0.1773244068237886,asia-south1,"[0.24242424242424243, 0.12121212121212122, 0.18181818181818182, 0.15151515151515152, 0.30303030303030304]",Azure 608,E4s_v3,0.5877674934523086
2025-05-25T20:03:54.476536,0.2041664809815594,asia-south1,"[0.25, 0.21875, 0.1875, 0.15625, 0.1875]",GCP 920,n2-standard-8,0.6055490143385421
2025-10-29T20:04:16.666222,0.1919986375410882,asia-south1,"[0.25, 0.21875, 0.1875, 0.15625, 0.1875]",GCP 8,n2-standard-8,0.6323763625772714
2026-09-15T15:08:22.707000,0.2029706831806668,ap-south-1,"[0.25, 0.21875, 0.1875, 0.15625, 0.1875]",GCP 91,n2-standard-8,0.6274899155660417
2025-11-27T15:09:47.612621 v22_6019,1.8897869631980837,ap-southeast-1,"[0.17391304347826086, 0.21739130434782608, 0.21739130434782608, 0.21739130434782608, 0.17391304347826086]",AZURE 219,ND6s,0.6050615345168503
2025-08-16T15:17:48.209869,1.0531764706496387,asia-south1 v16,"[0.1, 0.15, 0.2, 0.35, 0.2]",Azure 306,ND6s,0.7424397647113671
2026-08-11T15:20:02.882342,0.9837710774724232,asia-south1,"[0.09090909090909091, 0.13636363636363635, 0.18181818181818182, 0.3181818181818182, 0.2727272727272727]",Azure 303,ND6s,0.746383683133659
2025-09-07T15:23:50.210423,0.2053156858543145,ap-southeast-1,"[0.25806451612903225, 0.1935483870967742, 0.25806451612903225, 0.16129032258064516, 0.12903225806451613]",GCP 640,n2-standard-8,0.6220380575252619
2026-02-13T15:35:29.814076,0.3361407865773732,eu-west-1,"[0.25, 0.21875, 0.1875, 0.15625, 0.1875]",GCP 117,n2-highmem-8,0.6120891766047978
2026-09-01T19:05:44.493141,0.2018046239481271,ap-south-1 v6,"[0.25, 0.21875, 0.1875, 0.15625, 0.1875]",GCP 568,n2-standard-8,0.6112635519880376
2025-04-06T19:11:52.926000,0.2008301256424497,ap-south-1 v25,"[0.2962962962962963, 0.3333333333333333, 0.07407407407407407, 0.14814814814814814, 0.14814814814814814]",GCP 218,n2-standard-8,0.6095887829083784
2025-04-04T19:16:42.619963,0.2242766432312405,ap-southeast-1,"[0.16129032258064516, 0.22580645161290322, 0.1935483870967742, 0.22580645161290322, 0.1935483870967742]",GCP 57,n2-highmem-8,0.7140005377883984
2025-11-29T19:22:12.820000,0.2030239542419069,ap-south-1,"[0.25, 0.21875, 0.1875, 0.15625, 0.1875]",GCP 459,n2-standard-8,0.6355224332498574
2025-08-10T19:23:55.585998,0.1969547567111863,ap-south-1,"[0.14285714285714285, 0.2857142857142857, 0.17857142857142858, 0.21428571428571427, 0.17857142857142858]",GCP 858,n2-standard-8,0.801686077614993
2026-09-19T19:26:01.495000,0.1915648419716004,ap-south-1,"[0.1111111111111111, 0.25925925925925924, 0.2222222222222222, 0.18518518518518517, 0.2222222222222222]",GCP 776,n2-standard-8 v9,0.8361313240159503
2026-11-19T19:28:00.895966,0.1330553015763161,ap-south-1 v42,"[0.0967741935483871, 0.22580645161290322, 0.1935483870967742, 0.22580645161290322, 0.25806451612903225]",Azure 25,E4s_v3,0.8437678642483748
2025-01-25T19:33:03.604000,0.1983849849863793,ap-south-1,"[0.25806451612903225, 0.22580645161290322, 0.1935483870967742, 0.16129032258064516, 0.16129032258064516]",GCP 467,n2-standard-8,0.5948809218423033
2025-03-12T19:45:16.666229,0.1854482249287065,asia-south1,"[0.24242424242424243, 0.12121212121212122, 0.18181818181818182, 0.15151515151515152, 0.30303030303030304]",Azure 96,E4s_v3 v2,0.620314221516415
2025-01-07T20:03:54.476536,0.1988636015028932,asia-south1,"[0.25, 0.21875, 0.1875, 0.15625, 0.1875]",GCP 879,n2-standard-8,0.621801694719126
2025-09-04T20:04:16.666222,0.1915971284916451,asia-south1,"[0.25, 0.21875, 0.1875, 0.15625, 0.1875] v12",GCP 908,n2-standard-8,0.5876122196666932
2025-01-14T15:08:22.707315,0.2039063789924877,ap-south-1,"[0.25, 0.21875, 0.1875, 0.15625, 0.1875] v46",GCP 115,n2-standard-8,0.6395933235405328
2025-11-27T15:09:47.612621 v27_7879,1.9819386202190528,ap-southeast-1,"[0.17391304347826086, 0.21739130434782608, 0.21739130434782608, 0.21739130434782608, 0.17391304347826086]",Azure 986,ND6s,0.5892497313483832
2025-10-28T15:17:48.209869,1.050174295875623,asia-south1,"[0.1, 0.15, 0.2, 0.35, 0.2]",Azure 67,ND6s,0.7514200782629462
2025-06-27T15:20:02.882342,1.0164800043867093,asia-south1,"[0.09090909090909091, 0.13636363636363635, 0.18181818181818182, 0.3181818181818182, 0.2727272727272727]",Azure 181,ND6s,0.7123180144255357
2026-07-22T15:23:50.210423,0.2016007697580184,ap-southeast-1 v31,"[0.25806451612903225, 0.1935483870967742, 0.25806451612903225, 0.16129032258064516, 0.12903225806451613]",GCP 248,n2-standard-8,0.6091611820365151
2026-04-26T15:35:29.814076,0.3358530561159287,eu-west-1,"[0.25, 0.21875, 0.1875, 0.15625, 0.1875]",GCP 88,n2-highmem-8,0.5992845798820472
2025-11-27T19:05:44.493141 v23_3675,0.1904513939314688,ap-south-1,"[0.25, 0.21875, 0.1875, 0.15625, 0.1",GCP 771,n2-standard-8,0.6251296501788297
2025-04-13T19:11:52.926777,0.201197862030719,ap-south-1,"[0.2962962962962963, 0.3333333333333333, 0.07407407407407407, 0.14814814814814814, 0.14814814814814814]",GCP 433,n2-standard-8,0.5991235845337872
2025-10-01T19:16:42.619963,0.2278649959877741,ap-southeast-1,"[0.16129032258064516, 0.22580645161290322, 0.1935483870967742, 0.22580645161290322, 0.1935483870967742]",GCP 855,n2-highmem-8,0.6877184386454235
2025-11-27T19:22:12.820769 v38_3050,0.1917372581597236,ap-south-1,"[0.25, 0.21875, 0.1875, 0.15625, 0.1875]",GCP v20 647,n2-standard-8,0.6292417934651515
2024-11-29T19:23:55.585000,0.1993560482407468,ap-south-1,"[0.14285714285714285, 0.2857142857142857, 0.17857142857142858, 0.21428571428571427, 0.17857142857142858]",GCP 770,n2-standard-8,0.7394490484489736
2025-04-08T19:26:01.495517,0.1952880859585929,ap-south-1,"[0.1111111111111111, 0.25925925925925924, 0.2222222222222222, 0.18518518518518517, 0.2222222222222222]",GCP 312,n2-standard-8,0.8112255957358413
2025-09-27T19:28:00.895966,0.1306380818933933,ap-south-1,"[0.0967741935483871, 0.22580645161290322, 0.1935483870967742, 0.22580645161290322, 0.25806451612903225]",Azure 269,E4s_v3,0.8490658571811746
2026-11-21T19:33:03.604998,0.2089815920636563,ap-south-1,"[0.25806451612903225, 0.22580645161290322, 0.1935483870967742, 0.16129032258064516, 0.16129032258064516]",GCP v21 668,n2-standard-8,0.6442562048622431
2026-11-18T19:45:16.666229,0.1810567259027297,asia-south1,"[0.24242424242424243, 0.12121212121212122, 0.18181818181818182, 0.15151515151515152, 0.30303030303030304]",Azure 444,E4s_v3 v20,0.621703834683883
2025-11-03T20:03:54.476000,0.1937774037352571,asia-south1,"[0.25, 0.21875, 0.1875, 0.15625, 0.1875] v11",GCP v17 805,n2-standard-8,0.5991192540383159
2025-03-18T20:04:16.666222,0.2039287558540442,asia-south1,"[0.25, 0.21875, 0.1875, 0.15625, 0.1",GCP 878,N2-STANDARD-8,0.5930782465187442
2025-09-01T15:08:22.707000,0.1977162504351858,ap-south-1,"[0.25, 0.21875, 0.1875, 0.15625, 0.1875]",GCP 382,n2-standard-8,0.6268042032359641
2025-05-05T15:09:47.612621,1.8854462958924347,ap-southeast-1,"[0.17391304347826086, 0.21739130434782608, 0.21739130434782608, 0.21739130434782608, 0.17391304347826086]",Azure 154,ND6s v47,0.5826875894940488
2025-12-08T15:17:48.209869,1.0598187303956703,asia-south1,"[0.1, 0.15, 0.2, 0.35, 0.2]",Azure 804,ND6s,0.6987007447272008
2024-12-12T15:20:02.882342,1.0387562458412691,asia-south1,"[0.09090909090909091, 0.13636363636363635, 0.18181818181818182, 0.3181818181818182, 0.2727272727272727]",Azure 91,ND6s,0.7082555716468907
2024-12-17T15:23:50.210423,0.1970999008207671,ap-southeast-1 v10,"[0.25806451612903225, 0.1935483870967742, 0.25806451612903225, 0.16129032258064516, 0.12903225806451613]",GCP 731,N2-STANDARD-8,0.6182208006176646
2026-03-15T15:35:29.814076,0.3455470261995941,eu-west-1,"[0.25, 0.21875, 0.1875, 0.15625, 0.1875]",GCP v31 405,n2-highmem-8,0.6035543620967778
2025-04-07T19:05:44.493141,0.1989645602905217,ap-south-1,"[0.25, 0.21875, 0.1875, 0.15625, 0.1875]",GCP 521,n2-standard-8,0.6103818661423026
2025-11-27T19:11:52.926777 v30_9453,0.2085157709898913,ap-south-1,"[0.2962962962962963, 0.3333333333333333, 0.07407407407407407, 0.14814814814814814, 0.1481481",GCP v4 535,n2-standard-8,0.5979913494017528
2026-02-15T19:16:42.619000,0.2257874337039576,ap-southeast-1,"[0.16129032258064516, 0.22580645161290322, 0.1935483870967742, 0.22580645161290322, 0.193548",GCP 993,N2-HIGHMEM-8,0.722542905922932
2026-11-16T19:22:12.820769,0.1941397260600024,ap-south-1,"[0.25, 0.21875, 0.1875, 0.15625, 0.1875]",GCP 389,n2-standard-8,0.6393214733149536
2025-08-18T19:23:55.585998,0.2095771203035647,ap-south-1,"[0.14285714285714285, 0.2857142857142857, 0.17857142857142858, 0.21428571428571427, 0.17857142857142858]",GCP 338,n2-standard-8,0.8019820489171032
2025-04-27T19:26:01.495517,0.1921191182268809,ap-south-1,"[0.1111111111111111, 0.25925925925925924, 0.2222222222222222, 0.18518518518518517, 0.2222222222222222]",GCP 476,N2-STANDARD-8,0.7776214619470488
2025-05-08T19:28:00.895966,0.1314843884117989,ap-south-1,"[0.0967741935483871, 0.22580645161290322, 0.1935483870967742, 0.22580645161290322, 0.2580645",Azure 438,E4s_v3,0.8677028552513988
2025-06-13T19:33:03.604998,0.2024750676873846,ap-south-1,"[0.25806451612903225, 0.22580645161290322, 0.1935483870967742, 0.16129032258064516, 0.16129032258064516]",GCP 500,n2-standard-8,0.5833218736834865
2026-04-21T19:45:16.666229,0.1727950716693606,asia-south1,"[0.24242424242424243, 0.12121212121212122, 0.18181818181818182, 0.15151515151515152, 0.3030303",Azure 788,E4s_v3,0.5936938971870847
2024-12-02T20:03:54.476536,0.1908679435715712,asia-south1,"[0.25, 0.21875, 0.1875, 0.15625, 0.1875]",GCP 220,n2-standard-8,0.6043604062266432
2025-11-27T20:04:16.666222 v5_2667,0.2016777964674409,asia-south1,"[0.25, 0.21875, 0.1875, 0.15625, 0.1875]",GCP 295,n2-standard-8,0.5958488030194253
2026-07-13T15:08:22.707315,0.1992944960616134,ap-south-1,"[0.25, 0.21875, 0.1875, 0.15625, 0.1875] v40",GCP 566,n2-standard-8,0.6146813036484521
2025-05-10T15:09:47.612621,1.900743594082432,AP-SOUTHEAST-1,"[0.17391304347826086, 0.21739130434782608, 0.21739130434782608, 0.21739130434782608, 0.17391304347826086]",Azure 878,ND6s,0.6015909753509566
2026-02-03T15:17:48.209869,1.0960043386350502,asia-south1,"[0.1, 0.15, 0.2, 0.35, 0.2]",Azure 577,ND6s,0.6941836085273044
2026-10-10T15:20:02.882342,0.9788211968448116,asia-south1,"[0.09090909090909091, 0.13636363636363635, 0.18181818181818182, 0.3181818181818182, 0.2727272727272727]",Azure 77,ND6s,0.6993719549835863
2025-06-23T15:23:50.210423,0.192838664215188,ap-southeast-1,"[0.25806451612903225, 0.1935483870967742, 0.25806451612903225, 0.16129032258064516, 0.1290322",GCP 445,n2-standard-8 v18,0.6381198876968391
2025-09-26T15:35:29.814076,0.329426587613381,eu-west-1,"[0.25, 0.21875, 0.1875, 0.15625, 0.1",GCP 994,n2-highmem-8,0.6283614426036932
2025-11-20T19:05:44.493141,0.2005887148108255,ap-south-1,"[0.25, 0.21875, 0.1875, 0.15625, 0.1875] v42",GCP 960,n2-standard-8 v13,0.620433102391409
2025-11-27T19:11:52.926777 v27_8748,0.1956922052912035,ap-south-1,"[0.2962962962962963, 0.3333333333333333, 0.07407407407407407, 0.14814814814814814, 0.14814814814814814] v26",GCP 156,n2-standard-8 v28,0.6091239253263935
2025-01-23T19:16:42.619963,0.2224649807717214,ap-southeast-1,"[0.16129032258064516, 0.22580645161290322, 0.1935483870967742, 0.22580645161290322, 0.1935483870967742]",GCP 254,n2-highmem-8,0.6965662219716134
2025-09-11T19:22:12.820769,0.1931135042552847,ap-south-1 v29,"[0.25, 0.21875, 0.1875, 0.15625, 0.1875]",GCP v35 371,n2-standard-8,0.5968257022756893
2025-09-26T19:23:55.585998,0.202082312499619,ap-south-1,"[0.14285714285714285, 0.2857142857142857, 0.17857142857142858, 0.21428571428571427, 0.17857142857142858]",GCP 579,n2-standard-8,0.7857922397726467
2026-02-24T19:26:01.495517,0.1913846025149126,ap-south-1,"[0.1111111111111111, 0.25925925925925924, 0.2222222222222222, 0.18518518518518517, 0.2222222222222222]",GCP 375,N2-STANDARD-8,0.7855613412130301
2025-12-20T19:28:00.895966,0.1337250675268305,ap-south-1,"[0.0967741935483871, 0.22580645161290322, 0.1935483870967742, 0.22580645161290322, 0.25806451612903225]",Azure v18 215,E4s_v3,0.8036858138015045
2026-05-11T19:33:03.604998,0.1983278434028384,ap-south-1,"[0.25806451612903225, 0.22580645161290322, 0.1935483870967742, 0.16129032258064516, 0.16129032258064516]",GCP 47,n2-standard-8,0.6106466495895523
2025-12-13T19:45:16.666229,0.1836709574835953,asia-south1,"[0.24242424242424243, 0.12121212121212122, 0.18181818181818182, 0.15151515151515152, 0.30303030303030304]",Azure 66,E4s_v3,0.5921662884411343
2026-03-09T20:03:54.476536,0.1949693704883348,ASIA-SOUTH1,"[0.25, 0.21875, 0.1875, 0.15625, 0.1875]",GCP 94,n2-standard-8,0.6224052767582231
2025-10-06T20:04:16.666222,0.2001428776528077,asia-south1,"[0.25, 0.21875, 0.1875, 0.15625, 0.1875]",GCP 591,n2-standard-8,0.6312272989201135
2025-11-27T15:08:22.707315 v20_2709,0.191445434180227,AP-SOUTH-1,"[0.25, 0.21875, 0.1875, 0.15625, 0.1875]",GCP 862,n2-standard-8,0.6253612218154369
2026-01-10T15:09:47.612621,1.8671614032922093,ap-southeast-1,"[0.17391304347826086, 0.21739130434782608, 0.21739130434782608, 0.21739130434782608, 0.17391304347826086]",Azure v44 474,ND6s,0.5486177977101311
2025-03-20T15:17:48.209869,1.1377588247103947,ASIA-SOUTH1,"[0.1, 0.15, 0.2, 0.35, 0.2] v1",Azure 897,ND6s,0.7474825992438502
2025-08-25T15:20:02.882000,0.9602394462793186,asia-south1 v2,"[0.09090909090909091, 0.13636363636363635, 0.18181818181818182, 0.3181818181818182, 0.2727272727272727] v1",AZURE 502,ND6s,0.6914825772809375
2025-09-08T15:23:50.210423,0.1967447550167168,ap-southeast-1 v18,"[0.25806451612903225, 0.1935483870967742, 0.25806451612903225, 0.16129032258064516, 0.12903225806451613]",GCP 10,n2-standard-8,0.6042991323639625
2025-05-16T15:35:29.814076,0.3283260108643636,eu-west-1,"[0.25, 0.21875, 0.1875, 0.15625, 0.1875] v21",GCP 213,n2-highmem-8,0.6243256522032983
2025-02-02T19:05:44.493141,0.1930683515882177,ap-south-1,"[0.25, 0.21875, 0.1875, 0.15625, 0.1875]",GCP 790,n2-standard-8 v24,0.6143177151513736
2026-06-27T19:11:52.926777,0.205343362806887,ap-south-1,"[0.2962962962962963, 0.3333333333333333, 0.07407407407407407, 0.14814814814814814, 0.14814814814814814]",GCP 680,n2-standard-8,0.621061899111579
2025-07-21T19:16:42.619963,0.2236671961024166,ap-southeast-1 v18,"[0.16129032258064516, 0.22580645161290322, 0.1935483870967742, 0.22580645161290322, 0.1935483870967742]",GCP 727,n2-highmem-8,0.6993507161910691
2025-12-07T19:22:12.820000,0.1975099724404144,ap-south-1,"[0.25, 0.21875, 0.1875, 0.15625, 0.1875]",GCP 619,n2-standard-8,0.6135210164440055
2025-11-27T19:23:55.585998 v13_2941,0.2081892159609754,ap-south-1,"[0.14285714285714285, 0.2857142857142857, 0.17857142857142858, 0.21428571428571427, 0.17857142857142858]",GCP 630,n2-standard-8,0.7741487202020098
2025-11-27T19:26:01.495517 v34_6962,0.1998044394930748,ap-south-1,"[0.1111111111111111, 0.25925925925925924, 0.2222222222222222, 0.18518518518518517, 0.2222222222222222]",GCP v41 900,n2-standard-8,0.831151983456357
2025-11-27T19:28:00.895966 v39_6488,0.1330839598042476,ap-south-1,"[0.0967741935483871, 0.22580645161290322, 0.1935483870967742, 0.22580645161290322, 0.25806451612903225]",Azure 757,E4s_v3,0.8588941220487044
2025-11-27T19:33:03.604998 v28_5477,0.1989896552420216,ap-south-1,"[0.25806451612903225, 0.22580645161290322, 0.1935483870967742, 0.16129032258064516, 0.16129032258064516] v27",GCP 62,n2-standard-8,0.6432798773667663
2026-05-31T19:45:16.666229,0.1762286212660185,asia-south1,"[0.24242424242424243, 0.12121212121212122, 0.18181818181818182, 0.15151515151515152, 0.30303030303030304]",Azure 380,E4s_v3,0.581766750073429
2026-01-16T20:03:54.476536,0.1988431227622562,asia-south1 v47,"[0.25, 0.21875, 0.1875, 0.15625, 0.1875]",GCP 163,n2-standard-8 v48,0.6393002569469861
2025-10-29T20:04:16.666222,0.2060593260221713,asia-south1,"[0.25, 0.21875, 0.1875, 0.15625, 0.1875]",GCP 379,n2-standard-8,0.6091871113358943
2025-01-29T15:08:22.707000,0.2098905149676606,ap-south-1,"[0.25, 0.21875, 0.1875, 0.15625, 0.1875]",GCP 101,n2-standard-8,0.6416765541517
2025-11-27T15:09:47.612621 v2_8650,1.8154819419214845,ap-southeast-1 v11,"[0.17391304347826086, 0.21739130434782608, 0.21739130434782608, 0.21739130434782608, 0.17391304347826086]",Azure 579,ND6s,0.6006906415138313
2026-01-26T15:17:48.209869,1.1330890444144524,asia-south1,"[0.1, 0.15, 0.2, 0.35, 0.2]",Azure 979,ND6s,0.7542542856801601
2024-12-13T15:20:02.882342,1.0303056217891189,asia-south1 v35,"[0.09090909090909091, 0.13636363636363635, 0.18181818181818182, 0.3181818181818182, 0.272727",Azure 296,ND6s,0.722776565351309
2025-04-24T15:23:50.210423,0.1964332494278949,ap-southeast-1 v44,"[0.25806451612903225, 0.1935483870967742, 0.25806451612903225, 0.16129032258064516, 0.12903225806451613]",GCP 375,n2-standard-8 v23,0.6179825612793916
2025-07-05T15:35:29.814076,0.3496014574939117,eu-west-1 v49,"[0.25, 0.21875, 0.1875, 0.15625, 0.1875]",GCP 53,n2-highmem-8,0.66099352708076
2025-02-10T19:05:44.493141,0.2006391139756635,AP-SOUTH-1,"[0.25, 0.21875, 0.1875, 0.15625, 0.1875]",GCP 494,n2-standard-8,0.6143519999470504
2026-11-26T19:11:52.926777,0.1995716746486554,ap-south-1 v15,"[0.2962962962962963, 0.3333333333333333, 0.07407407407407407, 0.14814814814814814, 0.14814814814814814]",GCP 175,n2-standard-8,0.6124821587794889
2026-02-20T19:16:42.619963,0.2402337906788946,ap-southeast-1,"[0.16129032258064516, 0.22580645161290322, 0.1935483870967742, 0.22580645161290322, 0.1935483870967742]",GCP 834,n2-highmem-8,0.6851248888388156
2026-04-17T19:22:12.820000,0.1954089237094285,ap-south-1 v9,"[0.25, 0.21875, 0.1875, 0.15625, 0.1875]",GCP 899,n2-standard-8,0.5986242731777688
2025-06-20T19:23:55.585998,0.19078506106142,ap-south-1,"[0.14285714285714285, 0.2857142857142857, 0.17857142857142858, 0.21428571428571427, 0.1785714",GCP 426,n2-standard-8,0.7575722076020143
2026-03-11T19:26:01.495000,0.1909503551441422,ap-south-1,"[0.1111111111111111, 0.25925925925925924, 0.2222222222222222, 0.18518518518518517, 0.2222222222222222]",GCP 605,n2-standard-8,0.7862820491153694
2026-07-14T19:28:00.895966,0.1310105650120908,ap-south-1,"[0.0967741935483871, 0.22580645161290322, 0.1935483870967742, 0.22580645161290322, 0.25806451612903225]",AZURE 333,E4s_v3,0.8433469684341006
2025-04-05T19:33:03.604998,0.2029906486213077,ap-south-1 v22,"[0.25806451612903225, 0.22580645161290322, 0.1935483870967742, 0.16129032258064516, 0.1612903",GCP v21 687,n2-standard-8,0.6090565296990968
2026-01-04T19:45:16.666229,0.1802382942977362,asia-south1,"[0.24242424242424243, 0.12121212121212122, 0.18181818181818182, 0.15151515151515152, 0.30303030303030304]",Azure 562,E4s_v3,0.6071681716484965
2026-04-15T20:03:54.476536,0.19651414670174,asia-south1 v13,"[0.25, 0.21875, 0.1875, 0.15625, 0.1875]",GCP 910,n2-standard-8,0.5844470266791695
2025-07-08T20:04:16.666222,0.2063973629505401,asia-south1,"[0.25, 0.21875, 0.1875, 0.15625, 0.1875]",GCP 974,n2-standard-8,0.6169688682235688
2025-07-25T15:08:22.707315,0.1951288803492638,ap-south-1,"[0.25, 0.21875, 0.1875, 0.15625, 0.1875]",GCP v1 547,n2-standard-8,0.6342512749899034
2025-10-26T15:09:47.612621,1.8784058670752208,ap-southeast-1 v13,"[0.17391304347826086, 0.21739130434782608, 0.21739130434782608, 0.21739130434782608, 0.17391304347826086]",Azure 725,ND6s,0.5664066602582695
2026-04-05T15:17:48.209869,1.0677607806080736,asia-south1,"[0.1, 0.15, 0.2, 0.35, 0.2]",Azure v40 417,ND6s,0.7256373033953587
2025-04-17T15:20:02.882342,0.9699685426168188,asia-south1,"[0.09090909090909091, 0.13636363636363635, 0.18181818181818182, 0.3181818181818182, 0.2727272727272727] v11",Azure 86,ND6s,0.7537640617023964
2024-12-06T15:23:50.210423,0.2093167755011666,ap-southeast-1,"[0.25806451612903225, 0.1935483870967742, 0.25806451612903225, 0.16129032258064516, 0.12903225806451613]",GCP 664,n2-standard-8 v12,0.6226451628277818
2026-09-06T15:35:29.814076,0.341866934350064,eu-west-1,"[0.25, 0.21875, 0.1875, 0.15625, 0.1875]",GCP 913,N2-HIGHMEM-8,0.6106255330532984
2025-05-23T19:05:44.493141,0.1951551043125622,ap-south-1,"[0.25, 0.21875, 0.1875, 0.15625, 0.1875]",GCP 869,n2-standard-8,0.5968708019363487
2025-12-26T19:11:52.926777,0.1903486109100409,ap-south-1,"[0.2962962962962963, 0.3333333333333333, 0.07407407407407407, 0.14814814814814814, 0.1481481",GCP 300,n2-standard-8 v36,0.5852265791771089
2025-11-27T19:16:42.619963 v14_773,0.2215508091124412,ap-southeast-1,"[0.16129032258064516, 0.22580645161290322, 0.1935483870967742, 0.22580645161290322, 0.1935483870967742] v10",GCP 968,n2-highmem-8,0.7217651740899934
2025-11-27T19:22:12.820769 v46_1562,0.1932583318600323,ap-south-1,"[0.25, 0.21875, 0.1875, 0.15625, 0.1875]",GCP v24 774,n2-standard-8,0.6170153493545946
2024-11-29T19:23:55.585998,0.1926175266691537,ap-south-1,"[0.14285714285714285, 0.2857142857142857, 0.17857142857142858, 0.21428571428571427, 0.17857142857142858]",GCP 575,n2-standard-8 v36,0.7446646532911884
2026-05-10T19:26:01.495517,0.1993930851390324,ap-south-1 v37,"[0.1111111111111111, 0.25925925925925924, 0.2222222222222222, 0.18518518518518517, 0.2222222222222222]",GCP 592,n2-standard-8,0.8289125970470338
2025-11-27T19:28:00.895966 v23_5507,0.1301307829710737,ap-south-1,"[0.0967741935483871, 0.22580645161290322, 0.1935483870967742, 0.22580645161290322, 0.25806451612903225]",Azure 126,E4s_v3,0.8523469371834788
2025-05-17T19:33:03.604998,0.2053641353561498,ap-south-1 v38,"[0.25806451612903225, 0.22580645161290322, 0.1935483870967742, 0.16129032258064516, 0.16129032258064516]",GCP 735,n2-standard-8,0.5849999636649905
2025-05-27T19:45:16.666229,0.1833124475104572,asia-south1,"[0.24242424242424243, 0.12121212121212122, 0.18181818181818182, 0.15151515151515152, 0.30303030303030304] v16",Azure 334,E4s_v3,0.6115140269451387
2025-10-24T20:03:54.476536,0.196135885662202,asia-south1,"[0.25, 0.21875, 0.1875, 0.15625, 0.1875] v13",GCP 165,n2-standard-8,0.640108559152187
2026-06-05T20:04:16.666222,0.202948938475025,asia-south1,"[0.25, 0.21875, 0.1875, 0.15625, 0.1875]",GCP v2 451,n2-standard-8,0.6131589767063246
2025-08-10T15:08:22.707315,0.1944329462923512,ap-south-1 v12,"[0.25, 0.21875, 0.1875, 0.15625, 0.1875]",GCP v19 529,n2-standard-8,0.5978701685319348
2025-06-15T15:09:47.612621,1.8328093056750725,ap-southeast-1,"[0.17391304347826086, 0.21739130434782608, 0.21739130434782608, 0.21739130434782608, 0.17391304347826086]",Azure 59,ND6s,0.5811995297462987
2026-06-02T15:17:48.209869,1.0611586225765566,asia-south1,"[0.1, 0.15, 0.2, 0.35, 0.2]",Azure 399,ND6s,0.7580620988810096
2026-10-22T15:20:02.882342,1.038457198705827,asia-south1,"[0.09090909090909091, 0.13636363636363635, 0.18181818181818182, 0.3181818181818182, 0.2727272727272727]",Azure 480,ND6s,0.7032992793843178
2025-11-16T15:23:50.210423,0.2052178294592248,ap-southeast-1,"[0.25806451612903225, 0.1935483870967742, 0.25806451612903225, 0.16129032258064516, 0.1290322",GCP 584,n2-standard-8,0.6561288094412441
2026-08-17T15:35:29.814076,0.3490448805836561,eu-west-1,"[0.25, 0.21875, 0.1875, 0.15625, 0.1",GCP 632,N2-HIGHMEM-8,0.6201277587053237
2025-12-29T19:05:44.493141,0.2058767182429723,ap-south-1,"[0.25, 0.21875, 0.1875, 0.15625, 0.1875] v31",GCP 103,n2-standard-8,0.6145425927851706
2025-06-23T19:11:52.926777,0.1906976061164005,AP-SOUTH-1,"[0.2962962962962963, 0.3333333333333333, 0.07407407407407407, 0.14814814814814814, 0.14814814814814814]",GCP 933,n2-standard-8,0.6058080803981406
2025-03-15T19:16:42.619963,0.2275340698655602,ap-southeast-1,"[0.16129032258064516, 0.22580645161290322, 0.1935483870967742, 0.22580645161290322, 0.193548",GCP 889,n2-highmem-8,0.7204616924670674
2025-12-04T19:22:12.820769,0.2008471790098464,ap-south-1,"[0.25, 0.21875, 0.1875, 0.15625, 0.1875] v20",GCP 27,n2-standard-8,0.6234076778881439
2026-09-06T19:23:55.585998,0.1906610438975888,ap-south-1,"[0.14285714285714285, 0.2857142857142857, 0.17857142857142858, 0.21428571428571427, 0.17857142857142858]",GCP 340,n2-standard-8,0.7340608931144698
2026-06-06T19:26:01.495517,0.2003480257964993,ap-south-1,"[0.1111111111111111, 0.25925925925925924, 0.2222222222222222, 0.18518518518518517, 0.2222222222222222]",GCP 265,n2-standard-8,0.7697516096342015
2024-11-27T19:28:00.895966,0.1301824006531862,ap-south-1,"[0.0967741935483871, 0.22580645161290322, 0.1935483870967742, 0.22580645161290322, 0.2580645",Azure 761,E4s_v3,0.8482364762778419
2025-10-13T19:33:03.604000,0.1965488112590813,ap-south-1,"[0.25806451612903225, 0.22580645161290322, 0.1935483870967742, 0.16129032258064516, 0.16129032258064516]",GCP 846,n2-standard-8,0.5913117857941799
2026-03-03T19:45:16.666229,0.184971086856724,asia-south1,"[0.24242424242424243, 0.12121212121212122, 0.18181818181818182, 0.15151515151515152, 0.30303030303030304]",Azure v24 217,E4s_v3,0.5797003179674661
2026-09-04T20:03:54.476536,0.2011976633115396,asia-south1,"[0.25, 0.21875, 0.1875, 0.15625, 0.1",GCP 234,n2-standard-8 v10,0.6016808759320328
2026-04-14T20:04:16.666222,0.2018750150481436,asia-south1,"[0.25, 0.21875, 0.1875, 0.15625, 0.1875] v43",GCP 142,n2-standard-8,0.5989034017326723
2025-03-12T15:08:22.707315,0.1906412539261361,ap-south-1,"[0.25, 0.21875, 0.1875, 0.15625, 0.1875]",GCP 165,n2-standard-8 v32,0.6306755740766543
2025-02-24T15:09:47.612621,1.9271943521392605,ap-southeast-1,"[0.17391304347826086, 0.21739130434782608, 0.21739130434782608, 0.21739130434782608, 0.17391304347826086]",Azure 772,ND6s v12,0.5492791276293787
2025-11-10T15:17:48.209000,1.0752156243386166,asia-south1,"[0.1, 0.15, 0.2, 0.35, 0.2]",Azure 842,ND6s,0.73473505444044
2026-09-26T15:20:02.882342,1.036286257712929,asia-south1,"[0.09090909090909091, 0.13636363636363635, 0.18181818181818182, 0.3181818181818182, 0.2727272727272727]",Azure v16 116,ND6s,0.7597607949063964
2025-01-21T15:23:50.210423,0.2076433344894206,ap-southeast-1,"[0.25806451612903225, 0.1935483870967742, 0.25806451612903225, 0.16129032258064516, 0.12903225806451613] v44",GCP 591,n2-standard-8,0.619335293034849
2026-08-06T15:35:29.814076,0.3534440321806035,eu-west-1,"[0.25, 0.21875, 0.1875, 0.15625, 0.1875]",GCP 278,n2-highmem-8,0.6090199360817596
2025-12-31T19:05:44.493141,0.1923770515695247,ap-south-1,"[0.25, 0.21875, 0.1875, 0.15625, 0.1875]",GCP 503,n2-standard-8,0.583893170487409
2025-02-13T19:11:52.926000,0.1971701526239067,ap-south-1,"[0.2962962962962963, 0.3333333333333333, 0.07407407407407407, 0.14814814814814814, 0.14814814814814814] v32",GCP 698,n2-standard-8,0.6416409527056717
2026-06-24T19:16:42.619963,0.2279010438454368,ap-southeast-1,"[0.16129032258064516, 0.22580645161290322, 0.1935483870967742, 0.22580645161290322, 0.1935483870967742]",GCP 76,n2-highmem-8,0.7294859219762986
2025-11-27T19:22:12.820769 v1_1779,0.206304127551313,ap-south-1,"[0.25, 0.21875, 0.1875, 0.15625, 0.1875]",GCP 697,n2-standard-8 v41,0.6055374078998321
2026-09-23T19:23:55.585998,0.2000754688744927,ap-south-1 v7,"[0.14285714285714285, 0.2857142857142857, 0.17857142857142858, 0.21428571428571427, 0.17857142857142858]",GCP 757,n2-standard-8,0.8038153010923851
2025-04-24T19:26:01.495517,0.2047180397173705,ap-south-1,"[0.1111111111111111, 0.25925925925925924, 0.2222222222222222, 0.18518518518518517, 0.2222222222222222] v46",GCP 910,n2-standard-8 v47,0.8453619585773139
2026-08-19T19:28:00.895000,0.1297830488330647,ap-south-1,"[0.0967741935483871, 0.22580645161290322, 0.1935483870967742, 0.22580645161290322, 0.25806451612903225]",Azure 966,E4s_v3,0.8282641891738066
2025-07-28T19:33:03.604998,0.1980064296497456,ap-south-1 v33,"[0.25806451612903225, 0.22580645161290322, 0.1935483870967742, 0.16129032258064516, 0.16129032258064516]",GCP 474,n2-standard-8,0.617315131652476
2026-05-29T19:45:16.666229,0.1834734922879259,ASIA-SOUTH1,"[0.24242424242424243, 0.12121212121212122, 0.18181818181818182, 0.15151515151515152, 0.30303030303030304]",Azure 520,E4s_v3 v41,0.6105732010772552
2026-05-10T20:03:54.476536,0.1906900775299665,asia-south1,"[0.25, 0.21875, 0.1875, 0.15625, 0.1875] v13",GCP v40 825,n2-standard-8 v43,0.6005300760903937
2026-11-02T20:04:16.666222,0.1952672723799615,asia-south1,"[0.25, 0.21875, 0.1875, 0.15625, 0.1875]",GCP 461,n2-standard-8,0.5958542807516456
2026-02-28T15:08:22.707315,0.1999260720697295,ap-south-1,"[0.25, 0.21875, 0.1875, 0.15625, 0.1875]",GCP 801,N2-STANDARD-8,0.6086496797392458
2025-11-27T15:09:47.612621 v24_7270,1.9003584773137765,ap-southeast-1 v17,"[0.17391304347826086, 0.21739130434782608, 0.21739130434782608, 0.21739130434782608, 0.17391304347826086]",Azure 639,ND6s,0.5954333949048088
2026-07-11T15:17:48.209000,1.1510828182322994,asia-south1,"[0.1, 0.15, 0.2, 0.35, 0.2] v48",Azure 141,ND6s,0.6917497960851431
2025-11-27T15:20:02.882342 v26_7728,0.9778966194420202,asia-south1,"[0.09090909090909091, 0.13636363636363635, 0.18181818181818182, 0.3181818181818182, 0.2727272727272727]",Azure 87,ND6s,0.700825562243676
2026-01-11T15:23:50.210423,0.1943093886549842,ap-southeast-1,"[0.25806451612903225, 0.1935483870967742, 0.25806451612903225, 0.16129032258064516, 0.12903225806451613]",GCP 284,n2-standard-8,0.6069676429345453
2025-02-11T15:35:29.814076,0.3484414118886488,eu-west-1,"[0.25, 0.21875, 0.1875, 0.15625, 0.1875]",GCP 954,n2-highmem-8,0.6488222125493655
2025-11-22T19:05:44.493141,0.201465533775064,ap-south-1,"[0.25, 0.21875, 0.1875, 0.15625, 0.1",GCP 77,n2-standard-8,0.5964912093835122
2026-03-03T19:11:52.926777,0.2048546145890818,ap-south-1,"[0.2962962962962963, 0.3333333333333333, 0.07407407407407407, 0.14814814814814814, 0.14814814814814814]",GCP 307,n2-standard-8,0.6060549923855616
2024-12-28T19:16:42.619963,0.227958805165014,ap-southeast-1,"[0.16129032258064516, 0.22580645161290322, 0.1935483870967742, 0.22580645161290322, 0.193548",GCP 998,n2-highmem-8,0.7370182966237684
2025-11-27T19:22:12.820769 v3_1680,0.2068990075454521,AP-SOUTH-1,"[0.25, 0.21875, 0.1875, 0.15625, 0.1875]",GCP 830,n2-standard-8,0.5829905339977894
2026-10-05T19:23:55.585998,0.1906084707930817,ap-south-1,"[0.14285714285714285, 0.2857142857142857, 0.17857142857142858, 0.21428571428571427, 0.17857142857142858]",GCP v23 456,n2-standard-8,0.8041405352960354
2025-02-12T19:26:01.495517,0.202128195534876,ap-south-1,"[0.1111111111111111, 0.25925925925925924, 0.2222222222222222, 0.18518518518518517, 0.2222222222222222]",GCP 534,n2-standard-8,0.8050668686709103
2026-09-29T19:28:00.895966,0.1358218796980109,ap-south-1,"[0.0967741935483871, 0.22580645161290322, 0.1935483870967742, 0.22580645161290322, 0.25806451612903225]",Azure 205,E4s_v3 v15,0.836513589174535
2025-08-06T19:33:03.604998,0.2073981186778064,ap-south-1,"[0.25806451612903225, 0.22580645161290322, 0.1935483870967742, 0.16129032258064516, 0.1612903",GCP 441,n2-standard-8,0.6200990565150778
2025-11-15T19:45:16.666229,0.1805743925438634,asia-south1,"[0.24242424242424243, 0.12121212121212122, 0.18181818181818182, 0.15151515151515152, 0.30303030303030304]",Azure 623,E4s_v3 v35,0.6066720715177472
2026-08-08T20:03:54.476536,0.2037377215676351,asia-south1,"[0.25, 0.21875, 0.1875, 0.15625, 0.1875] v48",GCP 161,n2-standard-8,0.6378036435187284
2025-04-26T20:04:16.666222,0.1920608338686196,asia-south1,"[0.25, 0.21875, 0.1875, 0.15625, 0.1875]",GCP 444,n2-standard-8,0.5969333122157183
2025-11-27T15:08:22.707315 v23_8272,0.1921721480469298,ap-south-1,"[0.25, 0.21875, 0.1875, 0.15625, 0.1875]",GCP v30 39,n2-standard-8,0.6210163288306428
2025-09-02T15:09:47.612621,1.9512322935506852,ap-southeast-1 v14,"[0.17391304347826086, 0.21739130434782608, 0.21739130434782608, 0.21739130434782608, 0.17391304347826086]",Azure 116,ND6s,0.6021427091443801
2025-01-18T15:17:48.209869,1.0536792012440328,asia-south1,"[0.1, 0.15, 0.2, 0.35, 0",Azure v20 68,ND6s,0.7061276293210995
2025-08-02T15:20:02.882342,0.9769796057892371,asia-south1,"[0.09090909090909091, 0.13636363636363635, 0.18181818181818182, 0.3181818181818182, 0.2727272727272727] v28",Azure 111,ND6s,0.7218130330740987
2026-07-23T15:23:50.210423,0.2085621217895618,ap-southeast-1,"[0.25806451612903225, 0.1935483870967742, 0.25806451612903225, 0.16129032258064516, 0.12903225806451613] v47",GCP 376,n2-standard-8,0.6165561518230441
2026-02-14T15:35:29.814076,0.3348821200641093,eu-west-1,"[0.25, 0.21875, 0.1875, 0.15625, 0.1875]",GCP 919,n2-highmem-8,0.6455286965246326
2026-09-03T19:05:44.493141,0.2033381077336842,ap-south-1,"[0.25, 0.21875, 0.1875, 0.15625, 0.1875] v19",GCP 842,n2-standard-8,0.6190641758633364
2026-08-17T19:11:52.926777,0.2009995797276773,ap-south-1,"[0.2962962962962963, 0.3333333333333333, 0.07407407407407407, 0.14814814814814814, 0.14814814814814814]",GCP 493,n2-standard-8,0.6107914344603602
2026-08-14T19:16:42.619963,0.2322935372555364,ap-southeast-1,"[0.16129032258064516, 0.22580645161290322, 0.1935483870967742, 0.22580645161290322, 0.1935483870967742]",GCP 75,n2-highmem-8,0.6838530380380193
2026-10-04T19:22:12.820769,0.2013565622234463,ap-south-1 v2,"[0.25, 0.21875, 0.1875, 0.15625, 0.1875]",GCP 199,n2-standard-8 v15,0.5866844936044573
2026-03-12T19:23:55.585998,0.1937248987659955,ap-south-1 v35,"[0.14285714285714285, 0.2857142857142857, 0.17857142857142858, 0.21428571428571427, 0.17857142857142858]",GCP 531,n2-standard-8 v34,0.7981132723911265
2025-11-09T19:26:01.495517,0.1970781133442363,ap-south-1,"[0.1111111111111111, 0.25925925925925924, 0.2222222222222222, 0.18518518518518517, 0.2222222222222222]",GCP 694,n2-standard-8,0.8173497458127861
2026-10-15T19:28:00.895966,0.1353277073308166,ap-south-1,"[0.0967741935483871, 0.22580645161290322, 0.1935483870967742, 0.22580645161290322, 0.2580645",Azure 675,E4s_v3,0.8732673099406234
2025-08-09T19:33:03.604000,0.1964959783076072,ap-south-1,"[0.25806451612903225, 0.22580645161290322, 0.1935483870967742, 0.16129032258064516, 0.16129032258064516]",GCP 960,n2-standard-8,0.600980432263583
2025-11-28T19:45:16.666000,0.1856847753184553,asia-south1 v35,"[0.24242424242424243, 0.12121212121212122, 0.18181818181818182, 0.15151515151515152, 0.30303030303030304] v30",Azure 29,E4s_v3,0.6288789112714112
2024-12-10T20:03:54.476536,0.2081221816129407,asia-south1,"[0.25, 0.21875, 0.1875, 0.15625, 0.1875]",GCP 920,n2-standard-8,0.6342177003980799
2025-09-17T20:04:16.666222,0.2041633984367114,asia-south1,"[0.25, 0.21875, 0.1875, 0.15625, 0.1875] v37",GCP 183,n2-standard-8,0.5983323356591734
2024-12-10T15:08:22.707000,0.2048532143731284,ap-south-1,"[0.25, 0.21875, 0.1875, 0.15625, 0.1875]",GCP 923,n2-standard-8,0.594015246396461
2026-08-02T15:09:47.612621,1.8855819663361308,ap-southeast-1 v31,"[0.17391304347826086, 0.21739130434782608, 0.21739130434782608, 0.21739130434782608, 0.17391304347826086]",Azure 849,ND6s,0.566291190466044
2026-07-06T15:17:48.209869,1.0855369423622223,asia-south1,"[0.1, 0.15, 0.2, 0.35, 0.2] v4",Azure 22,ND6s,0.7427596426339508
2025-08-20T15:20:02.882342,1.0229033742829503,asia-south1,"[0.09090909090909091, 0.13636363636363635, 0.18181818181818182, 0.3181818181818182, 0.2727272727272727]",Azure 799,ND6S,0.7549362943959994
2025-11-27T15:23:50.210423 v11_245,0.1983366923044558,ap-southeast-1,"[0.25806451612903225, 0.1935483870967742, 0.25806451612903225, 0.16129032258064516, 0.12903225806451613]",GCP 21,n2-standard-8,0.6294846116517395
2025-11-27T15:35:29.814076 v46_5768,0.3318471865098157,eu-west-1,"[0.25, 0.21875, 0.1875, 0.15625, 0.1875]",GCP 743,n2-highmem-8,0.6099323551199208
2025-11-27T19:05:44.493141 v8_5883,0.2018319864583348,ap-south-1,"[0.25, 0.21875, 0.1875, 0.15625, 0.1875]",GCP 511,n2-standard-8,0.5837159794084766
2025-11-27T19:11:52.926777 v16_2454,0.208244592439992,ap-south-1,"[0.2962962962962963, 0.3333333333333333, 0.07407407407407407, 0.14814814814814814, 0.1481481",GCP 992,n2-standard-8 v23,0.6161456968520331
2026-08-09T19:16:42.619963,0.2186228002653028,ap-southeast-1,"[0.16129032258064516, 0.22580645161290322, 0.1935483870967742, 0.22580645161290322, 0.1935483870967742]",GCP 768,n2-highmem-8,0.740899811644436
2025-11-27T19:22:12.820769 v33_8773,0.2091875970877389,ap-south-1,"[0.25, 0.21875, 0.1875, 0.15625, 0.1875]",GCP 609,n2-standard-8,0.5957466032364889
2025-06-03T19:23:55.585998,0.2053998456243741,ap-south-1,"[0.14285714285714285, 0.2857142857142857, 0.17857142857142858, 0.21428571428571427, 0.17857142857142858]",GCP 81,n2-standard-8,0.8009399787968001
2025-10-20T19:26:01.495517,0.1928154091554242,ap-south-1 v3,"[0.1111111111111111, 0.25925925925925924, 0.2222222222222222, 0.18518518518518517, 0.2222222222222222]",GCP v46 555,n2-standard-8,0.8136938025091238
2025-01-04T19:28:00.895000,0.1315515669771718,ap-south-1 v8,"[0.0967741935483871, 0.22580645161290322, 0.1935483870967742, 0.22580645161290322, 0.2580645",Azure 732,E4s_v3,0.830943406077846
2025-05-24T19:33:03.604998,0.2028549209215056,ap-south-1,"[0.25806451612903225, 0.22580645161290322, 0.1935483870967742, 0.16129032258064516, 0.16129032258064516]",GCP v16 645,n2-standard-8,0.6372774235129943
2025-05-09T19:45:16.666229,0.1793838635189626,asia-south1,"[0.24242424242424243, 0.12121212121212122, 0.18181818181818182, 0.15151515151515152, 0.30303030303030304]",Azure 290,E4s_v3,0.6026448876526853
2025-10-02T20:03:54.476536,0.196820341862384,asia-south1,"[0.25, 0.21875, 0.1875, 0.15625, 0.1875]",GCP 930,n2-standard-8,0.5944958489535922
2026-09-15T20:04:16.666000,0.2082950780267592,asia-south1,"[0.25, 0.21875, 0.1875, 0.15625, 0.1875]",GCP 764,n2-standard-8,0.6159245148789037
2025-05-18T15:08:22.707315,0.1924292954181425,ap-south-1,"[0.25, 0.21875, 0.1875, 0.15625, 0.1875] v8",GCP 653,n2-standard-8,0.6261031340558286
2024-12-16T15:09:47.612621,1.8414786129649616,ap-southeast-1,"[0.17391304347826086, 0.21739130434782608, 0.21739130434782608, 0.21739130434782608, 0.17391304347826086]",Azure 578,ND6s,0.598611789908749
2026-01-29T15:17:48.209869,1.143984301003412,asia-south1,"[0.1, 0.15, 0.2, 0.35, 0.2]",Azure 165,ND6s,0.7470250105912513
2025-04-07T15:20:02.882342,0.9692172733214458,asia-south1,"[0.09090909090909091, 0.13636363636363635, 0.18181818181818182, 0.3181818181818182, 0.2727272727272727]",Azure 854,ND6s,0.6940463810089262
2026-10-01T15:23:50.210423,0.1925800835004651,ap-southeast-1,"[0.25806451612903225, 0.1935483870967742, 0.25806451612903225, 0.16129032258064516, 0.12903225806451613]",GCP 795,n2-standard-8,0.6271644966891651
2025-08-11T15:35:29.814076,0.3426618129158957,eu-west-1,"[0.25, 0.21875, 0.1875, 0.15625, 0.1875]",GCP 234,n2-highmem-8,0.615113122757764
2024-12-20T19:05:44.493141,0.1904234472747075,ap-south-1,"[0.25, 0.21875, 0.1875, 0.15625, 0.1875]",GCP 271,n2-standard-8,0.6043318942920285
2025-02-15T19:11:52.926777,0.2053385785269832,ap-south-1 v14,"[0.2962962962962963, 0.3333333333333333, 0.07407407407407407, 0.14814814814814814, 0.14814814814814814]",GCP 274,n2-standard-8,0.5817622896830439
2025-06-22T19:16:42.619000,0.2199511776672139,ap-southeast-1,"[0.16129032258064516, 0.22580645161290322, 0.1935483870967742, 0.22580645161290322, 0.1935483870967742]",GCP 296,n2-highmem-8,0.6789266315731918
2025-09-05T19:22:12.820769,0.1962497665228571,ap-south-1,"[0.25, 0.21875, 0.1875, 0.15625, 0.1875]",GCP 878,n2-standard-8 v32,0.6058035341051224
2026-04-07T19:23:55.585000,0.2093088444147742,ap-south-1,"[0.14285714285714285, 0.2857142857142857, 0.17857142857142858, 0.21428571428571427, 0.1785714",GCP v10 561,n2-standard-8,0.7544860415699819
2025-11-27T19:26:01.495517 v36_9544,0.1933628217178949,ap-south-1,"[0.1111111111111111, 0.25925925925925924, 0.2222222222222222, 0.18518518518518517, 0.2222222222222222]",GCP 909,n2-standard-8,0.8471829342295459
2024-12-19T19:28:00.895966,0.1288039267092258,ap-south-1 v20,"[0.0967741935483871, 0.22580645161290322, 0.1935483870967742, 0.22580645161290322, 0.25806451612903225]",Azure 105,E4s_v3,0.8187178454204539
2026-06-07T19:33:03.604998,0.2035037883102324,AP-SOUTH-1,"[0.25806451612903225, 0.22580645161290322, 0.1935483870967742, 0.16129032258064516, 0.16129032258064516]",GCP 593,n2-standard-8,0.6218400913871757
2024-12-11T19:45:16.666229,0.1810089436370392,asia-south1,"[0.24242424242424243, 0.12121212121212122, 0.18181818181818182, 0.15151515151515152, 0.30303030303030304]",AZURE 891,E4s_v3,0.5889707252553812
2025-07-25T20:03:54.476536,0.2025003890833621,asia-south1,"[0.25, 0.21875, 0.1875, 0.15625, 0.1875]",GCP 18,n2-standard-8,0.5984748415581912
2025-08-30T20:04:16.666000,0.2049401699919392,asia-south1,"[0.25, 0.21875, 0.1875, 0.15625, 0.1875]",GCP 424,n2-standard-8,0.6391824543176761
2026-03-05T15:08:22.707315,0.190210520926194,ap-south-1,"[0.25, 0.21875, 0.1875, 0.15625, 0.1",GCP 807,n2-standard-8,0.6437509262057182
2026-05-05T15:09:47.612621,1.9171260663107217,ap-southeast-1 v43,"[0.17391304347826086, 0.21739130434782608, 0.21739130434782608, 0.21739130434782608, 0.17391304347826086]",Azure 382,ND6s,0.5522101661811717
2025-07-14T15:17:48.209869,1.0992338633694232,asia-south1,"[0.1, 0.15, 0.2, 0.35, 0.2]",Azure 489,ND6s,0.7490796748787956
2025-05-29T15:20:02.882342,1.0181833032032868,asia-south1,"[0.09090909090909091, 0.13636363636363635, 0.18181818181818182, 0.3181818181818182, 0.2727272727272727]",Azure 425,ND6s,0.7596921248479311
2025-08-13T15:23:50.210423,0.1988025539309265,ap-southeast-1,"[0.25806451612903225, 0.1935483870967742, 0.25806451612903225, 0.16129032258064516, 0.12903225806451613]",GCP 441,n2-standard-8,0.6021468018367726
2026-09-28T15:35:29.814076,0.3270537716458073,eu-west-1,"[0.25, 0.21875, 0.1875, 0.15625, 0.1875]",GCP 856,n2-highmem-8 v20,0.6415479846691704
2025-04-11T19:05:44.493141,0.1961486506509567,ap-south-1,"[0.25, 0.21875, 0.1875, 0.15625, 0.1875]",GCP 183,n2-standard-8,0.6006478099627238
2026-07-09T19:11:52.926777,0.2073556408878553,ap-south-1,"[0.2962962962962963, 0.3333333333333333, 0.07407407407407407, 0.14814814814814814, 0.14814814814814814]",GCP 928,n2-standard-8 v13,0.6189296940360486
2025-09-30T19:16:42.619963,0.2365302814202634,ap-southeast-1,"[0.16129032258064516, 0.22580645161290322, 0.1935483870967742, 0.22580645161290322, 0.1935483870967742]",GCP 708,n2-highmem-8 v27,0.7317046670979119
2025-01-18T19:22:12.820769,0.1996050800217231,ap-south-1,"[0.25, 0.21875, 0.1875, 0.15625, 0.1875]",GCP 806,n2-standard-8,0.5938639999965711
2024-12-24T19:23:55.585998,0.1998919554133893,ap-south-1,"[0.14285714285714285, 0.2857142857142857, 0.17857142857142858, 0.21428571428571427, 0.17857142857142858]",GCP 469,n2-standard-8,0.771825781396866
2026-05-27T19:26:01.495517,0.1951531404598231,ap-south-1,"[0.1111111111111111, 0.25925925925925924, 0.2222222222222222, 0.18518518518518517, 0.2222222222222222]",GCP 401,n2-standard-8,0.7981698371621961
2026-03-07T19:28:00.895966,0.1252045757237144,ap-south-1,"[0.0967741935483871, 0.22580645161290322, 0.1935483870967742, 0.22580645161290322, 0.25806451612903225]",Azure 652,E4s_v3,0.8383180657484661
2025-12-16T19:33:03.604000,0.1982312754380206,ap-south-1,"[0.25806451612903225, 0.22580645161290322, 0.1935483870967742, 0.16129032258064516, 0.16129032258064516] v22",GCP v49 834,n2-standard-8,0.6086546779536957
2025-11-27T19:45:16.666229 v8_5839,0.1792373737418131,asia-south1 v2,"[0.24242424242424243, 0.12121212121212122, 0.18181818181818182, 0.15151515151515152, 0.30303030303030304]",Azure 947,E4s_v3 v9,0.6027116937949266
2025-12-09T20:03:54.476536,0.1912966843757238,asia-south1,"[0.25, 0.21875, 0.1875, 0.15625, 0.1",GCP 587,n2-standard-8,0.6297765892979696
2026-08-15T20:04:16.666222,0.2025328736662351,asia-south1,"[0.25, 0.21875, 0.1875, 0.15625, 0.1875]",GCP 39,n2-standard-8,0.6276251500863201
2025-01-04T15:08:22.707315,0.200771667717084,ap-south-1,"[0.25, 0.21875, 0.1875, 0.15625, 0.1875] v17",GCP 964,n2-standard-8 v7,0.6376561285416652
2025-03-01T15:09:47.612621,1.8233820046595184,ap-southeast-1,"[0.17391304347826086, 0.21739130434782608, 0.21739130434782608, 0.21739130434782608, 0.1739130",Azure 985,ND6s,0.5535704862122833
2025-11-29T15:17:48.209869,1.0599857016700305,asia-south1,"[0.1, 0.15, 0.2, 0.35, 0.2]",Azure 65,ND6s,0.7334141841131578
2026-06-04T15:20:02.882342,0.9518570718765108,asia-south1,"[0.09090909090909091, 0.13636363636363635, 0.18181818181818182, 0.3181818181818182, 0.2727272727272727]",Azure 756,ND6s,0.7521007147471768
2026-05-15T15:23:50.210423,0.2043486890175651,ap-southeast-1,"[0.25806451612903225, 0.1935483870967742, 0.25806451612903225, 0.16129032258064516, 0.12903225806451613]",GCP 627,n2-standard-8,0.6421518865057816
2026-08-04T15:35:29.814076,0.3473628237524861,eu-west-1,"[0.25, 0.21875, 0.1875, 0.15625, 0.1875]",GCP 372,n2-highmem-8,0.6364602998745937
2025-05-14T19:05:44.493141,0.207022216516951,ap-south-1,"[0.25, 0.21875, 0.1875, 0.15625, 0.1875]",GCP 584,n2-standard-8,0.609203796481124
2025-11-27T19:11:52.926777 v11_4349,0.2028912630926364,ap-south-1,"[0.2962962962962963, 0.3333333333333333, 0.07407407407407407, 0.14814814814814814, 0.14814814814814814]",GCP 981,n2-standard-8,0.6252523227789601
2025-08-16T19:16:42.619963,0.2301202089894385,ap-southeast-1,"[0.16129032258064516, 0.22580645161290322, 0.1935483870967742, 0.22580645161290322, 0.1935483870967742] v49",GCP v38 834,n2-highmem-8,0.7194220728028045
2025-03-31T19:22:12.820769,0.2078165350714854,ap-south-1,"[0.25, 0.21875, 0.1875, 0.15625, 0.1875]",GCP v23 741,n2-standard-8,0.6259450333309692
2025-11-27T19:23:55.585998 v20_9347,0.2008376034655244,ap-south-1,"[0.14285714285714285, 0.2857142857142857, 0.17857142857142858, 0.21428571428571427, 0.17857142857142858]",GCP v15 357,n2-standard-8,0.786429046758966
2025-11-27T19:26:01.495517 v29_2050,0.1952079471749014,ap-south-1,"[0.1111111111111111, 0.25925925925925924, 0.2222222222222222, 0.18518518518518517, 0.222222",GCP v22 233,n2-standard-8,0.8195861911159829
2025-08-29T19:28:00.895966,0.1322374879812843,ap-south-1 v45,"[0.0967741935483871, 0.22580645161290322, 0.1935483870967742, 0.22580645161290322, 0.25806451612903225]",Azure 180,E4s_v3,0.8349809251750108
2025-03-29T19:33:03.604998,0.197655886162907,ap-south-1 v8,"[0.25806451612903225, 0.22580645161290322, 0.1935483870967742, 0.16129032258064516, 0.16129032258064516]",GCP 227,n2-standard-8,0.6357823877063783
2026-09-15T19:45:16.666229,0.185392415593836,asia-south1,"[0.24242424242424243, 0.12121212121212122, 0.18181818181818182, 0.15151515151515152, 0.30303030303030304] v45",Azure 632,E4S_V3,0.5768714928171912
2026-08-06T20:03:54.476536,0.2066283324386062,asia-south1 v27,"[0.25, 0.21875, 0.1875, 0.15625, 0.1875]",GCP 925,n2-standard-8,0.6053716673784758
2025-08-15T20:04:16.666222,0.2001207254045496,asia-south1,"[0.25, 0.21875, 0.1875, 0.15625, 0.1875]",GCP v43 921,n2-standard-8,0.6025008506498339
2025-04-30T15:08:22.707315,0.2093397003605607,ap-south-1,"[0.25, 0.21875, 0.1875, 0.15625, 0.1875]",GCP 13,n2-standard-8,0.5927988390611976
2025-07-29T15:09:47.612621,1.9540802927669985,ap-southeast-1,"[0.17391304347826086, 0.21739130434782608, 0.21739130434782608, 0.21739130434782608, 0.17391304347826086] v2",Azure 300,ND6s v21,0.5625900829915924
2025-10-04T15:17:48.209869,1.0893178536852302,ASIA-SOUTH1,"[0.1, 0.15, 0.2, 0.35, 0.2] v9",Azure 414,ND6s,0.688626589124632
2025-11-27T15:20:02.882342 v22_5645,0.9684265076170752,asia-south1,"[0.09090909090909091, 0.13636363636363635, 0.18181818181818182, 0.3181818181818182, 0.2727272727272727] v43",Azure 839,ND6s,0.7073901463948314
2026-09-08T15:23:50.210423,0.2002895928426206,AP-SOUTHEAST-1,"[0.25806451612903225, 0.1935483870967742, 0.25806451612903225, 0.16129032258064516, 0.12903225806451613]",GCP 326,n2-standard-8,0.639073600038858
2025-03-11T15:35:29.814076,0.3260068779694071,eu-west-1 v44,"[0.25, 0.21875, 0.1875, 0.15625, 0.1875]",GCP 474,n2-highmem-8,0.6284653133323037
2026-02-11T19:05:44.493141,0.196202944421816,AP-SOUTH-1,"[0.25, 0.21875, 0.1875, 0.15625, 0.1875] v30",GCP v28 645,n2-standard-8,0.6205056785055175
2026-08-16T19:11:52.926777,0.1999354022625432,ap-south-1,"[0.2962962962962963, 0.3333333333333333, 0.07407407407407407, 0.14814814814814814, 0.14814814814814814]",GCP v28 305,n2-standard-8,0.6100851511611646
2025-11-09T19:16:42.619963,0.2375942082322069,ap-southeast-1,"[0.16129032258064516, 0.22580645161290322, 0.1935483870967742, 0.22580645161290322, 0.1935483870967742]",GCP 240,n2-highmem-8,0.6967767945422301
2024-12-22T19:22:12.820769,0.1981903696055743,ap-south-1 v15,"[0.25, 0.21875, 0.1875, 0.15625, 0.1",GCP 980,n2-standard-8,0.6109503963124991
2025-10-20T19:23:55.585998,0.2033442658348381,ap-south-1,"[0.14285714285714285, 0.2857142857142857, 0.17857142857142858, 0.21428571428571427, 0.17857142857142858]",GCP 837,n2-standard-8,0.8105718500707948
2026-11-14T19:26:01.495517,0.1932806146291878,ap-south-1,"[0.1111111111111111, 0.25925925925925924, 0.2222222222222222, 0.18518518518518517, 0.2222222222222222]",GCP 310,n2-standard-8,0.8458417660755632
2025-08-20T19:28:00.895966,0.1242713970004829,ap-south-1,"[0.0967741935483871, 0.22580645161290322, 0.1935483870967742, 0.22580645161290322, 0.25806451612903225]",Azure 333,E4s_v3,0.8553452088458791
2025-07-31T19:33:03.604998,0.2015408372398005,ap-south-1,"[0.25806451612903225, 0.22580645161290322, 0.1935483870967742, 0.16129032258064516, 0.16129032258064516] v2",GCP 36,n2-standard-8,0.6333521833305287
2026-08-02T19:45:16.666229,0.1807952787761634,asia-south1,"[0.24242424242424243, 0.12121212121212122, 0.18181818181818182, 0.15151515151515152, 0.30303030303030304]",Azure 775,E4s_v3,0.5811159998052114
2026-04-21T20:03:54.476536,0.2047696794437221,asia-south1,"[0.25, 0.21875, 0.1875, 0.15625, 0.1875]",GCP 963,n2-standard-8,0.632441684836081
2025-10-09T20:04:16.666222,0.1973597015437357,asia-south1,"[0.25, 0.21875, 0.1875, 0.15625, 0.1875]",GCP 590,n2-standard-8,0.5877397005998969
2025-11-12T15:08:22.707315,0.1900715508920006,ap-south-1,"[0.25, 0.21875, 0.1875, 0.15625, 0.1875]",GCP 511,n2-standard-8,0.5858318134033652
2024-12-05T15:09:47.612621,1.9174654012508097,ap-southeast-1,"[0.17391304347826086, 0.21739130434782608, 0.21739130434782608, 0.21739130434782608, 0.17391304347826086]",Azure v44 497,ND6s,0.6043247700525151
2026-06-01T15:17:48.209869,1.1498779407233626,asia-south1,"[0.1, 0.15, 0.2, 0.35, 0.2]",Azure v49 875,ND6s,0.7159640396944013
2025-07-29T15:20:02.882342,0.9927106562837053,asia-south1,"[0.09090909090909091, 0.13636363636363635, 0.18181818181818182, 0.3181818181818182, 0.272727",Azure 255,ND6s,0.7279239981793307
2025-01-14T15:23:50.210423,0.2058033277378692,ap-southeast-1,"[0.25806451612903225, 0.1935483870967742, 0.25806451612903225, 0.16129032258064516, 0.12903225806451613]",GCP 462,n2-standard-8,0.6208840895108476
2026-02-13T15:35:29.814000,0.3554911269125662,eu-west-1 v49,"[0.25, 0.21875, 0.1875, 0.15625, 0.1875]",GCP 359,n2-highmem-8,0.6483487598284213
2025-12-08T19:05:44.493141,0.1911925104877453,ap-south-1,"[0.25, 0.21875, 0.1875, 0.15625, 0.1875]",GCP 463,n2-standard-8,0.6328328316209519
2026-09-10T19:11:52.926777,0.2010148656178214,ap-south-1 v18,"[0.2962962962962963, 0.3333333333333333, 0.07407407407407407, 0.14814814814814814, 0.14814814814814814]",GCP v30 408,n2-standard-8,0.6182281129227797
2026-08-08T19:16:42.619963,0.2261731424924866,ap-southeast-1,"[0.16129032258064516, 0.22580645161290322, 0.1935483870967742, 0.22580645161290322, 0.1935483870967742]",GCP 879,n2-highmem-8,0.6739860049759161
2026-07-15T19:22:12.820000,0.2083415639773096,ap-south-1,"[0.25, 0.21875, 0.1875, 0.15625, 0.1875] v14",GCP 343,n2-standard-8,0.6085683100218564
2026-07-25T19:23:55.585998,0.2071762782934971,ap-south-1,"[0.14285714285714285, 0.2857142857142857, 0.17857142857142858, 0.21428571428571427, 0.17857142857142858]",GCP 297,n2-standard-8,0.7437503461006909
2026-07-29T19:26:01.495000,0.1928412321888612,ap-south-1,"[0.1111111111111111, 0.25925925925925924, 0.2222222222222222, 0.18518518518518517, 0.2222222222222222]",GCP 16,n2-standard-8 v36,0.8417612505563558
2025-08-23T19:28:00.895966,0.1298451993834445,ap-south-1,"[0.0967741935483871, 0.22580645161290322, 0.1935483870967742, 0.22580645161290322, 0.25806451612903225]",Azure 287,E4s_v3,0.8780690314153583
2025-01-20T19:33:03.604998,0.1997519687609912,ap-south-1,"[0.25806451612903225, 0.22580645161290322, 0.1935483870967742, 0.16129032258064516, 0.16129032258064516]",GCP 980,n2-standard-8,0.6184660042415119
2026-05-17T19:45:16.666229,0.1729239007515665,asia-south1,"[0.24242424242424243, 0.12121212121212122, 0.18181818181818182, 0.15151515151515152, 0.30303030303030304]",AZURE 643,E4s_v3 v40,0.600135819823821
2026-01-22T20:03:54.476000,0.2024525205472384,asia-south1,"[0.25, 0.21875, 0.1875, 0.15625, 0.1875]",GCP 964,N2-STANDARD-8,0.6230329219929567
2025-09-13T20:04:16.666222,0.2048303450465398,asia-south1,"[0.25, 0.21875, 0.1875, 0.15625, 0.1875]",GCP 488,n2-standard-8,0.6197601965210905
2025-12-25T15:08:22.707315,0.1976616056266637,ap-south-1,"[0.25, 0.21875, 0.1875, 0.15625, 0.1875]",GCP 441,n2-standard-8,0.6032498655564216
2025-11-27T15:09:47.612621 v28_5756,1.8647218181337115,ap-southeast-1,"[0.17391304347826086, 0.21739130434782608, 0.21739130434782608, 0.21739130434782608, 0.17391304347826086]",AZURE 917,ND6s,0.5827009539151274
2026-10-08T15:17:48.209869,1.0851527834442714,asia-south1,"[0.1, 0.15, 0.2, 0.35, 0.2]",Azure 895,ND6s,0.7532563431810331
2026-05-06T15:20:02.882342,0.9964784205937508,asia-south1,"[0.09090909090909091, 0.13636363636363635, 0.18181818181818182, 0.3181818181818182, 0.2727272727272727]",Azure v3 194,ND6s v43,0.7234938197278552
2025-12-27T15:23:50.210423,0.2002613884572688,ap-southeast-1,"[0.25806451612903225, 0.1935483870967742, 0.25806451612903225, 0.16129032258064516, 0.12903225806451613]",GCP 770,n2-standard-8,0.6453657731577033
2026-10-10T15:35:29.814076,0.3498117800136881,eu-west-1,"[0.25, 0.21875, 0.1875, 0.15625, 0.1875] v10",GCP 533,n2-highmem-8,0.6147965728539511
2025-06-27T19:05:44.493141,0.1903849792769779,ap-south-1,"[0.25, 0.21875, 0.1875, 0.15625, 0.1875]",GCP v48 700,n2-standard-8,0.5909812759858102
2025-07-15T19:11:52.926777,0.201382139607256,AP-SOUTH-1,"[0.2962962962962963, 0.3333333333333333, 0.07407407407407407, 0.14814814814814814, 0.14814814814814814]",GCP 201,n2-standard-8,0.595765966212453
2025-07-10T19:16:42.619963,0.2371148850609901,ap-southeast-1,"[0.16129032258064516, 0.22580645161290322, 0.1935483870967742, 0.22580645161290322, 0.1935483870967742] v21",GCP 586,n2-highmem-8,0.7098425000359407
2025-04-27T19:22:12.820769,0.1966607847072679,ap-south-1,"[0.25, 0.21875, 0.1875, 0.15625, 0.1875]",GCP 224,n2-standard-8,0.607519775740632
2026-10-24T19:23:55.585998,0.1957359145837708,ap-south-1,"[0.14285714285714285, 0.2857142857142857, 0.17857142857142858, 0.21428571428571427, 0.17857142857142858]",GCP 504,n2-standard-8,0.8088580179324566
2025-11-12T19:26:01.495517,0.1979880331748227,ap-south-1,"[0.1111111111111111, 0.25925925925925924, 0.2222222222222222, 0.18518518518518517, 0.2222222222222222]",GCP 722,n2-standard-8,0.8207219632866711
2025-01-05T19:28:00.895966,0.1270005155159675,ap-south-1 v22,"[0.0967741935483871, 0.22580645161290322, 0.1935483870967742, 0.22580645161290322, 0.25806451612903225]",Azure 303,E4S_V3,0.8035071492838599
2026-08-09T19:33:03.604000,0.2072998794605907,ap-south-1,"[0.25806451612903225, 0.22580645161290322, 0.1935483870967742, 0.16129032258064516, 0.16129032258064516] v39",GCP 193,n2-standard-8,0.6311610045383944
2025-11-27T19:45:16.666229 v4_5143,0.1878837815782709,asia-south1,"[0.24242424242424243, 0.12121212121212122, 0.18181818181818182, 0.15151515151515152, 0.3030303",Azure 719,E4s_v3 v36,0.6051614381717352
2026-05-30T20:03:54.476536,0.2028550382791909,asia-south1,"[0.25, 0.21875, 0.1875, 0.15625, 0.1875]",GCP 931,n2-standard-8 v6,0.5944764090125759
2025-01-03T20:04:16.666222,0.2020205175497738,asia-south1,"[0.25, 0.21875, 0.1875, 0.15625, 0.1875]",GCP 733,n2-standard-8,0.6030655068868092
2026-08-14T15:08:22.707315,0.1964721893886814,ap-south-1,"[0.25, 0.21875, 0.1875, 0.15625, 0.1875]",GCP 772,n2-standard-8,0.634440677339511
2025-10-28T15:09:47.612621,1.953830799639682,ap-southeast-1,"[0.17391304347826086, 0.21739130434782608, 0.21739130434782608, 0.21739130434782608, 0.17391304347826086]",Azure v36 153,ND6s,0.5993081687345796
2025-12-07T15:17:48.209000,1.1187389003627988,asia-south1,"[0.1, 0.15, 0.2, 0.35, 0.2]",Azure 920,ND6s v29,0.7535037012624604
2025-11-27T15:20:02.882342 v39_1936,0.9932967546999062,asia-south1,"[0.09090909090909091, 0.13636363636363635, 0.18181818181818182, 0.3181818181818182, 0.2727272727272727]",Azure 634,ND6s,0.6982010602208871
2025-11-15T15:23:50.210423,0.2051912366782781,ap-southeast-1,"[0.25806451612903225, 0.1935483870967742, 0.25806451612903225, 0.16129032258064516, 0.12903225806451613]",GCP 312,n2-standard-8,0.6478040200043973
2025-11-27T15:35:29.814076 v8_3023,0.3320153118099808,eu-west-1,"[0.25, 0.21875, 0.1875, 0.15625, 0.1875]",GCP 537,n2-highmem-8,0.6148717404742745
2025-03-15T19:05:44.493141,0.1900204459918889,ap-south-1,"[0.25, 0.21875, 0.1875, 0.15625, 0.1875]",GCP 423,n2-standard-8,0.619806438906684
2026-04-04T19:11:52.926777,0.2080580202232674,ap-south-1,"[0.2962962962962963, 0.3333333333333333, 0.07407407407407407, 0.14814814814814814, 0.1481481",GCP 333,n2-standard-8,0.6305135014061007
2026-09-06T19:16:42.619963,0.2218316150271696,ap-southeast-1 v38,"[0.16129032258064516, 0.22580645161290322, 0.1935483870967742, 0.22580645161290322, 0.1935483870967742]",GCP 191,n2-highmem-8,0.6727351104967316
2025-05-12T19:22:12.820769,0.2001011560054082,ap-south-1,"[0.25, 0.21875, 0.1875, 0.15625, 0.1875]",GCP v14 168,n2-standard-8 v37,0.6427480247721482
2025-11-27T19:23:55.585998 v3_8723,0.1973776504311178,ap-south-1 v47,"[0.14285714285714285, 0.2857142857142857, 0.17857142857142858, 0.21428571428571427, 0.1785714",GCP 290,n2-standard-8,0.7478122963454049
2025-09-24T19:26:01.495517,0.198720831658259,ap-south-1,"[0.1111111111111111, 0.25925925925925924, 0.2222222222222222, 0.18518518518518517, 0.222222",GCP 696,n2-standard-8,0.8189533113386831
2025-05-01T19:28:00.895966,0.1323743834698106,ap-south-1,"[0.0967741935483871, 0.22580645161290322, 0.1935483870967742, 0.22580645161290322, 0.25806451612903225]",Azure 787,E4s_v3 v26,0.8247846097959287
2025-04-22T19:33:03.604998,0.199744991206909,ap-south-1,"[0.25806451612903225, 0.22580645161290322, 0.1935483870967742, 0.16129032258064516, 0.16129032258064516]",GCP 481,n2-standard-8,0.6047880042285382
2025-02-03T19:45:16.666229,0.1835040911327452,asia-south1,"[0.24242424242424243, 0.12121212121212122, 0.18181818181818182, 0.15151515151515152, 0.30303030303030304]",Azure 606,E4s_v3 v29,0.5967861829822292
2026-10-09T20:03:54.476536,0.2021305173410106,asia-south1,"[0.25, 0.21875, 0.1875, 0.15625, 0.1875]",GCP 204,n2-standard-8,0.5893412441799217
2025-09-20T20:04:16.666222,0.2025523974796541,asia-south1,"[0.25, 0.21875, 0.1875, 0.15625, 0.1875]",GCP 51,n2-standard-8,0.6027261508767802
2025-11-18T15:08:22.707000,0.1901801132852895,ap-south-1,"[0.25, 0.21875, 0.1875, 0.15625, 0.1875]",GCP 3,n2-standard-8,0.5974256605795194
2026-03-29T15:09:47.612621,1.9111994157166745,ap-southeast-1,"[0.17391304347826086, 0.21739130434782608, 0.21739130434782608, 0.21739130434782608, 0.17391304347826086]",Azure v15 279,ND6s v34,0.5820415019243398
2026-06-18T15:17:48.209869,1.0488571443920598,asia-south1,"[0.1, 0.15, 0.2, 0.35, 0.2]",Azure 489,ND6S,0.6904719097102645
2026-06-16T15:20:02.882342,0.9818009704814308,asia-south1,"[0.09090909090909091, 0.13636363636363635, 0.18181818181818182, 0.3181818181818182, 0.2727272727272727]",Azure 885,ND6s v9,0.7190220698916631
2025-10-03T15:23:50.210423,0.2042606291275021,ap-southeast-1,"[0.25806451612903225, 0.1935483870967742, 0.25806451612903225, 0.16129032258064516, 0.12903225806451613]",GCP 793,n2-standard-8,0.6115448903377465
2025-05-12T15:35:29.814076,0.3419059493965097,eu-west-1,"[0.25, 0.21875, 0.1875, 0.15625, 0.1875] v45",GCP 225,n2-highmem-8,0.6266632232733477
2025-07-20T19:05:44.493141,0.1998825148228254,ap-south-1,"[0.25, 0.21875, 0.1875, 0.15625, 0.1",GCP 710,N2-STANDARD-8,0.6210397009631149
2025-11-27T19:11:52.926777 v28_6031,0.1944781240382696,ap-south-1,"[0.2962962962962963, 0.3333333333333333, 0.07407407407407407, 0.14814814814814814, 0.14814814814814814]",GCP 646,n2-standard-8,0.6382670840108596
2025-02-19T19:16:42.619963,0.2413189088411023,ap-southeast-1,"[0.16129032258064516, 0.22580645161290322, 0.1935483870967742, 0.22580645161290322, 0.1935483870967742]",GCP 832,n2-highmem-8,0.6776375806847009
2024-12-08T19:22:12.820769,0.2065328360742696,ap-south-1 v35,"[0.25, 0.21875, 0.1875, 0.15625, 0.1875]",GCP 603,n2-standard-8,0.6187246747906149
2025-09-16T19:23:55.585998,0.2078422403138216,ap-south-1 v21,"[0.14285714285714285, 0.2857142857142857, 0.17857142857142858, 0.21428571428571427, 0.17857142857142858]",GCP v38 360,n2-standard-8,0.7917948511637345
2026-02-13T19:26:01.495517,0.2090622217056386,ap-south-1,"[0.1111111111111111, 0.25925925925925924, 0.2222222222222222, 0.18518518518518517, 0.2222222222222222]",GCP 21,n2-standard-8 v29,0.8168264335391396
2026-01-21T19:28:00.895966,0.1277982284131739,ap-south-1,"[0.0967741935483871, 0.22580645161290322, 0.1935483870967742, 0.22580645161290322, 0.25806451612903225]",Azure 316,E4s_v3 v18,0.8473527059259344
2025-11-27T19:33:03.604998 v38_2433,0.2065060312468543,ap-south-1,"[0.25806451612903225, 0.22580645161290322, 0.1935483870967742, 0.16129032258064516, 0.16129032258064516] v48",GCP v49 314,n2-standard-8,0.6300610468836895
2024-12-19T19:45:16.666000,0.1783704733539979,asia-south1,"[0.24242424242424243, 0.12121212121212122, 0.18181818181818182, 0.15151515151515152, 0.30303030303030304]",Azure 905,E4s_v3,0.62919206652435
2025-11-27T20:03:54.476536,0.1959300314204788,asia-south1 v45,"[0.25, 0.21875, 0.1875, 0.15625, 0.1875]",GCP 372,n2-standard-8,0.6064164999652656
2026-01-23T20:04:16.666000,0.1993597073220788,asia-south1 v23,"[0.25, 0.21875, 0.1875, 0.15625, 0.1875]",GCP 356,n2-standard-8,0.6187757554504159
2025-07-07T15:08:22.707315,0.2001977989641122,ap-south-1,"[0.25, 0.21875, 0.1875, 0.15625, 0.1875]",GCP 864,n2-standard-8,0.5894082849431214
2026-01-15T15:09:47.612621,1.8587244641130831,ap-southeast-1,"[0.17391304347826086, 0.21739130434782608, 0.21739130434782608, 0.21739130434782608, 0.17391304347826086] v40",Azure 806,ND6s v35,0.5589831670148663
2025-12-24T15:17:48.209869,1.102326379605561,asia-south1,"[0.1, 0.15, 0.2, 0.35, 0.2]",Azure v41 703,ND6s,0.7388231509168309
2026-02-19T15:20:02.882000,0.9934071081815988,asia-south1,"[0.09090909090909091, 0.13636363636363635, 0.18181818181818182, 0.3181818181818182, 0.2727272727272727]",AZURE 474,ND6s v22,0.7305017012723495
2025-11-27T15:23:50.210423 v14_2862,0.1991970216180086,ap-southeast-1,"[0.25806451612903225, 0.1935483870967742, 0.25806451612903225, 0.16129032258064516, 0.12903225806451613]",GCP 555,n2-standard-8,0.6064446121032614
2025-06-12T15:35:29.814076,0.3562004143908296,eu-west-1 v46,"[0.25, 0.21875, 0.1875, 0.15625, 0.1875]",GCP 84,n2-highmem-8,0.6527353881925614
2025-11-27T19:05:44.493141 v31_3124,0.1981967695621919,ap-south-1,"[0.25, 0.21875, 0.1875, 0.15625, 0.1875]",GCP 45,n2-standard-8,0.6437771384273498
2026-05-30T19:11:52.926777,0.1995432009282316,ap-south-1,"[0.2962962962962963, 0.3333333333333333, 0.07407407407407407, 0.14814814814814814, 0.14814814814814814]",GCP 867,n2-standard-8,0.5905732508802778
2026-06-29T19:16:42.619963,0.2369615436881046,ap-southeast-1,"[0.16129032258064516, 0.22580645161290322, 0.1935483870967742, 0.22580645161290322, 0.193548",GCP v39 179,n2-highmem-8,0.7053560993465507
2025-06-15T19:22:12.820769,0.2018737523867404,ap-south-1,"[0.25, 0.21875, 0.1875, 0.15625, 0.1875]",GCP 902,n2-standard-8,0.622226413001876
2025-08-11T19:23:55.585998,0.1903574706167263,ap-south-1,"[0.14285714285714285, 0.2857142857142857, 0.17857142857142858, 0.21428571428571427, 0.17857142857142858]",GCP 570,n2-standard-8 v22,0.7762920606919594
2026-04-08T19:26:01.495517,0.1994783952182238,ap-south-1,"[0.1111111111111111, 0.25925925925925924, 0.2222222222222222, 0.18518518518518517, 0.2222222222222222]",GCP 905,n2-standard-8,0.7842114379878663
2025-01-08T19:28:00.895966,0.1320969515097291,ap-south-1 v13,"[0.0967741935483871, 0.22580645161290322, 0.1935483870967742, 0.22580645161290322, 0.25806451612903225] v15",AZURE 893,E4s_v3,0.8777289866361161
2026-01-13T19:33:03.604998,0.2092572466837148,ap-south-1,"[0.25806451612903225, 0.22580645161290322, 0.1935483870967742, 0.16129032258064516, 0.16129032258064516]",GCP v47 943,n2-standard-8,0.6017754216830757
2026-08-01T19:45:16.666229,0.1845337723986454,asia-south1,"[0.24242424242424243, 0.12121212121212122, 0.18181818181818182, 0.15151515151515152, 0.30303030303030304]",Azure 37,E4s_v3,0.580255421136871
2025-12-03T20:03:54.476536,0.1977909832896304,asia-south1,"[0.25, 0.21875, 0.1875, 0.15625, 0.1875]",GCP 832,n2-standard-8 v24,0.595996386018251
2025-02-12T20:04:16.666222,0.2086627173681243,asia-south1,"[0.25, 0.21875, 0.1875, 0.15625, 0.1875]",GCP 167,n2-standard-8,0.6135098834816902
2025-08-24T15:08:22.707315,0.1921956590734081,AP-SOUTH-1,"[0.25, 0.21875, 0.1875, 0.15625, 0.1875]",GCP 263,n2-standard-8 v24,0.6383753889243833
2026-11-22T15:09:47.612621,1.9190309580291576,ap-southeast-1,"[0.17391304347826086, 0.21739130434782608, 0.21739130434782608, 0.21739130434782608, 0.17391304347826086]",Azure 886,ND6s,0.596349680900738
2026-01-31T15:17:48.209869,1.0679159641546052,asia-south1,"[0.1, 0.15, 0.2, 0.35, 0.2]",Azure 768,ND6s v18,0.7297011661034661
2025-08-11T15:20:02.882342,0.990515767201695,asia-south1,"[0.09090909090909091, 0.13636363636363635, 0.18181818181818182, 0.3181818181818182, 0.2727272727272727]",Azure 896,ND6s,0.7098012947646927
2025-09-09T15:23:50.210423,0.2069513809620499,ap-southeast-1,"[0.25806451612903225, 0.1935483870967742, 0.25806451612903225, 0.16129032258064516, 0.12903225806451613] v41",GCP 169,n2-standard-8,0.6527545941977975
2025-07-05T15:35:29.814076,0.348997036956463,eu-west-1,"[0.25, 0.21875, 0.1875, 0.15625, 0.1",GCP 513,n2-highmem-8,0.6093562657830702
2024-12-24T19:05:44.493141,0.199503954389139,ap-south-1,"[0.25, 0.21875, 0.1875, 0.15625, 0.1875]",GCP 854,n2-standard-8,0.6409737093728505
2026-09-16T19:11:52.926777,0.1914831821154806,ap-south-1,"[0.2962962962962963, 0.3333333333333333, 0.07407407407407407, 0.14814814814814814, 0.14814814814814814]",GCP 857,n2-standard-8,0.6352225792825819
2025-05-12T19:16:42.619963,0.2413295671464784,ap-southeast-1,"[0.16129032258064516, 0.22580645161290322, 0.1935483870967742, 0.22580645161290322, 0.1935483870967742]",GCP 635,n2-highmem-8,0.7193136005949793
2025-11-18T19:22:12.820769,0.1963720874256531,ap-south-1,"[0.25, 0.21875, 0.1875, 0.15625, 0.1875]",GCP 111,n2-standard-8,0.637882815725694
2025-07-18T19:23:55.585998,0.2086911614508656,ap-south-1,"[0.14285714285714285, 0.2857142857142857, 0.17857142857142858, 0.21428571428571427, 0.17857142857142858]",GCP 24,n2-standard-8,0.7673590059816974
2025-11-07T19:26:01.495517,0.1989222861425037,ap-south-1,"[0.1111111111111111, 0.25925925925925924, 0.2222222222222222, 0.18518518518518517, 0.2222222222222222]",GCP 378,n2-standard-8,0.8142345445682356
2025-11-27T19:28:00.895966 v10_4041,0.1329931741615132,ap-south-1,"[0.0967741935483871, 0.22580645161290322, 0.1935483870967742, 0.22580645161290322, 0.25806451612903225] v14",Azure 583,E4s_v3 v2,0.8599387165016141
2024-12-05T19:33:03.604000,0.1900677569596528,ap-south-1,"[0.25806451612903225, 0.22580645161290322, 0.1935483870967742, 0.16129032258064516, 0.16129032258064516]",GCP 598,n2-standard-8,0.5980287568474938
2024-12-23T19:45:16.666229,0.1727855015420318,asia-south1,"[0.24242424242424243, 0.12121212121212122, 0.18181818181818182, 0.15151515151515152, 0.30303030303030304]",Azure 984,E4s_v3,0.626532460244165
2026-06-04T20:03:54.476536,0.1940918722858355,asia-south1,"[0.25, 0.21875, 0.1875, 0.15625, 0.1875]",GCP 775,n2-standard-8,0.5941141462622134
2026-09-04T20:04:16.666000,0.1987424854748002,asia-south1,"[0.25, 0.21875, 0.1875, 0.15625, 0.1",GCP v20 454,n2-standard-8 v44,0.594524807886364
2026-03-06T15:08:22.707315,0.1995185339472992,ap-south-1,"[0.25, 0.21875, 0.1875, 0.15625, 0.1875] v13",GCP v39 880,n2-standard-8,0.5917547955621615
2026-09-15T15:09:47.612621,1.851793148840044,ap-southeast-1,"[0.17391304347826086, 0.21739130434782608, 0.21739130434782608, 0.21739130434782608, 0.17391304347826086] v8",AZURE 728,ND6s,0.5521085485960753
2025-11-08T15:17:48.209869,1.071763212078127,asia-south1,"[0.1, 0.15, 0.2, 0.35, 0.2] v42",Azure 526,ND6s,0.6970617258930594
2026-01-12T15:20:02.882342,1.0311106040200169,asia-south1,"[0.09090909090909091, 0.13636363636363635, 0.18181818181818182, 0.3181818181818182, 0.2727272727272727]",Azure 878,ND6s,0.7513676674983351
2025-12-18T15:23:50.210423,0.1974142131407557,ap-southeast-1,"[0.25806451612903225, 0.1935483870967742, 0.25806451612903225, 0.16129032258064516, 0.12903225806451613]",GCP v26 769,n2-standard-8,0.5958308579877679
2025-11-27T15:35:29.814076 v17_5189,0.3563895171747371,eu-west-1,"[0.25, 0.21875, 0.1875, 0.15625, 0.1875]",GCP 659,n2-highmem-8,0.6048398301537182
2025-11-27T19:05:44.493141 v39_1512,0.1965264051464318,ap-south-1,"[0.25, 0.21875, 0.1875, 0.15625, 0.1875]",GCP 431,n2-standard-8,0.6276399281703042
2025-12-01T19:11:52.926000,0.1963349436651487,ap-south-1,"[0.2962962962962963, 0.3333333333333333, 0.07407407407407407, 0.14814814814814814, 0.1481481",GCP 178,n2-standard-8,0.6265604928913211
2025-02-16T19:16:42.619963,0.2391513176885831,ap-southeast-1,"[0.16129032258064516, 0.22580645161290322, 0.1935483870967742, 0.22580645161290322, 0.1935483870967742]",GCP 846,n2-highmem-8 v14,0.6962591662774785
2025-08-29T19:22:12.820769,0.1965815483378006,ap-south-1,"[0.25, 0.21875, 0.1875, 0.15625, 0.1875]",GCP 74,n2-standard-8,0.5887975762199958
2026-02-14T19:23:55.585998,0.1953568984111783,ap-south-1,"[0.14285714285714285, 0.2857142857142857, 0.17857142857142858, 0.21428571428571427, 0.17857142857142858]",GCP 988,n2-standard-8,0.7997419676984244
2025-09-11T19:26:01.495000,0.2046270794355475,ap-south-1,"[0.1111111111111111, 0.25925925925925924, 0.2222222222222222, 0.18518518518518517, 0.222222",GCP 964,n2-standard-8,0.8109687361106316
2025-11-27T19:28:00.895966 v7_5931,0.1282339866483597,ap-south-1,"[0.0967741935483871, 0.22580645161290322, 0.1935483870967742, 0.22580645161290322, 0.25806451612903225]",Azure 370,E4s_v3,0.8717486149387403
2026-09-08T19:33:03.604998,0.1972840444529903,ap-south-1,"[0.25806451612903225, 0.22580645161290322, 0.1935483870967742, 0.16129032258064516, 0.1612903",GCP 564,n2-standard-8,0.5958589643377671
2025-11-01T19:45:16.666229,0.1750455006871924,asia-south1,"[0.24242424242424243, 0.12121212121212122, 0.18181818181818182, 0.15151515151515152, 0.30303030303030304] v37",Azure v13 865,E4s_v3,0.5817804681456499
2025-11-27T20:03:54.476536 v42_1128,0.2050424567649725,asia-south1,"[0.25, 0.21875, 0.1875, 0.15625, 0.1875]",GCP 339,n2-standard-8,0.5878315901109323
2025-04-24T20:04:16.666222,0.1903691445107989,asia-south1,"[0.25, 0.21875, 0.1875, 0.15625, 0.1875]",GCP v39 761,n2-standard-8,0.5936963470916856
2025-07-28T15:08:22.707000,0.1952298580745524,ap-south-1 v42,"[0.25, 0.21875, 0.1875, 0.15625, 0.1875]",GCP 669,n2-standard-8,0.6201753455400588
2026-02-06T15:09:47.612621,1.8493406580919047,ap-southeast-1,"[0.17391304347826086, 0.21739130434782608, 0.21739130434782608, 0.21739130434782608, 0.17391304347826086]",Azure 893,ND6s,0.5914069359073453
2025-08-26T15:17:48.209869,1.1275576378766432,asia-south1,"[0.1, 0.15, 0.2, 0.35, 0.2]",Azure 430,ND6s,0.7123238721730017
2025-03-10T15:20:02.882342,0.9547865598906116,asia-south1,"[0.09090909090909091, 0.13636363636363635, 0.18181818181818182, 0.3181818181818182, 0.2727272727272727]",Azure 192,ND6s,0.7172937643564995
2025-02-15T15:23:50.210423,0.1945374103266298,AP-SOUTHEAST-1,"[0.25806451612903225, 0.1935483870967742, 0.25806451612903225, 0.16129032258064516, 0.12903225806451613]",GCP v19 705,n2-standard-8,0.6107323702413496
2026-08-30T15:35:29.814000,0.3269983869643559,eu-west-1,"[0.25, 0.21875, 0.1875, 0.15625, 0.1875]",GCP 571,n2-highmem-8,0.6585443253137813
2025-06-18T19:05:44.493141,0.2099927125085088,ap-south-1 v48,"[0.25, 0.21875, 0.1875, 0.15625, 0.1875]",GCP v5 611,n2-standard-8,0.6095899415706271
2025-11-27T19:11:52.926777 v30_5652,0.1954000408956116,ap-south-1,"[0.2962962962962963, 0.3333333333333333, 0.07407407407407407, 0.14814814814814814, 0.14814814814814814] v15",GCP 845,n2-standard-8 v15,0.6300205596242622
2025-11-27T19:16:42.619963 v44_6557,0.2231567534682022,ap-southeast-1,"[0.16129032258064516, 0.22580645161290322, 0.1935483870967742, 0.22580645161290322, 0.193548",GCP 643,n2-highmem-8,0.7390747400576155
2026-03-11T19:22:12.820769,0.1963509131531067,ap-south-1,"[0.25, 0.21875, 0.1875, 0.15625, 0.1875]",GCP 810,n2-standard-8,0.6051133512758412
2025-01-24T19:23:55.585998,0.2026518653660999,ap-south-1,"[0.14285714285714285, 0.2857142857142857, 0.17857142857142858, 0.21428571428571427, 0.17857142857142858]",GCP 21,n2-standard-8,0.7519184098665881
2025-10-21T19:26:01.495517,0.2072557709134278,ap-south-1,"[0.1111111111111111, 0.25925925925925924, 0.2222222222222222, 0.18518518518518517, 0.2222222222222222]",GCP 573,n2-standard-8,0.8097256337418722
2025-03-12T19:28:00.895000,0.1283991277787933,ap-south-1,"[0.0967741935483871, 0.22580645161290322, 0.1935483870967742, 0.22580645161290322, 0.25806451612903225] v40",Azure 833,E4S_V3,0.8109787068321063
2025-11-27T19:33:03.604998 v39_7130,0.1903711667304705,ap-south-1,"[0.25806451612903225, 0.22580645161290322, 0.1935483870967742, 0.16129032258064516, 0.1612903",GCP 949,n2-standard-8,0.6258838913614476
2026-10-06T19:45:16.666229,0.1860703199912782,asia-south1 v48,"[0.24242424242424243, 0.12121212121212122, 0.18181818181818182, 0.15151515151515152, 0.30303030303030304]",Azure 247,E4s_v3 v11,0.6285462501199942
2026-08-08T20:03:54.476536,0.1917713634765016,asia-south1,"[0.25, 0.21875, 0.1875, 0.15625, 0.1875]",GCP 336,n2-standard-8,0.6008499438765488
2026-09-02T20:04:16.666222,0.2055278273730545,asia-south1,"[0.25, 0.21875, 0.1875, 0.15625, 0.1875]",GCP 907,n2-standard-8,0.6195453190230019
2026-02-08T15:08:22.707315,0.2051501964563701,ap-south-1,"[0.25, 0.21875, 0.1875, 0.15625, 0.1875]",GCP v35 715,n2-standard-8 v35,0.6341063746450372
2025-03-23T15:09:47.612621,1.91560140694797,ap-southeast-1,"[0.17391304347826086, 0.21739130434782608, 0.21739130434782608, 0.21739130434782608, 0.17391304347826086]",AZURE 968,ND6s,0.5569940947140464
2026-04-26T15:17:48.209869,1.124422325769604,asia-south1,"[0.1, 0.15, 0.2, 0.35, 0.2]",Azure 530,ND6s,0.7360255036882404
2026-09-06T15:20:02.882342,0.9907991483469596,asia-south1,"[0.09090909090909091, 0.13636363636363635, 0.18181818181818182, 0.3181818181818182, 0.2727272727272727]",Azure 592,ND6s,0.6954949296576273
2025-05-14T15:23:50.210423,0.2031034428635584,ap-southeast-1,"[0.25806451612903225, 0.1935483870967742, 0.25806451612903225, 0.16129032258064516, 0.12903225806451613]",GCP 59,n2-standard-8,0.6261679684460403
2025-11-27T15:35:29.814076 v45_2563,0.3519624514998438,eu-west-1,"[0.25, 0.21875, 0.1875, 0.15625, 0.1875]",GCP 805,n2-highmem-8 v19,0.6132034890515208
2025-08-18T19:05:44.493141,0.1951085656209218,ap-south-1,"[0.25, 0.21875, 0.1875, 0.15625, 0.1875]",GCP 751,n2-standard-8 v46,0.6318632851116066
2026-05-07T19:11:52.926777,0.2013389171495931,ap-south-1,"[0.2962962962962963, 0.3333333333333333, 0.07407407407407407, 0.14814814814814814, 0.14814814814814814]",GCP 436,n2-standard-8,0.605070911197221
2026-08-22T19:16:42.619963,0.2193837898496983,ap-southeast-1,"[0.16129032258064516, 0.22580645161290322, 0.1935483870967742, 0.22580645161290322, 0.1935483870967742]",GCP 241,n2-highmem-8 v40,0.7046137578395648
2026-07-11T19:22:12.820769,0.1958315353915153,AP-SOUTH-1,"[0.25, 0.21875, 0.1875, 0.15625, 0.1875]",GCP 775,n2-standard-8,0.5908804786934273
2025-11-27T19:23:55.585998 v7_5902,0.2077818479649792,ap-south-1,"[0.14285714285714285, 0.2857142857142857, 0.17857142857142858, 0.21428571428571427, 0.17857142857142858]",GCP 287,n2-standard-8,0.8064303479856716
2025-08-14T19:26:01.495517,0.2000193860371774,ap-south-1,"[0.1111111111111111, 0.25925925925925924, 0.2222222222222222, 0.18518518518518517, 0.2222222222222222] v41",GCP v14 704,n2-standard-8,0.8191726311507302
2025-01-01T19:28:00.895966,0.1272324184420583,ap-south-1,"[0.0967741935483871, 0.22580645161290322, 0.1935483870967742, 0.22580645161290322, 0.25806451612903225]",Azure 79,E4s_v3,0.8087842172005905
2026-05-09T19:33:03.604998,0.2011353743979498,ap-south-1,"[0.25806451612903225, 0.22580645161290322, 0.1935483870967742, 0.16129032258064516, 0.16129032258064516] v22",GCP 204,n2-standard-8,0.6412455476542879
2026-04-21T19:45:16.666229,0.1729466269620695,asia-south1 v17,"[0.24242424242424243, 0.12121212121212122, 0.18181818181818182, 0.15151515151515152, 0.30303030303030304]",Azure 210,E4s_v3,0.5978545465208782
2025-02-12T20:03:54.476536,0.1907736991651438,asia-south1,"[0.25, 0.21875, 0.1875, 0.15625, 0.1",GCP 568,n2-standard-8,0.6292151739740317
2025-04-10T20:04:16.666222,0.1973724130499657,asia-south1,"[0.25, 0.21875, 0.1875, 0.15625, 0.1875]",GCP v18 844,n2-standard-8,0.6211555662938086
2025-02-17T15:08:22.707315,0.204886736856434,ap-south-1,"[0.25, 0.21875, 0.1875, 0.15625, 0.1875]",GCP v5 621,n2-standard-8,0.6016377273006713
2025-11-27T15:09:47.612621 v44_6643,1.8720643020119057,ap-southeast-1,"[0.17391304347826086, 0.21739130434782608, 0.21739130434782608, 0.21739130434782608, 0.17391304347826086]",Azure v14 18,ND6s,0.6017721521946392
2025-11-27T15:17:48.209869 v29_6115,1.1061424536451856,asia-south1,"[0.1, 0.15, 0.2, 0.35, 0.2] v38",Azure 172,ND6s,0.7312279014955168
2025-01-31T15:20:02.882342,1.0255917914625146,asia-south1,"[0.09090909090909091, 0.13636363636363635, 0.18181818181818182, 0.3181818181818182, 0.2727272727272727]",Azure 141,ND6s,0.7344501685059317
2025-07-30T15:23:50.210423,0.1915978737558272,ap-southeast-1 v45,"[0.25806451612903225, 0.1935483870967742, 0.25806451612903225, 0.16129032258064516, 0.12903225806451613]",GCP v30 856,n2-standard-8 v34,0.646644581406165
2025-10-22T15:35:29.814076,0.3438151081507454,eu-west-1,"[0.25, 0.21875, 0.1875, 0.15625, 0.1875] v33",GCP 512,n2-highmem-8,0.617855343861514
2025-11-27T19:05:44.493141 v18_7896,0.1925570763581739,AP-SOUTH-1,"[0.25, 0.21875, 0.1875, 0.15625, 0.1875]",GCP 79,n2-standard-8,0.6021468118177185
2025-08-13T19:11:52.926777,0.2017751892713002,ap-south-1 v23,"[0.2962962962962963, 0.3333333333333333, 0.07407407407407407, 0.14814814814814814, 0.14814814814814814]",GCP 486,n2-standard-8,0.6291533701577007
2025-11-21T19:16:42.619963,0.2253993998875542,ap-southeast-1,"[0.16129032258064516, 0.22580645161290322, 0.1935483870967742, 0.22580645161290322, 0.1935483870967742]",GCP v41 117,n2-highmem-8,0.7047862002165404
2025-10-23T19:22:12.820769,0.2068433206012276,ap-south-1,"[0.25, 0.21875, 0.1875, 0.15625, 0.1875]",GCP 525,n2-standard-8,0.5970899300927254
2025-11-27T19:23:55.585998 v14_7283,0.2061379869583938,ap-south-1,"[0.14285714285714285, 0.2857142857142857, 0.17857142857142858, 0.21428571428571427, 0.17857142857142858]",GCP 940,n2-standard-8,0.7566820524848561
2025-11-27T19:26:01.495517 v44_1074,0.1921277681082815,ap-south-1,"[0.1111111111111111, 0.25925925925925924, 0.2222222222222222, 0.18518518518518517, 0.2222222222222222]",GCP 940,n2-standard-8,0.8086001888385916
2026-09-27T19:28:00.895966,0.127073808387269,ap-south-1,"[0.0967741935483871, 0.22580645161290322, 0.1935483870967742, 0.22580645161290322, 0.25806451612903225]",Azure 30,E4s_v3,0.8603327798199134
2025-05-22T19:33:03.604998,0.1964964821949711,ap-south-1 v44,"[0.25806451612903225, 0.22580645161290322, 0.1935483870967742, 0.16129032258064516, 0.16129032258064516]",GCP 370,n2-standard-8 v48,0.6290099700801266
2025-07-11T19:45:16.666229,0.1860205273823273,asia-south1,"[0.24242424242424243, 0.12121212121212122, 0.18181818181818182, 0.15151515151515152, 0.30303030303030304]",Azure v42 371,E4s_v3,0.6202799404868838
2025-11-27T20:03:54.476536 v36_2472,0.207272460018399,asia-south1,"[0.25, 0.21875, 0.1875, 0.15625, 0.1875]",GCP 315,n2-standard-8,0.605774373992696
2025-08-11T20:04:16.666222,0.1984168677677333,asia-south1,"[0.25, 0.21875, 0.1875, 0.15625, 0.1875]",GCP 853,N2-STANDARD-8,0.6424549560342553
2026-01-16T15:08:22.707000,0.2018286031779802,ap-south-1,"[0.25, 0.21875, 0.1875, 0.15625, 0.1875]",GCP 557,n2-standard-8 v48,0.5845594318181551
2026-07-18T15:09:47.612621,1.913117602369856,ap-southeast-1,"[0.17391304347826086, 0.21739130434782608, 0.21739130434782608, 0.21739130434782608, 0.17391304347826086]",Azure v46 370,ND6s,0.5666774306482142
2026-04-17T15:17:48.209869,1.1452950610022576,asia-south1 v2,"[0.1, 0.15, 0.2, 0.35, 0",Azure 419,ND6s,0.7370165040087202
2026-05-23T15:20:02.882342,1.040587642209621,asia-south1,"[0.09090909090909091, 0.13636363636363635, 0.18181818181818182, 0.3181818181818182, 0.2727272727272727]",Azure 348,ND6S,0.75883661220904
2025-06-26T15:23:50.210423,0.195211119319729,ap-southeast-1,"[0.25806451612903225, 0.1935483870967742, 0.25806451612903225, 0.16129032258064516, 0.12903225806451613]",GCP 92,n2-standard-8,0.6286528388898593
2026-11-05T15:35:29.814076,0.324109223527817,eu-west-1,"[0.25, 0.21875, 0.1875, 0.15625, 0.1875]",GCP 970,n2-highmem-8 v19,0.6528995850614985
2025-11-27T19:05:44.493141 v42_530,0.2011413186536783,ap-south-1,"[0.25, 0.21875, 0.1875, 0.15625, 0.1875]",GCP 845,n2-standard-8,0.6353181453909867
2025-11-27T19:11:52.926777 v5_9790,0.199707447424091,ap-south-1,"[0.2962962962962963, 0.3333333333333333, 0.07407407407407407, 0.14814814814814814, 0.14814814814814814]",GCP 478,n2-standard-8,0.6023626290772596
2025-10-22T19:16:42.619963,0.2223151922672383,ap-southeast-1,"[0.16129032258064516, 0.22580645161290322, 0.1935483870967742, 0.22580645161290322, 0.1935483870967742] v38",GCP 470,n2-highmem-8,0.717766118003562
2026-01-20T19:22:12.820769,0.1978143488450925,ap-south-1,"[0.25, 0.21875, 0.1875, 0.15625, 0.1875]",GCP v22 608,n2-standard-8,0.6082312284234996
2025-10-26T19:23:55.585998,0.1900533633601857,ap-south-1,"[0.14285714285714285, 0.2857142857142857, 0.17857142857142858, 0.21428571428571427, 0.17857142857142858]",GCP v46 954,n2-standard-8,0.8022584517536809
2026-06-22T19:26:01.495517,0.1950561782259663,ap-south-1,"[0.1111111111111111, 0.25925925925925924, 0.2222222222222222, 0.18518518518518517, 0.2222222222222222] v9",GCP 250,n2-standard-8,0.8139353334812144
2025-08-13T19:28:00.895966,0.1273985146207253,ap-south-1,"[0.0967741935483871, 0.22580645161290322, 0.1935483870967742, 0.22580645161290322, 0.2580645",Azure 799,E4s_v3,0.8179797864513353
2026-08-15T19:33:03.604998,0.1908602792876011,ap-south-1,"[0.25806451612903225, 0.22580645161290322, 0.1935483870967742, 0.16129032258064516, 0.16129032258064516]",GCP v25 859,n2-standard-8,0.6246065270053272
2026-08-05T19:45:16.666229,0.183401204223081,asia-south1,"[0.24242424242424243, 0.12121212121212122, 0.18181818181818182, 0.15151515151515152, 0.30303030303030304]",AZURE 775,E4s_v3 v15,0.6007329050912084
2026-10-04T20:03:54.476536,0.1971889005236448,asia-south1,"[0.25, 0.21875, 0.1875, 0.15625, 0.1875]",GCP v47 83,n2-standard-8,0.6291807468979433
2025-10-05T20:04:16.666222,0.2078149118369944,asia-south1,"[0.25, 0.21875, 0.1875, 0.15625, 0.1875]",GCP 604,n2-standard-8,0.6190653388930468
2025-06-05T15:08:22.707315,0.2009304491566483,ap-south-1,"[0.25, 0.21875, 0.1875, 0.15625, 0.1875]",GCP 671,n2-standard-8,0.6140247688240394
2026-06-28T15:09:47.612621,1.8984646776117085,ap-southeast-1 v10,"[0.17391304347826086, 0.21739130434782608, 0.21739130434782608, 0.21739130434782608, 0.17391304347826086]",Azure 62,ND6s,0.5850049730932517
2026-09-17T15:17:48.209869,1.1193661605514584,asia-south1,"[0.1, 0.15, 0.2, 0.35, 0.2]",Azure 698,ND6s,0.713619500863766
2026-03-28T15:20:02.882342,1.0175746760347186,asia-south1,"[0.09090909090909091, 0.13636363636363635, 0.18181818181818182, 0.3181818181818182, 0.272727",Azure 778,ND6s,0.7572849986861897
2026-05-21T15:23:50.210423,0.2072130377477523,ap-southeast-1,"[0.25806451612903225, 0.1935483870967742, 0.25806451612903225, 0.16129032258064516, 0.12903225806451613]",GCP 352,n2-standard-8,0.6270827224611454
2025-04-26T15:35:29.814076,0.3533290239239326,EU-WEST-1,"[0.25, 0.21875, 0.1875, 0.15625, 0.1875]",GCP 50,n2-highmem-8,0.6007313087234235
2025-08-05T19:05:44.493141,0.1910104045334467,ap-south-1,"[0.25, 0.21875, 0.1875, 0.15625, 0.1",GCP v4 963,n2-standard-8,0.6386267916367099
2026-07-10T19:11:52.926777,0.1992065396955566,ap-south-1 v2,"[0.2962962962962963, 0.3333333333333333, 0.07407407407407407, 0.14814814814814814, 0.14814814814814814]",GCP 57,n2-standard-8,0.632227477898559
2026-10-11T19:16:42.619963,0.2206494399913842,ap-southeast-1,"[0.16129032258064516, 0.22580645161290322, 0.1935483870967742, 0.22580645161290322, 0.1935483870967742]",GCP 575,n2-highmem-8,0.7212516201664693
2025-11-27T19:22:12.820769 v1_8876,0.1900490917288769,ap-south-1,"[0.25, 0.21875, 0.1875, 0.15625, 0.1875]",GCP 12,n2-standard-8,0.6084862381326265
2025-11-03T19:23:55.585000,0.2059754365822925,ap-south-1,"[0.14285714285714285, 0.2857142857142857, 0.17857142857142858, 0.21428571428571427, 0.17857142857142858]",GCP 798,n2-standard-8,0.8069991816112053
2025-11-27T19:26:01.495517 v44_6656,0.208482958982734,ap-south-1 v27,"[0.1111111111111111, 0.25925925925925924, 0.2222222222222222, 0.18518518518518517, 0.2222222222222222]",GCP 831,n2-standard-8,0.8468864619689633
2025-01-06T19:28:00.895000,0.1250904014875077,ap-south-1,"[0.0967741935483871, 0.22580645161290322, 0.1935483870967742, 0.22580645161290322, 0.25806451612903225] v41",Azure 889,E4s_v3,0.8309928715273754
2025-11-27T19:33:03.604998 v44_3232,0.1998071607033037,ap-south-1,"[0.25806451612903225, 0.22580645161290322, 0.1935483870967742, 0.16129032258064516, 0.16129032258064516]",GCP 264,n2-standard-8,0.6303964634344223
2025-11-13T19:45:16.666229,0.1848149250031675,asia-south1,"[0.24242424242424243, 0.12121212121212122, 0.18181818181818182, 0.15151515151515152, 0.30303030303030304]",Azure 545,E4s_v3,0.6169353976554706
2026-03-22T20:03:54.476536,0.2073168457749916,asia-south1 v48,"[0.25, 0.21875, 0.1875, 0.15625, 0.1875] v10",GCP 919,n2-standard-8,0.6105500792788688
2025-04-20T20:04:16.666222,0.1950512214253905,asia-south1,"[0.25, 0.21875, 0.1875, 0.15625, 0.1875]",GCP 351,n2-standard-8,0.6058210170582868
2025-08-24T15:08:22.707315,0.1950319793952965,ap-south-1 v28,"[0.25, 0.21875, 0.1875, 0.15625, 0.1875]",GCP 357,n2-standard-8,0.6358270692014107
2026-04-13T15:09:47.612621,1.9185753462405124,ap-southeast-1,"[0.17391304347826086, 0.21739130434782608, 0.21739130434782608, 0.21739130434782608, 0.17391304347826086]",Azure v25 870,ND6s,0.5527231628154685
2026-02-21T15:17:48.209000,1.069692015637147,asia-south1,"[0.1, 0.15, 0.2, 0.35, 0.2]",Azure v49 428,ND6s,0.7071531916268069
2025-11-27T15:20:02.882342 v19_2452,1.046354959939086,asia-south1 v34,"[0.09090909090909091, 0.13636363636363635, 0.18181818181818182, 0.3181818181818182, 0.2727272727272727]",Azure 290,ND6s,0.7095015248731161
2026-01-19T15:23:50.210423,0.1981644364517646,ap-southeast-1 v9,"[0.25806451612903225, 0.1935483870967742, 0.25806451612903225, 0.16129032258064516, 0.12903225806451613]",GCP 909,n2-standard-8,0.6409408535527561
2025-11-27T15:35:29.814076 v15_2007,0.3359751155020046,eu-west-1,"[0.25, 0.21875, 0.1875, 0.15625, 0.1875]",GCP 758,N2-HIGHMEM-8,0.6377276890046925
2025-11-27T19:05:44.493141 v36_8723,0.1994046991921856,ap-south-1,"[0.25, 0.21875, 0.1875, 0.15625, 0.1875]",GCP 924,n2-standard-8,0.6301929016623105
2026-11-12T19:11:52.926000,0.2053790093431879,ap-south-1,"[0.2962962962962963, 0.3333333333333333, 0.07407407407407407, 0.14814814814814814, 0.14814814814814814]",GCP v49 253,n2-standard-8,0.6389728619572198
2025-09-29T19:16:42.619963,0.229323611763441,ap-southeast-1 v15,"[0.16129032258064516, 0.22580645161290322, 0.1935483870967742, 0.22580645161290322, 0.1935483870967742]",GCP 984,n2-highmem-8,0.7045555715672897
2026-06-24T19:22:12.820769,0.2040037512166091,ap-south-1,"[0.25, 0.21875, 0.1875, 0.15625, 0.1875]",GCP v8 68,n2-standard-8 v5,0.6278553795995657
2026-04-28T19:23:55.585998,0.1954509529578606,ap-south-1,"[0.14285714285714285, 0.2857142857142857, 0.17857142857142858, 0.21428571428571427, 0.17857142857142858]",GCP 119,n2-standard-8,0.8015754833740981
2026-09-26T19:26:01.495517,0.1972435751511629,ap-south-1,"[0.1111111111111111, 0.25925925925925924, 0.2222222222222222, 0.18518518518518517, 0.2222222222222222]",GCP v6 579,n2-standard-8,0.794321789293925
2025-12-01T19:28:00.895966,0.1317430017957112,ap-south-1,"[0.0967741935483871, 0.22580645161290322, 0.1935483870967742, 0.22580645161290322, 0.2580645",AZURE 353,E4s_v3,0.8020033127063363
2025-04-15T19:33:03.604998,0.2003888603510886,ap-south-1 v10,"[0.25806451612903225, 0.22580645161290322, 0.1935483870967742, 0.16129032258064516, 0.16129032258064516]",GCP 953,n2-standard-8,0.6357955921576371
2025-12-31T19:45:16.666229,0.1741039394272781,asia-south1,"[0.24242424242424243, 0.12121212121212122, 0.18181818181818182, 0.15151515151515152, 0.30303030303030304]",Azure 992,E4s_v3,0.6209238734796014
2025-04-24T20:03:54.476536,0.2089979796766196,asia-south1,"[0.25, 0.21875, 0.1875, 0.15625, 0.1875]",GCP 879,n2-standard-8,0.5900223358057918
2026-02-04T20:04:16.666222,0.1973654065089024,asia-south1,"[0.25, 0.21875, 0.1875, 0.15625, 0.1875]",GCP 21,n2-standard-8,0.6226335996607637
2025-02-10T15:08:22.707315,0.2077776854816766,ap-south-1,"[0.25, 0.21875, 0.1875, 0.15625, 0.1875]",GCP 698,n2-standard-8 v6,0.6224680314357501
2025-09-12T15:09:47.612621,1.891577616057488,ap-southeast-1,"[0.17391304347826086, 0.21739130434782608, 0.21739130434782608, 0.21739130434782608, 0.17391304347826086]",Azure 568,ND6s,0.5716814106751892
2024-12-02T15:17:48.209869,1.1266662563058545,ASIA-SOUTH1,"[0.1, 0.15, 0.2, 0.35, 0.2]",Azure 6,ND6s,0.7564781510712778
2026-03-20T15:20:02.882342,0.9882326164560248,asia-south1 v21,"[0.09090909090909091, 0.13636363636363635, 0.18181818181818182, 0.3181818181818182, 0.2727272727272727]",Azure 90,ND6S,0.710203972854848
2025-04-26T15:23:50.210423,0.2037634887344452,ap-southeast-1,"[0.25806451612903225, 0.1935483870967742, 0.25806451612903225, 0.16129032258064516, 0.12903225806451613]",GCP 988,n2-standard-8,0.6561254549393356
2026-03-21T15:35:29.814000,0.3303504115115963,eu-west-1,"[0.25, 0.21875, 0.1875, 0.15625, 0.1",GCP v14 305,n2-highmem-8,0.6000478159068382
2025-09-09T19:05:44.493141,0.1993856455624048,ap-south-1 v44,"[0.25, 0.21875, 0.1875, 0.15625, 0.1875]",GCP 391,n2-standard-8,0.5838488798327652
2025-11-27T19:11:52.926777 v41_4143,0.1904460340979729,ap-south-1,"[0.2962962962962963, 0.3333333333333333, 0.07407407407407407, 0.14814814814814814, 0.14814814814814814] v20",GCP 626,n2-standard-8,0.6259352349695642
2026-02-22T19:16:42.619963,0.224010682308204,AP-SOUTHEAST-1,"[0.16129032258064516, 0.22580645161290322, 0.1935483870967742, 0.22580645161290322, 0.1935483870967742]",GCP 395,n2-highmem-8,0.7152144785386628
2026-11-04T19:22:12.820769,0.2051376721530607,ap-south-1,"[0.25, 0.21875, 0.1875, 0.15625, 0.1875]",GCP 676,n2-standard-8,0.5858977023263384
2026-10-11T19:23:55.585998,0.1950439032285583,ap-south-1,"[0.14285714285714285, 0.2857142857142857, 0.17857142857142858, 0.21428571428571427, 0.17857142857142858]",GCP 963,n2-standard-8,0.7590638257696194
2026-09-11T19:26:01.495517,0.205236105099099,ap-south-1,"[0.1111111111111111, 0.25925925925925924, 0.2222222222222222, 0.18518518518518517, 0.2222222222222222]",GCP v40 959,n2-standard-8,0.7968565039525037
2026-02-11T19:28:00.895966,0.1264309460275894,ap-south-1,"[0.0967741935483871, 0.22580645161290322, 0.1935483870967742, 0.22580645161290322, 0.2580645",Azure 271,E4s_v3 v48,0.8526812764065108
2024-12-06T19:33:03.604998,0.2024497107741246,ap-south-1,"[0.25806451612903225, 0.22580645161290322, 0.1935483870967742, 0.16129032258064516, 0.16129032258064516]",GCP 494,n2-standard-8,0.5958962327955828
2026-09-13T19:45:16.666229,0.1879272247007193,asia-south1,"[0.24242424242424243, 0.12121212121212122, 0.18181818181818182, 0.15151515151515152, 0.30303030303030304] v31",Azure 893,E4s_v3,0.5886816272466356
2026-01-15T20:03:54.476536,0.193493987028418,asia-south1,"[0.25, 0.21875, 0.1875, 0.15625, 0.1875]",GCP 969,n2-standard-8,0.6029445107120777
2024-12-04T20:04:16.666222,0.2026763081245989,asia-south1,"[0.25, 0.21875, 0.1875, 0.15625, 0.1875]",GCP 152,n2-standard-8,0.617897043211821
2026-09-27T15:08:22.707315,0.2098038357850334,ap-south-1,"[0.25, 0.21875, 0.1875, 0.15625, 0.1875]",GCP 570,n2-standard-8,0.5885393103420832
2026-02-15T15:09:47.612000,1.849062164273842,ap-southeast-1,"[0.17391304347826086, 0.21739130434782608, 0.21739130434782608, 0.21739130434782608, 0.17391304347826086]",Azure 620,ND6s,0.5849242166331963
2025-12-16T15:17:48.209869,1.083679847067164,asia-south1,"[0.1, 0.15, 0.2, 0.35, 0.2]",Azure 988,ND6s,0.6923268674874999
2025-11-27T15:20:02.882342 v6_5144,1.0069043649995677,asia-south1 v11,"[0.09090909090909091, 0.13636363636363635, 0.18181818181818182, 0.3181818181818182, 0.272727",Azure 687,ND6s,0.7444987726891478
2025-09-08T15:23:50.210000,0.2002486646513863,ap-southeast-1,"[0.25806451612903225, 0.1935483870967742, 0.25806451612903225, 0.16129032258064516, 0.12903225806451613]",GCP 513,n2-standard-8 v28,0.6188109157272035
2024-12-27T15:35:29.814076,0.3486815236031351,eu-west-1,"[0.25, 0.21875, 0.1875, 0.15625, 0.1875]",GCP 710,N2-HIGHMEM-8,0.6556036543606232
2026-01-12T19:05:44.493141,0.2055328014874524,ap-south-1,"[0.25, 0.21875, 0.1875, 0.15625, 0.1875]",GCP 528,n2-standard-8,0.5969874726592681
2025-10-30T19:11:52.926777,0.2099592413219137,ap-south-1,"[0.2962962962962963, 0.3333333333333333, 0.07407407407407407, 0.14814814814814814, 0.1481481",GCP 674,n2-standard-8,0.591768328787034
2025-11-27T19:16:42.619963 v23_5298,0.2252594719135843,ap-southeast-1 v49,"[0.16129032258064516, 0.22580645161290322, 0.1935483870967742, 0.22580645161290322, 0.1935483870967742]",GCP 936,n2-highmem-8 v17,0.6750144353412543
2025-09-28T19:22:12.820769,0.2086365144612324,ap-south-1,"[0.25, 0.21875, 0.1875, 0.15625, 0.1875]",GCP v3 378,n2-standard-8,0.5870030714677013
2026-11-08T19:23:55.585998,0.2052969578643997,ap-south-1,"[0.14285714285714285, 0.2857142857142857, 0.17857142857142858, 0.21428571428571427, 0.17857142857142858]",GCP 55,n2-standard-8,0.8046803334991872
2026-01-03T19:26:01.495517,0.1984717165375815,ap-south-1,"[0.1111111111111111, 0.25925925925925924, 0.2222222222222222, 0.18518518518518517, 0.2222222222222222]",GCP 614,n2-standard-8,0.825383149121973
2026-07-22T19:28:00.895966,0.1269717922231115,ap-south-1,"[0.0967741935483871, 0.22580645161290322, 0.1935483870967742, 0.22580645161290322, 0.25806451612903225]",Azure 177,E4s_v3 v47,0.8331410200364365
2025-09-23T19:33:03.604998,0.2031518766448775,ap-south-1,"[0.25806451612903225, 0.22580645161290322, 0.1935483870967742, 0.16129032258064516, 0.16129032258064516]",GCP 707,n2-standard-8,0.6341965102247704
2026-08-28T19:45:16.666229,0.171559703194975,asia-south1 v37,"[0.24242424242424243, 0.12121212121212122, 0.18181818181818182, 0.15151515151515152, 0.30303030303030304]",Azure v31 483,E4s_v3 v11,0.6045570016186985
2026-04-22T20:03:54.476536,0.1903863680706868,asia-south1 v5,"[0.25, 0.21875, 0.1875, 0.15625, 0.1875]",GCP 211,n2-standard-8,0.6190777698469374
2025-01-03T20:04:16.666222,0.2033673045318086,asia-south1,"[0.25, 0.21875, 0.1875, 0.15625, 0.1875]",GCP 43,n2-standard-8,0.5969780763503384
2025-11-27T15:08:22.707315 v21_1702,0.1969614074172228,ap-south-1,"[0.25, 0.21875, 0.1875, 0.15625, 0.1875]",GCP 305,n2-standard-8,0.6042390804776713
2026-11-17T15:09:47.612621,1.9790143373435511,ap-southeast-1,"[0.17391304347826086, 0.21739130434782608, 0.21739130434782608, 0.21739130434782608, 0.17391304347826086]",Azure 760,ND6s,0.6047093643086467
2026-01-05T15:17:48.209869,1.0451195721785431,asia-south1,"[0.1, 0.15, 0.2, 0.35, 0.2]",AZURE 1,ND6s,0.7529799752365565
2026-06-30T15:20:02.882342,0.9865996408289944,asia-south1,"[0.09090909090909091, 0.13636363636363635, 0.18181818181818182, 0.3181818181818182, 0.2727272727272727]",Azure 30,ND6s,0.7477969255051424
2026-04-02T15:23:50.210000,0.1954616290064263,ap-southeast-1,"[0.25806451612903225, 0.1935483870967742, 0.25806451612903225, 0.16129032258064516, 0.12903225806451613]",GCP 827,n2-standard-8,0.613366942502435
2025-11-27T15:35:29.814076 v30_5275,0.3477089844360137,eu-west-1,"[0.25, 0.21875, 0.1875, 0.15625, 0.1",GCP 77,n2-highmem-8,0.655178667337933
2026-05-22T19:05:44.493141,0.1940893344039515,ap-south-1,"[0.25, 0.21875, 0.1875, 0.15625, 0.1875]",GCP 39,n2-standard-8,0.6402105876704827
2025-11-27T19:11:52.926777 v47_6599,0.2051821279659818,ap-south-1,"[0.2962962962962963, 0.3333333333333333, 0.07407407407407407, 0.14814814814814814, 0.14814814814814814]",GCP 368,n2-standard-8,0.6273739851652613
2025-12-06T19:16:42.619963,0.2241542817666519,ap-southeast-1,"[0.16129032258064516, 0.22580645161290322, 0.1935483870967742, 0.22580645161290322, 0.1935483870967742]",GCP 291,n2-highmem-8,0.7325556323027239
2025-07-26T19:22:12.820769,0.2020847902066428,ap-south-1,"[0.25, 0.21875, 0.1875, 0.15625, 0.1875]",GCP 622,n2-standard-8 v35,0.6299542922947426
2025-11-27T15:08:22.707315 1198_6244,0.2040290688067727,AP-SOUTH-1,"[0.25, 0.21875, 0.1875, 0.15625, 0.1875]",GCP_6061,n2-standard-8,0.5934719026692616
2025-03-19T15:09:47.612621,1.961603013539087,ap-southeast-1,"[0.17391304347826086, 0.21739130434782608, 0.21739130434782608, 0.21739130434782608, 0.17391304347826086]",AZURE_8476,ND6s 1019,0.6079022854858777
2026-09-30T15:17:48.209869,1.016215277026892,asia-south1,"[0.1, 0.15, 0.2, 0.35, 0.2]",Azure_3452,ND6s,0.7725369404180188
2025-11-27T15:20:02.882342 1359_2529,0.9454395549207537,asia-south1,"[0.09090909090909091, 0.13636363636363635, 0.18181818181818182, 0.3181818181818182, 0.2727272727272727]",Azure_5238,ND6s 1840,0.724667233306029
2024-12-20T15:23:50.210423,0.18887469186448025,ap-southeast-1,"[0.25806451612903225, 0.1935483870967742, 0.25806451612903225, 0.16129032258064516, 0.12903225806451613]",GCP_4181,n2-standard-8,0.6598517482866849
2024-07-24T15:35:29.814076,0.33190993431665045,eu-west-1,"[0.25, 0.21875, 0.1875, 0.15625, 0.1875]",GCP 758_9371,n2-highmem-8,0.640183637956434
2025-04-08T19:05:44.493141,0.18775864172800785,ap-south-1,"[0.25, 0.21875, 0.1875, 0.15625, 0.1875]",GCP_2248,n2-standard-8,0.6274749608313256
2025-02-14T19:11:52.926777,0.20163163152292563,ap-south-1,"[0.2962962962962963, 0.3333333333333333, 0.07407407407407407, 0.14814814814814814, 0.14814814814814814]",GCP_9131,n2-standard-8 795,0.5849831980724512
2027-04-18T19:16:42.619963,0.22973000084421527,ap-southeast-1,"[0.16129032258064516, 0.22580645161290322, 0.1935483870967742, 0.22580645161290322, 0.1935483870967742] 722",GCP_1191,n2-highmem-8 156,0.7319847703832995
2025-06-27T19:22:12.820769,0.19423948976428917,ap-south-1,"[0.25, 0.21875, 0.1875, 0.15625, 0.1875]",GCP_3005,n2-standard-8,0.6025787992179175
2026-09-02T19:23:55.585998,0.1887143256211059,ap-south-1,"[0.14285714285714285, 0.2857142857142857, 0.17857142857142858, 0.21428571428571427, 0.17857142857142858]",GCP_8805,n2-standard-8,0.7257450551159058
2023-05-11T19:26:01.495517,0.1980234065031632,ap-south-1,"[0.1111111111111111, 0.25925925925925924, 0.2222222222222222, 0.18518518518518517, 0.2222222222222222]",GCP 1886_4259,n2-standard-8,0.8518714967660196
2025-11-27T19:28:00.895966 368_1210,0.12061829320150627,ap-south-1 833,"[0.0967741935483871, 0.22580645161290322, 0.1935483870967742, 0.22580645161290322, 0.25806451612903225] 927",Azure 1405_3501,E4s_v3,0.8108702831812614
2025-11-27T19:33:03.604998 1171_3437,0.20919689951777332,ap-south-1,"[0.25806451612903225, 0.22580645161290322, 0.1935483870967742, 0.16129032258064516, 0.16129032258064516]",GCP_3633,n2-standard-8,0.6278558220193524
2026-07-31T19:45:16.666229,0.17684788546167374,asia-south1 154,"[0.24242424242424243, 0.12121212121212122, 0.18181818181818182, 0.15151515151515152, 0.30303030303030304]",Azure_828,E4S_V3,0.6153675631248609
2025-11-27T20:03:54.476536 672_6258,0.21542968746575586,asia-south1,"[0.25, 0.21875, 0.1875, 0.15625, 0.1",GCP_3416,n2-standard-8,0.6624219420838179
2023-10-09T20:04:16.666222,0.2000824976277089,asia-south1,"[0.25, 0.21875, 0.1875, 0.15625, 0.1875]",GCP_298,n2-standard-8 450,0.657307945627061
2028-09-07T15:08:22.707315,0.20399722124693298,ap-south-1,"[0.25, 0.21875, 0.1875, 0.15625, 0.1875]",GCP 570_3574,n2-standard-8,0.6165378817095992
2025-11-27T15:09:47.612621 v9_2400_1866,1.8488056650081206,ap-southeast-1,"[0.17391304347826086, 0.21739130434782608, 0.21739130434782608, 0.21739130434782608, 0",Azure 545_1373,ND6s v48,0.5768064791013285
2025-09-16T15:17:48.209000,1.2058395825655663,asia-south1 1460,"[0.1, 0.15, 0.2, 0.35, 0.2] v30",AZURE 624_540,ND6s 1407,0.6815978265187729
2025-01-08T15:20:02.882000 1053_8384,1.0097080581881055,asia-south1,"[0.09090909090909091, 0.13636363636363635, 0.18181818181818182, 0.3181818181818182, ",Azure 264_5633,ND6s,0.6947285701003559
2025-11-27T15:23:50.210423 V3_7632_7332,0.19701921518643886,ap-southeast-1,"[0.25806451612903225, 0.1935483870967742, 0.25806451612903225, 0.16129032258064516, 0.129032258",GCP 59_3249,n2-standard-8,0.619326269918407
2025-11-27T15:35:29.814076 v49_7414 1477_4630,0.36045144488637565,eu-west-1 v43,"[0.25, 0.21875, 0.1875, 0.15625, 0.1875]",GCP 289 312_9191,n2-highmem-8,0.6642688791735408
2024-11-13T19:05:44.493141,0.20697812967093565,ap-south-1 296,"[0.25, 0.21875, 0.1875, 0.15625, 0.1875] 693",GCP 604_962,n2-standard-8 297,0.6351330058124599
2026-03-17T19:11:52.926777,0.1796684284568809,ap-south-1 v14,"[0.2962962962962963, 0.3333333333333333, 0.07407407407407407, 0.14814814814814814, 0.14814814814814814]",GCP 199_539,n2-standard-8,0.5884353477080637
2025-11-27T19:16:42.619963 v15__3765,0.23533179890185166,ap-southeast-1,"[0.16129032258064516, 0.22580645161290322, 0.1935483870967742, 0.22580645161290322, 0.1935483870967742]",GCP 952_5595,n2-highmem-8 v46,0.6955079264517422
2026-09-10T19:22:12.820000,0.21984612485049684,ap-south-1 360,"[0.25, 0.21875, 0.1875, 0.15625, 0.1875]",GCP 735 1646_4453,n2-standard-8 827,0.6000611841699396
2025-11-27T19:23:55.585998 v25_8854 1612_2111,0.20312355653170344,ap-south-1,"[0.14285714285714285, 0.2857142857142857, 0.17857142857142858, 0.21428571428571427, 0.17857142857142858] V24",GCP 20_6899,n2-standard-8,0.6964778162840319
2025-11-27T19:26:01.495517 v33_5_5406,0.20584508653656503,ap-south-1,"[0.1111111111111111, 0.25925925925925924, 0.2222222222222222, 0.18518518518518517, 0.2222222222222222]",GCP 825_2845,n2-standard-8,0.8113209324932622
2024-08-08T19:28:00.895000,0.13214208719700948,AP-SOUTH-1 V25,"[0.0967741935483871, 0.22580645161290322, 0.1935483870967742, 0.22580645161290322, 0.25806451612903225]",Azure 176 313_6425,E4s_v3,0.8634201262392103
2024-05-05T19:33:03.604998,0.20542287193720088,ap-south-1,"[0.25806451612903225, 0.22580645161290322, 0.1935483870967742, 0.16129032258064516, 0.16129032258064516] 77",GCP 102_5173,n2-standard-8 v15,0.630258677219845
2026-06-06T19:45:16.666229,0.17360668490818043,asia-south1,"[0.24242424242424243, 0.12121212121212122, 0.18181818181818182, 0.15151515151515152, 0.30303030303030304] 1652",Azure 338_4538,E4s_v3 v36,0.5986717248463113
2024-08-16T20:03:54.476536,0.2085881799023009,asia-south1,"[0.25, 0.21875, 0.1875, 0.15625, 0.1875]",GCP 321_9477,n2-standard-8,0.5710364222384648
2028-08-24T20:04:16.666222,0.1769173036617968,asia-south1 848,"[0.25, 0.21875, 0.1875, 0.15625, 0.1",GCP 133_1335,n2-standard-8,0.6120627285777643
2025-12-30T15:08:22.707000,0.21487428517900253,ap-south-1,"[0.25, 0.21875, 0.1875, 0.15625, 0.1875]",GCP 869_9292,n2-standard-8 v29,0.5954799322830486
2027-05-24T15:09:47.612621,1.832081051569236,ap-southeast-1,"[0.17391304347826086, 0.21739130434782608, 0.21739130434782608, 0.21739130434782608, 0.17391304347826086]",Azure v30 329_8542,ND6s 1484,0.5831880954475637
2024-11-14T15:17:48.209000,1.0613181602672581,ASIA-SOUTH1 1495,"[0.1, 0.15, 0.2, 0.35, 0.2]",Azure 23 1312_5007,ND6s,0.757610521886967
2024-02-11T15:20:02.882000,0.926180792979356,asia-south1,"[0.09090909090909091, 0.13636363636363635, 0.18181818181818182, 0.3181818181818182, 0.272727",Azure 13_9900,ND6s,0.7268012262696018
2025-06-22T15:23:50.210000,0.17961799902879041,ap-southeast-1,"[0.25806451612903225, 0.1935483870967742, 0.25806451612903225, 0.16129032258064516, 0",GCP 209_6319,n2-standard-8 243,0.578721031763085
2023-05-14T15:35:29.814076,0.34467728950717935,eu-west-1 v1,"[0.25, 0.21875, 0.1875, 0.15625, 0.1875]",GCP 393_8898,n2-highmem-8 41,0.5889267861194984
2025-06-07T19:05:44.493000,0.21615244679983717,ap-south-1,"[0.25, 0.21875, 0.1875, 0.15625, 0.1875]",GCP 939_1710,n2-standard-8 1646,0.6417466695951622
2027-05-12T19:11:52.926777,0.2032454778874689,ap-south-1,"[0.2962962962962963, 0.3333333333333333, 0.07407407407407407, 0.14814814814814814, 0.14814814814814814]",GCP 420_1997,n2-standard-8,0.6006997821978669
2026-04-15T19:16:42.619000,0.2020812372436089,ap-southeast-1,"[0.16129032258064516, 0.22580645161290322, 0.1935483870967742, 0.22580645161290322, 0.1935483870967742]",GCP 148_4361,N2-HIGHMEM-8,0.7580786800391193
2026-09-21T19:22:12.820769,0.18988965697846805,ap-south-1,"[0.25, 0.21875, 0.1875, 0.15625, 0.1875]",GCP V45 702_9237,n2-standard-8,0.5686953636532197
2025-05-21T19:23:55.585998,0.20840719119579007,ap-south-1,"[0.14285714285714285, 0.2857142857142857, 0.17857142857142858, 0.21428571428571427, 0.1785714",GCP 575_164,n2-standard-8,0.7903181782331719
2025-11-27T19:26:01.495517 v20_5131_3609,0.20953872213824537,ap-south-1,"[0.1111111111111111, 0.25925925925925924, 0.2222222222222222, 0.18518518518518517, 0.2222222222222222]",GCP 320 177_4585,n2-standard-8,0.8428888212893348
2028-05-16T19:28:00.895966,0.12141463942062074,ap-south-1 846,"[0.0967741935483871, 0.22580645161290322, 0.1935483870967742, 0.22580645161290322, 0.25806451612903225]",Azure 89_5670,E4s_v3,0.8919379408373149
2026-06-16T19:33:03.604998,0.22002140402232317,ap-south-1,"[0.25806451612903225, 0.22580645161290322, 0.1935483870967742, 0.16129032258064516, 0.16129032258064516] v32",GCP 209_9652,n2-standard-8,0.6089862956679556
2026-12-08T19:45:16.666000,0.1828070173979062,asia-south1 1809,"[0.24242424242424243, 0.12121212121212122, 0.18181818181818182, 0.15151515151515152, 0.303030303",Azure 617_8879,E4S_V3,0.6322042423081136
2026-08-18T20:03:54.476536 1515_5606,0.20007734461819962,ASIA-SOUTH1,"[0.25, 0.21875, 0.1875, 0.15625, 0.1875]",GCP 606_5445,n2-standard-8,0.580265960298695
2025-06-24T20:04:16.666222,0.2061638812763056,asia-south1 v33,"[0.25, 0.21875, 0.1875, 0.15625, 0.1875] 280",GCP v2 346_708,N2-STANDARD-8 18,0.6230956399631556
2025-05-17T15:08:22.707000 361_2646,0.199250502737265,AP-SOUTH-1,"[0.25, 0.21875, 0.1875, 0.15625, 0.1875]",GCP 464_1941,n2-standard-8 1996,0.6888440753944847
2026-03-02T15:09:47.612621,1.8234402910356364,ap-southeast-1,"[0.17391304347826086, 0.21739130434782608, 0.21739130434782608, 0.21739130434782608, 0.17391304347826086]",Azure 399_396,ND6s,0.5370732361356374
2024-10-08T15:17:48.209869,1.0316864710429978,ASIA-SOUTH1,"[0.1, 0.15, 0.2, 0.35, 0.2]",Azure v34 355_8233,ND6S,0.7374174052789508
2028-03-28T15:20:02.882342,0.9274234523318484,asia-south1,"[0.09090909090909091, 0.13636363636363635, 0.18181818181818182, 0.3181818181818182, 0.2727272727272727] v8",Azure 910_2548,ND6s 772,0.7303674333286205
2027-06-02T15:23:50.210423,0.17840309541362465,AP-SOUTHEAST-1,"[0.25806451612903225, 0.1935483870967742, 0.25806451612903225, 0.16129032258064516, 0.1290322",GCP 324_1548,n2-standard-8,0.6422868774311122
2026-06-29T15:35:29.814000,0.3490657711786093,eu-west-1,"[0.25, 0.21875, 0.1875, 0.15625, 0.1875] v32",GCP 849 437_667,n2-highmem-8,0.6406871654832955
2025-09-09T19:05:44.493141,0.1946638552897063,ap-south-1,"[0.25, 0.21875, 0.1875, 0.15625, 0.1",GCP 781_9611,n2-standard-8,0.6008414721221352
2024-07-17T19:11:52.926000,0.20730385059974224,ap-south-1,"[0.2962962962962963, 0.3333333333333333, 0.07407407407407407, 0.14814814814814814, 0.148148148",GCP 749_7232,n2-standard-8,0.5799931456822034
2027-02-19T19:16:42.619000,0.24815475639809442,ap-southeast-1 v22 1375,"[0.16129032258064516, 0.22580645161290322, 0.1935483870967742, 0.22580645161290322, 0.1935483870967742]",GCP 956_3972,n2-highmem-8 v15 280,0.629702050593037
2028-08-25T19:22:12.820000,0.2145955654075619,ap-south-1,"[0.25, 0.21875, 0.1875, 0.15625, 0.1875] v28",GCP v1 650_9843,n2-standard-8,0.560282133832459
2025-11-06T19:23:55.585998,0.20958488315414192,ap-south-1,"[0.14285714285714285, 0.2857142857142857, 0.17857142857142858, 0.21428571428571427, 0.17857142857142858]",GCP 431_674,N2-STANDARD-8,0.8008643968313942
2022-06-30T19:26:01.495517,0.20032684617000268,ap-south-1,"[0.1111111111111111, 0.25925925925925924, 0.2222222222222222, 0.18518518518518517, 0.22222222",GCP 204_5679,n2-standard-8,0.8147184013549194
2024-05-06T19:28:00.895966,0.12305653489060206,ap-south-1,"[0.0967741935483871, 0.22580645161290322, 0.1935483870967742, 0.22580645161290322, 0.25806451612903225]",Azure 276_8310,E4s_v3 v44 1813,0.9137655112408779
2026-08-31T19:33:03.604000,0.20423523437818966,AP-SOUTH-1,"[0.25806451612903225, 0.22580645161290322, 0.1935483870967742, 0.16129032258064516, 0.16129032258064516]",GCP 266_8604,n2-standard-8,0.5911842708796344
2025-11-27T19:45:16.666229 v10_1182_6429,0.17251007231833784,asia-south1,"[0.24242424242424243, 0.12121212121212122, 0.18181818181818182, 0.15151515151515152, 0.30303030303030304]",Azure 549_6416,E4S_V3,0.6090126989691448
2024-09-15T20:03:54.476536,0.19283134985874442,asia-south1 1242,"[0.25, 0.21875, 0.1875, 0.15625, 0.1875]",GCP v15 56_8842,n2-standard-8 1000,0.5804712025176622
2028-03-13T20:04:16.666000,0.19604949280588096,asia-south1,"[0.25, 0.21875, 0.1875, 0.15625, 0.1875] v47",GCP 92_3595,n2-standard-8,0.6024429122484687
2023-01-31T15:08:22.707315,0.1996044007375211,ap-south-1,"[0.25, 0.21875, 0.1875, 0.15625, 0.1875]",GCP 812_3571,n2-standard-8 484,0.5947316241962237
2024-05-03T15:09:47.612621,2.0577484466058125,ap-southeast-1,"[0.17391304347826086, 0.21739130434782608, 0.21739130434782608, 0.21739130434782608, 0.173913043",Azure v26 278_7664,ND6s,0.560709631847502
2025-02-14T15:17:48.209869,1.0720698508385518,asia-south1,"[0.1, 0.15, 0.2, 0.35, 0.2]",Azure 839_553,ND6s,0.6869986719511542
2024-06-03T15:20:02.882000,1.0646103644053901,asia-south1 733,"[0.09090909090909091, 0.13636363636363635, 0.18181818181818182, 0.3181818181818182, 0.2727272727272727]",Azure 359_9492,ND6s,0.7783341453634708
2024-11-10T15:23:50.210423,0.19478902418589375,ap-southeast-1,"[0.25806451612903225, 0.1935483870967742, 0.25806451612903225, 0.16129032258064516, 0.12903225806451613]",GCP 365 1312_3335,n2-standard-8 v22,0.5985509211778419
2026-06-18T15:35:29.814076,0.3600049289175116,eu-west-1 1572,"[0.25, 0.21875, 0.1875, 0.15625, 0.1",GCP 698_2288,n2-highmem-8,0.6053766097780388
2027-06-19T19:05:44.493141,0.19956575651338626,ap-south-1 v33,"[0.25, 0.21875, 0.1875, 0.15625, 0.1875]",GCP 180 1883_8873,n2-standard-8 327,0.5670979709210857
2027-12-07T19:11:52.926777,0.19183040748536462,ap-south-1 v35,"[0.2962962962962963, 0.3333333333333333, 0.07407407407407407, 0.14814814814814814, 0.14814814814814814] v15",GCP 365_1117,n2-standard-8,0.675691470024653
2023-07-14T19:16:42.619963,0.22275631614408464,ap-southeast-1 v32 514,"[0.16129032258064516, 0.22580645161290322, 0.1935483870967742, 0.22580645161290322, 0.1935483870967742]",GCP v19 482_255,n2-highmem-8,0.664949170717485
2026-06-25T19:22:12.820000,0.20094357470151475,ap-south-1 770,"[0.25, 0.21875, 0.1875, 0.15625, 0.1875]",GCP 382_7327,n2-standard-8 1053,0.6679925980816208
2026-09-06T19:23:55.585998,0.18559675384003255,ap-south-1,"[0.14285714285714285, 0.2857142857142857, 0.17857142857142858, 0.21428571428571427, 0.17857142857142858] 612",GCP 866_7176,n2-standard-8,0.7543430916639356
2024-11-18T19:26:01.495517,0.19796502325787932,ap-south-1,"[0.1111111111111111, 0.25925925925925924, 0.2222222222222222, 0.18518518518518517, 0.2222222222222222] v18",GCP 992_5634,n2-standard-8,0.8788381663985497
2026-06-27T19:28:00.895966,0.12356825348312724,AP-SOUTH-1,"[0.0967741935483871, 0.22580645161290322, 0.1935483870967742, 0.22580645161290322, 0.25806451612903225]",Azure 590_6882,E4s_v3,0.8971765348141033
2024-12-09T19:33:03.604998 378_7209,0.1817325090693488,ap-south-1,"[0.25806451612903225, 0.22580645161290322, 0.1935483870967742, 0.16129032258064516, 0.161290322",GCP 299 385_2990,n2-standard-8,0.5919385751371541
2025-11-27T19:45:16.666229 v12_7379_7587,0.16687967961834135,asia-south1,"[0.24242424242424243, 0.12121212121212122, 0.18181818181818182, 0.15151515151515152, 0.30303030303030304]",Azure 280_8739,E4s_v3,0.6501400895924122
2027-09-07T20:03:54.476000,0.1872955851325745,asia-south1,"[0.25, 0.21875, 0.1875, 0.15625, 0.1875]",GCP v28 356_6918,n2-standard-8 v46 1931,0.6036489115073043
2027-06-18T20:04:16.666222,0.20336885240431124,asia-south1,"[0.25, 0.21875, 0.1875, 0.15625, 0.1875]",GCP 573_7409,n2-standard-8,0.5636938817595822
2025-06-08T15:08:22.707315,0.2078347856504626,ap-south-1,"[0.25, 0.21875, 0.1875, 0.15625, 0.1875]",GCP 991 1222_6240,n2-standard-8,0.6478003806645259
2024-10-14T15:09:47.612000,1.9685333743278912,ap-southeast-1 v2,"[0.17391304347826086, 0.21739130434782608, 0.21739130434782608, 0.21739130434782608, 0.17391304347826086]",Azure v25 99_2875,ND6S,0.5556407499136309
2026-11-22T15:17:48.209869,0.9941897403717004,asia-south1,"[0.1, 0.15, 0.2, 0.35, 0.2]",Azure 189_2346,ND6s,0.7875118618879314
2025-10-31T15:20:02.882342,1.1093843001384964,ASIA-SOUTH1,"[0.09090909090909091, 0.13636363636363635, 0.18181818181818182, 0.3181818181818182, 0.272727",Azure v3 819_9587,ND6s,0.7270214910700985
2026-03-16T15:23:50.210423,0.19296198201542755,ap-southeast-1 v38,"[0.25806451612903225, 0.1935483870967742, 0.25806451612903225, 0.16129032258064516, 0.12903225806451613] 1050",GCP 650 754_6722,n2-standard-8 v19,0.6472159598411128
2026-10-22T15:35:29.814076,0.35019326322277383,eu-west-1,"[0.25, 0.21875, 0.1875, 0.15625, 0.1875]",GCP 887_7109,n2-highmem-8 v49,0.6061823284323372
2028-09-30T19:05:44.493141,0.18695797675132267,ap-south-1,"[0.25, 0.21875, 0.1875, 0.15625, 0.1875]",GCP 762_2293,n2-standard-8,0.6542595531389896
2028-10-23T19:11:52.926000,0.1938838922923927,ap-south-1 433,"[0.2962962962962963, 0.3333333333333333, 0.07407407407407407, 0.14814814814814814, 0",GCP v34 109_5292,n2-standard-8,0.5692492971794333
2025-10-03T19:16:42.619963,0.21368067994237339,ap-southeast-1 v38,"[0.16129032258064516, 0.22580645161290322, 0.1935483870967742, 0.22580645161290322, 0.1935483870967742]",GCP 325_6291,n2-highmem-8,0.6805084949427747
2026-07-28T19:22:12.820769,0.19878548170165478,ap-south-1 v7,"[0.25, 0.21875, 0.1875, 0.15625, 0.1875]",GCP 622_4926,n2-standard-8,0.6232695669170927
2023-12-22T19:23:55.585998,0.19114986926431912,ap-south-1,"[0.14285714285714285, 0.2857142857142857, 0.17857142857142858, 0.21428571428571427, 0.17857142857142858]",GCP 73 1167_4100,n2-standard-8 v45,0.8130378690330994
2023-09-20T19:26:01.495517,0.20903733184690937,ap-south-1,"[0.1111111111111111, 0.25925925925925924, 0.2222222222222222, 0.18518518518518517, 0.2222222222222222]",GCP v49 555_4827,n2-standard-8 130,0.8092410456595347
2025-11-27T19:28:00.895966 v16_3082 1201_1197,0.13106403398448374,ap-south-1,"[0.0967741935483871, 0.22580645161290322, 0.1935483870967742, 0.22580645161290322, 0.25806451612903225]",Azure 329 1804_2258,E4s_v3,0.8274224587743834
2024-05-14T19:33:03.604998,0.20240707723854362,ap-south-1,"[0.25806451612903225, 0.22580645161290322, 0.1935483870967742, 0.16129032258064516, 0.1612903",GCP 217_9976,n2-standard-8 439,0.5864900203490578
2027-10-18T19:45:16.666000,0.16530890628434944,asia-south1,"[0.24242424242424243, 0.12121212121212122, 0.18181818181818182, 0.15151515151515152, 0.303030303",Azure 356_1684,E4s_v3 v24,0.5722408787902467
2025-09-22T20:03:54.476536,0.18567170744065048,asia-south1 1384,"[0.25, 0.21875, 0.1875, 0.15625, 0.1875]",GCP 167_1885,n2-standard-8 202,0.6754010510312884
2025-11-27T20:04:16.666222 v15_4491 537_9200,0.19889050525215607,asia-south1 v4 33,"[0.25, 0.21875, 0.1875, 0.15625, 0.1875]",GCP 74_7668,n2-standard-8,0.6039678956488734
2028-01-11T15:08:22.707315,0.18236660167118537,ap-south-1 688,"[0.25, 0.21875, 0.1875, 0.15625, 0.1",GCP 730_4467,n2-standard-8 v17,0.5519620684226794
2025-03-01T15:09:47.612621,1.799233464425519,ap-southeast-1,"[0.17391304347826086, 0.21739130434782608, 0.21739130434782608, 0.21739130434782608, 0.17391304347826086]",Azure 459_4151,ND6s,0.5499765433820221
2025-11-27T15:17:48.209869 v6_9942_3634,1.1267416720708685,ASIA-SOUTH1,"[0.1, 0.15, 0.2, 0.35, 0.2]",Azure 568_7655,ND6s,0.7281096706317768
2026-10-06T15:20:02.882342,1.0649019737453835,asia-south1 1578,"[0.09090909090909091, 0.13636363636363635, 0.18181818181818182, 0.3181818181818182, 0.272727",Azure 431_1962,ND6S V37,0.7196459847916111
2025-11-27T15:23:50.210423 v5_2986_8418,0.2058784156256505,ap-southeast-1,"[0.25806451612903225, 0.1935483870967742, 0.25806451612903225, 0.16129032258064516, 0.12903225806451613]",GCP 560_4969,n2-standard-8,0.6486051495662226
2026-10-23T15:35:29.814000,0.3005110885848075,eu-west-1,"[0.25, 0.21875, 0.1875, 0.15625, 0.1",GCP 397_8630,n2-highmem-8,0.6062307092921254
2027-01-17T19:05:44.493141,0.20551238695117222,ap-south-1,"[0.25, 0.21875, 0.1875, 0.15625, 0.1875]",GCP v47 410 1197_6904,n2-standard-8 215,0.6178505685522122
2025-02-22T19:11:52.926777,0.17824127269884288,ap-south-1,"[0.2962962962962963, 0.3333333333333333, 0.07407407407407407, 0.14814814814814814, 0.14814814814814814] v28",GCP v33 569_4650,n2-standard-8,0.6123641416331128
2026-01-31T19:16:42.619963 1946_4229,0.22557534987027372,ap-southeast-1 116,"[0.16129032258064516, 0.22580645161290322, 0.1935483870967742, 0.22580645161290322, 0.1935483870967742]",GCP 56_5870,n2-highmem-8,0.6568551312946108
2025-10-23T19:22:12.820769,0.1993033001373072,AP-SOUTH-1 V5,"[0.25, 0.21875, 0.1875, 0.15625, 0.1 1561",GCP 449_7684,n2-standard-8 1494,0.5936607803580825
2027-08-18T19:23:55.585000,0.20559976957708845,ap-south-1,"[0.14285714285714285, 0.2857142857142857, 0.17857142857142858, 0.21428571428571427, 0.17857142857142858]",GCP 49_1672,n2-standard-8,0.7862041956130867
2026-08-23T19:26:01.495517,0.19890640659527106,ap-south-1,"[0.1111111111111111, 0.25925925925925924, 0.2222222222222222, 0.18518518518518517, 0.2222222222222222]",GCP 2_2399,n2-standard-8,0.8586518387957713
2025-11-27T19:28:00.895966 v9_5564_2383,0.12005041450812935,AP-SOUTH-1 V46,"[0.0967741935483871, 0.22580645161290322, 0.1935483870967742, 0.22580645161290322, 0.25806451612903225] v36 1844",Azure v17 916_1983,E4s_v3,0.8218616463618553
2025-09-27T19:33:03.604998,0.1978468272467574,ap-south-1 v43,"[0.25806451612903225, 0.22580645161290322, 0.1935483870967742, 0.16129032258064516, 0.16129032258064516]",GCP v4 46_6202,n2-standard-8,0.6393363299155136
2025-11-27T19:45:16.666229 v42_247_3942,0.1688136123306282,asia-south1,"[0.24242424242424243, 0.12121212121212122, 0.18181818181818182, 0.15151515151515152, 0.3030303 941",AZURE 148_1268,E4s_v3,0.6365547445476911
2026-12-27T20:03:54.476536,0.20271593959062315,asia-south1,"[0.25, 0.21875, 0.1875, 0.15625, 0.1",GCP 80_6605,n2-standard-8 830,0.6063830903495977
2026-11-09T20:04:16.666000 150_285,0.21190758433147622,asia-south1 v1,"[0.25, 0.21875, 0.1875, 0.15625, 0.1875]",GCP 726_7793,n2-standard-8,0.5951332791505209
2024-05-12T15:08:22.707315,0.18348212335499953,ap-south-1,"[0.25, 0.21875, 0.1875, 0.15625, 0.1875] v25 134",GCP 819_7185,n2-standard-8,0.5948385202588601
2025-11-27T15:09:47.612621 V27_6958_1473,2.016121161907576,ap-southeast-1 1650,"[0.17391304347826086, 0.21739130434782608, 0.21739130434782608, 0.21739130434782608, 0.17391304347826086]",Azure v31 415_6406,ND6s,0.56927779981335
2024-11-22T15:17:48.209869,1.0503521606302617,asia-south1 1446,"[0.1, 0.15, 0.2, 0.35, 0.2]",Azure 739_8232,ND6s,0.7878101253565615
2025-09-28T15:20:02.882000,1.0659638929715107,asia-south1,"[0.09090909090909091, 0.13636363636363635, 0.18181818181818182, 0.3181818181818182, 0.2727272727272727]",Azure 80_2626,ND6s,0.6864437949525519
2026-08-09T15:23:50.210423,0.20233659661000894,ap-southeast-1,"[0.25806451612903225, 0.1935483870967742, 0.25806451612903225, 0.16129032258064516, 0.12903225806451613] 1539",GCP 671 316_2023,n2-standard-8,0.5808284379611357
2025-11-27T15:35:29.814076 v11_7070 1370_836,0.33264149394361336,eu-west-1 166,"[0.25, 0.21875, 0.1875, 0.15625, 0.1875] v36",GCP 739_2409,n2-highmem-8 v17 228,0.6665525160224749
2025-05-26T19:05:44.493141,0.20828620088208624,ap-south-1,"[0.25, 0.21875, 0.1875, 0.15625, 0.1",GCP 880_6086,n2-standard-8,0.5905330417755892
2028-09-02T19:11:52.926000,0.19821574229886665,ap-south-1,"[0.2962962962962963, 0.3333333333333333, 0.07407407407407407, 0.14814814814814814, 0.14814814814814814]",GCP 547_3204,n2-standard-8,0.6058427155412058
2023-09-26T19:16:42.619963,0.2309023138284536,ap-southeast-1,"[0.16129032258064516, 0.22580645161290322, 0.1935483870967742, 0.22580645161290322, 0.1935483870967742] 1223",GCP 122_8591,n2-highmem-8,0.6709701127363494
2027-06-05T19:22:12.820769,0.2070741132945583,ap-south-1,"[0.25, 0.21875, 0.1875, 0.15625, 0.1",GCP 570 1371_290,n2-standard-8,0.6582190276225003
2024-09-28T19:23:55.585998,0.1976451307108322,ap-south-1,"[0.14285714285714285, 0.2857142857142857, 0.17857142857142858, 0.21428571428571427, 0.17857142857142858]",GCP 868_6944,n2-standard-8,0.7208097243053471
2027-07-05T19:26:01.495517,0.1844963584112664,ap-south-1,"[0.1111111111111111, 0.25925925925925924, 0.2222222222222222, 0.18518518518518517, 0.2222222222222222]",GCP 166_8149,n2-standard-8,0.7396775580076488
2026-02-28T19:28:00.895966 1944_7814,0.12833857670120472,ap-south-1,"[0.0967741935483871, 0.22580645161290322, 0.1935483870967742, 0.22580645161290322, 0.258064516",Azure 189 1992_989,E4s_v3,0.9298611260697123
2026-08-06T19:33:03.604998 288_8955,0.20265190291982807,ap-south-1,"[0.25806451612903225, 0.22580645161290322, 0.1935483870967742, 0.16129032258064516, 0.1612903",GCP 364 1593_390,n2-standard-8,0.6236308104333447
2024-05-28T19:45:16.666229,0.19045596980872534,asia-south1,"[0.24242424242424243, 0.12121212121212122, 0.18181818181818182, 0.15151515151515152, 0.30303030303030304]",Azure 825_4557,E4s_v3 832,0.5900809924174981
2028-12-15T20:03:54.476536,0.20361394980568867,asia-south1,"[0.25, 0.21875, 0.1875, 0.15625, 0.1875]",GCP 653_7631,n2-standard-8,0.6069568663273432
2025-01-30T20:04:16.666222,0.20557025818638064,asia-south1,"[0.25, 0.21875, 0.1875, 0.15625, 0.1",GCP 616 1509_2495,n2-standard-8,0.5586429548939137
2025-11-06T15:08:22.707315,0.21374938061147553,ap-south-1,"[0.25, 0.21875, 0.1875, 0.15625, 0.1875] 1157",GCP 203_4693,n2-standard-8 v23,0.5839065275678474
2026-05-03T15:09:47.612621 1595_4258,1.7056936374164806,ap-southeast-1,"[0.17391304347826086, 0.21739130434782608, 0.21739130434782608, 0.21739130434782608, 0.17391304347826086]",Azure 417_9709,ND6s,0.6257897610181049
2026-01-26T15:17:48.209869,1.0334847688489361,asia-south1,"[0.1, 0.15, 0.2, 0.35, 0 407",Azure 126_4697,ND6s 1862,0.7172365568339736
2025-11-27T15:20:02.882342 v46_2667_8081,1.001209190611313,asia-south1,"[0.09090909090909091, 0.13636363636363635, 0.18181818181818182, 0.3181818181818182, 0.27272727",Azure 464_2981,ND6s,0.6824961847757297
2028-06-19T15:23:50.210423,0.19639492740337863,ap-southeast-1 v26 802,"[0.25806451612903225, 0.1935483870967742, 0.25806451612903225, 0.16129032258064516, 0.12903225806451613]",GCP 849_3714,n2-standard-8,0.6579603671418081
2025-11-27T15:35:29.814076 v31_7227_2024,0.32798230779016874,eu-west-1,"[0.25, 0.21875, 0.1875, 0.15625, 0.1",GCP v5 164_2292,n2-highmem-8,0.6840582302619255
2025-11-27T19:05:44.493141 v3_6084_8726,0.21058864795854426,ap-south-1,"[0.25, 0.21875, 0.1875, 0.15625, 0.1875]",GCP v17 311_5248,n2-standard-8,0.5682853825478605
2025-11-27T19:11:52.926777 v45_8244_1967,0.20988997127530212,ap-south-1,"[0.2962962962962963, 0.3333333333333333, 0.07407407407407407, 0.14814814814814814, 0.14814814814814814]",GCP 338_1463,n2-standard-8 110,0.620661925800369
2025-09-18T19:16:42.619963,0.2538120261993855,ap-southeast-1 1051,"[0.16129032258064516, 0.22580645161290322, 0.1935483870967742, 0.22580645161290322, 0.1935483870967742]",GCP 300_7135,n2-highmem-8,0.730043687227038
2025-09-22T19:22:12.820769,0.19633192317866188,ap-south-1,"[0.25, 0.21875, 0.1875, 0.15625, 0.1875]",GCP 506_7398,n2-standard-8,0.6583861307284233
2024-09-29T19:23:55.585998,0.2159156938037273,ap-south-1 v4,"[0.14285714285714285, 0.2857142857142857, 0.17857142857142858, 0.21428571428571427, 0.17857142857142858]",GCP 963 778_2984,n2-standard-8,0.7628234913127988
2023-10-11T19:26:01.495517,0.1830193503022531,ap-south-1,"[0.1111111111111111, 0.25925925925925924, 0.2222222222222222, 0.18518518518518517, 0.222222 243",GCP v42 291 1203_4339,N2-STANDARD-8,0.8563879921394602
2026-04-23T19:28:00.895966 796_6934,0.12057083895550853,ap-south-1 v31,"[0.0967741935483871, 0.22580645161290322, 0.1935483870967742, 0.22580645161290322, 0.25806451612903225]",Azure 643_1882,E4s_v3,0.8919427457499449
2027-04-17T19:33:03.604000,0.1934742874227879,ap-south-1,"[0.25806451612903225, 0.22580645161290322, 0.1935483870967742, 0.16129032258064516, 0.16129032258064516] 1848",GCP 417_912,n2-standard-8 1210,0.6781176093514768
2025-11-23T19:45:16.666229,0.17662808735205882,asia-south1,"[0.24242424242424243, 0.12121212121212122, 0.18181818181818182, 0.15151515151515152, 0.30303030303030304] 1361",Azure 241_2071,E4s_v3,0.58080560446922
2025-03-16T20:03:54.476536,0.19990611634882158,asia-south1,"[0.25, 0.21875, 0.1875, 0.15625, 0.1875]",GCP 387 983_8602,n2-standard-8,0.5833522076431187
2024-08-14T20:04:16.666222,0.21660247438551114,asia-south1,"[0.25, 0.21875, 0.1875, 0.15625, 0.1875]",GCP 277_7080,n2-standard-8,0.6135394345697014
2026-08-13T15:08:22.707315,0.19652472124633258,ap-south-1,"[0.25, 0.21875, 0.1875, 0.15625, 0.1",GCP 41_4567,n2-standard-8 1427,0.5879088346170528
2028-03-30T15:09:47.612621,1.9457352383572692,ap-southeast-1,"[0.17391304347826086, 0.21739130434782608, 0.21739130434782608, 0.21739130434782608, 0.17391304347826086]",Azure 541_9756,ND6s,0.5566567383291425
2026-02-18T15:17:48.209869 155_6241,1.1347431836849426,asia-south1 1287,"[0.1, 0.15, 0.2, 0.35, 0.2]",Azure 756_8799,ND6s,0.7339411174365733
2026-05-28T15:20:02.882342,0.9747831845022029,asia-south1,"[0.09090909090909091, 0.13636363636363635, 0.18181818181818182, 0.3181818181818182, 0.272727",Azure 881_6922,ND6S,0.6755161615374196
2025-03-15T15:23:50.210423,0.21164946905962456,ap-southeast-1,"[0.25806451612903225, 0.1935483870967742, 0.25806451612903225, 0.16129032258064516, 0.12903225806451613]",GCP 865_5519,n2-standard-8,0.6349302164090544
2027-02-20T15:35:29.814076,0.3578711235471806,eu-west-1,"[0.25, 0.21875, 0.1875, 0.15625, 0.1875]",GCP V49 417_2610,n2-highmem-8 v12,0.6491609492636582
2027-07-22T19:05:44.493141,0.19197068605596412,ap-south-1 v5,"[0.25, 0.21875, 0.1875, 0.15625, 0.1875]",GCP 31_7020,n2-standard-8,0.583468880550587
2024-11-07T19:11:52.926777,0.19496818252092518,ap-south-1 414,"[0.2962962962962963, 0.3333333333333333, 0.07407407407407407, 0.14814814814814814, 0.148148148",GCP 564_9114,n2-standard-8 503,0.5904591253737269
2023-12-30T19:16:42.619963,0.2264454157203522,ap-southeast-1,"[0.16129032258064516, 0.22580645161290322, 0.1935483870967742, 0.22580645161290322, 0.19354838",GCP v10 387_5574,n2-highmem-8,0.7512455410897311
2026-02-02T19:22:12.820769 312_7247,0.19290929135436896,ap-south-1,"[0.25, 0.21875, 0.1875, 0.15625, 0.1",GCP 412_7878,n2-standard-8,0.6025660826030418
2025-11-27T19:23:55.585998 v19_3042_4818,0.19142095029733547,ap-south-1 1514,"[0.14285714285714285, 0.2857142857142857, 0.17857142857142858, 0.21428571428571427, 0.17857142857142858]",GCP 993_3499,n2-standard-8 384,0.8007875341115455
2028-02-25T19:26:01.495000,0.19079050255142865,ap-south-1 v3,"[0.1111111111111111, 0.25925925925925924, 0.2222222222222222, 0.18518518518518517, 0.222222",GCP 920_9346,n2-standard-8 455,0.7962376644147942
2025-07-01T19:28:00.895966,0.131914343679603,ap-south-1,"[0.0967741935483871, 0.22580645161290322, 0.1935483870967742, 0.22580645161290322, 0.25806451612903225] v45",Azure 956_6027,E4s_v3 1165,0.8441888550205641
2026-04-06T19:33:03.604998,0.20183908124184957,ap-south-1 702,"[0.25806451612903225, 0.22580645161290322, 0.1935483870967742, 0.16129032258064516, 0.16129032258064516]",GCP 965_6225,n2-standard-8,0.6107151993605998
2026-11-21T19:45:16.666000,0.18412780812228147,ASIA-SOUTH1,"[0.24242424242424243, 0.12121212121212122, 0.18181818181818182, 0.15151515151515152, 0.30303030303030304]",AZURE 948_8658,E4s_v3,0.5926358993448624
2025-03-27T20:03:54.476536 183_9770,0.2038930963264595,asia-south1,"[0.25, 0.21875, 0.1875, 0.15625, 0.1875]",GCP 197_5495,n2-standard-8,0.6201879403436718
2022-11-08T20:04:16.666222,0.21272349211951966,asia-south1,"[0.25, 0.21875, 0.1875, 0.15625, 0.1875]",GCP 566_8738,n2-standard-8,0.5621517998381637
2025-12-23T15:08:22.707315,0.21362786762799985,AP-SOUTH-1,"[0.25, 0.21875, 0.1875, 0.15625, 0.1875]",GCP 788_5238,n2-standard-8 1705,0.6448244182507957
2025-08-01T15:09:47.612621 1733_882,1.8976894095900203,ap-southeast-1,"[0.17391304347826086, 0.21739130434782608, 0.21739130434782608, 0.21739130434782608, 0",Azure 383 1201_3191,ND6s 244,0.5392036517434519
2023-12-03T15:17:48.209000,1.0413964081096314,ASIA-SOUTH1,"[0.1, 0.15, 0.2, 0.35, 0.2]",Azure 42_2267,ND6s 1988,0.7353159458612166
2023-06-30T15:20:02.882342,0.9162211409805413,asia-south1 v42,"[0.09090909090909091, 0.13636363636363635, 0.18181818181818182, 0.3181818181818182, 0.272727",Azure 218_1251,ND6s,0.7254110715781077
2024-04-25T15:23:50.210423,0.1895366928793384,ap-southeast-1 1157,"[0.25806451612903225, 0.1935483870967742, 0.25806451612903225, 0.16129032258064516, 0.12903225806451613]",GCP 226_547,n2-standard-8 v16,0.6612356851205029
2028-08-28T15:35:29.814000,0.3206422636847726,EU-WEST-1,"[0.25, 0.21875, 0.1875, 0.15625, 0.1875] v24",GCP 624_8730,n2-highmem-8,0.6580290763451525
2024-06-22T19:05:44.493141,0.1897166887366538,AP-SOUTH-1,"[0.25, 0.21875, 0.1875, 0.15625, 0.1875] v19",GCP 417_8513,n2-standard-8,0.6710366795442994
2023-03-01T19:11:52.926777,0.1983597048576589,ap-south-1,"[0.2962962962962963, 0.3333333333333333, 0.07407407407407407, 0.14814814814814814, 0.14814814814814814] v21",GCP 810_7734,n2-standard-8 v39 1509,0.6243515420696324
2025-08-11T19:16:42.619963 1016_4208,0.2528291360209021,ap-southeast-1,"[0.16129032258064516, 0.22580645161290322, 0.1935483870967742, 0.22580645161290322, 0.1935483870967742]",GCP 275_5264,n2-highmem-8 520,0.7170091987642152
2027-08-09T19:22:12.820769,0.2057583111342083,ap-south-1,"[0.25, 0.21875, 0.1875, 0.15625, 0.1875] 1564",GCP 733_8719,n2-standard-8 1449,0.594595011936536
2026-03-27T19:23:55.585000 990_3791,0.17821066187674053,ap-south-1,"[0.14285714285714285, 0.2857142857142857, 0.17857142857142858, 0.21428571428571427, 0.17857142857142858]",GCP 708_6099,N2-STANDARD-8,0.8043163867108809
2025-08-21T19:26:01.495517,0.19573699748294346,ap-south-1,"[0.1111111111111111, 0.25925925925925924, 0.2222222222222222, 0.18518518518518517, 0.2222222222222222]",GCP 850_2157,n2-standard-8 1890,0.768136948009988
2025-03-19T19:28:00.895966,0.12318857608751603,ap-south-1,"[0.0967741935483871, 0.22580645161290322, 0.1935483870967742, 0.22580645161290322, 0.2580645",Azure 977 1996_3159,E4s_v3,0.8321082725973603
2026-06-25T19:33:03.604998,0.2131109780584679,ap-south-1,"[0.25806451612903225, 0.22580645161290322, 0.1935483870967742, 0.16129032258064516, 0.16129032258064516]",GCP 173_3262,n2-standard-8,0.6435878065477214
2025-02-26T19:45:16.666229,0.16615589821394713,asia-south1,"[0.24242424242424243, 0.12121212121212122, 0.18181818181818182, 0.15151515151515152, 0.30303030303030304] 910",Azure 110 1587_3963,E4s_v3,0.637544816664574
2024-12-27T20:03:54.476536 307_3295,0.2073523579073852,asia-south1 675,"[0.25, 0.21875, 0.1875, 0.15625, 0.1875]",GCP v32 951 369_3972,n2-standard-8,0.6151517246866623
2025-11-27T20:04:16.666222 v12_4262_8246,0.2078727057566008,asia-south1 v8,"[0.25, 0.21875, 0.1875, 0.15625, 0.1875]",GCP 700_1076,n2-standard-8,0.6095715457474014
2025-11-27T15:08:22.707315 v22_545 964_4142,0.19173462977036418,ap-south-1,"[0.25, 0.21875, 0.1875, 0.15625, 0.1875] 1543",GCP V20 10_1834,n2-standard-8,0.642425139704799
2028-05-17T15:09:47.612621,1.939463646754628,ap-southeast-1,"[0.17391304347826086, 0.21739130434782608, 0.21739130434782608, 0.21739130434782608, 0.1739130",Azure 427_1354,ND6s v4,0.6213262388532581
2026-12-20T15:17:48.209869,1.084563311043752,asia-south1,"[0.1, 0.15, 0.2, 0.35, 0.2] 1992",Azure 787_7087,ND6S 171,0.7090912890831077
2027-08-24T15:20:02.882342,0.9317375672364163,asia-south1 1573,"[0.09090909090909091, 0.13636363636363635, 0.18181818181818182, 0.3181818181818182, 0.2727272727272727]",Azure 795_8030,ND6s,0.7153861802669238
2025-09-22T15:23:50.210000,0.20040138492909493,ap-southeast-1,"[0.25806451612903225, 0.1935483870967742, 0.25806451612903225, 0.16129032258064516, 0.12903225806451613] 1148",GCP 123_9834,n2-standard-8 v45,0.6572844997627804
2027-03-18T15:35:29.814076,0.3288586701197055,eu-west-1,"[0.25, 0.21875, 0.1875, 0.15625, 0.1875]",GCP 443_8814,n2-highmem-8 v12,0.6257769691464301
2023-12-25T19:05:44.493141,0.19156163707455004,ap-south-1,"[0.25, 0.21875, 0.1875, 0.15625, 0.1875]",GCP 438_497,n2-standard-8,0.6313120547583182
2024-12-21T19:11:52.926777 158_2709,0.18666311319997791,ap-south-1,"[0.2962962962962963, 0.3333333333333333, 0.07407407407407407, 0.14814814814814814, 0.14814814814814814]",GCP 506 679_4571,n2-standard-8,0.595409567998772
2027-03-13T19:16:42.619000,0.2377920613286223,ap-southeast-1,"[0.16129032258064516, 0.22580645161290322, 0.1935483870967742, 0.22580645161290322, ",GCP v40 885_6797,n2-highmem-8 1181,0.6545283661951645
2026-07-28T19:22:12.820000,0.1979791951818145,ap-south-1 192,"[0.25, 0.21875, 0.1875, 0.15625, 0.1875]",GCP v47 784_7551,n2-standard-8,0.5872793908391248
2026-10-21T19:23:55.585000,0.18948313390374028,ap-south-1 539,"[0.14285714285714285, 0.2857142857142857, 0.17857142857142858, 0.21428571428571427, 0.17857142857142858]",GCP 647_5828,n2-standard-8,0.7749610035484791
2024-11-24T19:26:01.495517,0.19270257383349518,ap-south-1,"[0.1111111111111111, 0.25925925925925924, 0.2222222222222222, 0.18518518518518517, 0.2222222222222222] v48",GCP v25 912_3249,n2-standard-8,0.8554796842038711
2028-09-30T19:28:00.895966,0.1301106269946821,ap-south-1 1079,"[0.0967741935483871, 0.22580645161290322, 0.1935483870967742, 0.22580645161290322, 0.2580645 159",Azure 859 1685_8283,E4s_v3 v16,0.7756095331407465
2026-09-25T19:33:03.604998,0.1878691688102981,ap-south-1 1247,"[0.25806451612903225, 0.22580645161290322, 0.1935483870967742, 0.16129032258064516, 0.16129032258064516]",GCP 169_4548,n2-standard-8,0.5888820644494934
2025-06-28T19:45:16.666229 1628_3679,0.18738688493979158,ASIA-SOUTH1,"[0.24242424242424243, 0.12121212121212122, 0.18181818181818182, 0.15151515151515152, 0.30303030303030304]",Azure 562_8620,E4S_V3,0.6379929670097417
2024-07-21T20:03:54.476536,0.19357407237885443,asia-south1,"[0.25, 0.21875, 0.1875, 0.15625, 0.1875]",GCP 946_4259,n2-standard-8 1409,0.5569934761340714
2025-05-18T20:04:16.666222 204_3708,0.19423338354236894,asia-south1,"[0.25, 0.21875, 0.1875, 0.15625, 0.1875]",GCP 17 1464_235,n2-standard-8,0.6436767106128256
2027-04-12T15:08:22.707315,0.19053539219954835,ap-south-1,"[0.25, 0.21875, 0.1875, 0.15625, 0.1875] v46",GCP 835_4076,n2-standard-8,0.6901013642218891
2027-09-26T15:09:47.612621,1.6817964467326731,ap-southeast-1 v30,"[0.17391304347826086, 0.21739130434782608, 0.21739130434782608, 0.21739130434782608, 0.17391304347826086]",Azure 138_2180,ND6s,0.5169632629864376
2024-05-16T15:17:48.209869,1.0689197897074185,asia-south1,"[0.1, 0.15, 0.2, 0.35, 0.2]",Azure 695_6242,ND6S,0.6785382541665943
2026-10-03T15:20:02.882000,1.0436317242061899,asia-south1 1996,"[0.09090909090909091, 0.13636363636363635, 0.18181818181818182, 0.3181818181818182, 0.2727272727272727] v22",Azure 886_6959,ND6s 286,0.7755761002160889
2024-01-11T15:23:50.210000,0.18153532195365557,ap-southeast-1 184,"[0.25806451612903225, 0.1935483870967742, 0.25806451612903225, 0.16129032258064516, 0.12903225806451613]",GCP 480_8895,n2-standard-8 1973,0.6116324603984538
2025-11-03T15:35:29.814076 1067_7424,0.31417234681103806,eu-west-1,"[0.25, 0.21875, 0.1875, 0.15625, 0.1875]",GCP 171_3260,n2-highmem-8,0.6525891765038321
2025-11-27T19:05:44.493141 v13_6404_8959,0.1931148829219984,ap-south-1 1411,"[0.25, 0.21875, 0.1875, 0.15625, 0.1875]",GCP 373_1193,n2-standard-8 v1,0.6753994153943979
2025-11-27T19:11:52.926777 v13_254_4731,0.20950167994940214,ap-south-1,"[0.2962962962962963, 0.3333333333333333, 0.07407407407407407, 0.14814814814814814, 0.14814814814814814]",GCP 7_3496,n2-standard-8,0.5622753087312012
2027-06-04T19:16:42.619963,0.24584092381819228,ap-southeast-1,"[0.16129032258064516, 0.22580645161290322, 0.1935483870967742, 0.22580645161290322, 0.1935483870967742]",GCP 81_1624,n2-highmem-8,0.7842625802108265
2027-08-12T19:22:12.820769,0.1968953830296173,ap-south-1 v6,"[0.25, 0.21875, 0.1875, 0.15625, 0.1",GCP 834 867_857,n2-standard-8 v25,0.558717676048083
2025-09-20T19:23:55.585000,0.2158379035362482,ap-south-1,"[0.14285714285714285, 0.2857142857142857, 0.17857142857142858, 0.21428571428571427, 0.17857142857142858]",GCP 77_5589,n2-standard-8,0.7223730490421935
2026-03-20T19:26:01.495517,0.17980278120174456,ap-south-1,"[0.1111111111111111, 0.25925925925925924, 0.2222222222222222, 0.18518518518518517, 0.2222222222222222]",GCP v47 210_7719,n2-standard-8 1980,0.8604412899019164
2023-03-04T19:28:00.895966,0.13551915568070552,ap-south-1,"[0.0967741935483871, 0.22580645161290322, 0.1935483870967742, 0.22580645161290322, 0",Azure 157 1814_2874,E4s_v3 v26,0.9012203371628877
2024-05-16T19:33:03.604000,0.1923568230605087,ap-south-1,"[0.25806451612903225, 0.22580645161290322, 0.1935483870967742, 0.16129032258064516, 0.16129032258064516]",GCP 131 1319_716,n2-standard-8,0.5555417991331059
2024-12-22T19:45:16.666000,0.16955395750090926,asia-south1,"[0.24242424242424243, 0.12121212121212122, 0.18181818181818182, 0.15151515151515152, 0.30303030303030304]",Azure 232_689,E4s_v3,0.5610491655045919
2025-11-27T20:03:54.476536 v3_7499_4011,0.18576325743259878,asia-south1 1913,"[0.25, 0.21875, 0.1875, 0.15625, 0.1875]",GCP 427_7461,n2-standard-8 907,0.616531904087427
2026-01-15T20:04:16.666222,0.18471227657273115,asia-south1,"[0.25, 0.21875, 0.1875, 0.15625, 0.1875]",GCP 413 180_6344,N2-STANDARD-8,0.5804119435852506
2027-02-15T15:08:22.707000,0.20315397853823336,ap-south-1,"[0.25, 0.21875, 0.1875, 0.15625, 0.1875]",GCP 811_7817,n2-standard-8 v31,0.6440519985895902
2027-07-23T15:09:47.612621,1.91633052268215,ap-southeast-1,"[0.17391304347826086, 0.21739130434782608, 0.21739130434782608, 0.21739130434782608, 0.17391304347826086]",Azure 365_4577,ND6s,0.5863054623258899
2026-12-17T15:17:48.209869,1.1329633884779708,ASIA-SOUTH1 V36,"[0.1, 0.15, 0.2, 0.35, 0.2]",AZURE 673_4312,ND6s,0.6924786846778607
2027-09-01T15:20:02.882342,0.9113979203359039,asia-south1 340,"[0.09090909090909091, 0.13636363636363635, 0.18181818181818182, 0.3181818181818182, 0.2727272727272727] v14 1958",Azure 452_8704,ND6s v27,0.7508582468952225
2026-09-11T15:23:50.210423,0.1949077466794295,ap-southeast-1,"[0.25806451612903225, 0.1935483870967742, 0.25806451612903225, 0.16129032258064516, 0.12903225806451613]",GCP 900_1704,n2-standard-8,0.6018329073624237
2023-12-26T15:35:29.814076,0.36361706229937235,eu-west-1 1014,"[0.25, 0.21875, 0.1875, 0.15625, 0.1875]",GCP 53_187,n2-highmem-8,0.6322661611761241
2025-11-04T19:05:44.493000,0.1825396162751927,ap-south-1 1801,"[0.25, 0.21875, 0.1875, 0.15625, 0.1875] v46",GCP 863_3103,n2-standard-8,0.5724637045559696
2025-11-26T19:11:52.926777 1232_6047,0.21009708861072507,ap-south-1,"[0.2962962962962963, 0.3333333333333333, 0.07407407407407407, 0.14814814814814814, 0.14814814814814814] v27",GCP 701_3839,n2-standard-8 v6,0.6241681554939182
2025-11-27T19:16:42.619963 v13_3368 1043_2658,0.23323447069871725,ap-southeast-1,"[0.16129032258064516, 0.22580645161290322, 0.1935483870967742, 0.22580645161290322, 0.1935483870967742]",GCP 928_1004,n2-highmem-8 1107,0.6542365930297659
2026-06-01T19:22:12.820769 844_2485,0.21588800505617614,ap-south-1,"[0.25, 0.21875, 0.1875, 0.15625, 0.1",GCP 550_5791,n2-standard-8 18,0.6239957220449734
2026-03-21T19:23:55.585998,0.2036976080928009,ap-south-1,"[0.14285714285714285, 0.2857142857142857, 0.17857142857142858, 0.21428571428571427, 0.17857142857142858]",GCP 435 1487_9013,n2-standard-8,0.7321781391305641
2025-11-27T19:26:01.495517 v43_1161_3683,0.20069065030220823,ap-south-1,"[0.1111111111111111, 0.25925925925925924, 0.2222222222222222, 0.18518518518518517, 0.2222222222222222] 1792",GCP 858_370,n2-standard-8 614,0.7636401652503355
2024-09-26T19:28:00.895966,0.13708094721500563,ap-south-1,"[0.0967741935483871, 0.22580645161290322, 0.1935483870967742, 0.22580645161290322, 0.25806451612903225] v31 429",Azure 602_5792,E4s_v3 554,0.8446688091119438
2027-03-18T19:33:03.604000,0.18413567419778834,ap-south-1,"[0.25806451612903225, 0.22580645161290322, 0.1935483870967742, 0.16129032258064516, 0.16129032258064516] 135",GCP 624_1788,n2-standard-8,0.649538554382351
2025-10-13T19:45:16.666000,0.18859792568309502,asia-south1,"[0.24242424242424243, 0.12121212121212122, 0.18181818181818182, 0.15151515151515152, 0.30303030303030304]",Azure 632_5452,E4s_v3,0.6158452951478729
2027-05-06T20:03:54.476536,0.22192860640196654,asia-south1 v41,"[0.25, 0.21875, 0.1875, 0.15625, 0.1",GCP v2 189_8483,n2-standard-8,0.5886331266730095
2026-05-05T20:04:16.666222,0.21173109908860835,asia-south1 1632,"[0.25, 0.21875, 0.1875, 0.15625, 0.1875]",GCP 588_3552,n2-standard-8,0.6498491961896887
2028-09-24T15:08:22.707315,0.2114918622005903,ap-south-1,"[0.25, 0.21875, 0.1875, 0.15625, 0.1875] 1654",GCP 806_7384,N2-STANDARD-8,0.6118341199385126
2028-07-12T15:09:47.612621,1.7114287956518526,AP-SOUTHEAST-1 670,"[0.17391304347826086, 0.21739130434782608, 0.21739130434782608, 0.21739130434782608, 0.17391304347826086]",Azure 345 1949_3581,ND6s,0.6090117094827331
2026-08-16T15:17:48.209869 814_813,1.1489499855612668,ASIA-SOUTH1 1159,"[0.1, 0.15, 0.2, 0.35, 0.2]",Azure 592_5357,ND6s 908,0.7731033878929936
2025-11-27T15:20:02.882342 v15_2_3510,0.9635773317632097,asia-south1 v13 1322,"[0.09090909090909091, 0.13636363636363635, 0.18181818181818182, 0.3181818181818182, 0.2727272727272727] v43",Azure 529_7800,ND6s,0.7700996481980771
2028-06-20T15:23:50.210423,0.18676704624235693,ap-southeast-1,"[0.25806451612903225, 0.1935483870967742, 0.25806451612903225, 0.16129032258064516, 0.12903225806451613]",GCP 441_6103,N2-STANDARD-8,0.6846890504969353
2028-07-08T15:35:29.814000,0.3706818015467702,eu-west-1 1886,"[0.25, 0.21875, 0.1875, 0.15625, 0.1875]",GCP 541_3095,n2-highmem-8,0.6204023682647192
2025-11-27T19:05:44.493141 v22_8954_5921,0.18621771889139935,ap-south-1,"[0.25, 0.21875, 0.1875, 0.15625, 0.1875]",GCP 675_5146,N2-STANDARD-8,0.5929741379051674
2028-06-05T19:11:52.926777,0.19957830200095106,ap-south-1,"[0.2962962962962963, 0.3333333333333333, 0.07407407407407407, 0.14814814814814814, 0.1481481",GCP 942_3144,n2-standard-8,0.5785414941210122
2026-06-27T19:16:42.619963 1536_7075,0.24018306113748533,ap-southeast-1 220,"[0.16129032258064516, 0.22580645161290322, 0.1935483870967742, 0.22580645161290322, 0.1935483870967742]",GCP 710_404,n2-highmem-8,0.6773804457354846
2027-08-24T19:22:12.820000,0.17854590819156285,ap-south-1,"[0.25, 0.21875, 0.1875, 0.15625, 0.1875]",GCP 40 1978_3048,n2-standard-8 v25,0.6557168817568658
2023-09-13T19:23:55.585000,0.19218335752276933,ap-south-1 1977,"[0.14285714285714285, 0.2857142857142857, 0.17857142857142858, 0.21428571428571427, 0.17857142857142858] v23",GCP 397 1755_9626,n2-standard-8,0.7137278690510813
2028-03-31T19:26:01.495517,0.1919590122859363,ap-south-1,"[0.1111111111111111, 0.25925925925925924, 0.2222222222222222, 0.18518518518518517, 0.2222222222222222] 715",GCP 444 462_5672,n2-standard-8,0.8505718625870329
2023-11-28T19:28:00.895000,0.13819932898246018,ap-south-1 1397,"[0.0967741935483871, 0.22580645161290322, 0.1935483870967742, 0.22580645161290322, 0.25806451612903225] 827",Azure 739 1223_1867,E4s_v3,0.8692035730994568
2025-03-02T19:33:03.604998,0.18712272179992,ap-south-1,"[0.25806451612903225, 0.22580645161290322, 0.1935483870967742, 0.16129032258064516, 0.16129032258064516] 1966",GCP 983_7250,N2-STANDARD-8 V6,0.6401894785925004
2027-06-19T19:45:16.666229,0.18158768249590898,asia-south1,"[0.24242424242424243, 0.12121212121212122, 0.18181818181818182, 0.15151515151515152, 0.30303030303030304]",Azure v16 746_6698,E4s_v3,0.6123804618229232
2025-11-27T20:03:54.476536 v13_5791_9093,0.2009549959545193,asia-south1,"[0.25, 0.21875, 0.1875, 0.15625, 0.1875]",GCP 860_9397,n2-standard-8,0.6347750185706992
2025-11-27T20:04:16.666222 v28_4963_5012,0.19578169624746364,asia-south1,"[0.25, 0.21875, 0.1875, 0.15625, 0.1875]",GCP 922_3789,n2-standard-8,0.6213767380918137
2024-09-18T15:08:22.707315,0.19573014876006928,ap-south-1,"[0.25, 0.21875, 0.1875, 0.15625, 0.1875]",GCP 225_1484,n2-standard-8,0.631108906108518
2024-11-12T15:09:47.612000,1.7371659164356021,ap-southeast-1,"[0.17391304347826086, 0.21739130434782608, 0.21739130434782608, 0.21739130434782608, 0.17391304347826086] 1017",Azure 892_8751,ND6s,0.5364004261490304
2027-06-21T15:17:48.209869,1.1762501830363687,asia-south1,"[0.1, 0.15, 0.2, 0.35, 0.2]",Azure 107_9529,ND6s,0.7689252534514585
2026-02-18T15:20:02.882000,0.964879353390016,asia-south1 477,"[0.09090909090909091, 0.13636363636363635, 0.18181818181818182, 0.3181818181818182, 0.2727272727272727]",Azure 583_9513,ND6s,0.7211078474163913
2026-05-27T15:23:50.210423 605_556,0.19111157834522316,ap-southeast-1,"[0.25806451612903225, 0.1935483870967742, 0.25806451612903225, 0.16129032258064516, 0.12903225806451613]",GCP 267_6710,n2-standard-8 v35,0.6001132635117162
2023-04-11T15:35:29.814000,0.3321526268563256,eu-west-1,"[0.25, 0.21875, 0.1875, 0.15625, 0.1875]",GCP 432_3099,n2-highmem-8,0.6576116186157622
2025-11-27T19:05:44.493141 v32_1190_491,0.1782974045790437,ap-south-1 v31 765,"[0.25, 0.21875, 0.1875, 0.15625, 0.1875]",GCP 703_1607,n2-standard-8,0.5901512880905274
2023-10-29T19:11:52.926777,0.20528559539064015,ap-south-1 1621,"[0.2962962962962963, 0.3333333333333333, 0.07407407407407407, 0.14814814814814814, 0.148148148",GCP 574_3561,n2-standard-8,0.5479185387338494
2024-02-19T19:16:42.619963,0.22347391446813464,ap-southeast-1 v14,"[0.16129032258064516, 0.22580645161290322, 0.1935483870967742, 0.22580645161290322, 0.1935483870967742]",GCP 525_7472,n2-highmem-8,0.6972820917816069
2025-11-27T19:22:12.820769 v35_717_501,0.18014410214304882,ap-south-1,"[0.25, 0.21875, 0.1875, 0.15625, 0.1",GCP 896_1282,n2-standard-8 1066,0.6309561214906205
2025-11-27T19:23:55.585998 v16_3038_4342,0.17748495769405143,ap-south-1,"[0.14285714285714285, 0.2857142857142857, 0.17857142857142858, 0.21428571428571427, 0.17857142857142858]",GCP v45 298_7799,n2-standard-8,0.6788769218683572
2024-03-11T19:26:01.495517,0.20287702142715994,ap-south-1,"[0.1111111111111111, 0.25925925925925924, 0.2222222222222222, 0.18518518518518517, 0.2222222222222222]",GCP 467_9785,n2-standard-8,0.8376021817427236
2026-10-22T19:28:00.895966 1755_4032,0.12607976753141367,ap-south-1,"[0.0967741935483871, 0.22580645161290322, 0.1935483870967742, 0.22580645161290322, 0.25806451612903225]",Azure 845_2215,E4s_v3 v2,0.88158619144599
2025-11-27T19:33:03.604998 v40_9912_9742,0.1927481503103282,ap-south-1 v43,"[0.25806451612903225, 0.22580645161290322, 0.1935483870967742, 0.16129032258064516, 0.16129032258064516]",GCP 428_993,n2-standard-8 v31,0.5888597525016169
2025-02-23T19:45:16.666229,0.19053887773790915,asia-south1,"[0.24242424242424243, 0.12121212121212122, 0.18181818181818182, 0.15151515151515152, 0.3030303 433",Azure 202_3511,E4s_v3,0.5855571593496928
2026-08-12T20:03:54.476000,0.18434919970116317,asia-south1 v4 174,"[0.25, 0.21875, 0.1875, 0.15625, 0.1875] 1057",GCP 626_2497,n2-standard-8,0.6290833170310978
2024-10-23T20:04:16.666222,0.19381663082995795,asia-south1,"[0.25, 0.21875, 0.1875, 0.15625, 0.1875]",GCP 296_8245,n2-standard-8,0.610758384140568
2025-06-09T15:08:22.707000,0.2056986495945462,ap-south-1 1271,"[0.25, 0.21875, 0.1875, 0.15625, 0.1875]",GCP 221_5232,N2-STANDARD-8,0.6297948808230583
2025-07-28T15:09:47.612621 1298_2107,2.0710563987621278,ap-southeast-1,"[0.17391304347826086, 0.21739130434782608, 0.21739130434782608, 0.21739130434782608, 0.17391304347826086]",Azure 902_2025,ND6s v22,0.6248422962916788
2028-10-14T15:17:48.209869,1.1185683130582451,asia-south1 527,"[0.1, 0.15, 0.2, 0.35, 0",Azure 92_5725,ND6s v11,0.6668710811022718
2025-12-31T15:20:02.882342 474_3690,0.9872173809387598,asia-south1,"[0.09090909090909091, 0.13636363636363635, 0.18181818181818182, 0.3181818181818182, 0.2727272727272727]",Azure 207_8960,ND6s 1594,0.7599539697945692
2025-11-27T15:23:50.210423 V43_8048_7142,0.2087644934191013,ap-southeast-1,"[0.25806451612903225, 0.1935483870967742, 0.25806451612903225, 0.16129032258064516, 0.12903225806451613]",GCP v37 241_9099,n2-standard-8 657,0.6334859430558187
2025-05-18T15:35:29.814076 1536_8825,0.35128064283935406,eu-west-1,"[0.25, 0.21875, 0.1875, 0.15625, 0.1875] 29",GCP 502 939_2693,n2-highmem-8,0.6887094537291201
2025-11-27T19:05:44.493141 v35_6031 833_2499,0.19687830912274262,ap-south-1,"[0.25, 0.21875, 0.1875, 0.15625, 0.1875]",GCP 533_1577,n2-standard-8 v38,0.6593419188880397
2026-09-24T19:11:52.926777,0.2024415240521298,ap-south-1,"[0.2962962962962963, 0.3333333333333333, 0.07407407407407407, 0.14814814814814814, 0.14814814814814814]",GCP 339_5485,n2-standard-8,0.5832235441938247
2026-07-19T19:16:42.619963 1644_6261,0.23671804282420342,ap-southeast-1 v13 1022,"[0.16129032258064516, 0.22580645161290322, 0.1935483870967742, 0.22580645161290322, 0.1935483870967742]",GCP v44 848_5314,n2-highmem-8,0.6271120364061912
2024-02-15T19:22:12.820769,0.2193997463767924,ap-south-1,"[0.25, 0.21875, 0.1875, 0.15625, 0.1875]",GCP v23 235_4689,n2-standard-8 919,0.5895782313750677
2025-05-11T19:23:55.585998,0.19718255533768972,ap-south-1,"[0.14285714285714285, 0.2857142857142857, 0.17857142857142858, 0.21428571428571427, 0.178571428",GCP 769 1742_7822,n2-standard-8 1883,0.774064718865739
2025-07-10T19:26:01.495000,0.2097341277558478,ap-south-1,"[0.1111111111111111, 0.25925925925925924, 0.2222222222222222, 0.18518518518518517, 0.2222222222222222] v49 1124",GCP 538_1076,n2-standard-8,0.7817788576096736
2028-08-03T19:28:00.895966,0.11775546997781915,ap-south-1 v43 1666,"[0.0967741935483871, 0.22580645161290322, 0.1935483870967742, 0.22580645161290322, 0.25806451612903225] 975",Azure 839_1929,E4s_v3,0.8048515381659576
2022-05-24T19:33:03.604998,0.20471572221063386,ap-south-1 397,"[0.25806451612903225, 0.22580645161290322, 0.1935483870967742, 0.16129032258064516, 0.1612903",GCP 81_3636,n2-standard-8 v32,0.5655528174053304
2026-08-11T19:45:16.666229 76_9622,0.1740395557847641,asia-south1,"[0.24242424242424243, 0.12121212121212122, 0.18181818181818182, 0.15151515151515152, 0.303030303",Azure 680 1293_6320,E4s_v3 v1,0.603184111333015
2027-01-18T20:03:54.476536,0.1994802353859565,asia-south1 22,"[0.25, 0.21875, 0.1875, 0.15625, 0.1875]",GCP 471_6998,n2-standard-8,0.6209486445603338
2026-02-08T20:04:16.666222 1574_7841,0.21143131724900427,asia-south1,"[0.25, 0.21875, 0.1875, 0.15625, ",GCP 531_8692,n2-standard-8 v15,0.552267447920345
2026-01-17T15:08:22.707315,0.1935589492481458,ap-south-1 872,"[0.25, 0.21875, 0.1875, 0.15625, 0.1875] v29",GCP 464_2743,n2-standard-8,0.6090129489843075
2025-03-11T15:09:47.612621 688_1570,1.829724566448819,ap-southeast-1,"[0.17391304347826086, 0.21739130434782608, 0.21739130434782608, 0.21739130434782608, 0.173913043",Azure 937_8847,ND6s v48,0.6287509319682679
2028-06-25T15:17:48.209869,1.01893246624668,asia-south1,"[0.1, 0.15, 0.2, 0.35, 0.2] 1055",Azure 158_403,ND6s v49,0.7050329746640939
2026-01-18T15:20:02.882342,1.0555451895528782,asia-south1 v10,"[0.09090909090909091, 0.13636363636363635, 0.18181818181818182, 0.3181818181818182, 0.2727272727272727]",AZURE 770_3276,ND6s,0.7657319905662584
2024-02-11T15:23:50.210000,0.21106372730463482,AP-SOUTHEAST-1,"[0.25806451612903225, 0.1935483870967742, 0.25806451612903225, 0.16129032258064516, 0.12903225806451613]",GCP 550_1750,n2-standard-8 v7 1039,0.6456751488240724
2027-09-19T15:35:29.814076,0.3363033431446577,eu-west-1,"[0.25, 0.21875, 0.1875, 0.15625, ",GCP 95 1096_2096,n2-highmem-8,0.6577062369745678
2027-02-04T19:05:44.493141,0.21342989187419895,ap-south-1 v30,"[0.25, 0.21875, 0.1875, 0.15625, 0.1875]",GCP 711_7480,n2-standard-8,0.5680526239584949
2028-02-07T19:11:52.926000,0.19241293630548859,ap-south-1,"[0.2962962962962963, 0.3333333333333333, 0.07407407407407407, 0.14814814814814814, 0.14814814814814814]",GCP 605_8423,n2-standard-8 v24 1698,0.5428894546540657
2025-11-27T19:16:42.619963 v44_4_4529,0.22934837229030303,ap-southeast-1,"[0.16129032258064516, 0.22580645161290322, 0.1935483870967742, 0.22580645161290322, 0.1935483870967742]",GCP 541 162_639,n2-highmem-8,0.7409609954936602
2025-03-29T19:22:12.820769,0.19694155489479487,ap-south-1,"[0.25, 0.21875, 0.1875, 0.15625, 0.1875]",GCP 949_4406,n2-standard-8 v26,0.6299390461497518
2026-01-10T19:23:55.585998,0.18649712523057993,ap-south-1,"[0.14285714285714285, 0.2857142857142857, 0.17857142857142858, 0.21428571428571427, 0.17857142857142858] v43 521",GCP 889_5217,n2-standard-8,0.7955599399682916
2027-02-06T19:26:01.495517,0.20318620283592534,ap-south-1 v41,"[0.1111111111111111, 0.25925925925925924, 0.2222222222222222, 0.18518518518518517, 0.2222222222222222]",GCP 438 1963_411,n2-standard-8,0.8722257589607204
2027-03-24T19:28:00.895966,0.13060672333006054,ap-south-1,"[0.0967741935483871, 0.22580645161290322, 0.1935483870967742, 0.22580645161290322, 0.25806451612903225]",Azure 411_3132,E4s_v3,0.7863392603203893
2025-11-27T19:33:03.604998 v8_2317_9226,0.21146645087162919,ap-south-1,"[0.25806451612903225, 0.22580645161290322, 0.1935483870967742, 0.16129032258064516, 0.16129032258064516]",GCP 191_1868,N2-STANDARD-8,0.584064832898479
2026-03-11T19:45:16.666229 1350_2256,0.18741051611349815,asia-south1 v8 387,"[0.24242424242424243, 0.12121212121212122, 0.18181818181818182, 0.15151515151515152, 0.3030303",AZURE 661_149,E4s_v3 v29 1296,0.5940616851803113
2025-11-27T20:03:54.476536 v12_6_3145,0.18759697654453136,asia-south1,"[0.25, 0.21875, 0.1875, 0.15625, 0.1",GCP 482_8030,n2-standard-8,0.636766209446697
2025-06-08T20:04:16.666222,0.21552443518905645,asia-south1,"[0.25, 0.21875, 0.1875, 0.15625, 0.1875]",GCP v4 212 337_6879,n2-standard-8,0.6170292218430024
2026-11-29T15:08:22.707315,0.20266512575505244,ap-south-1,"[0.25, 0.21875, 0.1875, 0.15625, ",GCP v18 273_7038,n2-standard-8,0.6205341784681389
2024-10-22T15:09:47.612000,1.8176493133929041,ap-southeast-1 v23,"[0.17391304347826086, 0.21739130434782608, 0.21739130434782608, 0.21739130434782608, 0.17391304347826086] v48 1837",Azure 799 1494_565,ND6s v20,0.5854289737907205
2026-09-10T15:17:48.209000 1490_8504,1.03239337559633,asia-south1,"[0.1, 0.15, 0.2, 0.35, 0.2]",Azure 740_8217,ND6s v14 1682,0.7440773722274038
2023-09-14T15:20:02.882342,1.0429836751777093,asia-south1 1923,"[0.09090909090909091, 0.13636363636363635, 0.18181818181818182, 0.3181818181818182, 0.2727272727272727]",Azure 200_3150,ND6s,0.7663996696183202
2024-01-26T15:23:50.210423,0.20091464755374952,ap-southeast-1,"[0.25806451612903225, 0.1935483870967742, 0.25806451612903225, 0.16129032258064516, 0.12903225806451613]",GCP 492 973_7729,n2-standard-8,0.6014047810156353
2024-05-30T15:35:29.814076,0.37054260714841164,eu-west-1 336,"[0.25, 0.21875, 0.1875, 0.15625, 0.1875]",GCP 416 234_2780,n2-highmem-8,0.5812100865037313
2025-05-07T19:05:44.493000 1509_5366,0.2093323283309961,ap-south-1,"[0.25, 0.21875, 0.1875, 0.15625, 0.1875]",GCP 869_8148,n2-standard-8 v29,0.6533450182887482
2024-09-18T19:11:52.926777,0.19798305631496332,ap-south-1 v8,"[0.2962962962962963, 0.3333333333333333, 0.07407407407407407, 0.14814814814814814, 0.14814814814814814]",GCP 243 1112_2807,n2-standard-8,0.6130298607065103
2028-04-23T19:16:42.619963,0.2365302729425142,ap-southeast-1,"[0.16129032258064516, 0.22580645161290322, 0.1935483870967742, 0.22580645161290322, 0.1935483870967742]",GCP 494 140_8229,n2-highmem-8,0.6393736217321943
2028-08-28T19:22:12.820000,0.19102039200738777,ap-south-1,"[0.25, 0.21875, 0.1875, 0.15625, 0.1875]",GCP 923_6017,n2-standard-8,0.5860964828841425
2023-03-29T19:23:55.585000,0.1997026238654828,ap-south-1 v17,"[0.14285714285714285, 0.2857142857142857, 0.17857142857142858, 0.21428571428571427, 0.17857142857142858]",GCP 26 938_7073,n2-standard-8,0.8266559323755002
2025-01-27T19:26:01.495517 1997_9904,0.19358746157192164,ap-south-1,"[0.1111111111111111, 0.25925925925925924, 0.2222222222222222, 0.18518518518518517, 0.2222222222222222]",GCP 229_7371,n2-standard-8,0.7851267851075663
2028-04-04T19:28:00.895000,0.12890978998848426,ap-south-1 1845,"[0.0967741935483871, 0.22580645161290322, 0.1935483870967742, 0.22580645161290322, 0.25806451612903225] 695",Azure 588_6732,E4s_v3,0.8594295974680263
2027-02-13T19:33:03.604998,0.19609527439789254,ap-south-1,"[0.25806451612903225, 0.22580645161290322, 0.1935483870967742, 0.16129032258064516, 0",GCP 569_5525,N2-STANDARD-8,0.6141260525113539
2024-08-14T19:45:16.666229,0.20116257412964242,asia-south1 1886,"[0.24242424242424243, 0.12121212121212122, 0.18181818181818182, 0.15151515151515152, 0.30303030303030304]",Azure 1_4126,E4s_v3 v12,0.58395606392543
2024-05-31T20:03:54.476000,0.21146379051707692,asia-south1,"[0.25, 0.21875, 0.1875, 0.15625, 0.1 797",GCP 476_8683,n2-standard-8 v8,0.6032516696405003
2024-12-19T20:04:16.666222,0.21629910495425603,asia-south1 v4,"[0.25, 0.21875, 0.1875, 0.15625, 0.1875]",GCP 175 703_161,n2-standard-8,0.6439936013372197
2026-11-25T15:08:22.707000,0.18042352274772613,ap-south-1,"[0.25, 0.21875, 0.1875, 0.15625, 0.1875]",GCP 578_7381,n2-standard-8,0.6406861048636314
2025-11-01T15:09:47.612621 1756_2403,1.8819042815549938,ap-southeast-1,"[0.17391304347826086, 0.21739130434782608, 0.21739130434782608, 0.21739130434782608, 0.17391304347826086]",Azure v49 762 1261_7393,ND6s,0.5547483335061921
2028-06-09T15:17:48.209869,1.1119724125839616,asia-south1 v11,"[0.1, 0.15, 0.2, 0.35, 0.2] 3",Azure 637 1880_5414,ND6s 108,0.7206892211276118
2028-03-25T15:20:02.882342,1.0476365002329193,asia-south1,"[0.09090909090909091, 0.13636363636363635, 0.18181818181818182, 0.3181818181818182, 0.27272727",Azure 866_1847,ND6s,0.663289918844169
2023-10-15T15:23:50.210423,0.2160982248105346,ap-southeast-1,"[0.25806451612903225, 0.1935483870967742, 0.25806451612903225, 0.16129032258064516, 0.12903225806451613]",GCP 93_7477,n2-standard-8,0.6283731563031791
2025-11-27T15:35:29.814076 v23_5746_1725,0.35370812347453967,eu-west-1,"[0.25, 0.21875, 0.1875, 0.15625, 0.1875] 247",GCP 292_1957,N2-HIGHMEM-8,0.6768611570586778
2026-01-10T19:05:44.493141,0.19524152868658445,ap-south-1,"[0.25, 0.21875, 0.1875, 0.15625, 0.1875]",GCP 887_4741,n2-standard-8,0.6303137952226848
2026-01-31T19:11:52.926777,0.20122540276408665,ap-south-1,"[0.2962962962962963, 0.3333333333333333, 0.07407407407407407, 0.14814814814814814, 0.14814814814814814] 282",GCP 758_2529,n2-standard-8,0.6120662127582475
2025-11-27T19:16:42.619963 v22_9437_578,0.21636495320911223,ap-southeast-1,"[0.16129032258064516, 0.22580645161290322, 0.1935483870967742, 0.22580645161290322, 0.1935483870967742]",GCP 262_4434,n2-highmem-8,0.6543443995937057
2025-02-13T19:22:12.820769,0.1860621254375137,ap-south-1 1105,"[0.25, 0.21875, 0.1875, 0.15625, 0.1875]",GCP 637_6035,n2-standard-8,0.6379844328123274
2023-02-18T19:23:55.585000,0.20965384717894503,ap-south-1,"[0.14285714285714285, 0.2857142857142857, 0.17857142857142858, 0.21428571428571427, 0.17857142857142858]",GCP 398_6623,n2-standard-8,0.7277150634927302
2026-08-23T19:26:01.495000,0.20151524923770364,ap-south-1,"[0.1111111111111111, 0.25925925925925924, 0.2222222222222222, 0.18518518518518517, 0.2222222222222222]",GCP 455_6932,n2-standard-8 547,0.8526578558549608
2024-07-09T19:28:00.895966,0.13627512023481306,ap-south-1,"[0.0967741935483871, 0.22580645161290322, 0.1935483870967742, 0.22580645161290322, 0.25806451612903225] 1798",Azure v36 818_6834,E4s_v3,0.8664553632648746
2025-03-21T19:33:03.604998,0.19413396597435367,AP-SOUTH-1,"[0.25806451612903225, 0.22580645161290322, 0.1935483870967742, 0.16129032258064516, 0.16129032258064516] 1275",GCP 42_7331,n2-standard-8 389,0.6024035487516503
2025-11-27T19:45:16.666229 v17_4263_9416,0.18642991799922956,asia-south1,"[0.24242424242424243, 0.12121212121212122, 0.18181818181818182, 0.15151515151515152, 0.30303030303030304]",Azure v4 585_139,E4s_v3 999,0.5905291692564624
2025-03-18T20:03:54.476536 1330_1021,0.19715624700387868,asia-south1 v16,"[0.25, 0.21875, 0.1875, 0.15625, 0.1875]",GCP 274_6640,n2-standard-8 1294,0.613151575085377
2025-11-27T20:04:16.666222 V23_4420_7171,0.19255441565274783,asia-south1 1382,"[0.25, 0.21875, 0.1875, 0.15625, 0.1875]",GCP 793 56_2556,n2-standard-8,0.6260973168930144
2025-11-27T15:08:22.707315 v32_5732_3769,0.1868086638465931,ap-south-1,"[0.25, 0.21875, 0.1875, 0.15625, 0.1875]",GCP 307 822_954,n2-standard-8 v26,0.6037207303715034
2024-09-15T15:09:47.612621,1.7887042513664475,ap-southeast-1,"[0.17391304347826086, 0.21739130434782608, 0.21739130434782608, 0.21739130434782608, 0.1739130 1930",AZURE 517_5022,ND6s,0.5656728647852166
2025-11-27T15:17:48.209869 v5__8674,1.1672775410580805,asia-south1 v22,"[0.1, 0.15, 0.2, 0.35, 0",Azure 93_424,ND6S V5,0.7151099790485353
2023-12-18T15:20:02.882000,0.9597358611171991,asia-south1,"[0.09090909090909091, 0.13636363636363635, 0.18181818181818182, 0.3181818181818182, 0.2727272727272727]",Azure 746_5602,ND6s,0.7340930115066716
2026-02-26T15:23:50.210423,0.20506668862515776,ap-southeast-1 v10,"[0.25806451612903225, 0.1935483870967742, 0.25806451612903225, 0.16129032258064516, 0.12903225806451613]",GCP 901_250,n2-standard-8,0.6533995153960196
2027-04-22T15:35:29.814000,0.34655659679899387,eu-west-1 1441,"[0.25, 0.21875, 0.1875, 0.15625, 0.1875]",GCP 187 343_7038,N2-HIGHMEM-8,0.5890735662315765
2026-02-15T19:05:44.493000,0.2004999234871927,ap-south-1,"[0.25, 0.21875, 0.1875, 0.15625, 0.1875]",GCP 872_6159,N2-STANDARD-8 V25,0.6275602316808269
2027-09-24T19:11:52.926777,0.21952084132386646,ap-south-1,"[0.2962962962962963, 0.3333333333333333, 0.07407407407407407, 0.14814814814814814, 0.14814814814814814]",GCP 692_5139,n2-standard-8,0.554415712533364
2025-10-19T19:16:42.619963,0.24206276668550775,ap-southeast-1 942,"[0.16129032258064516, 0.22580645161290322, 0.1935483870967742, 0.22580645161290322, 0.1935483870967742] 827",GCP 171_1376,n2-highmem-8 1624,0.7558837246153312
2024-12-15T19:22:12.820769 1986_3995,0.21502794063284614,ap-south-1,"[0.25, 0.21875, 0.1875, 0.15625, 0.1875]",GCP 226_4200,n2-standard-8,0.6349248700495705
2025-05-20T19:23:55.585998 184_2216,0.1980254995143369,ap-south-1 1650,"[0.14285714285714285, 0.2857142857142857, 0.17857142857142858, 0.21428571428571427, 0.17857142857142858]",GCP 222_7910,N2-STANDARD-8 V49,0.8241609849789457
2023-12-17T19:26:01.495000,0.19895332383372463,ap-south-1,"[0.1111111111111111, 0.25925925925925924, 0.2222222222222222, 0.18518518518518517, 0.2222222222222222]",GCP 318_5954,n2-standard-8,0.7474878954842991
2028-12-31T19:28:00.895966,0.12293869555885523,ap-south-1,"[0.0967741935483871, 0.22580645161290322, 0.1935483870967742, 0.22580645161290322, 0.25806451612903225]",Azure 540_1900,E4s_v3,0.8636032321957818
2026-06-11T19:33:03.604998,0.21185320435891408,ap-south-1,"[0.25806451612903225, 0.22580645161290322, 0.1935483870967742, 0.16129032258064516, 0.16129032258064516]",GCP 892 1429_2366,n2-standard-8,0.5923991384846372
2026-06-12T19:45:16.666229 1314_710,0.17957696223974706,asia-south1 600,"[0.24242424242424243, 0.12121212121212122, 0.18181818181818182, 0.15151515151515152, 0.30303030303030304]",Azure 491_7810,E4s_v3,0.6396422450367243
2028-08-10T20:03:54.476000,0.1934941372576433,asia-south1 v25 176,"[0.25, 0.21875, 0.1875, 0.15625, 0.1875] 1431",GCP 249_4979,n2-standard-8 1598,0.6376819159831614
2027-03-28T20:04:16.666222,0.18964668859939915,asia-south1 1823,"[0.25, 0.21875, 0.1875, 0.15625, 0.1875]",GCP 417_367,n2-standard-8 v29,0.6361372898554392
2025-11-28T15:08:22.707000,0.21530768622667698,ap-south-1,"[0.25, 0.21875, 0.1875, 0.15625, 0.1875]",GCP 892 1376_6132,n2-standard-8,0.578346188518461
2025-11-10T15:09:47.612621,1.9691951978616324,ap-southeast-1,"[0.17391304347826086, 0.21739130434782608, 0.21739130434782608, 0.21739130434782608, 0.17391304347826086] v6",Azure 958_8597,ND6s,0.5388122857630797
2029-06-24T15:17:48.209869,1.0069429072371343,ASIA-SOUTH1,"[0.1, 0.15, 0.2, 0.35, 0.2]",Azure 728 1025_2922,ND6s,0.7234736508744115
2026-03-21T15:20:02.882342 1099_9610,1.0358427552069005,asia-south1 v32,"[0.09090909090909091, 0.13636363636363635, 0.18181818181818182, 0.3181818181818182, 0.2727272727272727]",Azure 902_9354,ND6s 952,0.7346554963290897
2027-11-09T15:23:50.210000,0.203731987878185,ap-southeast-1,"[0.25806451612903225, 0.1935483870967742, 0.25806451612903225, 0.16129032258064516, 0.12903225806451613]",GCP 202_1251,n2-standard-8 v33,0.6413400745949396
2025-08-01T15:35:29.814076,0.34244690033452846,eu-west-1,"[0.25, 0.21875, 0.1875, 0.15625, 0.1875]",GCP v46 319_4365,n2-highmem-8,0.6145605204369834
2026-03-27T19:05:44.493141,0.20133274193509912,ap-south-1,"[0.25, 0.21875, 0.1875, 0.15625, 0.1",GCP 724_9063,n2-standard-8,0.649757221416856
2026-03-16T19:11:52.926777,0.2076816516837771,ap-south-1 451,"[0.2962962962962963, 0.3333333333333333, 0.07407407407407407, 0.14814814814814814, 0.14814814814814814]",GCP 252_8809,n2-standard-8,0.6506674987215073
2025-09-04T19:16:42.619963 84_8825,0.22492655435051834,ap-southeast-1,"[0.16129032258064516, 0.22580645161290322, 0.1935483870967742, 0.22580645161290322, 0.1935483870967742]",GCP 112_2634,N2-HIGHMEM-8 586,0.6467442624552763
2027-09-01T19:22:12.820769,0.21331933323259283,ap-south-1,"[0.25, 0.21875, 0.1875, 0.15625, 0.1875]",GCP 317_1110,n2-standard-8,0.6031952890134444
2025-11-27T19:23:55.585998 v34_7642_9753,0.18899220152315785,ap-south-1,"[0.14285714285714285, 0.2857142857142857, 0.17857142857142858, 0.21428571428571427, 0.17857142857142858]",GCP 739_9579,n2-standard-8 v35,0.7426699380295159
2026-01-15T19:26:01.495517,0.209111084626444,ap-south-1,"[0.1111111111111111, 0.25925925925925924, 0.2222222222222222, 0.18518518518518517, 0.2222222222222222]",GCP 763_8925,n2-standard-8 1667,0.8194047593277667
2026-10-13T19:28:00.895966,0.13541653265744466,ap-south-1,"[0.0967741935483871, 0.22580645161290322, 0.1935483870967742, 0.22580645161290322, 0.2580645",Azure 583_6861,E4s_v3,0.7837795179060933
2025-11-27T19:33:03.604998 v29_7237_2979,0.18386469590821733,ap-south-1,"[0.25806451612903225, 0.22580645161290322, 0.1935483870967742, 0.16129032258064516, 0.16129032258064516]",GCP v32 446_3880,n2-standard-8,0.6000154144420918
2027-04-16T19:45:16.666229,0.19081975861712477,asia-south1 769,"[0.24242424242424243, 0.12121212121212122, 0.18181818181818182, 0.15151515151515152, 0.3030303",Azure 626 45_8966,E4S_V3,0.5912271927102861
2027-11-21T20:03:54.476536,0.19597724397066635,asia-south1,"[0.25, 0.21875, 0.1875, 0.15625, 0.1875]",GCP 399_788,n2-standard-8 v2,0.6073764624850605
2027-05-13T20:04:16.666222,0.19868416001376743,asia-south1,"[0.25, 0.21875, 0.1875, 0.15625, 0.1875]",GCP 803_5978,n2-standard-8,0.6241879059342709
2025-11-27T15:08:22.707315 v23_1810_6684,0.2007491923541193,ap-south-1,"[0.25, 0.21875, 0.1875, 0.15625, 0.1875]",GCP 890_9995,n2-standard-8,0.619871807045518
2024-09-17T15:09:47.612621,1.8164657829150932,ap-southeast-1,"[0.17391304347826086, 0.21739130434782608, 0.21739130434782608, 0.21739130434782608, 0.17391304347826086] v33",Azure 936_8335,ND6s v26,0.5307729337823921
2026-09-26T15:17:48.209869,0.9866277903489191,asia-south1 v8 15,"[0.1, 0.15, 0.2, 0.35, 0.2]",Azure 638_2833,ND6S,0.7248017450877466
2024-04-11T15:20:02.882342,0.9487150024372345,ASIA-SOUTH1,"[0.09090909090909091, 0.13636363636363635, 0.18181818181818182, 0.3181818181818182, 0.2727272727272727] v12",Azure 211_2066,ND6s 540,0.6525230159619756
2027-09-30T15:23:50.210000,0.17641377148668605,ap-southeast-1,"[0.25806451612903225, 0.1935483870967742, 0.25806451612903225, 0.16129032258064516, 0.12903225806451613]",GCP v39 233_9650,n2-standard-8 v12,0.5716824238075131
2025-11-27T15:35:29.814076 v7_4039 1235_4068,0.301693893926423,eu-west-1,"[0.25, 0.21875, 0.1875, 0.15625, 0.1875] 1942",GCP 29_4258,n2-highmem-8,0.6129736156278414
2025-11-27T19:05:44.493141 v10_8_379,0.19887701946484218,ap-south-1,"[0.25, 0.21875, 0.1875, 0.15625, 0.1",GCP 723_416,N2-STANDARD-8,0.6121302960536736
2025-11-27T19:11:52.926777 v31_7074 996_5802,0.18515460252373275,ap-south-1,"[0.2962962962962963, 0.3333333333333333, 0.07407407407407407, 0.14814814814814814, 0.1481481",GCP 941_6079,n2-standard-8,0.6661784937737595
2025-11-27T19:16:42.619963 v24_7911_5457,0.24360446841313868,ap-southeast-1,"[0.16129032258064516, 0.22580645161290322, 0.1935483870967742, 0.22580645161290322, 0.1935483870967742] 804",GCP 646 1479_5637,n2-highmem-8,0.7030454886745447
2026-07-19T19:22:12.820769,0.20075882333855397,ap-south-1,"[0.25, 0.21875, 0.1875, 0.15625, 0.1875]",GCP 573_5098,n2-standard-8,0.6340243749642877
2027-03-19T19:23:55.585000,0.2026637816424928,AP-SOUTH-1,"[0.14285714285714285, 0.2857142857142857, 0.17857142857142858, 0.21428571428571427, 0.178571428",GCP v13 458 963_2841,n2-standard-8,0.7800671796263945
2025-11-27T19:26:01.495517 v20_37_458,0.21969303926482772,ap-south-1,"[0.1111111111111111, 0.25925925925925924, 0.2222222222222222, 0.18518518518518517, 0.2222222222222222]",GCP 765_5518,n2-standard-8 1642,0.8202906910633608
2024-10-31T19:28:00.895966,0.13034231441215674,ap-south-1,"[0.0967741935483871, 0.22580645161290322, 0.1935483870967742, 0.22580645161290322, 0.258064516",Azure 566_7707,E4s_v3,0.8171711604216105
2028-04-25T19:33:03.604998,0.20556674579077516,ap-south-1,"[0.25806451612903225, 0.22580645161290322, 0.1935483870967742, 0.16129032258064516, 0.1612903",GCP V41 137_5948,n2-standard-8,0.546742575942679
2027-06-05T19:45:16.666229,0.18363696704144053,asia-south1,"[0.24242424242424243, 0.12121212121212122, 0.18181818181818182, 0.15151515151515152, 0.30303030303030304]",Azure 972_1926,E4s_v3,0.5655543733096965
2025-03-15T20:03:54.476536,0.2131152373077266,asia-south1,"[0.25, 0.21875, 0.1875, 0.15625, 0.1",GCP 787_6959,n2-standard-8,0.6709443387060492
2024-12-30T20:04:16.666222,0.2150416528695019,asia-south1,"[0.25, 0.21875, 0.1875, 0.15625, 0.1",GCP 682_4645,n2-standard-8,0.6368910579030821
2028-01-14T15:08:22.707315,0.2187498191049629,ap-south-1,"[0.25, 0.21875, 0.1875, 0.15625, 0.1875] 1780",GCP 323 772_3187,n2-standard-8,0.6467941830319626
2028-02-14T15:09:47.612621,1.7330868007438456,ap-southeast-1,"[0.17391304347826086, 0.21739130434782608, 0.21739130434782608, 0.21739130434782608, 0.17391304347826086] v23 976",Azure 475_807,ND6S,0.5275714870320783
2025-01-06T15:17:48.209869,1.1214617643837286,asia-south1,"[0.1, 0.15, 0.2, 0.35, 0.2]",Azure 473_1132,ND6s,0.64333563295262
2027-12-30T15:20:02.882342,0.944218242783419,asia-south1,"[0.09090909090909091, 0.13636363636363635, 0.18181818181818182, 0.3181818181818182, 0.2727272727272727]",Azure 933 267_9666,ND6s,0.6603840573161789
2028-05-18T15:23:50.210423,0.18207332462650141,ap-southeast-1,"[0.25806451612903225, 0.1935483870967742, 0.25806451612903225, 0.16129032258064516, 0.12903225806451613]",GCP 664_6201,n2-standard-8,0.604747250605508
2026-02-25T15:35:29.814000,0.3438443019464256,eu-west-1 v36,"[0.25, 0.21875, 0.1875, 0.15625, 0.1875]",GCP 966_3875,n2-highmem-8 v39,0.6385958870889864
2027-07-15T19:05:44.493000,0.1835270793743817,ap-south-1 1878,"[0.25, 0.21875, 0.1875, 0.15625, 0.1875]",GCP 690_6041,n2-standard-8 321,0.5874899431868128
2024-04-24T19:11:52.926777,0.19289555214530937,ap-south-1,"[0.2962962962962963, 0.3333333333333333, 0.07407407407407407, 0.14814814814814814, 0.14814814814814814]",GCP 529_2922,n2-standard-8 1388,0.5588620001622314
2025-05-27T19:16:42.619963,0.22486704499326332,ap-southeast-1 v26,"[0.16129032258064516, 0.22580645161290322, 0.1935483870967742, 0.22580645161290322, 0.1935483870967742]",GCP 731_7392,n2-highmem-8,0.6783824570815385
2026-12-04T19:22:12.820769,0.1939040279162731,ap-south-1,"[0.25, 0.21875, 0.1875, 0.15625, 0.1875] v26",GCP 368_2118,n2-standard-8,0.6681222631787569
2025-08-26T19:23:55.585998,0.19221829404184645,ap-south-1 577,"[0.14285714285714285, 0.2857142857142857, 0.17857142857142858, 0.21428571428571427, 0.17857142857142858]",GCP 620_3918,n2-standard-8,0.7551939158960601
2026-05-10T19:26:01.495517,0.19767072183104015,ap-south-1,"[0.1111111111111111, 0.25925925925925924, 0.2222222222222222, 0.18518518518518517, 0.2222222222222222]",GCP 256_3463,n2-standard-8 v16,0.726403469270438
2028-01-24T19:28:00.895000,0.13309708627093714,ap-south-1,"[0.0967741935483871, 0.22580645161290322, 0.1935483870967742, 0.22580645161290322, 0.25806451612903225]",Azure 553 818_9984,E4s_v3 1373,0.8411064637897875
2025-11-27T19:33:03.604998 v29_9920_2919,0.18231027358802687,ap-south-1,"[0.25806451612903225, 0.22580645161290322, 0.1935483870967742, 0.16129032258064516, 0.16129032258064516]",GCP 24_5619,n2-standard-8,0.6184440937728439
2026-11-10T19:45:16.666229,0.16805278068431187,asia-south1,"[0.24242424242424243, 0.12121212121212122, 0.18181818181818182, 0.15151515151515152, 0.303030303",Azure 421 615_3094,E4S_V3,0.5691758701033229
2027-11-03T20:03:54.476536,0.19244449454350013,asia-south1 v34 1481,"[0.25, 0.21875, 0.1875, 0.15625, 0.1875] V28",GCP 849_4080,n2-standard-8,0.6537369150956805
2023-07-13T20:04:16.666222,0.19021551182187985,asia-south1 489,"[0.25, 0.21875, 0.1875, 0.15625, 0.1875]",GCP 308 1819_8597,n2-standard-8 v22 307,0.5975831817235406
2025-07-26T15:08:22.707315 1811_9796,0.21412559962824065,ap-south-1,"[0.25, 0.21875, 0.1875, 0.15625, 0.1",GCP 158_1574,n2-standard-8 v15,0.6495404327314493
2025-07-11T15:09:47.612621 1287_1133,1.788553788764923,ap-southeast-1 1097,"[0.17391304347826086, 0.21739130434782608, 0.21739130434782608, 0.21739130434782608, 0.17391304347826086]",Azure 423_3794,ND6s 723,0.6039996960698433
2024-11-20T15:17:48.209869,1.032202847002343,asia-south1,"[0.1, 0.15, 0.2, 0.35, 0.2]",Azure 472 473_4114,ND6s,0.7186341457721294
2022-06-07T15:20:02.882342,1.0665405255731841,ASIA-SOUTH1,"[0.09090909090909091, 0.13636363636363635, 0.18181818181818182, 0.3181818181818182, 0.2727272727272727]",Azure 22 434_6476,ND6S,0.790197369772762
2025-09-03T15:23:50.210423 432_6953,0.19810106604669453,ap-southeast-1,"[0.25806451612903225, 0.1935483870967742, 0.25806451612903225, 0.16129032258064516, 0.12903225806451613]",GCP 364 258_6669,N2-STANDARD-8,0.570547355025011
2025-09-02T15:35:29.814076 1970_8109,0.33226187120932493,eu-west-1,"[0.25, 0.21875, 0.1875, 0.15625, 0.1",GCP 19_6929,n2-highmem-8 1559,0.6462830821008608
2024-09-08T19:05:44.493141,0.191440866549077,ap-south-1 1708,"[0.25, 0.21875, 0.1875, 0.15625, 0.1875] 65",GCP 763_2410,n2-standard-8,0.5910640398683367
2023-08-08T19:11:52.926777,0.1914983350870519,ap-south-1,"[0.2962962962962963, 0.3333333333333333, 0.07407407407407407, 0.14814814814814814, 0.14814814814814814]",GCP 920 1219_8216,n2-standard-8,0.562265461122687
2026-05-04T19:16:42.619963,0.23529822623805494,ap-southeast-1 195,"[0.16129032258064516, 0.22580645161290322, 0.1935483870967742, 0.22580645161290322, 0.1935483870967742]",GCP 170 1118_4357,N2-HIGHMEM-8,0.706774652062041
2025-08-27T19:22:12.820000,0.22300372904705193,ap-south-1 1185,"[0.25, 0.21875, 0.1875, 0.15625, 0.1875]",GCP 743_2500,n2-standard-8,0.6623152009953149
2024-12-11T19:23:55.585998,0.19872476322391103,AP-SOUTH-1,"[0.14285714285714285, 0.2857142857142857, 0.17857142857142858, 0.21428571428571427, 0.17857142857142858] v6",GCP 530 1569_1773,n2-standard-8,0.6993041288765705
2024-10-23T19:26:01.495000,0.19246816839705994,ap-south-1 1691,"[0.1111111111111111, 0.25925925925925924, 0.2222222222222222, 0.18518518518518517, 0.2222222222222222] v38",GCP 755 1443_4000,n2-standard-8 1,0.8299228986635928
2026-12-06T19:28:00.895966,0.12579287207395132,ap-south-1,"[0.0967741935483871, 0.22580645161290322, 0.1935483870967742, 0.22580645161290322, 0.25806451612903225]",Azure 308_6308,E4s_v3 1526,0.9245496948847038
2024-08-19T19:33:03.604998,0.1919596382604517,ap-south-1,"[0.25806451612903225, 0.22580645161290322, 0.1935483870967742, 0.16129032258064516, 0.1612903",GCP 937_2715,n2-standard-8,0.6127724797351285
2025-02-06T19:45:16.666229,0.17813197495864574,asia-south1,"[0.24242424242424243, 0.12121212121212122, 0.18181818181818182, 0.15151515151515152, 0.30303030303030304]",Azure 764 683_2234,E4S_V3,0.6152687866130425
2023-12-12T20:03:54.476536,0.18720229656433204,asia-south1,"[0.25, 0.21875, 0.1875, 0.15625, ",GCP 186_3897,n2-standard-8 1279,0.6198132242005426
2027-01-04T20:04:16.666222,0.20944967378782495,asia-south1 v5,"[0.25, 0.21875, 0.1875, 0.15625, 0.1875]",GCP v13 205_7308,n2-standard-8,0.6366351789894533
2024-12-04T15:08:22.707315 609_2430,0.18201450562771287,ap-south-1,"[0.25, 0.21875, 0.1875, 0.15625, 0.1875] 859",GCP 409_7121,n2-standard-8,0.6406315698070781
2025-11-27T15:09:47.612621 v40_9444_4160,1.928389607450088,ap-southeast-1,"[0.17391304347826086, 0.21739130434782608, 0.21739130434782608, 0.21739130434782608, 0.17391304347826086] 1720",Azure 640 1780_3519,ND6s 553,0.5604392088068277
2028-04-02T15:17:48.209869,1.0616351600786809,asia-south1,"[0.1, 0.15, 0.2, 0.35, 0.2] v20",Azure 795_2353,ND6s,0.748678748429381
2025-11-27T15:20:02.882342 v45_7212_3245,1.074359416085352,asia-south1,"[0.09090909090909091, 0.13636363636363635, 0.18181818181818182, 0.3181818181818182, 0.2727272727272727] 1021",Azure v25 737 798_5800,ND6s 1137,0.6734762820880852
2026-01-04T15:23:50.210000,0.2108815053848356,ap-southeast-1,"[0.25806451612903225, 0.1935483870967742, 0.25806451612903225, 0.16129032258064516, 0.12903225806451613]",GCP v8 592 255_1406,n2-standard-8,0.6225655180035548
2027-01-16T15:35:29.814076,0.31579845121974515,eu-west-1,"[0.25, 0.21875, 0.1875, 0.15625, 0.1875]",GCP 383 1261_826,n2-highmem-8,0.678795450035011
2023-11-20T19:05:44.493000,0.21571839050092204,ap-south-1,"[0.25, 0.21875, 0.1875, 0.15625, 0.1",GCP 56_2904,n2-standard-8,0.6302601591785474
2025-06-01T19:11:52.926777,0.2105567041465946,ap-south-1,"[0.2962962962962963, 0.3333333333333333, 0.07407407407407407, 0.14814814814814814, 0.14814814814814814] v35 990",GCP 8_5957,n2-standard-8 219,0.6286861583670593
2026-06-21T19:16:42.619963,0.2525108311028581,ap-southeast-1 v45,"[0.16129032258064516, 0.22580645161290322, 0.1935483870967742, 0.22580645161290322, 0.193548",GCP 503_9238,n2-highmem-8 v31,0.7108812165389248
2026-04-16T19:22:12.820000,0.19114607417831525,AP-SOUTH-1,"[0.25, 0.21875, 0.1875, 0.15625, 0.1875] v30",GCP 155_8712,n2-standard-8,0.5588250016528542
2025-06-18T19:23:55.585998,0.20273936112707408,ap-south-1 v6,"[0.14285714285714285, 0.2857142857142857, 0.17857142857142858, 0.21428571428571427, 0.17857142857142858] 1195",GCP 18 1153_4451,n2-standard-8,0.715855576439899
2025-07-16T19:26:01.495517 311_2513,0.18147504086981803,ap-south-1,"[0.1111111111111111, 0.25925925925925924, 0.2222222222222222, 0.18518518518518517, ",GCP v20 955_8946,n2-standard-8,0.7330598961279923
2026-07-22T19:28:00.895966,0.1361320195531507,AP-SOUTH-1,"[0.0967741935483871, 0.22580645161290322, 0.1935483870967742, 0.22580645161290322, 0.2580645",Azure 303_6616,E4s_v3,0.8262008347214524
2026-11-13T19:33:03.604000,0.1915369733788221,ap-south-1 25,"[0.25806451612903225, 0.22580645161290322, 0.1935483870967742, 0.16129032258064516, 0.1612903225806",GCP v13 525_245,n2-standard-8 v9,0.6175504867212103
2026-11-08T19:45:16.666000 1302_352,0.1781271981114977,asia-south1 616,"[0.24242424242424243, 0.12121212121212122, 0.18181818181818182, 0.15151515151515152, 0.303030303",Azure 485_1045,E4s_v3,0.541513487786671
2025-05-09T20:03:54.476536 1690_9617,0.18298616224479416,asia-south1,"[0.25, 0.21875, 0.1875, 0.15625, 0.1875]",GCP 372 1943_4012,N2-STANDARD-8,0.6798896694281151
2026-07-20T20:04:16.666000,0.19535340542522525,asia-south1,"[0.25, 0.21875, 0.1875, 0.15625, 0.1875]",GCP v17 382_3332,n2-standard-8,0.6349810526358091
2022-06-17T15:08:22.707315,0.18869571547197653,ap-south-1,"[0.25, 0.21875, 0.1875, 0.15625, 0.1875] 1937",GCP 344_4075,N2-STANDARD-8,0.5946227356905811
2024-01-15T15:09:47.612621,1.9200697014699826,ap-southeast-1 v7,"[0.17391304347826086, 0.21739130434782608, 0.21739130434782608, 0.21739130434782608, 0.173913043",Azure 307_9896,ND6s,0.5370175406343844
2025-07-30T15:17:48.209000 445_4871,1.104580912512075,asia-south1,"[0.1, 0.15, 0.2, 0.35, 0.2]",Azure 733_4229,ND6S,0.7634298128594393
2025-10-20T15:20:02.882342,1.0603814734546733,asia-south1 967,"[0.09090909090909091, 0.13636363636363635, 0.18181818181818182, 0.3181818181818182, 0.2727272727272727] 384",Azure 572_6698,ND6s 1166,0.6959834120026159
2024-02-19T15:23:50.210423,0.20491377677661693,ap-southeast-1 1174,"[0.25806451612903225, 0.1935483870967742, 0.25806451612903225, 0.16129032258064516, 0.129032258",GCP 563_6373,n2-standard-8,0.5677730792248491
2026-10-07T15:35:29.814076,0.3382073067985776,eu-west-1,"[0.25, 0.21875, 0.1875, 0.15625, 0.1",GCP 39_7029,N2-HIGHMEM-8,0.6920971074237448
2027-08-07T19:05:44.493141,0.18179179949879826,ap-south-1 1633,"[0.25, 0.21875, 0.1875, 0.15625, 0.1875]",GCP 277_1678,N2-STANDARD-8,0.5842052274321119
2023-03-04T19:11:52.926777,0.2116636776839776,ap-south-1,"[0.2962962962962963, 0.3333333333333333, 0.07407407407407407, 0.14814814814814814, 0.14814814814814814] 232",GCP 461 1407_6440,n2-standard-8,0.6517098321129187
2026-02-24T19:16:42.619963 1527_2562,0.23430950329927355,ap-southeast-1 700,"[0.16129032258064516, 0.22580645161290322, 0.1935483870967742, 0.22580645161290322, 0.19354838",GCP 26 1633_5858,n2-highmem-8 v21,0.6966477295667003
2025-07-15T19:22:12.820769,0.21429242548666227,ap-south-1 1727,"[0.25, 0.21875, 0.1875, 0.15625, 0.1875]",GCP 533_2837,n2-standard-8 176,0.6331538631914715
2026-08-04T19:23:55.585000,0.21333080849832678,ap-south-1,"[0.14285714285714285, 0.2857142857142857, 0.17857142857142858, 0.21428571428571427, 0.1785714",GCP 757 1396_9997,n2-standard-8,0.8354265811707613
2024-07-16T19:26:01.495517,0.18649981357069717,ap-south-1,"[0.1111111111111111, 0.25925925925925924, 0.2222222222222222, 0.18518518518518517, 0.2222222222222222] 492",GCP 185_6978,n2-standard-8,0.8128146535329716
2026-07-21T19:28:00.895966,0.11715126993703899,ap-south-1 1972,"[0.0967741935483871, 0.22580645161290322, 0.1935483870967742, 0.22580645161290322, 0.25806451612903225] v28",Azure 565_6878,E4s_v3,0.7769229918318047
2025-06-03T19:33:03.604998,0.18749121722043685,ap-south-1,"[0.25806451612903225, 0.22580645161290322, 0.1935483870967742, 0.16129032258064516, 0.16129032258064516]",GCP 486_7824,n2-standard-8,0.6688555247336895
2024-12-03T19:45:16.666229 1369_5742,0.18729208034364042,asia-south1,"[0.24242424242424243, 0.12121212121212122, 0.18181818181818182, 0.15151515151515152, 0.30303030303030304]",Azure 804_1327,E4s_v3,0.6426290537400774
2028-02-22T20:03:54.476536,0.18998174803304826,ASIA-SOUTH1,"[0.25, 0.21875, 0.1875, 0.15625, 0.1875] 1490",GCP 221_5251,n2-standard-8,0.6267864924368597
2023-05-07T20:04:16.666222,0.20086359352187924,asia-south1 v15,"[0.25, 0.21875, 0.1875, 0.15625, 0.1875]",GCP 382_7246,n2-standard-8,0.6474882213611125
2026-03-05T15:08:22.707315 904_6410,0.19145413095570707,ap-south-1 811,"[0.25, 0.21875, 0.1875, 0.15625, 0.1875] v15",GCP 527 279_3078,n2-standard-8 v14,0.6910639029585549
2027-03-31T15:09:47.612621,1.8994372809647027,AP-SOUTHEAST-1,"[0.17391304347826086, 0.21739130434782608, 0.21739130434782608, 0.21739130434782608, 0.17391304347826086]",Azure v4 617_3801,ND6s,0.6102167457299191
2025-11-27T15:17:48.209869 v9_3957 1415_6274,1.0845970248991266,asia-south1 1860,"[0.1, 0.15, 0.2, 0.35, 0.2] v43",AZURE 938_3199,ND6s 903,0.6579489914581654
2025-07-16T15:20:02.882000,0.9278096738939421,asia-south1 1966,"[0.09090909090909091, 0.13636363636363635, 0.18181818181818182, 0.3181818181818182, 0.2727272727272727] v5",Azure 553_2079,ND6s,0.7505841798586464
2027-11-26T15:23:50.210000,0.2009178243870362,ap-southeast-1 v4 301,"[0.25806451612903225, 0.1935483870967742, 0.25806451612903225, 0.16129032258064516, 0.12903225806451613]",GCP 149_6098,n2-standard-8 v2,0.6297949318408336
2025-04-03T15:35:29.814000,0.3182680973288977,eu-west-1 1797,"[0.25, 0.21875, 0.1875, 0.15625, 0.1875]",GCP 453_3827,n2-highmem-8,0.6534882569535385
2024-09-08T19:05:44.493141,0.1976040349066079,ap-south-1 v28,"[0.25, 0.21875, 0.1875, 0.15625, 0.1875]",GCP 131_1033,n2-standard-8,0.6205889433420082
2025-11-27T19:11:52.926777 v9_5431 1687_370,0.19832394591283478,ap-south-1,"[0.2962962962962963, 0.3333333333333333, 0.07407407407407407, 0.14814814814814814, 0.14814814814814814] v31 106",GCP 407_2176,n2-standard-8,0.6374835219248346
2022-06-21T19:16:42.619963,0.24136011342421118,ap-southeast-1,"[0.16129032258064516, 0.22580645161290322, 0.1935483870967742, 0.22580645161290322, 0.1935483870967742]",GCP 687_9677,n2-highmem-8,0.7677516650944304
2025-01-01T19:22:12.820000,0.2081420170072488,ap-south-1 v28 1228,"[0.25, 0.21875, 0.1875, 0.15625, 0.1875]",GCP 45_6368,n2-standard-8 v3,0.6739807081841697
2025-11-27T19:23:55.585998 v45_5494_4103,0.20613010808981153,ap-south-1,"[0.14285714285714285, 0.2857142857142857, 0.17857142857142858, 0.21428571428571427, 0.17857142857142858]",GCP 65_3308,n2-standard-8,0.8304022463479245
2027-04-13T19:26:01.495517,0.18897222095265062,ap-south-1 v26,"[0.1111111111111111, 0.25925925925925924, 0.2222222222222222, 0.18518518518518517, 0.2222222222222222]",GCP 266_3696,n2-standard-8,0.7550805166501918
2027-05-14T19:28:00.895000,0.1407911074437888,ap-south-1 662,"[0.0967741935483871, 0.22580645161290322, 0.1935483870967742, 0.22580645161290322, 0.25806451612903225]",Azure 891_6529,E4s_v3 375,0.8815326964528298
2025-01-12T19:33:03.604998 1796_4557,0.19970166391204747,ap-south-1,"[0.25806451612903225, 0.22580645161290322, 0.1935483870967742, 0.16129032258064516, 0.16129032258064516] V10",GCP 599 849_3497,n2-standard-8,0.6007872940325819
2025-10-06T19:45:16.666229 1749_514,0.18746647371845324,asia-south1,"[0.24242424242424243, 0.12121212121212122, 0.18181818181818182, 0.15151515151515152, 0.3030303",Azure 147_7137,E4s_v3,0.5909475369748409
2025-11-27T20:03:54.476536 v14_6645_3413,0.20576808510897346,asia-south1,"[0.25, 0.21875, 0.1875, 0.15625, 0.1875] v12 597",GCP 253_4157,n2-standard-8,0.6685095906201293
2025-11-27T20:04:16.666222 v1_2612_1910,0.21930192277674884,asia-south1,"[0.25, 0.21875, 0.1875, 0.15625, 0.1875]",GCP 572 988_6112,N2-STANDARD-8,0.6398172014777859
2028-01-05T15:08:22.707000,0.19868618162124882,ap-south-1 v29 1531,"[0.25, 0.21875, 0.1875, 0.15625, 0.1875]",GCP 968_9936,n2-standard-8 1270,0.5730017679817722
2024-07-18T15:09:47.612621,2.005432915210391,ap-southeast-1 v47,"[0.17391304347826086, 0.21739130434782608, 0.21739130434782608, 0.21739130434782608, 0.17391304347826086]",Azure 417_9652,ND6s,0.5898402725426687
2028-03-28T15:17:48.209000,1.1161395248797208,asia-south1 1041,"[0.1, 0.15, 0.2, 0.35,",Azure 128_4980,ND6s 1007,0.7946488835900576
2025-11-02T15:20:02.882342,1.0504048488282989,asia-south1,"[0.09090909090909091, 0.13636363636363635, 0.18181818181818182, 0.3181818181818182, 0.27272727",Azure 395_6601,ND6s 240,0.7616131737392495
2024-02-13T15:23:50.210423,0.21067791354125345,ap-southeast-1 v24 1092,"[0.25806451612903225, 0.1935483870967742, 0.25806451612903225, 0.16129032258064516, 0.12903225806451613]",GCP v13 13_9213,n2-standard-8,0.6118195612832421
2025-09-15T15:35:29.814076 314_1130,0.3324427421678132,EU-WEST-1,"[0.25, 0.21875, 0.1875, 0.15625, 0.1875]",GCP 816_3593,n2-highmem-8 v49,0.5985177137906067
2022-09-25T19:05:44.493000,0.17897638799702045,ap-south-1,"[0.25, 0.21875, 0.1875, 0.15625, 0.1",GCP 883 1385_3256,n2-standard-8 v12 867,0.5767877439921574
2025-11-27T19:11:52.926777 v44_8445_4600,0.1882922279961356,ap-south-1 100,"[0.2962962962962963, 0.3333333333333333, 0.07407407407407407, 0.14814814814814814, 0.14814814814814814]",GCP 132 689_884,n2-standard-8 v34,0.596274243474034
2025-03-15T19:16:42.619963 716_8218,0.22598969824198462,ap-southeast-1 876,"[0.16129032258064516, 0.22580645161290322, 0.1935483870967742, 0.22580645161290322, 0.19354838",GCP 706_4963,n2-highmem-8 v26,0.710991183557076
2026-11-02T19:22:12.820769,0.19014992299111844,ap-south-1 v6,"[0.25, 0.21875, 0.1875, 0.15625, 0.1875] 1392",GCP 264_6629,n2-standard-8,0.5887771233036254
2026-05-21T19:23:55.585998 405_7347,0.1990754750057252,ap-south-1,"[0.14285714285714285, 0.2857142857142857, 0.17857142857142858, 0.21428571428571427, 0.17857142857142858]",GCP 783_4511,n2-standard-8 936,0.74551122662596
2025-11-27T19:26:01.495517 v23_8218_1767,0.19191732243010512,ap-south-1 v46 538,"[0.1111111111111111, 0.25925925925925924, 0.2222222222222222, 0.18518518518518517, 0.2222222222222222]",GCP 266_5129,n2-standard-8,0.8051654096056108
2028-04-14T19:28:00.895966,0.13130558972608716,ap-south-1,"[0.0967741935483871, 0.22580645161290322, 0.1935483870967742, 0.22580645161290322, 0.25806451612903225]",Azure 135_4149,E4s_v3 1522,0.9115242176460308
2024-12-21T19:33:03.604000,0.19704739068877056,ap-south-1 945,"[0.25806451612903225, 0.22580645161290322, 0.1935483870967742, 0.16129032258064516, 0.16129032258064516]",GCP 156_8922,n2-standard-8,0.576547016616221
2027-08-15T19:45:16.666229,0.17854458864245482,asia-south1 v19,"[0.24242424242424243, 0.12121212121212122, 0.18181818181818182, 0.15151515151515152, 0.30303030303030304] 1083",AZURE 269_3520,E4s_v3,0.5704546248504013
2024-02-27T20:03:54.476000,0.2072379666726082,asia-south1,"[0.25, 0.21875, 0.1875, 0.15625, 0.1875] v11",GCP 950_4963,n2-standard-8,0.6164093072924776
2025-11-27T20:04:16.666222 v28_4647 321_9727,0.18539356876638735,asia-south1 v22,"[0.25, 0.21875, 0.1875, 0.15625, 0.1875] v22",GCP 802_1207,n2-standard-8,0.64693155062679
2024-05-19T15:08:22.707315,0.20211227692064793,ap-south-1 839,"[0.25, 0.21875, 0.1875, 0.15625, 0.1875]",GCP 908_3104,n2-standard-8,0.539925879154756
2025-11-27T15:09:47.612621 v2_3537_9743,1.8272442924283094,ap-southeast-1,"[0.17391304347826086, 0.21739130434782608, 0.21739130434782608, 0.21739130434782608, 0.17391304347826086]",Azure 90 923_7914,ND6s,0.5812996714361542
2025-10-24T15:17:48.209869 1763_7188,1.0617468537399595,asia-south1,"[0.1, 0.15, 0.2, 0.35, 0.2]",Azure 739_6392,ND6s v44,0.700816539607034
2025-11-27T15:20:02.882342 v17_108_3616,1.0427336030802659,asia-south1,"[0.09090909090909091, 0.13636363636363635, 0.18181818181818182, 0.3181818181818182, 0.2727272727272727]",Azure 165_2496,ND6S,0.7445989307736146
2025-04-01T15:23:50.210423,0.19352643793593724,ap-southeast-1,"[0.25806451612903225, 0.1935483870967742, 0.25806451612903225, 0.16129032258064516, 0.12903225806451613]",GCP 734_4095,n2-standard-8,0.6322208515860015
2027-07-05T15:35:29.814076,0.3192665803865058,EU-WEST-1,"[0.25, 0.21875, 0.1875, 0.15625, 0.1875]",GCP 60_1111,n2-highmem-8 229,0.6648267532528069
2024-08-17T19:05:44.493141,0.2051825461841617,ap-south-1,"[0.25, 0.21875, 0.1875, 0.15625, 0.1875]",GCP 44_8495,n2-standard-8,0.6675619079137358
2025-01-10T19:11:52.926000,0.20440739482429598,ap-south-1,"[0.2962962962962963, 0.3333333333333333, 0.07407407407407407, 0.14814814814814814, 0.14814814814814814]",GCP v37 849 1260_4772,n2-standard-8,0.6214580677710129
2027-09-25T19:16:42.619000,0.25184445955372203,ap-southeast-1,"[0.16129032258064516, 0.22580645161290322, 0.1935483870967742, 0.22580645161290322, 0.1935483870967742]",GCP 204_4653,n2-highmem-8 874,0.6822999269519737
2025-11-27T19:22:12.820769 v44_3066_744,0.20658460857097646,ap-south-1,"[0.25, 0.21875, 0.1875, 0.15625, 0.1875]",GCP 188 1072_4722,n2-standard-8,0.5762547870662897
2026-02-25T19:23:55.585998 1787_7538,0.20866753537779914,ap-south-1 v27,"[0.14285714285714285, 0.2857142857142857, 0.17857142857142858, 0.21428571428571427, 0.17857142857142858]",GCP 448_7667,n2-standard-8,0.7818670518960743
2026-01-13T19:26:01.495517,0.19654220618968699,ap-south-1 1518,"[0.1111111111111111, 0.25925925925925924, 0.2222222222222222, 0.18518518518518517, 0.2222222222222222] 1496",GCP 889 1516_1526,n2-standard-8 v9,0.7810048031865487
2023-12-18T19:28:00.895966,0.12158874193014409,ap-south-1 v13,"[0.0967741935483871, 0.22580645161290322, 0.1935483870967742, 0.22580645161290322, 0.25806451612903225] v21",Azure 302_3546,E4S_V3,0.8055321902653204
2023-11-28T19:33:03.604998,0.20662486599957783,ap-south-1,"[0.25806451612903225, 0.22580645161290322, 0.1935483870967742, 0.16129032258064516, 0.1612903",GCP 460_309,n2-standard-8,0.5570099702187412
2028-02-23T19:45:16.666000,0.16877721067029738,asia-south1,"[0.24242424242424243, 0.12121212121212122, 0.18181818181818182, 0.15151515151515152, 0.30303030303030304]",Azure 579_7064,E4S_V3,0.5950099899236875
2023-08-18T20:03:54.476536,0.2014991335668006,asia-south1,"[0.25, 0.21875, 0.1875, 0.15625, 0.1875]",GCP 997_3615,n2-standard-8,0.6606025713153231
2025-01-18T20:04:16.666222,0.20906925921588856,asia-south1,"[0.25, 0.21875, 0.1875, 0.15625, 0.1",GCP 475 1218_985,n2-standard-8 1673,0.6509276464305735
2024-04-27T15:08:22.707000,0.20285620952489328,ap-south-1,"[0.25, 0.21875, 0.1875, 0.15625, 0.1875]",GCP 632_4377,n2-standard-8,0.5765062537351796
2023-10-19T15:09:47.612621,2.0282033947882345,ap-southeast-1 1514,"[0.17391304347826086, 0.21739130434782608, 0.21739130434782608, 0.21739130434782608, 0.17391304347826086]",Azure 222_6374,ND6s,0.5508664861031026
2024-07-19T15:17:48.209869,1.1730690637556096,asia-south1 v28,"[0.1, 0.15, 0.2, 0.35, 0.2]",Azure v31 257_5096,ND6s v26,0.7403230945157738
2022-12-15T15:20:02.882000,1.0169406712173301,asia-south1,"[0.09090909090909091, 0.13636363636363635, 0.18181818181818182, 0.3181818181818182, 0.2727272727272727]",Azure 213_3604,ND6S,0.7305069409060263
2026-04-13T15:23:50.210423 254_22,0.191621753982687,ap-southeast-1,"[0.25806451612903225, 0.1935483870967742, 0.25806451612903225, 0.16129032258064516, 0.12903225806451613] v22",GCP 6_2712,n2-standard-8,0.6330041410903934
2028-07-07T15:35:29.814076,0.3523768055813513,eu-west-1,"[0.25, 0.21875, 0.1875, 0.15625, 0.1875]",GCP 686_9297,n2-highmem-8,0.6602774670752862
2025-11-27T19:05:44.493141 v40_538_671,0.20009718600071827,ap-south-1,"[0.25, 0.21875, 0.1875, 0.15625, 0.1875] v42",GCP 565_5600,n2-standard-8,0.6518139909532059
2025-11-16T19:11:52.926000,0.19984956477750362,ap-south-1,"[0.2962962962962963, 0.3333333333333333, 0.07407407407407407, 0.14814814814814814, 0.148148148",GCP 791_4686,n2-standard-8,0.5902836067095708
2023-06-23T19:16:42.619963,0.21353693309095365,ap-southeast-1 v35 1901,"[0.16129032258064516, 0.22580645161290322, 0.1935483870967742, 0.22580645161290322, 0.1935483870967742]",GCP 261_4982,n2-highmem-8,0.6833153922710378
2025-07-02T19:22:12.820769,0.20399904341087075,ap-south-1,"[0.25, 0.21875, 0.1875, 0.15625, 0.1875]",GCP 256_2158,n2-standard-8,0.6393580588623108
2025-11-27T19:23:55.585998 v20_3_1122,0.21060524511503395,ap-south-1 v2,"[0.14285714285714285, 0.2857142857142857, 0.17857142857142858, 0.21428571428571427, 0.178571428",GCP 513 621_99,n2-standard-8,0.8241802575447879
2023-05-07T19:26:01.495517,0.2069184889969929,ap-south-1,"[0.1111111111111111, 0.25925925925925924, 0.2222222222222222, 0.18518518518518517, 0.222222222222",GCP 774 833_201,N2-STANDARD-8,0.7757201228639228
2027-06-02T19:28:00.895000,0.1376983305471671,ap-south-1,"[0.0967741935483871, 0.22580645161290322, 0.1935483870967742, 0.22580645161290322, 0.25806451612903225]",Azure v46 14 43_5461,E4s_v3,0.8538464274585249
2025-09-06T19:33:03.604998,0.2208007116578713,ap-south-1,"[0.25806451612903225, 0.22580645161290322, 0.1935483870967742, 0.16129032258064516, 0.16129032258064516]",GCP 813_7764,n2-standard-8,0.5784438577497958
2026-07-09T19:45:16.666229 443_7036,0.17413303474206063,asia-south1,"[0.24242424242424243, 0.12121212121212122, 0.18181818181818182, 0.15151515151515152, 0.3030303",Azure 78_4456,E4S_V3,0.5494887190529312
2027-08-30T20:03:54.476536,0.1980476364099858,ASIA-SOUTH1,"[0.25, 0.21875, 0.1875, 0.15625, 0.1",GCP 7_9722,n2-standard-8 1849,0.6477254016144324
2028-03-04T20:04:16.666222,0.20153012227967992,asia-south1,"[0.25, 0.21875, 0.1875, 0.15625, 0.1",GCP 726_1090,n2-standard-8,0.6069224425197121
2025-11-27T15:08:22.707315 v6_9270_671,0.18631519887389494,ap-south-1,"[0.25, 0.21875, 0.1875, 0.15625, 0.1",GCP 806_7340,n2-standard-8,0.6102994583872281
2026-04-16T15:09:47.612621,1.9834721867487097,ap-southeast-1,"[0.17391304347826086, 0.21739130434782608, 0.21739130434782608, 0.21739130434782608, 0.17391304347826086]",AZURE 829_2643,ND6s 1099,0.6175890406105505
2027-03-05T15:17:48.209869,1.1036679374579352,asia-south1,"[0.1, 0.15, 0.2, 0.35, 0.2]",Azure 332_7987,ND6s v33,0.7210615802679694
2025-12-14T15:20:02.882342 849_9643,1.0476490746945166,asia-south1 v38,"[0.09090909090909091, 0.13636363636363635, 0.18181818181818182, 0.3181818181818182, 0.2727272727272727]",Azure 365_9555,ND6s,0.6694168479289274
2023-03-28T15:23:50.210000,0.20572189545706912,ap-southeast-1,"[0.25806451612903225, 0.1935483870967742, 0.25806451612903225, 0.16129032258064516, 0.12903225806451613]",GCP 616_7530,N2-STANDARD-8 300,0.6553077779354542
2028-03-24T15:35:29.814076,0.3504789076728079,eu-west-1 v49,"[0.25, 0.21875, 0.1875, 0.15625, 0.1875]",GCP 418_9685,n2-highmem-8,0.5868034266980506
2026-03-26T19:05:44.493000,0.20182739190738241,ap-south-1,"[0.25, 0.21875, 0.1875, 0.15625, 0.1875]",GCP v25 402_5820,n2-standard-8 239,0.6163111900470967
2024-07-02T19:11:52.926777,0.19236411137026327,ap-south-1 255,"[0.2962962962962963, 0.3333333333333333, 0.07407407407407407, 0.14814814814814814, 0.14814814814814814]",GCP 121 325_3116,n2-standard-8,0.5681662424724082
2028-12-14T19:16:42.619963,0.2172043364869479,ap-southeast-1,"[0.16129032258064516, 0.22580645161290322, 0.1935483870967742, 0.22580645161290322, 0.19354838",GCP 342_9192,n2-highmem-8 701,0.7256199391664353
2026-01-31T19:22:12.820769,0.21228950864875265,ap-south-1,"[0.25, 0.21875, 0.1875, 0.15625, 0.1875]",GCP 940_584,n2-standard-8 1492,0.5679545290764169
2025-10-22T19:23:55.585998,0.19793317525744164,ap-south-1 520,"[0.14285714285714285, 0.2857142857142857, 0.17857142857142858, 0.21428571428571427, 0.17857142857142858]",GCP 447_8439,N2-STANDARD-8,0.7837436777758787
2025-01-11T19:26:01.495517 30_6404,0.1946071331835716,ap-south-1,"[0.1111111111111111, 0.25925925925925924, 0.2222222222222222, 0.18518518518518517, 0.2222222222222222]",GCP 886_1483,n2-standard-8 1082,0.8299597021822367
2028-04-04T19:28:00.895966,0.13643470798104135,ap-south-1 749,"[0.0967741935483871, 0.22580645161290322, 0.1935483870967742, 0.22580645161290322, 0.25806451612903225]",Azure 831_4185,E4s_v3 199,0.8646476485638747
2027-11-27T19:33:03.604998,0.20793168444703514,ap-south-1,"[0.25806451612903225, 0.22580645161290322, 0.1935483870967742, 0.16129032258064516, 0",GCP 855 158_3543,n2-standard-8 1318,0.5636789632991912
2029-04-17T19:45:16.666229,0.17614913813576952,asia-south1,"[0.24242424242424243, 0.12121212121212122, 0.18181818181818182, 0.15151515151515152, 0.3030303",Azure 114_133,E4s_v3,0.6626008309208632
2026-02-07T20:03:54.476000,0.18157832117376627,asia-south1,"[0.25, 0.21875, 0.1875, 0.15625, 0.1875] 1628",GCP 715_4791,n2-standard-8 1406,0.6864536708622787
2026-09-24T20:04:16.666222,0.2039172534076337,asia-south1,"[0.25, 0.21875, 0.1875, 0.15625, 0.1",GCP 991_5813,n2-standard-8,0.6132577658873168
2027-01-28T15:08:22.707315,0.18538649988026168,ap-south-1 843,"[0.25, 0.21875, 0.1875, 0.15625, 0.1875] v49 1119",GCP 958_5937,n2-standard-8 321,0.6273227443043274
2028-06-17T15:09:47.612621,1.770875647314205,ap-southeast-1,"[0.17391304347826086, 0.21739130434782608, 0.21739130434782608, 0.21739130434782608, 0.17391304347826086] v44",Azure 620 56_9674,ND6s,0.5815299025602864
2025-06-10T15:17:48.209869 1464_9342,1.013890735115226,asia-south1 v4,"[0.1, 0.15, 0.2, 0.35, 0.2]",Azure 478 1214_8779,ND6s,0.6759211770252169
2027-10-23T15:20:02.882342,1.1034910259305215,asia-south1 208,"[0.09090909090909091, 0.13636363636363635, 0.18181818181818182, 0.3181818181818182, 0.2727272727272727]",AZURE 231_13,ND6S,0.7488689931955415
2025-05-16T15:23:50.210000,0.20299731340129945,AP-SOUTHEAST-1,"[0.25806451612903225, 0.1935483870967742, 0.25806451612903225, 0.16129032258064516, 0.129032258",GCP 846_4059,n2-standard-8,0.638310916811413
2029-03-07T15:35:29.814076,0.3303238052442741,eu-west-1 1556,"[0.25, 0.21875, 0.1875, 0.15625, 0.1",GCP 953 665_7885,n2-highmem-8,0.5891946113760868
2026-07-15T19:05:44.493141 1079_7137,0.19826477859181899,ap-south-1,"[0.25, 0.21875, 0.1875, 0.15625, 0.1",GCP 434_7682,n2-standard-8 544,0.6048058405178298
2027-10-30T19:11:52.926777,0.20305771839663775,AP-SOUTH-1,"[0.2962962962962963, 0.3333333333333333, 0.07407407407407407, 0.14814814814814814, 0.1481481",GCP 285 306_939,n2-standard-8,0.6063742743126999
2026-07-09T19:16:42.619963,0.24109135008174956,ap-southeast-1,"[0.16129032258064516, 0.22580645161290322, 0.1935483870967742, 0.22580645161290322, 0.1935483870967742]",GCP 258_5295,n2-highmem-8 v41,0.7249972007754175
2025-09-22T19:22:12.820000,0.19122994981651362,ap-south-1,"[0.25, 0.21875, 0.1875, 0.15625, 0.1875] 1140",GCP 746_7061,n2-standard-8,0.5388415907742635
2026-11-25T19:23:55.585998 1602_895,0.19850903772286158,ap-south-1,"[0.14285714285714285, 0.2857142857142857, 0.17857142857142858, 0.21428571428571427, 0.178571428",GCP 573_6963,n2-standard-8,0.7370072163776289
2027-10-20T19:26:01.495517,0.21375016466164273,ap-south-1,"[0.1111111111111111, 0.25925925925925924, 0.2222222222222222, 0.18518518518518517, 0.2222222222222222]",GCP 940_7034,n2-standard-8,0.7595180067331109
2025-09-15T19:28:00.895966 568_7794,0.1366034074190098,ap-south-1,"[0.0967741935483871, 0.22580645161290322, 0.1935483870967742, 0.22580645161290322, 0.25806451612903225]",Azure 25_650,E4S_V3,0.8209858750935096
2025-11-27T19:33:03.604998 v16_7255_7649,0.21154556269842806,ap-south-1,"[0.25806451612903225, 0.22580645161290322, 0.1935483870967742, 0.16129032258064516, 0.16129032258064516]",GCP 654 1406_1857,n2-standard-8 v43,0.6432143996545157
2027-02-22T19:45:16.666000,0.1662253747758613,asia-south1,"[0.24242424242424243, 0.12121212121212122, 0.18181818181818182, 0.15151515151515152, 0.30303030303030304]",Azure v23 908_1144,E4s_v3 698,0.5982399604948677
2025-01-25T20:03:54.476536,0.20192082860410998,asia-south1 1065,"[0.25, 0.21875, 0.1875, 0.15625, 0.1875]",GCP 294 25_5791,n2-standard-8,0.6392867194775569
2023-11-25T20:04:16.666000,0.20205359000253642,asia-south1,"[0.25, 0.21875, 0.1875, 0.15625, 0.1875]",GCP v40 616_3739,N2-STANDARD-8,0.5507761973885709
2027-04-28T15:08:22.707000,0.20452119050240986,ap-south-1 1757,"[0.25, 0.21875, 0.1875, 0.15625, 0.1875]",GCP 825_6426,n2-standard-8 v44 125,0.6118286286527148
2027-06-13T15:09:47.612621,2.021248484805432,ap-southeast-1 1409,"[0.17391304347826086, 0.21739130434782608, 0.21739130434782608, 0.21739130434782608, 0.1739130",Azure 173_6380,ND6s,0.5890982484584268
2027-11-02T15:17:48.209869,1.129180927856378,asia-south1,"[0.1, 0.15, 0.2, 0.35, 0",Azure 525_534,ND6s,0.7736864496589297
2026-03-05T15:20:02.882342 1506_4275,0.9551588173451915,asia-south1 1915,"[0.09090909090909091, 0.13636363636363635, 0.18181818181818182, 0.3181818181818182, 0.2727272727272727]",Azure 830_7878,ND6s,0.7497703281849273
2027-08-20T15:23:50.210423,0.190608049522926,ap-southeast-1 425,"[0.25806451612903225, 0.1935483870967742, 0.25806451612903225, 0.16129032258064516, 0.12903225806451613]",GCP 166_9524,n2-standard-8,0.5729638640628208
2023-07-21T15:35:29.814076,0.3081839358921822,EU-WEST-1,"[0.25, 0.21875, 0.1875, 0.15625, 0.1875]",GCP 598_3606,n2-highmem-8 1484,0.6614714586016883
2025-11-27T19:05:44.493141 v5_8956 1366_5491,0.18940518504275475,ap-south-1,"[0.25, 0.21875, 0.1875, 0.15625, 0.1875]",GCP 527_8279,n2-standard-8 v42,0.6087840180827171
2026-10-10T19:11:52.926777,0.19793513353606557,ap-south-1 v9 64,"[0.2962962962962963, 0.3333333333333333, 0.07407407407407407, 0.14814814814814814, 0.14814814814814814]",GCP 601 15_9989,n2-standard-8,0.6231235077871463
2025-05-14T19:16:42.619963,0.23961716788097945,ap-southeast-1 v21,"[0.16129032258064516, 0.22580645161290322, 0.1935483870967742, 0.22580645161290322, 0.1935483870967742]",GCP 678_543,n2-highmem-8,0.6598441766145906
2027-12-30T19:22:12.820000,0.21132549779966456,ap-south-1,"[0.25, 0.21875, 0.1875, 0.15625, 0.1",GCP 733_195,n2-standard-8,0.5950091357489256
2027-10-18T19:23:55.585998,0.21458042798883054,ap-south-1,"[0.14285714285714285, 0.2857142857142857, 0.17857142857142858, 0.21428571428571427, 0.17857142857142858] v30",GCP 489_2996,n2-standard-8,0.7110713821178304
2027-01-09T19:26:01.495517,0.21841276491303782,ap-south-1,"[0.1111111111111111, 0.25925925925925924, 0.2222222222222222, 0.18518518518518517, 0.2222222222222222] 772",GCP v22 412 807_3966,n2-standard-8,0.7981771373971924
2026-01-02T19:28:00.895000,0.1237770552456568,ap-south-1,"[0.0967741935483871, 0.22580645161290322, 0.1935483870967742, 0.22580645161290322, 0.2580645",Azure 720_5673,E4s_v3,0.8971629403642793
2024-07-25T19:33:03.604000,0.19457852942531498,ap-south-1,"[0.25806451612903225, 0.22580645161290322, 0.1935483870967742, 0.16129032258064516, 0.16129032258064516]",GCP 892_1731,N2-STANDARD-8,0.6235069582974716
2026-07-27T19:45:16.666000 285_9870,0.17385281088507154,asia-south1 1264,"[0.24242424242424243, 0.12121212121212122, 0.18181818181818182, 0.15151515151515152, 0.303030303",Azure 818 1252_1586,E4s_v3,0.6379541989126741
2023-11-06T20:03:54.476000,0.18461555426999418,asia-south1,"[0.25, 0.21875, 0.1875, 0.15625, 0.1875] v35",GCP 509 1218_3899,n2-standard-8 v1,0.6573017366823044
2026-08-09T20:04:16.666000 910_1275,0.1959712151671226,asia-south1,"[0.25, 0.21875, 0.1875, 0.15625, 0.1875]",GCP v28 785_8334,n2-standard-8,0.5802637031766376
2025-11-27T15:08:22.707315 v40_1615_3493,0.1925739434429784,ap-south-1,"[0.25, 0.21875, 0.1875, 0.15625, 0.1875]",GCP 460_4145,n2-standard-8,0.6647185632363521
2024-12-13T15:09:47.612000 13_6035,2.047557019825589,ap-southeast-1,"[0.17391304347826086, 0.21739130434782608, 0.21739130434782608, 0.21739130434782608, 0.17391304347826086]",Azure v15 496_4836,ND6s,0.5523143728734475
2025-11-27T15:17:48.209869 v49_5734_6250,1.0322669836960612,asia-south1 v9,"[0.1, 0.15, 0.2, 0.35, 0.2] v5",AZURE 888_655,ND6s,0.7204581152206306
2025-12-16T15:20:02.882342 803_4335,0.9644761165411936,asia-south1,"[0.09090909090909091, 0.13636363636363635, 0.18181818181818182, 0.3181818181818182, 0.2727272727272727] 515",AZURE 269_4837,ND6S,0.6698158965200715
2027-09-03T15:23:50.210423,0.18286305358109775,AP-SOUTHEAST-1,"[0.25806451612903225, 0.1935483870967742, 0.25806451612903225, 0.16129032258064516, 0.12903225806451613]",GCP 110_5371,N2-STANDARD-8 V6,0.6027944161906791
2025-11-27T15:35:29.814076 v35_596_4385,0.3389877833466523,EU-WEST-1 V19,"[0.25, 0.21875, 0.1875, 0.15625, 0.1875]",GCP v28 979_2828,N2-HIGHMEM-8,0.6684873192611752
2024-09-28T19:05:44.493141,0.20654842527927203,ap-south-1,"[0.25, 0.21875, 0.1875, 0.15625, 0.1",GCP v34 62_561,n2-standard-8,0.6345925629143545
2027-08-10T19:11:52.926777,0.21710748122329507,ap-south-1,"[0.2962962962962963, 0.3333333333333333, 0.07407407407407407, 0.14814814814814814, 0.14814814814814814]",GCP 948 868_8334,n2-standard-8 1939,0.5707425941350034
2027-03-28T19:16:42.619963,0.22834734538694523,ap-southeast-1 v19,"[0.16129032258064516, 0.22580645161290322, 0.1935483870967742, 0.22580645161290322, 0.19354838",GCP 106 1316_2737,N2-HIGHMEM-8 1615,0.7362528136036265
2022-12-07T19:22:12.820769,0.21925388299359988,ap-south-1,"[0.25, 0.21875, 0.1875, 0.15625, 0.1875]",GCP 662_5755,n2-standard-8,0.5900387892198093
2024-09-08T19:23:55.585998,0.2111716387354308,ap-south-1,"[0.14285714285714285, 0.2857142857142857, 0.17857142857142858, 0.21428571428571427, 0.178571428",GCP 661_8883,n2-standard-8,0.7661463152511356
2026-05-08T19:26:01.495000,0.21107489106889143,ap-south-1,"[0.1111111111111111, 0.25925925925925924, 0.2222222222222222, 0.18518518518518517, 0.2222222222222222] 1778",GCP 265 1974_452,n2-standard-8 873,0.7760748768127929
2026-08-07T19:28:00.895966,0.1143523901552051,AP-SOUTH-1,"[0.0967741935483871, 0.22580645161290322, 0.1935483870967742, 0.22580645161290322, 0.25806451612903225] 1634",Azure 356 436_2022,E4s_v3,0.8933516585312267
2027-06-28T19:33:03.604998,0.20142018646932094,ap-south-1 893,"[0.25806451612903225, 0.22580645161290322, 0.1935483870967742, 0.16129032258064516, 0.16129032258064516] 602",GCP 875_2580,n2-standard-8,0.6721614678998813
2024-06-11T19:45:16.666229,0.16768051083434868,asia-south1,"[0.24242424242424243, 0.12121212121212122, 0.18181818181818182, 0.15151515151515152, 0.30303030303030304]",Azure 81_9217,E4s_v3 v14,0.6448214320365377
2027-08-15T20:03:54.476536,0.2099778283500342,asia-south1,"[0.25, 0.21875, 0.1875, 0.15625, 0.1",GCP 574_2382,n2-standard-8,0.6243893758801776
2025-04-02T20:04:16.666222,0.1919799037591313,ASIA-SOUTH1,"[0.25, 0.21875, 0.1875, 0.15625, 0.1875] 758",GCP 984_6364,n2-standard-8 851,0.6268379717806943
2025-02-07T15:08:22.707000,0.2029393121286074,ap-south-1 v28 1907,"[0.25, 0.21875, 0.1875, 0.15625, 0.1",GCP 487_7437,n2-standard-8 914,0.5823284456501151
2026-08-08T15:09:47.612621 996_815,1.9808263774339758,AP-SOUTHEAST-1,"[0.17391304347826086, 0.21739130434782608, 0.21739130434782608, 0.21739130434782608, 0.1739130",Azure 815_5877,ND6s,0.5573997544334517
2024-03-23T15:17:48.209869,1.163728159540267,asia-south1 v34 1534,"[0.1, 0.15, 0.2, 0.35, 0.2]",Azure 677_9548,ND6s,0.6675499343963511
2024-09-11T15:20:02.882342,0.9298576252907435,asia-south1 867,"[0.09090909090909091, 0.13636363636363635, 0.18181818181818182, 0.3181818181818182, 0.27272727",Azure 967 698_179,ND6S,0.6875774040756205
2024-06-08T15:23:50.210423,0.21533113275007537,ap-southeast-1,"[0.25806451612903225, 0.1935483870967742, 0.25806451612903225, 0.16129032258064516, 0.12903225806451613]",GCP 353_512,n2-standard-8 v12,0.6824059502641107
2024-10-16T15:35:29.814076,0.314983853401342,eu-west-1,"[0.25, 0.21875, 0.1875, 0.15625, 0.1",GCP 941_1617,n2-highmem-8,0.6519285651322925
2025-11-27T19:05:44.493141 v35_377_906,0.21136950981777902,ap-south-1,"[0.25, 0.21875, 0.1875, 0.15625, 0.1875]",GCP 973_8001,n2-standard-8,0.6274335685083302
2025-01-10T19:11:52.926777,0.21687654542619275,AP-SOUTH-1,"[0.2962962962962963, 0.3333333333333333, 0.07407407407407407, 0.14814814814814814, 0.14814814814814814] v32",GCP 658_9180,n2-standard-8 v21 456,0.6397715622654365
2024-08-28T19:16:42.619963,0.23428179828937928,ap-southeast-1,"[0.16129032258064516, 0.22580645161290322, 0.1935483870967742, 0.22580645161290322, 0.1935483870967742] v10",GCP 469 335_3175,n2-highmem-8,0.7395934360657261
2023-01-27T19:22:12.820769,0.22342796811712376,ap-south-1,"[0.25, 0.21875, 0.1875, 0.15625, 0.1875] v23",GCP v22 582_3401,n2-standard-8 149,0.5627238585596531
2025-03-24T19:23:55.585998,0.19960778997718662,ap-south-1,"[0.14285714285714285, 0.2857142857142857, 0.17857142857142858, 0.21428571428571427, 0.17857142857142858] v35",GCP 664 521_5046,n2-standard-8 v39 1783,0.8092504788628446
2025-12-16T19:26:01.495000,0.20447070319328037,ap-south-1,"[0.1111111111111111, 0.25925925925925924, 0.2222222222222222, 0.18518518518518517, 0.2222222222222222]",GCP v1 621_4272,n2-standard-8,0.8075647326917935
2027-02-19T19:28:00.895000,0.13319096624928306,ap-south-1,"[0.0967741935483871, 0.22580645161290322, 0.1935483870967742, 0.22580645161290322, 0.25806451612903225] 1394",AZURE 615 1104_5063,E4s_v3,0.9258886317655005
2023-12-26T19:33:03.604998,0.2058141113540928,ap-south-1,"[0.25806451612903225, 0.22580645161290322, 0.1935483870967742, 0.16129032258064516, 0.16129032258064516]",GCP 300_304,n2-standard-8,0.5871582541982214
2025-11-27T19:45:16.666229 v19_6622_8691,0.17127790340251936,asia-south1 v44 355,"[0.24242424242424243, 0.12121212121212122, 0.18181818181818182, 0.15151515151515152, 0.30303030303030304]",Azure 369_2962,E4s_v3 v47,0.6288577322196601
2024-04-30T20:03:54.476000,0.21421966215978186,asia-south1,"[0.25, 0.21875, 0.1875, 0.15625, 0.1875] v32 736",GCP 138_2145,n2-standard-8 v1,0.6711744661549787
2024-05-11T20:04:16.666222,0.20406159958444667,ASIA-SOUTH1,"[0.25, 0.21875, 0.1875, 0.15625, 0.1",GCP V26 17_892,n2-standard-8,0.6755936526428347
2025-11-27T15:08:22.707315 v4_6794_9706,0.190891750557772,AP-SOUTH-1 V23,"[0.25, 0.21875, 0.1875, 0.15625, 0.1875]",GCP 174_8398,n2-standard-8 277,0.576496397335833
2025-04-10T15:09:47.612621,1.816432251091927,ap-southeast-1 1375,"[0.17391304347826086, 0.21739130434782608, 0.21739130434782608, 0.21739130434782608, 0.17391304347826086]",Azure 242_9435,ND6s,0.5629529942176466
2023-02-24T15:17:48.209869,1.0434561851358721,asia-south1 v27,"[0.1, 0.15, 0.2, 0.35, 0.2] v18",Azure 762 1224_3491,ND6s,0.7903532083113658
2027-02-06T15:20:02.882342,1.015945763528768,asia-south1,"[0.09090909090909091, 0.13636363636363635, 0.18181818181818182, 0.3181818181818182, 0.2727272727272727] v10",Azure 102_9070,ND6s 614,0.7513450517212262
2025-07-20T15:23:50.210423 1411_9950,0.21264142752828652,ap-southeast-1 1940,"[0.25806451612903225, 0.1935483870967742, 0.25806451612903225, 0.16129032258064516, 0.12903225806451613]",GCP v31 162_356,n2-standard-8 v41,0.5753154409998741
2023-12-03T15:35:29.814076,0.33690494182655184,eu-west-1,"[0.25, 0.21875, 0.1875, 0.15625, 0.1875] 889",GCP 843 668_4574,n2-highmem-8,0.6411122792157175
2024-04-13T19:05:44.493141,0.20526019973488388,AP-SOUTH-1,"[0.25, 0.21875, 0.1875, 0.15625, 0.1875]",GCP 817 1538_4308,n2-standard-8,0.6396199632592098
2024-04-20T19:11:52.926777,0.19478958431079926,AP-SOUTH-1,"[0.2962962962962963, 0.3333333333333333, 0.07407407407407407, 0.14814814814814814, 0.14814814814814814]",GCP 402 320_6431,n2-standard-8 1523,0.6610917425330406
2023-08-27T19:16:42.619000,0.2562210843183251,ap-southeast-1,"[0.16129032258064516, 0.22580645161290322, 0.1935483870967742, 0.22580645161290322, 0.193548",GCP 700_2455,n2-highmem-8 1702,0.7248026880213158
2025-03-14T19:22:12.820000,0.20454753947375495,ap-south-1 115,"[0.25, 0.21875, 0.1875, 0.15625, 0.1875]",GCP v42 328_6303,n2-standard-8,0.5846324120511022
2024-12-20T19:23:55.585998 1796_1710,0.18694296346890052,ap-south-1 419,"[0.14285714285714285, 0.2857142857142857, 0.17857142857142858, 0.21428571428571427, 0.17857142857142858]",GCP 540_1798,n2-standard-8 v36 1443,0.804401814416541
2025-11-27T19:26:01.495517 v43_9946_6997,0.21408755883173758,ap-south-1 208,"[0.1111111111111111, 0.25925925925925924, 0.2222222222222222, 0.18518518518518517, 0.2222222222222222] v20 315",GCP 911 490_3244,n2-standard-8,0.725693063502226
2026-12-05T19:28:00.895966,0.12756047365160528,ap-south-1,"[0.0967741935483871, 0.22580645161290322, 0.1935483870967742, 0.22580645161290322, 0.25806451612903225]",Azure 193_8444,E4S_V3,0.781984572258087
2025-11-27T19:33:03.604998 v9_9_5087,0.1907009666326485,ap-south-1,"[0.25806451612903225, 0.22580645161290322, 0.1935483870967742, 0.16129032258064516, 0.16129032258064516] v26",GCP 649_8207,n2-standard-8 507,0.5839995044779123
2025-11-27T19:45:16.666229 v13_6656_1540,0.1790653640708319,asia-south1,"[0.24242424242424243, 0.12121212121212122, 0.18181818181818182, 0.15151515151515152, 0.30303030303030304]",Azure 47_3827,E4s_v3,0.6581380809555067
2025-11-27T20:03:54.476536 v4_3356_3154,0.19705246274346666,asia-south1,"[0.25, 0.21875, 0.1875, 0.15625, 0.1875]",GCP 377 767_4263,n2-standard-8,0.6451980668538677
2025-11-27T20:04:16.666222 v6_6580_1481,0.2011243947335143,asia-south1 242,"[0.25, 0.21875, 0.1875, 0.15625, 0.1",GCP 176_5385,n2-standard-8 1431,0.670592351458029
2026-01-04T15:08:22.707315,0.20290461025765497,ap-south-1,"[0.25, 0.21875, 0.1875, 0.15625, 0.1875]",GCP 143 699_2062,n2-standard-8,0.6544727409984861
2027-11-18T15:09:47.612621,2.0032011892955213,ap-southeast-1 v14,"[0.17391304347826086, 0.21739130434782608, 0.21739130434782608, 0.21739130434782608, 0.1739130 322",Azure 643_3644,ND6S,0.5721802126161426
2024-03-11T15:17:48.209869,1.1395250751314197,asia-south1,"[0.1, 0.15, 0.2, 0.35, 0",Azure 382 1292_5149,ND6s,0.6661431819057542
2026-12-01T15:20:02.882342,1.0429926363991178,asia-south1,"[0.09090909090909091, 0.13636363636363635, 0.18181818181818182, 0.3181818181818182, 0.2727272727272727] 1747",Azure 522_8222,ND6s v35,0.7312270707436072
2024-03-21T15:23:50.210423,0.2168483586185313,ap-southeast-1,"[0.25806451612903225, 0.1935483870967742, 0.25806451612903225, 0.16129032258064516, 0.129032258",GCP 947_4637,n2-standard-8,0.6171832541346554
2025-12-24T15:35:29.814000,0.30916021877676503,eu-west-1,"[0.25, 0.21875, 0.1875, 0.15625, 0.1875]",GCP 851_1724,n2-highmem-8 v48,0.6632916696054589
2024-08-08T19:05:44.493000,0.1880893139633447,ap-south-1,"[0.25, 0.21875, 0.1875, 0.15625, 0.1875] 1950",GCP 702_747,n2-standard-8,0.6280792930814646
2025-04-03T19:11:52.926000,0.19655392706133415,ap-south-1,"[0.2962962962962963, 0.3333333333333333, 0.07407407407407407, 0.14814814814814814, 0.1481481",GCP 659_742,n2-standard-8 v4 1684,0.6475977502117285
2025-11-27T19:16:42.619963 v43_731_8714,0.22551919046386706,ap-southeast-1 288,"[0.16129032258064516, 0.22580645161290322, 0.1935483870967742, 0.22580645161290322, 0.1935483870967742]",GCP 809_1998,n2-highmem-8,0.7265207155898961
2022-09-12T19:22:12.820769,0.18246358405094884,AP-SOUTH-1,"[0.25, 0.21875, 0.1875, 0.15625, 0.1875]",GCP 156_4157,N2-STANDARD-8,0.553710507659824
2028-12-01T19:23:55.585000,0.1891281546161684,ap-south-1 v3,"[0.14285714285714285, 0.2857142857142857, 0.17857142857142858, 0.21428571428571427, 0.178571428",GCP 424 275_3413,n2-standard-8,0.781247115491742
2025-12-11T19:26:01.495517 1781_6546,0.18608577196085527,ap-south-1,"[0.1111111111111111, 0.25925925925925924, 0.2222222222222222, 0.18518518518518517, 0.2222222222222222]",GCP 667_322,n2-standard-8,0.7147859328509262
2024-02-06T19:28:00.895966,0.12895949289961048,ap-south-1 v48,"[0.0967741935483871, 0.22580645161290322, 0.1935483870967742, 0.22580645161290322, 0.25806451612903225]",AZURE 214_592,E4s_v3 v13,0.8692437762208193
2026-10-29T19:33:03.604998,0.18025526581848353,AP-SOUTH-1,"[0.25806451612903225, 0.22580645161290322, 0.1935483870967742, 0.16129032258064516, 0",GCP 956 1338_8938,n2-standard-8,0.5912489963805962
2025-09-02T19:45:16.666000,0.18507921912214956,asia-south1 v37,"[0.24242424242424243, 0.12121212121212122, 0.18181818181818182, 0.15151515151515152, 0.30303030303030304] 95",Azure v21 744_9613,E4s_v3,0.5583429871807306
2028-06-23T20:03:54.476536,0.19025610930429226,asia-south1,"[0.25, 0.21875, 0.1875, 0.15625, 0.1875]",GCP 925_5580,n2-standard-8 v23,0.6043803767496836
2025-11-27T20:04:16.666222 v47_7763_8342,0.20941989548678108,ASIA-SOUTH1,"[0.25, 0.21875, 0.1875, 0.15625, 0.1875]",GCP 539_2384,N2-STANDARD-8,0.6187515100639802
2027-01-15T15:08:22.707000,0.2127393908572601,ap-south-1,"[0.25, 0.21875, 0.1875, 0.15625, 0.1875] v38 1472",GCP 955_6403,n2-standard-8 1825,0.5779500377454587
2027-09-09T15:09:47.612621,1.9200853074345692,ap-southeast-1 v15 1263,"[0.17391304347826086, 0.21739130434782608, 0.21739130434782608, 0.21739130434782608, 0.17391304347826086]",Azure 523_617,ND6s v16 1425,0.6168971324105157
2028-12-21T15:17:48.209869,1.0977933616953686,asia-south1,"[0.1, 0.15, 0.2, 0.35, 0.2]",Azure 526_8516,ND6s,0.7728858794140628
2028-01-30T15:20:02.882342,1.0463688533277569,asia-south1,"[0.09090909090909091, 0.13636363636363635, 0.18181818181818182, 0.3181818181818182, 0.2727272727272727] v8",Azure 16_7231,ND6s,0.718625919097748
2027-06-22T15:23:50.210423,0.19808463186975717,ap-southeast-1,"[0.25806451612903225, 0.1935483870967742, 0.25806451612903225, 0.16129032258064516, 0.12903225806451613]",GCP 132_8918,n2-standard-8,0.6078617267225678
2026-01-25T15:35:29.814076,0.35283604383876455,EU-WEST-1,"[0.25, 0.21875, 0.1875, 0.15625, 0.1875]",GCP 932_1169,n2-highmem-8,0.6045854599257627
2028-04-21T19:05:44.493141,0.19997271661114344,ap-south-1,"[0.25, 0.21875, 0.1875, 0.15625, ",GCP 357_389,N2-STANDARD-8,0.6462583266484127
2026-02-08T19:11:52.926000,0.21444909340140245,ap-south-1,"[0.2962962962962963, 0.3333333333333333, 0.07407407407407407, 0.14814814814814814, 0.14814814814814814] v48",GCP v10 462_3753,n2-standard-8,0.6530637275852293
2025-11-27T19:16:42.619963 v4_2788 1227_8177,0.24205459331990448,ap-southeast-1,"[0.16129032258064516, 0.22580645161290322, 0.1935483870967742, 0.22580645161290322, 0.1935483870967742]",GCP 114_8508,n2-highmem-8,0.7542538482078924
2025-02-23T19:22:12.820000,0.21241331734274035,ap-south-1 v46,"[0.25, 0.21875, 0.1875, 0.15625, 0.1875]",GCP 464 710_3199,n2-standard-8,0.6438891983928999
2026-01-19T19:23:55.585000,0.2238158767482833,ap-south-1 v5,"[0.14285714285714285, 0.2857142857142857, 0.17857142857142858, 0.21428571428571427, 0.1785714 1724",GCP 304 1714_5502,n2-standard-8,0.7598396341913487
2025-02-25T19:26:01.495517,0.180244368528547,ap-south-1 v33 956,"[0.1111111111111111, 0.25925925925925924, 0.2222222222222222, 0.18518518518518517, 0.2222222222222222] 946",GCP 149_8384,n2-standard-8,0.7808419470481903
2027-04-27T19:28:00.895000,0.13685813700922847,ap-south-1,"[0.0967741935483871, 0.22580645161290322, 0.1935483870967742, 0.22580645161290322, 0.25806451612903225] v8 1788",Azure 96 1068_4509,E4s_v3,0.8650218397273451
2029-01-04T19:33:03.604998,0.21194988403467788,ap-south-1,"[0.25806451612903225, 0.22580645161290322, 0.1935483870967742, 0.16129032258064516, 0.1612903 256",GCP v2 263_4679,n2-standard-8 1066,0.6285928084751026
2023-04-22T19:45:16.666229,0.1784857120584298,asia-south1,"[0.24242424242424243, 0.12121212121212122, 0.18181818181818182, 0.15151515151515152, 0.303030303",Azure 608_5549,E4s_v3,0.6103096203515446
2027-06-17T20:03:54.476536,0.20411791973027155,asia-south1,"[0.25, 0.21875, 0.1875, 0.15625, 0.1875] 784",GCP 920 1333_5523,n2-standard-8 1397,0.6381610298151293
2026-04-25T20:04:16.666222,0.20092255411245669,asia-south1,"[0.25, 0.21875, 0.1875, 0.15625, 0.1875]",GCP 8_2845,n2-standard-8,0.6146681453382744
2026-09-15T15:08:22.707000 202_9008,0.18803747327028295,ap-south-1,"[0.25, 0.21875, 0.1875, 0.15625, 0.1875]",GCP 91_2352,n2-standard-8,0.619342281168198
2025-11-27T15:09:47.612621 v22_6019_1979,1.8677953530350357,ap-southeast-1 322,"[0.17391304347826086, 0.21739130434782608, 0.21739130434782608, 0.21739130434782608, 0.17391304347826086] 318",AZURE 219_3142,ND6s,0.557570731205979
2025-08-16T15:17:48.209869 684_751,1.1218952143876528,asia-south1 v16,"[0.1, 0.15, 0.2, 0.35, 0.2]",Azure 306_1654,ND6s,0.7173148375503121
2025-11-23T15:20:02.882342,1.0470277209272163,asia-south1,"[0.09090909090909091, 0.13636363636363635, 0.18181818181818182, 0.3181818181818182, 0.2727272727272727]",Azure 303_2202,ND6s,0.7471277715672091
2025-09-07T15:23:50.210423 442_6948,0.2181894916995583,ap-southeast-1 775,"[0.25806451612903225, 0.1935483870967742, 0.25806451612903225, 0.16129032258064516, 0.12903225806451613]",GCP 640 1744_9242,n2-standard-8,0.6493578151570326
2025-01-21T15:35:29.814076,0.33000071313315416,eu-west-1 1291,"[0.25, 0.21875, 0.1875, 0.15625, 0.1875]",GCP 117_495,n2-highmem-8,0.6088363374667164
2026-09-01T19:05:44.493141 1368_9802,0.19480287261748747,ap-south-1 v6,"[0.25, 0.21875, 0.1875, 0.15625, 0.1875]",GCP 568_3729,N2-STANDARD-8,0.5934526160821948
2024-11-25T19:11:52.926000,0.2168584027595368,AP-SOUTH-1 V25,"[0.2962962962962963, 0.3333333333333333, 0.07407407407407407, 0.14814814814814814, 0.14814814814814814]",GCP 218_7758,n2-standard-8,0.5829514420714198
2022-08-27T19:16:42.619000,0.2181438565180462,ap-southeast-1,"[0.16129032258064516, 0.22580645161290322, 0.1935483870967742, 0.22580645161290322, 0.1935483870967742]",GCP 57_2907,n2-highmem-8,0.7054271635338333
2027-07-04T19:22:12.820000,0.19361890607989962,ap-south-1,"[0.25, 0.21875, 0.1875, 0.15625, 0.1875]",GCP 459_3218,n2-standard-8,0.6307578090383265
2025-10-08T19:23:55.585998,0.20123210044643114,ap-south-1,"[0.14285714285714285, 0.2857142857142857, 0.17857142857142858, 0.21428571428571427, 0.17857142857142858]",GCP 858_1944,n2-standard-8,0.7578019472624217
2024-09-20T19:26:01.495000,0.18208538665414703,ap-south-1,"[0.1111111111111111, 0.25925925925925924, 0.2222222222222222, 0.18518518518518517, 0.2222222222222222]",GCP 776_8504,n2-standard-8 v9 1849,0.8531186987364415
2025-07-25T19:28:00.895966,0.13761206475544357,ap-south-1 v42 1039,"[0.0967741935483871, 0.22580645161290322, 0.1935483870967742, 0.22580645161290322, 0.25806451612903225] 657",Azure 25_4920,E4s_v3,0.8894048459288716
2025-01-25T19:33:03.604000 1217_9984,0.20071047569225844,ap-south-1,"[0.25806451612903225, 0.22580645161290322, 0.1935483870967742, 0.16129032258064516, 0.16129032258064516]",GCP 467_9978,n2-standard-8 1718,0.5713253947547128
2026-03-30T19:45:16.666229,0.18932128777374208,asia-south1,"[0.24242424242424243, 0.12121212121212122, 0.18181818181818182, 0.15151515151515152, 0.30303030303030304] 1174",Azure 96_5673,E4s_v3 v2,0.6283164973828218
2026-12-10T20:03:54.476536,0.20058554758697208,asia-south1,"[0.25, 0.21875, 0.1875, 0.15625, 0.1875]",GCP 879_5586,n2-standard-8 74,0.6143403051931571
2024-08-13T20:04:16.666222,0.19411456449175016,asia-south1 357,"[0.25, 0.21875, 0.1875, 0.15625, 0.1875] v12",GCP 908_6558,n2-standard-8,0.5709238835361614
2026-01-08T15:08:22.707315,0.19951160777593632,ap-south-1,"[0.25, 0.21875, 0.1875, 0.15625, 0.1875] v46",GCP 115_4025,n2-standard-8,0.6692392201272632
2025-11-27T15:09:47.612621 v27_7_1838,2.110244351384626,AP-SOUTHEAST-1,"[0.17391304347826086, 0.21739130434782608, 0.21739130434782608, 0.21739130434782608, 0.17391304347826086]",AZURE 986_1453,ND6s,0.5785245369220436
2023-09-15T15:17:48.209869,1.1149125646646074,asia-south1,"[0.1, 0.15, 0.2, 0.35, 0.2]",Azure 67_1177,ND6s 98,0.7630171786925548
2024-02-06T15:20:02.882342,0.9930020581431928,asia-south1,"[0.09090909090909091, 0.13636363636363635, 0.18181818181818182, 0.3181818181818182, 0.2727272727272727]",Azure 181_5428,ND6s,0.7352671737963679
2026-07-22T15:23:50.210423 536_8145,0.213634677133808,ap-southeast-1 v31,"[0.25806451612903225, 0.1935483870967742, 0.25806451612903225, 0.16129032258064516, 0.12903225806451613] 250",GCP 248 1098_1118,n2-standard-8,0.6327841986580479
2028-05-12T15:35:29.814076,0.31897799863508786,eu-west-1,"[0.25, 0.21875, 0.1875, 0.15625, 0.1875]",GCP 88_4604,n2-highmem-8,0.575466018362926
2025-11-27T19:05:44.493141 v23_3675 616_8577,0.19972515610612135,ap-south-1,"[0.25, 0.21875, 0.1875, 0.15625, 0.1",GCP 771_1651,n2-standard-8,0.5858801674540706
2025-04-13T19:11:52.926777 1178_1218,0.2059179062103597,ap-south-1,"[0.2962962962962963, 0.3333333333333333, 0.07407407407407407, 0.14814814814814814, 0.148148148",GCP 433_1305,n2-standard-8,0.646695444585504
2023-03-27T19:16:42.619963,0.21228690471528097,ap-southeast-1,"[0.16129032258064516, 0.22580645161290322, 0.1935483870967742, 0.22580645161290322, 0.1935483870967742]",GCP 855_1594,n2-highmem-8,0.6733063739919833
2025-11-27T19:22:12.820769 v38_3050 1380_2742,0.18487441705107424,ap-south-1,"[0.25, 0.21875, 0.1875, 0.15625, 0.1875]",GCP v20 647_6542,n2-standard-8,0.6338105638687243
2027-01-14T19:23:55.585000,0.1926291697220811,ap-south-1,"[0.14285714285714285, 0.2857142857142857, 0.17857142857142858, 0.21428571428571427, 0.17857142857142858]",GCP 770_2348,n2-standard-8,0.7804869767911092
2025-07-12T19:26:01.495517,0.19596187096508255,ap-south-1,"[0.1111111111111111, 0.25925925925925924, 0.2222222222222222, 0.18518518518518517, 0.2222222222222222]",GCP 312_649,n2-standard-8,0.7921712281704564
2028-04-04T19:28:00.895966,0.12249305761471316,ap-south-1,"[0.0967741935483871, 0.22580645161290322, 0.1935483870967742, 0.22580645161290322, 0.25806451612903225]",Azure 269_5784,E4s_v3,0.865093740444752
2025-08-30T19:33:03.604998,0.19581363203723193,ap-south-1,"[0.25806451612903225, 0.22580645161290322, 0.1935483870967742, 0.16129032258064516, 0.16129032258064516]",GCP v21 668_934,n2-standard-8,0.6282529814474749
2027-12-03T19:45:16.666229,0.18532990559700813,asia-south1,"[0.24242424242424243, 0.12121212121212122, 0.18181818181818182, 0.15151515151515152, 0.30303030303030304]",Azure 444_115,E4s_v3 v20,0.6138293787945746
2025-11-03T20:03:54.476000 1474_4837,0.1962430350307526,asia-south1,"[0.25, 0.21875, 0.1875, 0.15625, 0.1875] v11",GCP V17 805_6699,n2-standard-8,0.5844117747771956
2027-09-22T20:04:16.666222,0.19058232815567897,asia-south1,"[0.25, 0.21875, 0.1875, 0.15625, 0.1",GCP 878_9693,N2-STANDARD-8,0.6126658542095235
2025-02-10T15:08:22.707000,0.1906492530301604,ap-south-1,"[0.25, 0.21875, 0.1875, 0.15625, 0.1875]",GCP 382_4740,n2-standard-8,0.6123973292410381
2025-05-05T15:09:47.612621 1910_2205,1.7734372106557177,ap-southeast-1,"[0.17391304347826086, 0.21739130434782608, 0.21739130434782608, 0.21739130434782608, 0.17391304347826086]",AZURE 154_1305,ND6s v47 550,0.607741829875269
2028-01-20T15:17:48.209869,1.0027851575394682,ASIA-SOUTH1,"[0.1, 0.15, 0.2, 0.35, 0.2]",Azure 804_1140,ND6s 1291,0.6788832105173613
2022-07-05T15:20:02.882342,1.0072444045654405,asia-south1,"[0.09090909090909091, 0.13636363636363635, 0.18181818181818182, 0.3181818181818182, 0.27272727",Azure 91 1730_7031,ND6s,0.751364257179686
2025-10-19T15:23:50.210423,0.1906190609780969,ap-southeast-1 v10,"[0.25806451612903225, 0.1935483870967742, 0.25806451612903225, 0.16129032258064516, 0.12903225806451613]",GCP 731_4157,N2-STANDARD-8,0.6323769944546811
2026-08-04T15:35:29.814076,0.34079767037253383,eu-west-1,"[0.25, 0.21875, 0.1875, 0.15625, 0.1875]",GCP v31 405_5119,n2-highmem-8,0.6509050408848629
2026-02-01T19:05:44.493141,0.19408010153118896,ap-south-1,"[0.25, 0.21875, 0.1875, 0.15625, 0.1875] 1690",GCP 521_466,n2-standard-8,0.6507440183750107
2025-11-27T19:11:52.926777 v30_9_8465,0.19715974005531048,ap-south-1,"[0.2962962962962963, 0.3333333333333333, 0.07407407407407407, 0.14814814814814814, 0.1481481",GCP v4 535_1450,n2-standard-8,0.6288576535673471
2028-10-13T19:16:42.619000,0.227071890042909,ap-southeast-1,"[0.16129032258064516, 0.22580645161290322, 0.1935483870967742, 0.22580645161290322, 0.193548 1165",GCP 993_2387,N2-HIGHMEM-8,0.7168859868871033
2028-12-11T19:22:12.820769,0.20473003815408264,ap-south-1 1212,"[0.25, 0.21875, 0.1875, 0.15625, 0.1875]",GCP 389_629,n2-standard-8,0.6737097498659248
2025-08-18T19:23:55.585998 1630_3960,0.19281660793061994,ap-south-1,"[0.14285714285714285, 0.2857142857142857, 0.17857142857142858, 0.21428571428571427, 0.17857142857142858]",GCP 338 943_2088,n2-standard-8,0.8134478620707687
2025-01-31T19:26:01.495517,0.17818171973422234,ap-south-1,"[0.1111111111111111, 0.25925925925925924, 0.2222222222222222, 0.18518518518518517, 0.2222222222222222]",GCP 476_41,N2-STANDARD-8,0.7816733131720988
2025-05-08T19:28:00.895966 1436_5455,0.12963525850758714,ap-south-1,"[0.0967741935483871, 0.22580645161290322, 0.1935483870967742, 0.22580645161290322, 0.2580645",Azure 438_1583,E4s_v3,0.8945865578584926
2025-06-13T19:33:03.604998 1711_4053,0.21430608834766252,ap-south-1,"[0.25806451612903225, 0.22580645161290322, 0.1935483870967742, 0.16129032258064516, 0.16129032258064516]",GCP 500_2024,n2-standard-8,0.5474990350572173
2023-08-18T19:45:16.666229,0.1770886990163256,asia-south1,"[0.24242424242424243, 0.12121212121212122, 0.18181818181818182, 0.15151515151515152, 0",Azure 788_8719,E4s_v3,0.5721877009352071
2024-05-12T20:03:54.476536,0.19108558891483393,asia-south1,"[0.25, 0.21875, 0.1875, 0.15625, 0.1875]",GCP 220_708,n2-standard-8,0.6522075712914682
2025-11-27T20:04:16.666222 v5_2667_2887,0.21155441776449044,asia-south1,"[0.25, 0.21875, 0.1875, 0.15625, 0.1875]",GCP 295_4639,n2-standard-8,0.6049306031872458
2025-05-30T15:08:22.707315,0.20093188154331773,ap-south-1,"[0.25, 0.21875, 0.1875, 0.15625, 0.1875] v40",GCP 566_5523,n2-standard-8,0.6496121557953631
2024-09-09T15:09:47.612621,1.8712918500542788,AP-SOUTHEAST-1,"[0.17391304347826086, 0.21739130434782608, 0.21739130434782608, 0.21739130434782608, 0.17391304347826086]",Azure 878_6584,ND6s,0.6088633509656547
2027-02-08T15:17:48.209869,1.1226899751054544,asia-south1 1762,"[0.1, 0.15, 0.2, 0.35, 0.2]",Azure 577_2365,ND6S,0.7000416698364296
2027-03-27T15:20:02.882342,1.0335737790119168,asia-south1,"[0.09090909090909091, 0.13636363636363635, 0.18181818181818182, 0.3181818181818182, 0.2727272727272727]",Azure 77_7922,ND6s,0.6440097208800725
2023-01-06T15:23:50.210423,0.18840152741269237,AP-SOUTHEAST-1,"[0.25806451612903225, 0.1935483870967742, 0.25806451612903225, 0.16129032258064516, 0.1290322",GCP 445_6143,n2-standard-8 v18,0.6451154896140846
2027-12-21T15:35:29.814076,0.3339246387997876,eu-west-1 714,"[0.25, 0.21875, 0.1875, 0.15625, ",GCP 994_6468,n2-highmem-8,0.6056028111690918
2028-06-13T19:05:44.493000,0.20477094166012771,ap-south-1,"[0.25, 0.21875, 0.1875, 0.15625, 0.1875] v42 780",GCP 960_5884,n2-standard-8 v13,0.6048124344463307
2025-11-27T19:11:52.926777 v27_8748 168_1154,0.19634595331610522,ap-south-1,"[0.2962962962962963, 0.3333333333333333, 0.07407407407407407, 0.14814814814814814, 0.1481481481481",GCP 156_1177,n2-standard-8 v28,0.5712891857470664
2025-12-12T19:16:42.619963,0.22119905796890368,ap-southeast-1,"[0.16129032258064516, 0.22580645161290322, 0.1935483870967742, 0.22580645161290322, 0.1935483870967742]",GCP 254_7907,n2-highmem-8,0.6872689110445318
2025-12-21T19:22:12.820769,0.18626578418638043,ap-south-1 v29,"[0.25, 0.21875, 0.1875, 0.15625, 0.1875]",GCP v35 371_3055,n2-standard-8,0.6259035696738259
2025-07-22T19:23:55.585000,0.2033055363304102,ap-south-1,"[0.14285714285714285, 0.2857142857142857, 0.17857142857142858, 0.21428571428571427, 0.17857142857142858]",GCP 579_7466,n2-standard-8 1343,0.750437270133908
2027-05-28T19:26:01.495000,0.19598517433045085,ap-south-1,"[0.1111111111111111, 0.25925925925925924, 0.2222222222222222, 0.18518518518518517, 0.2222222222222222]",GCP 375 1375_2151,N2-STANDARD-8,0.7712670562361539
2027-01-18T19:28:00.895000,0.13100790195923775,ap-south-1,"[0.0967741935483871, 0.22580645161290322, 0.1935483870967742, 0.22580645161290322, 0.25806451612903225]",Azure v18 215_7625,E4s_v3,0.824069238147912
2028-09-04T19:33:03.604998,0.18385945710477722,ap-south-1,"[0.25806451612903225, 0.22580645161290322, 0.1935483870967742, 0.16129032258064516, 0.16129032258064516]",GCP 47_7469,n2-standard-8,0.6535186087547116
2026-06-09T19:45:16.666000,0.1947553050921429,asia-south1,"[0.24242424242424243, 0.12121212121212122, 0.18181818181818182, 0.15151515151515152, 0.30303030303030304]",Azure 66_5409,E4s_v3 1660,0.5943952885456375
2024-04-28T20:03:54.476536,0.20636420242189651,ASIA-SOUTH1,"[0.25, 0.21875, 0.1875, 0.15625, 0.1875]",GCP 94 475_5009,n2-standard-8,0.6528552117518548
2026-12-17T20:04:16.666222,0.19641308516481107,asia-south1 1466,"[0.25, 0.21875, 0.1875, 0.15625, 0.1875] 854",GCP 591_3284,n2-standard-8,0.6270259625681323
2025-11-27T15:08:22.707315 v20_2709_2091,0.18942626542328134,AP-SOUTH-1 934,"[0.25, 0.21875, 0.1875, 0.15625, 0.1875]",GCP 862_4446,n2-standard-8,0.64864171209784
2026-01-10T15:09:47.612621 1898_3644,1.8675077527748791,ap-southeast-1,"[0.17391304347826086, 0.21739130434782608, 0.21739130434782608, 0.21739130434782608, 0.17391304347826086]",Azure v44 474_53,ND6s 232,0.5061337480796743
2022-08-12T15:17:48.209869,1.1559990933587303,ASIA-SOUTH1,"[0.1, 0.15, 0.2, 0.35, 0.2] v1",Azure 897_1888,ND6s,0.7226093929959894
2027-01-29T15:20:02.882000,0.9892928457527069,asia-south1 v2,"[0.09090909090909091, 0.13636363636363635, 0.18181818181818182, 0.3181818181818182, 0.2727272727272727] v1",AZURE 502 1837_9865,ND6S,0.685344870931125
2025-06-11T15:23:50.210423,0.2057749189947921,ap-southeast-1 v18 1486,"[0.25806451612903225, 0.1935483870967742, 0.25806451612903225, 0.16129032258064516, 0.12903225806451613] 841",GCP 10_6187,n2-standard-8,0.6331049512447435
2026-05-19T15:35:29.814076,0.3403168175618545,eu-west-1,"[0.25, 0.21875, 0.1875, 0.15625, 0.1875] v21 1345",GCP 213_855,n2-highmem-8 769,0.5827705512844662
2027-01-13T19:05:44.493141,0.19151454269328408,ap-south-1 647,"[0.25, 0.21875, 0.1875, 0.15625, 0.1875]",GCP 790 1604_5977,n2-standard-8 v24,0.6575479728855775
2026-04-11T19:11:52.926777,0.2145789548724202,ap-south-1,"[0.2962962962962963, 0.3333333333333333, 0.07407407407407407, 0.14814814814814814, 0.14814814814814814]",GCP 680_4748,n2-standard-8 1409,0.6609997031706488
2024-04-25T19:16:42.619963,0.21093528247776627,ap-southeast-1 v18,"[0.16129032258064516, 0.22580645161290322, 0.1935483870967742, 0.22580645161290322, 0.1935483870967742]",GCP 727_6974,N2-HIGHMEM-8,0.7464164683711595
2024-02-09T19:22:12.820000,0.19183821747882052,ap-south-1,"[0.25, 0.21875, 0.1875, 0.15625, 0.1875]",GCP 619_5687,n2-standard-8 1733,0.5766692209218518
2025-11-27T19:23:55.585998 v13_2941_342,0.19760136843075282,ap-south-1,"[0.14285714285714285, 0.2857142857142857, 0.17857142857142858, 0.21428571428571427, 0.17857142857142858]",GCP 630_3832,n2-standard-8,0.8214904812978385
2025-11-27T19:26:01.495517 v34_6_3275,0.21095609852482455,AP-SOUTH-1,"[0.1111111111111111, 0.25925925925925924, 0.2222222222222222, 0.18518518518518517, 0.2222222222222222]",GCP v41 900_1256,n2-standard-8,0.8672312050190473
2025-11-27T19:28:00.895966 v39_6488_4845,0.1300114496691173,ap-south-1,"[0.0967741935483871, 0.22580645161290322, 0.1935483870967742, 0.22580645161290322, 0.258064516",Azure 757_7332,E4s_v3,0.8691008031961681
2025-11-27T19:33:03.604998 v28_5477_9941,0.20829215945258273,AP-SOUTH-1,"[0.25806451612903225, 0.22580645161290322, 0.1935483870967742, 0.16129032258064516, 0.16129032258064516] v27",GCP 62_8761,n2-standard-8,0.6854080713679445
2028-11-10T19:45:16.666229,0.17405766147500099,asia-south1,"[0.24242424242424243, 0.12121212121212122, 0.18181818181818182, 0.15151515151515152, 0.30303030303030304]",Azure 380_6987,E4s_v3,0.5683811590849002
2025-08-11T20:03:54.476536,0.18779330487983428,asia-south1 v47,"[0.25, 0.21875, 0.1875, 0.15625, 0.1",GCP 163 1906_9687,n2-standard-8 v48,0.6846705661738334
2026-05-12T20:04:16.666222,0.21820365421975318,asia-south1,"[0.25, 0.21875, 0.1875, 0.15625, 0.1875] 1391",GCP 379 1530_2929,N2-STANDARD-8,0.6418966927712814
2023-04-28T15:08:22.707000,0.21961124578816874,ap-south-1,"[0.25, 0.21875, 0.1875, 0.15625, 0.1875]",GCP 101 1100_4727,n2-standard-8,0.6855302911139631
2025-11-27T15:09:47.612621 v2_8_7963,1.9214974459535086,ap-southeast-1 v11 1426,"[0.17391304347826086, 0.21739130434782608, 0.21739130434782608, 0.21739130434782608, 0.17391304347826086]",AZURE 579_8649,ND6s,0.6430203165324502
2027-08-11T15:17:48.209869,1.074349778327532,asia-south1,"[0.1, 0.15, 0.2, 0.35, 0.2]",Azure 979_1695,ND6s 765,0.7048175039870044
2026-11-26T15:20:02.882000,1.088778698676667,asia-south1 v35,"[0.09090909090909091, 0.13636363636363635, 0.18181818181818182, 0.3181818181818182, 0.272727",Azure 296_660,ND6s 171,0.6909450465374163
2027-03-12T15:23:50.210423,0.18857317259483342,ap-southeast-1 v44,"[0.25806451612903225, 0.1935483870967742, 0.25806451612903225, 0.16129032258064516, 0.12903225806451613]",GCP 375_4340,N2-STANDARD-8 V23,0.5932003728198033
2025-07-05T15:35:29.814076 1710_7659,0.32468795476966145,eu-west-1 v49,"[0.25, 0.21875, 0.1875, 0.15625, 0.1875]",GCP 53_2006,n2-highmem-8,0.6782330998767747
2025-06-12T19:05:44.493141,0.20890473929443384,AP-SOUTH-1,"[0.25, 0.21875, 0.1875, 0.15625, 0.1875]",GCP 494_6700,n2-standard-8,0.6235408227653676
2029-06-23T19:11:52.926777,0.19256693349530601,ap-south-1 v15 474,"[0.2962962962962963, 0.3333333333333333, 0.07407407407407407, 0.14814814814814814, 0.14814814814814814] 839",GCP 175_1778,n2-standard-8,0.6290499986892574
2028-03-20T19:16:42.619963,0.2559640022413354,ap-southeast-1,"[0.16129032258064516, 0.22580645161290322, 0.1935483870967742, 0.22580645161290322, 0.1935483870967742]",GCP 834_1219,n2-highmem-8 975,0.7058032900669524
2028-09-29T19:22:12.820000,0.20972642388661825,ap-south-1 v9,"[0.25, 0.21875, 0.1875, 0.15625, 0.1875]",GCP 899_4738,n2-standard-8,0.6279696747332085
2026-01-08T19:23:55.585998,0.204022929271858,ap-south-1 418,"[0.14285714285714285, 0.2857142857142857, 0.17857142857142858, 0.21428571428571427, 0.1785714",GCP 426_6278,n2-standard-8 83,0.783847672014803
2025-10-05T19:26:01.495000,0.20136760725218045,ap-south-1 1649,"[0.1111111111111111, 0.25925925925925924, 0.2222222222222222, 0.18518518518518517, 0.2222222222222222]",GCP 605_9565,n2-standard-8 263,0.7880729099241095
2024-12-20T19:28:00.895966,0.13344228450825632,ap-south-1 1233,"[0.0967741935483871, 0.22580645161290322, 0.1935483870967742, 0.22580645161290322, 0.25806451612903225] 39",AZURE 333 1735_6951,E4s_v3,0.8571781494567696
2024-12-01T19:33:03.604998,0.20092769920422512,ap-south-1 v22,"[0.25806451612903225, 0.22580645161290322, 0.1935483870967742, 0.16129032258064516, 0.1612903 1057",GCP v21 687_1757,n2-standard-8,0.6240316755887965
2024-07-04T19:45:16.666229,0.1884461376017666,asia-south1,"[0.24242424242424243, 0.12121212121212122, 0.18181818181818182, 0.15151515151515152, 0.30303030303030304] 354",Azure 562 291_4260,E4s_v3,0.6475943706649467
2027-12-25T20:03:54.476536,0.19832044146194464,ASIA-SOUTH1 V13,"[0.25, 0.21875, 0.1875, 0.15625, 0.1875]",GCP 910_278,n2-standard-8,0.5654597024632274
2025-07-08T20:04:16.666222 197_7080,0.21760084127968546,asia-south1,"[0.25, 0.21875, 0.1875, 0.15625, 0.1875]",GCP 974_924,n2-standard-8,0.6356740092815336
2025-03-12T15:08:22.707315,0.20852025209576877,ap-south-1,"[0.25, 0.21875, 0.1875, 0.15625, 0.1875]",GCP v1 547_2765,n2-standard-8,0.6405888986241618
2028-07-16T15:09:47.612621,1.7285446165675258,ap-southeast-1 v13,"[0.17391304347826086, 0.21739130434782608, 0.21739130434782608, 0.21739130434782608, 0.17391304347826086] 637",Azure 725 844_3911,ND6s 1786,0.6028140149109937
2025-01-09T15:17:48.209000,1.0333500158630404,asia-south1,"[0.1, 0.15, 0.2, 0.35, 0",Azure v40 417_5060,ND6s,0.7813714520499786
2025-03-20T15:20:02.882342,1.016337723611116,asia-south1 1036,"[0.09090909090909091, 0.13636363636363635, 0.18181818181818182, 0.3181818181818182, 0.272727272727",Azure 86_5110,ND6s,0.7748206916836347
2026-03-17T15:23:50.210423,0.21470873286568215,ap-southeast-1,"[0.25806451612903225, 0.1935483870967742, 0.25806451612903225, 0.16129032258064516, 0.12903225806451613]",GCP 664_8982,n2-standard-8 v12,0.665633562696703
2028-07-06T15:35:29.814076,0.34028193933607975,eu-west-1,"[0.25, 0.21875, 0.1875, 0.15625, 0.1875]",GCP 913_5030,N2-HIGHMEM-8,0.5687357997996381
2025-05-23T19:05:44.493141 1488_4874,0.19687872297793077,ap-south-1,"[0.25, 0.21875, 0.1875, 0.15625, 0.1",GCP 869_3096,n2-standard-8,0.5949272933911351
2025-12-26T19:11:52.926777 1759_5796,0.1929320353580841,AP-SOUTH-1,"[0.2962962962962963, 0.3333333333333333, 0.07407407407407407, 0.14814814814814814, 0.1481481",GCP 300_6805,n2-standard-8 v36,0.5501665471542257
2025-11-27T19:16:42.619963 v14_773_157,0.2246372821247628,AP-SOUTHEAST-1,"[0.16129032258064516, 0.22580645161290322, 0.1935483870967742, 0.22580645161290322, 0.193548387096",GCP 968_3352,n2-highmem-8,0.6722567933625265
2025-11-27T19:22:12.820769 v46_1562_1985,0.19359786056417788,ap-south-1,"[0.25, 0.21875, 0.1875, 0.15625, 0.1875]",GCP v24 774_9939,n2-standard-8,0.6401571260642885
2024-11-29T19:23:55.585998 735_8520,0.18958403556033662,ap-south-1,"[0.14285714285714285, 0.2857142857142857, 0.17857142857142858, 0.21428571428571427, 0.17857142857142858]",GCP 575_3807,n2-standard-8 v36,0.7809526571088186
2027-07-07T19:26:01.495517,0.1940730961502054,ap-south-1 v37,"[0.1111111111111111, 0.25925925925925924, 0.2222222222222222, 0.18518518518518517, 0.22222222",GCP 592_3034,n2-standard-8 134,0.8116119354556948
2025-11-27T19:28:00.895966 v23_5_6613,0.13660258722567803,ap-south-1,"[0.0967741935483871, 0.22580645161290322, 0.1935483870967742, 0.22580645161290322, 0.25806451612903225]",Azure 126_6783,E4s_v3,0.86428901496692
2026-09-09T19:33:03.604998,0.2099566237313978,ap-south-1 v38,"[0.25806451612903225, 0.22580645161290322, 0.1935483870967742, 0.16129032258064516, 0.16129032258064516]",GCP 735 1897_4465,n2-standard-8,0.592618690307827
2023-03-16T19:45:16.666229,0.18798800644953667,asia-south1,"[0.24242424242424243, 0.12121212121212122, 0.18181818181818182, 0.15151515151515152, 0.30303030303030304] V16",Azure 334_8185,E4s_v3,0.6040372129508389
2025-10-24T20:03:54.476536 1350_816,0.19110835813446328,asia-south1,"[0.25, 0.21875, 0.1875, 0.15625, 0.1875] V13",GCP 165_6724,n2-standard-8,0.6524267928690631
2026-06-05T20:04:16.666222 1579_5500,0.21693766176740675,asia-south1,"[0.25, 0.21875, 0.1875, 0.15625, 0.1875]",GCP v2 451_1984,n2-standard-8,0.5760748020971282
2025-08-10T15:08:22.707315 1282_7511,0.19880615321231,ap-south-1 v12,"[0.25, 0.21875, 0.1875, 0.15625, 0.1875]",GCP v19 529_3771,n2-standard-8,0.6007411297334029
2025-06-15T15:09:47.612621 211_5256,1.78237828337621,ap-southeast-1,"[0.17391304347826086, 0.21739130434782608, 0.21739130434782608, 0.21739130434782608, 0.17391304347826086]",Azure 59_810,ND6s 1289,0.6042408982573955
2026-04-25T15:17:48.209869,1.067584725988879,asia-south1,"[0.1, 0.15, 0.2, 0.35, 0.2] 249",Azure 399 1835_6268,ND6s,0.7819939468420072
2026-10-22T15:20:02.882342 1600_3846,0.9854838641756513,asia-south1 363,"[0.09090909090909091, 0.13636363636363635, 0.18181818181818182, 0.3181818181818182, 0.2727272727272727]",Azure 480 1558_6762,ND6s,0.6781904363505599
2024-10-04T15:23:50.210000,0.19757073991932136,ap-southeast-1,"[0.25806451612903225, 0.1935483870967742, 0.25806451612903225, 0.16129032258064516, 0",GCP 584_5135,n2-standard-8,0.6745132014543066
2026-01-08T15:35:29.814076,0.3334378245078642,eu-west-1 642,"[0.25, 0.21875, 0.1875, 0.15625, 0.1 269",GCP 632_1279,N2-HIGHMEM-8,0.5926441815184301
2023-07-13T19:05:44.493141,0.1907981510800996,ap-south-1 630,"[0.25, 0.21875, 0.1875, 0.15625, 0.1875] v31",GCP 103_6276,n2-standard-8,0.6136615578380733
2026-02-14T19:11:52.926777,0.20593276707565936,AP-SOUTH-1 24,"[0.2962962962962963, 0.3333333333333333, 0.07407407407407407, 0.14814814814814814, 0.14814814814814814]",GCP 933_4179,n2-standard-8,0.5767252017069789
2027-10-30T19:16:42.619963,0.23704979198522913,ap-southeast-1 8,"[0.16129032258064516, 0.22580645161290322, 0.1935483870967742, 0.22580645161290322, ",GCP 889_1052,n2-highmem-8 231,0.7761555293744892
2025-02-26T19:22:12.820769,0.21453998790131204,ap-south-1,"[0.25, 0.21875, 0.1875, 0.15625, 0.1875] v20",GCP 27 1928_8971,n2-standard-8 1207,0.6092497626215155
2025-05-06T19:23:55.585998,0.17784168679487966,ap-south-1,"[0.14285714285714285, 0.2857142857142857, 0.17857142857142858, 0.21428571428571427, 0.178571428",GCP 340_6750,n2-standard-8,0.7870438958211837
2028-05-08T19:26:01.495517,0.204266931650768,ap-south-1 1504,"[0.1111111111111111, 0.25925925925925924, 0.2222222222222222, 0.18518518518518517, 0.2222222222222222] 1982",GCP 265_899,n2-standard-8 1047,0.7363256225612833
2024-11-27T19:28:00.895966 1448_1922,0.1317233019122657,ap-south-1,"[0.0967741935483871, 0.22580645161290322, 0.1935483870967742, 0.22580645161290322, 0.2580645",Azure 761_322,E4s_v3 748,0.797494268032575
2025-10-13T19:33:03.604000 1501_441,0.18839345765530274,ap-south-1,"[0.25806451612903225, 0.22580645161290322, 0.1935483870967742, 0.16129032258064516, 0.16129032258064516]",GCP 846 1416_9175,n2-standard-8 652,0.5579742740270222
2025-09-11T19:45:16.666229,0.18588244735903867,asia-south1,"[0.24242424242424243, 0.12121212121212122, 0.18181818181818182, 0.15151515151515152, 0.30303030303030304]",Azure v24 217 1338_2445,E4s_v3,0.5416472078311456
2026-09-04T20:03:54.476536 1573_3183,0.19286850366457708,asia-south1 1129,"[0.25, 0.21875, 0.1875, 0.15625, 0.1",GCP 234_9187,n2-standard-8 v10,0.5771148856081316
2023-07-23T20:04:16.666222,0.19326285651577627,asia-south1,"[0.25, 0.21875, 0.1875, 0.15625, 0.1875] v43",GCP 142_7331,n2-standard-8 939,0.558899355848075
2024-08-03T15:08:22.707000,0.19283199243100282,ap-south-1,"[0.25, 0.21875, 0.1875, 0.15625, 0.1875]",GCP 165_7416,n2-standard-8 v32,0.5951158051954729
2025-02-24T15:09:47.612621 35_1447,1.9619037145506273,ap-southeast-1,"[0.17391304347826086, 0.21739130434782608, 0.21739130434782608, 0.21739130434782608, 0.17391304347826086]",Azure 772_4259,ND6s v12,0.5305950404722108
2027-06-10T15:17:48.209000,0.9953853028132547,asia-south1,"[0.1, 0.15, 0.2, 0.35, 0.2]",Azure 842_8263,ND6S,0.7005059250144575
2028-09-17T15:20:02.882342,1.1190302644220627,asia-south1,"[0.09090909090909091, 0.13636363636363635, 0.18181818181818182, 0.3181818181818182, 0.2727272727272727]",Azure v16 116_5577,ND6s,0.7692637225446711
2025-01-21T15:23:50.210423 316_1374,0.21096384918795494,ap-southeast-1,"[0.25806451612903225, 0.1935483870967742, 0.25806451612903225, 0.16129032258064516, 0.12903225806451613] v44",GCP 591_8532,n2-standard-8 490,0.6052207393093219
2025-03-03T15:35:29.814076,0.3706493487554236,eu-west-1,"[0.25, 0.21875, 0.1875, 0.15625, 0.1875]",GCP 278_531,n2-highmem-8,0.5788398433592145
2024-12-05T19:05:44.493141,0.2056713343237892,ap-south-1,"[0.25, 0.21875, 0.1875, 0.15625, 0.1875]",GCP 503_9448,n2-standard-8,0.5653885052656167
2025-02-13T19:11:52.926000 86_6249,0.18812367475386257,ap-south-1,"[0.2962962962962963, 0.3333333333333333, 0.07407407407407407, 0.14814814814814814, 0.14814814814814814] v32",GCP 698 1900_2897,n2-standard-8,0.6470648161750051
2024-05-18T19:16:42.619963,0.23762626106269163,ap-southeast-1,"[0.16129032258064516, 0.22580645161290322, 0.1935483870967742, 0.22580645161290322, 0.1935483870967742]",GCP 76 173_9605,n2-highmem-8 1275,0.6965798223596259
2025-11-27T19:22:12.820769 v1_1_1806,0.19446333292198534,ap-south-1,"[0.25, 0.21875, 0.1875, 0.15625, 0.1875] 601",GCP 697_8331,n2-standard-8 v41,0.6393789393505156
2026-08-01T19:23:55.585998,0.19718339702668594,ap-south-1 v7,"[0.14285714285714285, 0.2857142857142857, 0.17857142857142858, 0.21428571428571427, 0.17857142857142858] 804",GCP 757_4354,n2-standard-8,0.8297458366829235
2025-04-24T19:26:01.495517 1152_3750,0.2132855902630591,ap-south-1,"[0.1111111111111111, 0.25925925925925924, 0.2222222222222222, 0.18518518518518517, 0.2222222222222222] v46",GCP 910_648,n2-standard-8 v47,0.8068086738557219
2028-11-20T19:28:00.895000,0.13643381802349752,ap-south-1,"[0.0967741935483871, 0.22580645161290322, 0.1935483870967742, 0.22580645161290322, 0.25806451612903225]",Azure 966_9684,E4S_V3,0.8758683711213715
2024-06-03T19:33:03.604998,0.21050997635934587,ap-south-1 v33,"[0.25806451612903225, 0.22580645161290322, 0.1935483870967742, 0.16129032258064516, 0.16129032258064516]",GCP 474_962,n2-standard-8 1839,0.6369112896007845
2027-09-23T19:45:16.666229,0.18805626613703502,ASIA-SOUTH1,"[0.24242424242424243, 0.12121212121212122, 0.18181818181818182, 0.15151515151515152, 0.30303030303030304] 1286",Azure 520_3407,E4s_v3 v41,0.6318234314829984
2024-01-18T20:03:54.476536,0.20134756458947914,asia-south1,"[0.25, 0.21875, 0.1875, 0.15625, 0.1875] v13",GCP v40 825_7206,n2-standard-8 v43,0.5790365325608894
2024-06-25T20:04:16.666222,0.18482176605017403,asia-south1 1913,"[0.25, 0.21875, 0.1875, 0.15625, 0.1875] 610",GCP 461 377_5092,n2-standard-8,0.6429292729405055
2026-05-29T15:08:22.707315,0.20635654213072788,AP-SOUTH-1,"[0.25, 0.21875, 0.1875, 0.15625, 0.1875]",GCP 801_3789,N2-STANDARD-8,0.6287605845358242
2025-11-27T15:09:47.612621 V24_7270_1606,1.9984104100124092,ap-southeast-1 v17,"[0.17391304347826086, 0.21739130434782608, 0.21739130434782608, 0.21739130434782608, 0.173913043",Azure 639_5150,ND6s,0.5580177093701478
2026-07-11T15:17:48.209000 570_5135,1.1334958489311888,asia-south1,"[0.1, 0.15, 0.2, 0.35, 0.2] v48",Azure 141_3393,ND6s,0.6592118804747439
2025-11-27T15:20:02.882342 v26_7728_5619,0.899945844592467,asia-south1 478,"[0.09090909090909091, 0.13636363636363635, 0.18181818181818182, 0.3181818181818182, 0.2727272727272727]",Azure 87_8914,ND6s,0.7513405356240479
2025-10-09T15:23:50.210423,0.18643276102871606,ap-southeast-1,"[0.25806451612903225, 0.1935483870967742, 0.25806451612903225, 0.16129032258064516, 0.12903225806451613] 658",GCP 284_331,n2-standard-8,0.5911189280510846
2025-05-16T15:35:29.814000,0.34065952220802553,eu-west-1,"[0.25, 0.21875, 0.1875, 0.15625, 0.1875]",GCP 954_5486,n2-highmem-8,0.6249870513615933
2025-11-22T19:05:44.493141 920_7003,0.19140635017877194,ap-south-1,"[0.25, 0.21875, 0.1875, 0.15625, ",GCP 77_6881,N2-STANDARD-8,0.59781576314361
2024-07-18T19:11:52.926777,0.19641133621234605,ap-south-1,"[0.2962962962962963, 0.3333333333333333, 0.07407407407407407, 0.14814814814814814, 0.14814814814814814]",GCP 307_1058,n2-standard-8,0.5617406638515587
2026-06-11T19:16:42.619963,0.23394573999516663,ap-southeast-1,"[0.16129032258064516, 0.22580645161290322, 0.1935483870967742, 0.22580645161290322, 0.193548 1847",GCP 998_9298,n2-highmem-8,0.7810282178281369
2025-11-27T19:22:12.820769 v3_1680_4286,0.20625408637468695,AP-SOUTH-1,"[0.25, 0.21875, 0.1875, 0.15625, 0.1875]",GCP 830_9019,n2-standard-8,0.6093706804893458
2026-07-28T19:23:55.585000,0.18530516509120837,ap-south-1,"[0.14285714285714285, 0.2857142857142857, 0.17857142857142858, 0.21428571428571427, 0.178571428",GCP v23 456_2615,n2-standard-8,0.8669092383580792
2026-12-01T19:26:01.495517,0.20058307582367668,ap-south-1,"[0.1111111111111111, 0.25925925925925924, 0.2222222222222222, 0.18518518518518517, 0.2222222222222222]",GCP 534_1463,n2-standard-8,0.7927189391855929
2026-09-29T19:28:00.895966 1672_9613,0.12736763805349627,ap-south-1,"[0.0967741935483871, 0.22580645161290322, 0.1935483870967742, 0.22580645161290322, 0.258064516",Azure 205_7204,E4S_V3 V15,0.7832182627510164
2023-06-02T19:33:03.604998,0.19379244360745673,ap-south-1 1717,"[0.25806451612903225, 0.22580645161290322, 0.1935483870967742, 0.16129032258064516, 0.1612903",GCP 441 1167_3123,n2-standard-8 1551,0.6019030359236818
2028-04-03T19:45:16.666000,0.1869420413573551,asia-south1 914,"[0.24242424242424243, 0.12121212121212122, 0.18181818181818182, 0.15151515151515152, 0.30303030303030304] 262",Azure 623_184,E4s_v3 v35 1095,0.5732079015497042
2028-07-28T20:03:54.476536,0.20082481009056155,asia-south1,"[0.25, 0.21875, 0.1875, 0.15625, 0.1875] v48",GCP 161_7341,n2-standard-8,0.6177459285432827
2024-11-08T20:04:16.666222,0.18936383811848304,asia-south1 1001,"[0.25, 0.21875, 0.1875, 0.15625, 0.1875]",GCP 444_2753,n2-standard-8,0.5791754887831809
2025-11-27T15:08:22.707315 v23_8272 1429_9878,0.1983236605072257,ap-south-1,"[0.25, 0.21875, 0.1875, 0.15625, 0.1875]",GCP v30 39_1014,N2-STANDARD-8,0.5891454340592807
2023-04-28T15:09:47.612621,1.9921814606662573,ap-southeast-1 v14,"[0.17391304347826086, 0.21739130434782608, 0.21739130434782608, 0.21739130434782608, 0.17391304347826086] 1512",Azure 116_7472,ND6s,0.6454529698473629
2022-11-04T15:17:48.209869,1.1004884621604785,asia-south1,"[0.1, 0.15, 0.2, 0.35, 0",Azure v20 68_1496,ND6s,0.7433207262900297
2025-05-01T15:20:02.882342,0.9026203569980571,asia-south1,"[0.09090909090909091, 0.13636363636363635, 0.18181818181818182, 0.3181818181818182, 0.2727272727272727] v28",AZURE 111_5625,ND6s 1670,0.7716888200997483
2024-09-26T15:23:50.210423,0.19640445969967568,ap-southeast-1,"[0.25806451612903225, 0.1935483870967742, 0.25806451612903225, 0.16129032258064516, 0.12903225806451613] v47",GCP 376 719_4444,N2-STANDARD-8,0.6153436064372004
2026-02-14T15:35:29.814076 399_9758,0.3391793734158155,eu-west-1,"[0.25, 0.21875, 0.1875, 0.15625, 0.1875]",GCP 919_7990,n2-highmem-8,0.6509075184198315
2026-06-05T19:05:44.493141,0.21799420376824802,AP-SOUTH-1,"[0.25, 0.21875, 0.1875, 0.15625, 0.1875] v19",GCP 842_8324,n2-standard-8,0.6438451688132772
2024-07-06T19:11:52.926777,0.2041572690952621,ap-south-1,"[0.2962962962962963, 0.3333333333333333, 0.07407407407407407, 0.14814814814814814, 0.14814814814814814] 210",GCP 493_3658,n2-standard-8,0.5896477397263696
2025-02-04T19:16:42.619963,0.24732293782243292,ap-southeast-1,"[0.16129032258064516, 0.22580645161290322, 0.1935483870967742, 0.22580645161290322, 0.1935483870967742]",GCP 75_2839,n2-highmem-8,0.7291318588362307
2029-04-09T19:22:12.820769,0.19998722231375557,ap-south-1 v2 1721,"[0.25, 0.21875, 0.1875, 0.15625, 0.1875]",GCP 199 993_3596,n2-standard-8 v15,0.6215171585315906
2028-06-06T19:23:55.585000,0.19280125112441793,ap-south-1 v35 1064,"[0.14285714285714285, 0.2857142857142857, 0.17857142857142858, 0.21428571428571427, 0.17857142857142858]",GCP 531_4767,n2-standard-8 v34,0.7704359634830813
2025-08-23T19:26:01.495517,0.20609185937647717,ap-south-1 672,"[0.1111111111111111, 0.25925925925925924, 0.2222222222222222, 0.18518518518518517, 0.2222222222222222] 102",GCP 694_7521,n2-standard-8,0.8151508959641948
2029-03-29T19:28:00.895966,0.141392139354915,ap-south-1,"[0.0967741935483871, 0.22580645161290322, 0.1935483870967742, 0.22580645161290322, 0.2580645",Azure 675_2634,E4s_v3,0.9037187037103127
2026-09-11T19:33:03.604000,0.19533963626658588,ap-south-1,"[0.25806451612903225, 0.22580645161290322, 0.1935483870967742, 0.16129032258064516, 0.16129032258064516] 740",GCP 960_737,n2-standard-8,0.5578616147055795
2023-03-21T19:45:16.666000,0.17299703531423893,asia-south1 v35,"[0.24242424242424243, 0.12121212121212122, 0.18181818181818182, 0.15151515151515152, 0.30303030303030304] v30",Azure 29_5434,E4s_v3,0.6080958689219487
2024-12-10T20:03:54.476536 1034_7692,0.2213023028955708,asia-south1,"[0.25, 0.21875, 0.1875, 0.15625, 0.1875]",GCP 920_4290,n2-standard-8,0.6010844719062238
2025-09-02T20:04:16.666222,0.20607968445789984,asia-south1 141,"[0.25, 0.21875, 0.1875, 0.15625, 0.1875] v37",GCP 183_75,n2-standard-8,0.5646528546298843
2027-08-23T15:08:22.707000,0.21459140373992927,ap-south-1,"[0.25, 0.21875, 0.1875, 0.15625, 0.1875]",GCP 923_6292,n2-standard-8 792,0.5746453837026694
2025-12-05T15:09:47.612621,2.021127272952555,AP-SOUTHEAST-1 V31,"[0.17391304347826086, 0.21739130434782608, 0.21739130434782608, 0.21739130434782608, 0.17391304347826086] 1367",Azure 849_1065,ND6s,0.5912566397456946
2026-07-23T15:17:48.209869,1.1093548482995936,asia-south1,"[0.1, 0.15, 0.2, 0.35, 0.2] v4",Azure 22 932_2220,ND6s,0.7189199010938364
2024-05-04T15:20:02.882342,1.0586289818166712,asia-south1 1707,"[0.09090909090909091, 0.13636363636363635, 0.18181818181818182, 0.3181818181818182, 0.2727272727272727]",AZURE 799_7400,ND6S,0.7496608543780952
2025-11-27T15:23:50.210423 v11_245_9070,0.2029803951239294,ap-southeast-1,"[0.25806451612903225, 0.1935483870967742, 0.25806451612903225, 0.16129032258064516, 0.12903225806451613]",GCP 21 374_2130,n2-standard-8,0.6306680782846285
2025-11-27T15:35:29.814076 v46_5_9133,0.3094546598885555,eu-west-1,"[0.25, 0.21875, 0.1875, 0.15625, 0.1875]",GCP 743_7887,n2-highmem-8 1787,0.5893205917516725
2025-11-27T19:05:44.493141 v8_5883 1091_4142,0.1913102633442721,ap-south-1 712,"[0.25, 0.21875, 0.1875, 0.15625, 0.1875]",GCP 511_1484,n2-standard-8 106,0.5597295633837391
2025-11-27T19:11:52.926777 v16_2454_3724,0.22002818556676496,ap-south-1,"[0.2962962962962963, 0.3333333333333333, 0.07407407407407407, 0.14814814814814814, 0.1481481 1665",GCP 992_2124,n2-standard-8 v23 1757,0.5855460689308394
2027-07-22T19:16:42.619963,0.23339457621780008,ap-southeast-1 155,"[0.16129032258064516, 0.22580645161290322, 0.1935483870967742, 0.22580645161290322, 0.1935483870967742]",GCP 768_4530,n2-highmem-8,0.7429777502087459
2025-11-27T19:22:12.820769 v33_8_2071,0.1930477391591205,ap-south-1,"[0.25, 0.21875, 0.1875, 0.15625, 0.1875]",GCP 609_5270,n2-standard-8,0.6286535673318981
2024-04-20T19:23:55.585998,0.21743003542376066,ap-south-1,"[0.14285714285714285, 0.2857142857142857, 0.17857142857142858, 0.21428571428571427, 0.17857142857142858]",GCP 81_8222,n2-standard-8 1514,0.8248619895824589
2025-10-20T19:26:01.495517 1954_5558,0.19256536730791662,ap-south-1 v3 541,"[0.1111111111111111, 0.25925925925925924, 0.2222222222222222, 0.18518518518518517, 0.2222222222222222]",GCP v46 555 1269_3997,n2-standard-8,0.8389064017668879
2025-06-17T19:28:00.895000,0.12943772092683833,ap-south-1 v8,"[0.0967741935483871, 0.22580645161290322, 0.1935483870967742, 0.22580645161290322, 0.2580645",Azure 732_1238,E4s_v3,0.7882215814792142
2024-07-09T19:33:03.604998,0.19617028500023617,ap-south-1,"[0.25806451612903225, 0.22580645161290322, 0.1935483870967742, 0.16129032258064516, 0.16129032258064516]",GCP v16 645 556_6760,n2-standard-8,0.6267773140191144
2024-02-16T19:45:16.666229,0.16804212975012411,asia-south1,"[0.24242424242424243, 0.12121212121212122, 0.18181818181818182, 0.15151515151515152, 0.30303030303030304] 1405",Azure 290_2310,E4s_v3 432,0.5769112477786603
2025-05-27T20:03:54.476536,0.18706977888508905,asia-south1,"[0.25, 0.21875, 0.1875, 0.15625, 0.1",GCP 930_4888,n2-standard-8 1173,0.5590609882453367
2028-08-04T20:04:16.666000,0.21106861321908052,asia-south1,"[0.25, 0.21875, 0.1875, 0.15625, 0.1875] 124",GCP 764_4758,n2-standard-8 1323,0.6275881243480963
2025-05-08T15:08:22.707315,0.20191753636254375,ap-south-1,"[0.25, 0.21875, 0.1875, 0.15625, 0.1875] v8",GCP 653_1355,n2-standard-8,0.6664098952686835
2025-07-24T15:09:47.612621,1.8106878265105553,ap-southeast-1 147,"[0.17391304347826086, 0.21739130434782608, 0.21739130434782608, 0.21739130434782608, 0.17391304347826086]",Azure 578_9668,ND6s,0.6180939577366886
2025-12-08T15:17:48.209869,1.2208440329573604,asia-south1,"[0.1, 0.15, 0.2, 0.35, 0.2]",Azure 165_5794,ND6s,0.7484320777489812
2023-11-27T15:20:02.882342,0.9205352024794942,asia-south1,"[0.09090909090909091, 0.13636363636363635, 0.18181818181818182, 0.3181818181818182, 0.27272727",Azure 854_2526,ND6s,0.6931069534954865
2026-11-01T15:23:50.210423,0.20652014285159964,ap-southeast-1,"[0.25806451612903225, 0.1935483870967742, 0.25806451612903225, 0.16129032258064516, 0.12903225806451613]",GCP 795 392_1903,n2-standard-8,0.6381547832605963
2028-04-18T15:35:29.814076,0.3496467118207934,eu-west-1,"[0.25, 0.21875, 0.1875, 0.15625, 0.1875] 74",GCP 234_1513,n2-highmem-8 243,0.6470518048488962
2023-04-13T19:05:44.493141,0.19236245690058754,ap-south-1,"[0.25, 0.21875, 0.1875, 0.15625, 0.1875]",GCP 271_8210,n2-standard-8,0.6075679911767766
2025-07-26T19:11:52.926777,0.19469369794198962,ap-south-1 v14 804,"[0.2962962962962963, 0.3333333333333333, 0.07407407407407407, 0.14814814814814814, 0.14814814814814814] 133",GCP 274_6318,n2-standard-8 434,0.6019587204435429
2024-07-30T19:16:42.619000,0.21453499384792526,ap-southeast-1,"[0.16129032258064516, 0.22580645161290322, 0.1935483870967742, 0.22580645161290322, 0.1935483870967742]",GCP 296_4102,N2-HIGHMEM-8,0.6857685365421862
2023-06-25T19:22:12.820769,0.2023299097739013,ap-south-1,"[0.25, 0.21875, 0.1875, 0.15625, 0.1875]",GCP 878_598,n2-standard-8 v32,0.6436335403385257
2026-04-07T19:23:55.585000 64_5376,0.1977025027625845,ap-south-1,"[0.14285714285714285, 0.2857142857142857, 0.17857142857142858, 0.21428571428571427, 0.1785714",GCP v10 561_618,N2-STANDARD-8,0.7497770039789532
2025-11-27T19:26:01.495517 v36_9544_3265,0.1982310727949073,ap-south-1,"[0.1111111111111111, 0.25925925925925924, 0.2222222222222222, 0.18518518518518517, 0.2222222222222222]",GCP 909 204_3298,n2-standard-8,0.7840559856251541
2025-10-07T19:28:00.895966,0.12090159313456071,ap-south-1 v20,"[0.0967741935483871, 0.22580645161290322, 0.1935483870967742, 0.22580645161290322, 0.25806451612903225]",Azure 105_6825,E4s_v3,0.80411894172943
2026-06-07T19:33:03.604998 483_5010,0.20625026882394368,AP-SOUTH-1,"[0.25806451612903225, 0.22580645161290322, 0.1935483870967742, 0.16129032258064516, 0.16129032258064516] 414",GCP 593_7132,n2-standard-8,0.618629315131456
2024-03-30T19:45:16.666229,0.17894368227230942,asia-south1,"[0.24242424242424243, 0.12121212121212122, 0.18181818181818182, 0.15151515151515152, 0.30303030303030304]",AZURE 891_9249,E4s_v3,0.5672578400375727
2024-11-14T20:03:54.476536,0.21147415676114206,asia-south1,"[0.25, 0.21875, 0.1875, 0.15625, 0.1875]",GCP 18_5858,n2-standard-8,0.6277051429128973
2025-08-30T20:04:16.666000 155_8319,0.19846490191304883,asia-south1,"[0.25, 0.21875, 0.1875, 0.15625, 0.1875]",GCP 424 625_9692,n2-standard-8,0.6890286495783657
2028-04-05T15:08:22.707315,0.19746637713713527,ap-south-1,"[0.25, 0.21875, 0.1875, 0.15625, 0.1 720",GCP 807 1912_6950,n2-standard-8 1043,0.6831714239055711
2027-12-15T15:09:47.612621,1.830600119462285,ap-southeast-1 v43,"[0.17391304347826086, 0.21739130434782608, 0.21739130434782608, 0.21739130434782608, 0.17391304347826086]",Azure 382_7974,ND6s,0.545468281619237
2022-12-18T15:17:48.209869,1.0417691976138024,asia-south1,"[0.1, 0.15, 0.2, 0.35, 0.2]",Azure 489_8438,ND6s,0.705763182048319
2026-09-23T15:20:02.882000,1.085720870875808,asia-south1,"[0.09090909090909091, 0.13636363636363635, 0.18181818181818182, 0.3181818181818182, 0.2727272727272727]",Azure 425_5424,ND6s 658,0.7325168833708178
2025-08-13T15:23:50.210423 1742_7513,0.18515546977750932,ap-southeast-1,"[0.25806451612903225, 0.1935483870967742, 0.25806451612903225, 0.16129032258064516, 0.12903225806451613]",GCP 441 647_9837,n2-standard-8,0.6071526818878797
2026-09-28T15:35:29.814076 1998_3259,0.3454150265722794,EU-WEST-1,"[0.25, 0.21875, 0.1875, 0.15625, 0.1875]",GCP 856_6779,n2-highmem-8 v20,0.6542190548925755
2026-10-07T19:05:44.493141,0.2061280174415019,ap-south-1,"[0.25, 0.21875, 0.1875, 0.15625, 0.1875]",GCP 183_3834,n2-standard-8 81,0.582427486152855
2026-01-17T19:11:52.926000,0.1929071194345075,ap-south-1,"[0.2962962962962963, 0.3333333333333333, 0.07407407407407407, 0.14814814814814814, 0.14814814814814814] 49",GCP 928_7361,n2-standard-8 v13,0.6014383918974934
2023-12-17T19:16:42.619963,0.24121549826111938,ap-southeast-1,"[0.16129032258064516, 0.22580645161290322, 0.1935483870967742, 0.22580645161290322, 0.1935483870967742]",GCP 708_6644,n2-highmem-8 v27,0.7745617884264552
2024-05-24T19:22:12.820769,0.20687360329345425,ap-south-1,"[0.25, 0.21875, 0.1875, 0.15625, 0.1875]",GCP 806_9686,n2-standard-8,0.5808630950725588
2025-12-01T19:23:55.585998,0.20176087333110873,ap-south-1,"[0.14285714285714285, 0.2857142857142857, 0.17857142857142858, 0.21428571428571427, 0.17857142857142858]",GCP 469_7516,n2-standard-8,0.7654670629199702
2023-11-07T19:26:01.495517,0.18888087711686746,ap-south-1 964,"[0.1111111111111111, 0.25925925925925924, 0.2222222222222222, 0.18518518518518517, 0.2222222222222222] 968",GCP 401_8929,n2-standard-8,0.846851546117159
2023-08-29T19:28:00.895000,0.126927321845926,ap-south-1,"[0.0967741935483871, 0.22580645161290322, 0.1935483870967742, 0.22580645161290322, 0.25806451612903225]",Azure 652_9809,E4s_v3,0.890048567454659
2025-09-18T19:33:03.604000,0.18435198633682534,ap-south-1 1744,"[0.25806451612903225, 0.22580645161290322, 0.1935483870967742, 0.16129032258064516, 0.16129032258064516] v22",GCP v49 834_9356,n2-standard-8,0.5865735549071864
2025-11-27T19:45:16.666229 v8_5839_608,0.19327471655305195,asia-south1 v2,"[0.24242424242424243, 0.12121212121212122, 0.18181818181818182, 0.15151515151515152, 0.30303030303030304]",Azure 947_8605,E4s_v3 v9,0.6107610819110485
2027-07-14T20:03:54.476536,0.20379592513214909,asia-south1 100,"[0.25, 0.21875, 0.1875, 0.15625, 0.1",GCP 587_7733,n2-standard-8,0.6603459668671988
2027-05-09T20:04:16.666000,0.211904877200685,asia-south1,"[0.25, 0.21875, 0.1875, 0.15625, 0.1875]",GCP 39_3571,n2-standard-8,0.6496247248493461
2024-09-04T15:08:22.707315,0.1929392201211756,ap-south-1,"[0.25, 0.21875, 0.1875, 0.15625, 0.1875] v17",GCP 964_2787,n2-standard-8 v7,0.6210320874164851
2023-08-16T15:09:47.612621,1.8147348296355452,ap-southeast-1,"[0.17391304347826086, 0.21739130434782608, 0.21739130434782608, 0.21739130434782608, 0.1739130",Azure 985_5789,ND6s,0.5834009647513133
2023-08-07T15:17:48.209869,1.1422074455366187,asia-south1,"[0.1, 0.15, 0.2, 0.35, 0.2]",Azure 65 696_4292,ND6s,0.7791684364643928
2028-08-31T15:20:02.882342,0.8955887824562585,asia-south1,"[0.09090909090909091, 0.13636363636363635, 0.18181818181818182, 0.3181818181818182, 0.2727272727272727]",Azure 756_4313,ND6s,0.743434565997129
2024-02-02T15:23:50.210423,0.2018393436746726,ap-southeast-1,"[0.25806451612903225, 0.1935483870967742, 0.25806451612903225, 0.16129032258064516, 0.129032258",GCP 627_2621,n2-standard-8 1655,0.6902721952382238
2024-02-07T15:35:29.814076,0.3394953896050951,eu-west-1,"[0.25, 0.21875, 0.1875, 0.15625, 0.1875]",GCP 372 1022_8638,n2-highmem-8,0.6120843322014402
2023-11-20T19:05:44.493000,0.20774149887508062,ap-south-1,"[0.25, 0.21875, 0.1875, 0.15625, 0.1875] 1363",GCP 584_6217,N2-STANDARD-8,0.5653925414374467
2025-11-27T19:11:52.926777 v11_4349_7706,0.20771483927868592,ap-south-1,"[0.2962962962962963, 0.3333333333333333, 0.07407407407407407, 0.14814814814814814, 0.14814814814814814] 1446",GCP 981_5843,n2-standard-8,0.5781206788427511
2024-06-13T19:16:42.619963,0.21495638631511818,ap-southeast-1,"[0.16129032258064516, 0.22580645161290322, 0.1935483870967742, 0.22580645161290322, 0.1935483870967742] v49",GCP v38 834_6158,n2-highmem-8 72,0.7563403707294447
2025-03-31T19:22:12.820769 1261_615,0.19935414807479265,ap-south-1,"[0.25, 0.21875, 0.1875, 0.15625, 0.1875] 860",GCP v23 741_1463,n2-standard-8,0.6484749666844233
2025-11-27T19:23:55.585998 v20_9347_7411,0.18608214735966425,AP-SOUTH-1,"[0.14285714285714285, 0.2857142857142857, 0.17857142857142858, 0.21428571428571427, 0.17857142857142858]",GCP v15 357 1267_717,n2-standard-8,0.8143902874335484
2025-11-27T19:26:01.495517 v29_2050 1255_9362,0.1934554451468036,ap-south-1,"[0.1111111111111111, 0.25925925925925924, 0.2222222222222222, 0.18518518518518517, 0.222222",GCP v22 233_3731,n2-standard-8,0.8696386892205269
2027-04-21T19:28:00.895966,0.13352013589326694,ap-south-1 v45,"[0.0967741935483871, 0.22580645161290322, 0.1935483870967742, 0.22580645161290322, 0.25806451612903225]",Azure 180_5272,E4S_V3,0.7783616615825552
2025-03-29T19:33:03.604998 1056_6900,0.21303403110235816,ap-south-1 v8 263,"[0.25806451612903225, 0.22580645161290322, 0.1935483870967742, 0.16129032258064516, 0.16129032258064516] 761",GCP 227_367,n2-standard-8,0.6191578728074926
2027-10-22T19:45:16.666229,0.1809803144838726,asia-south1,"[0.24242424242424243, 0.12121212121212122, 0.18181818181818182, 0.15151515151515152, 0.30303030303030304] v45",Azure 632 1105_7661,E4S_V3 1122,0.6012569619095268
2028-07-07T20:03:54.476536,0.2157274143802783,asia-south1 v27,"[0.25, 0.21875, 0.1875, 0.15625, 0.1875] 1338",GCP 925 1350_5233,n2-standard-8,0.643881845841979
2023-04-10T20:04:16.666222,0.21139665577955624,asia-south1,"[0.25, 0.21875, 0.1875, 0.15625, 0.1875]",GCP v43 921 1476_2558,n2-standard-8,0.5681988703028215
2023-03-28T15:08:22.707315,0.19600760773611867,ap-south-1,"[0.25, 0.21875, 0.1875, 0.15625, 0.1",GCP 13_2882,n2-standard-8 117,0.5745275777068087
2028-01-25T15:09:47.612621,1.8099155993409404,ap-southeast-1,"[0.17391304347826086, 0.21739130434782608, 0.21739130434782608, 0.21739130434782608, 0.173913043478",Azure 300_1538,ND6s v21,0.5449522479641892
2023-08-09T15:17:48.209869,1.0107910493614944,ASIA-SOUTH1,"[0.1, 0.15, 0.2, 0.35, 0.2] v9",Azure 414 1740_1765,ND6s 1062,0.6680415504052127
2025-11-27T15:20:02.882342 v22_5645_8506,0.9035650093737783,asia-south1,"[0.09090909090909091, 0.13636363636363635, 0.18181818181818182, 0.3181818181818182, 0.2727272727272727] v43",Azure 839_7264,ND6s,0.736127839834266
2028-08-05T15:23:50.210423,0.19913965435775713,AP-SOUTHEAST-1,"[0.25806451612903225, 0.1935483870967742, 0.25806451612903225, 0.16129032258064516, 0.129032258",GCP 326_7575,n2-standard-8,0.6002756203106487
2023-06-16T15:35:29.814076,0.340028379304246,eu-west-1 v44,"[0.25, 0.21875, 0.1875, 0.15625, 0.1875] 1749",GCP 474 309_6291,n2-highmem-8,0.6049347642857866
2027-11-19T19:05:44.493141,0.18134126206157108,AP-SOUTH-1,"[0.25, 0.21875, 0.1875, 0.15625, 0.1875] v30",GCP v28 645_7612,n2-standard-8,0.5754172791453044
2024-12-04T19:11:52.926777,0.20497513513277296,ap-south-1,"[0.2962962962962963, 0.3333333333333333, 0.07407407407407407, 0.14814814814814814, 0.14814814814814814]",GCP v28 305_8170,n2-standard-8,0.5745186990041207
2025-11-09T19:16:42.619963 1868_1622,0.22333423959208254,ap-southeast-1,"[0.16129032258064516, 0.22580645161290322, 0.1935483870967742, 0.22580645161290322, 0.1935483870967742]",GCP 240 1444_8806,n2-highmem-8,0.6989903501291608
2022-11-17T19:22:12.820769,0.18396947876422357,ap-south-1 v15,"[0.25, 0.21875, 0.1875, 0.15625, 0.1",GCP 980 310_6280,n2-standard-8,0.5962080462311539
2026-12-26T19:23:55.585998,0.20712046195511483,ap-south-1,"[0.14285714285714285, 0.2857142857142857, 0.17857142857142858, 0.21428571428571427, 0.17857142857142858]",GCP 837_6791,n2-standard-8,0.7993074185069038
2025-01-16T19:26:01.495517,0.19700790311082006,ap-south-1 1407,"[0.1111111111111111, 0.25925925925925924, 0.2222222222222222, 0.18518518518518517, 0.2222222222222222] 71",GCP 310_1928,n2-standard-8,0.8113752388358468
2025-07-30T19:28:00.895966,0.12053954836393947,ap-south-1,"[0.0967741935483871, 0.22580645161290322, 0.1935483870967742, 0.22580645161290322, 0.25806451612903225]",Azure 333_9648,E4s_v3 340,0.9212897612251932
2027-10-07T19:33:03.604998,0.2143149115246387,ap-south-1,"[0.25806451612903225, 0.22580645161290322, 0.1935483870967742, 0.16129032258064516, 0.16129032258064516] v2 1775",GCP 36 1812_8512,n2-standard-8,0.5987457087473339
2028-12-18T19:45:16.666229,0.18767261053702594,asia-south1 1151,"[0.24242424242424243, 0.12121212121212122, 0.18181818181818182, 0.15151515151515152, 0.30303030303030304]",Azure 775_3400,E4s_v3,0.5947873483531972
2027-07-08T20:03:54.476536,0.20843813872203248,asia-south1,"[0.25, 0.21875, 0.1875, 0.15625, 0.1",GCP 963 313_4974,n2-standard-8,0.624666429225933
2025-10-09T20:04:16.666222 1819_3879,0.19267581212686793,asia-south1,"[0.25, 0.21875, 0.1875, 0.15625, 0.1",GCP 590_7605,n2-standard-8,0.6128968877422034
2023-09-04T15:08:22.707315,0.17576642547647262,ap-south-1 1317,"[0.25, 0.21875, 0.1875, 0.15625, 0.1875]",GCP 511_178,n2-standard-8,0.5807756875495609
2022-11-24T15:09:47.612621,1.9387388401075565,ap-southeast-1,"[0.17391304347826086, 0.21739130434782608, 0.21739130434782608, 0.21739130434782608, 0.17391304347826086]",Azure v44 497_2894,ND6s,0.5838097617021554
2024-02-28T15:17:48.209869,1.1598096365577335,asia-south1,"[0.1, 0.15, 0.2, 0.35, 0.2] 605",Azure v49 875_1131,ND6s,0.739054482014972
2023-09-09T15:20:02.882342,1.0453481752532767,asia-south1,"[0.09090909090909091, 0.13636363636363635, 0.18181818181818182, 0.3181818181818182, 0.272727 767",Azure 255_2365,ND6s,0.7854735878080031
2023-01-05T15:23:50.210423,0.19704377433680875,ap-southeast-1,"[0.25806451612903225, 0.1935483870967742, 0.25806451612903225, 0.16129032258064516, 0.12903225806451613]",GCP 462 961_5914,n2-standard-8,0.5994827727022956
2028-03-30T15:35:29.814000,0.37624083196452135,eu-west-1 v49,"[0.25, 0.21875, 0.1875, 0.15625, 0.1875]",GCP 359_3096,n2-highmem-8 900,0.6383822272774403
2026-03-28T19:05:44.493141,0.19112175967168107,ap-south-1 546,"[0.25, 0.21875, 0.1875, 0.15625, 0.1",GCP 463 1536_3406,n2-standard-8 495,0.648295887532151
2026-09-10T19:11:52.926777 1385_8165,0.19603518980214085,ap-south-1 v18,"[0.2962962962962963, 0.3333333333333333, 0.07407407407407407, 0.14814814814814814, 0.14814814814814814]",GCP v30 408_222,n2-standard-8,0.586939801594208
2026-08-18T19:16:42.619963,0.22730896047710578,ap-southeast-1,"[0.16129032258064516, 0.22580645161290322, 0.1935483870967742, 0.22580645161290322, 0.1935483870967742]",GCP 879 1448_6848,n2-highmem-8,0.7132067707950799
2024-12-01T19:22:12.820000,0.194110008627441,ap-south-1,"[0.25, 0.21875, 0.1875, 0.15625, 0.1875] v14 5",GCP 343_357,n2-standard-8,0.6458368210390236
2024-07-27T19:23:55.585998,0.19860287731214651,ap-south-1,"[0.14285714285714285, 0.2857142857142857, 0.17857142857142858, 0.21428571428571427, 0.17857142857142858]",GCP 297 1489_9554,n2-standard-8,0.7656628246475489
2027-09-06T19:26:01.495000,0.1936857185422348,ap-south-1,"[0.1111111111111111, 0.25925925925925924, 0.2222222222222222, 0.18518518518518517, 0.2222222222222222]",GCP 16_4388,n2-standard-8 v36 613,0.901946254896603
2026-09-12T19:28:00.895966,0.12391791161633693,ap-south-1,"[0.0967741935483871, 0.22580645161290322, 0.1935483870967742, 0.22580645161290322, 0.25806451612903225]",Azure 287 904_4987,E4s_v3,0.9016721648907263
2025-10-22T19:33:03.604998,0.2064391580456236,ap-south-1,"[0.25806451612903225, 0.22580645161290322, 0.1935483870967742, 0.16129032258064516, 0.16129032258064516]",GCP 980 1390_6288,n2-standard-8 1852,0.653642046009799
2028-03-14T19:45:16.666000,0.16511975801728934,asia-south1,"[0.24242424242424243, 0.12121212121212122, 0.18181818181818182, 0.15151515151515152, 0.30303030303030304] 219",AZURE 643_7877,E4s_v3 v40,0.5639380119441811
2024-11-02T20:03:54.476000,0.18743820098642383,asia-south1,"[0.25, 0.21875, 0.1875, 0.15625, 0.1875]",GCP 964_4467,N2-STANDARD-8,0.6574493650323311
2025-11-07T20:04:16.666222,0.20478229929231848,asia-south1 288,"[0.25, 0.21875, 0.1875, 0.15625, 0.1875]",GCP 488_3846,n2-standard-8 1392,0.5943302061931252
2023-10-17T15:08:22.707315,0.18256996275293544,ap-south-1,"[0.25, 0.21875, 0.1875, 0.15625, 0.1875]",GCP 441_3952,n2-standard-8 946,0.5688095029125426
2025-11-27T15:09:47.612621 v28_5756_7432,1.778969921855548,ap-southeast-1 1850,"[0.17391304347826086, 0.21739130434782608, 0.21739130434782608, 0.21739130434782608, 0.17391304347826086]",AZURE 917_94,ND6s,0.5366496457500052
2029-05-02T15:17:48.209869,1.0472276341976274,asia-south1 484,"[0.1, 0.15, 0.2, 0.35, 0.2] 1792",Azure 895_9779,ND6s,0.791930155960845
2026-05-06T15:20:02.882342 1998_7228,0.9576923506120039,asia-south1 1494,"[0.09090909090909091, 0.13636363636363635, 0.18181818181818182, 0.3181818181818182, 0.2727272727272727]",Azure v3 194_1134,ND6s v43 296,0.7159452579620361
2027-06-24T15:23:50.210423,0.2096476655503949,ap-southeast-1,"[0.25806451612903225, 0.1935483870967742, 0.25806451612903225, 0.16129032258064516, 0.12903225806451613]",GCP 770_1647,n2-standard-8,0.606418116737005
2027-10-17T15:35:29.814076,0.358003048126608,EU-WEST-1,"[0.25, 0.21875, 0.1875, 0.15625, 0.1875] v10 1596",GCP 533 1599_5942,n2-highmem-8,0.5991186705366256
2027-06-23T19:05:44.493141,0.1799193797351789,ap-south-1,"[0.25, 0.21875, 0.1875, 0.15625, 0.1875] 124",GCP V48 700_8722,n2-standard-8,0.6032874529313477
2025-12-20T19:11:52.926000,0.19416996169296613,AP-SOUTH-1,"[0.2962962962962963, 0.3333333333333333, 0.07407407407407407, 0.14814814814814814, 0.14814814814814814]",GCP 201_9851,n2-standard-8 1543,0.6409433432057445
2025-07-10T19:16:42.619963 1963_8110,0.24135701588448133,ap-southeast-1 1747,"[0.16129032258064516, 0.22580645161290322, 0.1935483870967742, 0.22580645161290322, 0.1935483870967742] v21 92",GCP 586_3268,n2-highmem-8,0.6682268202426848
2025-04-01T19:22:12.820769,0.2083205571958641,ap-south-1,"[0.25, 0.21875, 0.1875, 0.15625, 0.1875]",GCP 224 224_3804,n2-standard-8,0.5906698489351377
2026-10-24T19:23:55.585998 1462_6215,0.20002437980062443,ap-south-1 1860,"[0.14285714285714285, 0.2857142857142857, 0.17857142857142858, 0.21428571428571427, 0.17857142857142858]",GCP 504_2321,n2-standard-8,0.8530935234302595
2023-12-05T19:26:01.495517,0.20638659157017933,ap-south-1,"[0.1111111111111111, 0.25925925925925924, 0.2222222222222222, 0.18518518518518517, 0.2222222222222222]",GCP 722_2396,n2-standard-8,0.7780168684852343
2025-08-02T19:28:00.895000,0.12200177186737013,ap-south-1 v22,"[0.0967741935483871, 0.22580645161290322, 0.1935483870967742, 0.22580645161290322, 0.25806451612903225]",Azure 303_8665,E4S_V3,0.8642443935109836
2028-02-23T19:33:03.604000,0.20918517756008326,ap-south-1,"[0.25806451612903225, 0.22580645161290322, 0.1935483870967742, 0.16129032258064516, 0.16129032258064516] v39",GCP 193 607_208,n2-standard-8,0.6761889676794699
2025-11-27T19:45:16.666229 v4_5_3388,0.17812078780612486,asia-south1,"[0.24242424242424243, 0.12121212121212122, 0.18181818181818182, 0.15151515151515152, 0.3030303",Azure 719_3662,E4s_v3 v36,0.6465991921844323
2029-01-10T20:03:54.476536,0.2069274925601618,asia-south1,"[0.25, 0.21875, 0.1875, 0.15625, 0.1875]",GCP 931_5190,N2-STANDARD-8 V6,0.5561572805344636
2024-09-10T20:04:16.666222,0.1948527514717697,asia-south1 1104,"[0.25, 0.21875, 0.1875, 0.15625, 0.1875]",GCP 733_1171,n2-standard-8 831,0.5760396783427773
2025-03-04T15:08:22.707315,0.19256315485030676,ap-south-1,"[0.25, 0.21875, 0.1875, 0.15625, 0.1875]",GCP 772_3833,n2-standard-8,0.6140321694151963
2025-03-27T15:09:47.612621,1.8201503666994039,ap-southeast-1,"[0.17391304347826086, 0.21739130434782608, 0.21739130434782608, 0.21739130434782608, 0.17391304347826086]",Azure v36 153_5963,ND6s,0.6173372347461847
2028-03-08T15:17:48.209000,1.1663636069396333,asia-south1,"[0.1, 0.15, 0.2, 0.35, 0.2] 64",Azure 920_8433,ND6s v29,0.75545528469122
2025-11-27T15:20:02.882342 v39_1936_4916,0.9139989213779901,asia-south1,"[0.09090909090909091, 0.13636363636363635, 0.18181818181818182, 0.3181818181818182, 0.2727272727272727] 85",Azure 634_5874,ND6s,0.7432831137020589
2025-11-15T15:23:50.210423 780_556,0.19388754229386398,ap-southeast-1,"[0.25806451612903225, 0.1935483870967742, 0.25806451612903225, 0.16129032258064516, 0.12903225806451613]",GCP 312_1764,N2-STANDARD-8,0.6564385881851423
2025-11-27T15:35:29.814076 v8_3023_8120,0.33218010285353133,eu-west-1,"[0.25, 0.21875, 0.1875, 0.15625, 0.1875]",GCP 537_5337,n2-highmem-8,0.6049343479341911
2026-05-23T19:05:44.493141,0.1963316758865937,ap-south-1,"[0.25, 0.21875, 0.1875, 0.15625, 0.1875]",GCP 423_8363,n2-standard-8 474,0.6071387058370984
2028-05-07T19:11:52.926777,0.21603493218866812,AP-SOUTH-1,"[0.2962962962962963, 0.3333333333333333, 0.07407407407407407, 0.14814814814814814, 0.1481481",GCP 333_1536,n2-standard-8,0.6034904049882893
2026-06-10T19:16:42.619963,0.2150889445298634,ap-southeast-1 v38 800,"[0.16129032258064516, 0.22580645161290322, 0.1935483870967742, 0.22580645161290322, 0.1935483870967742]",GCP 191_1991,N2-HIGHMEM-8,0.6710578382663303
2023-02-12T19:22:12.820769,0.21585740518255483,ap-south-1 1965,"[0.25, 0.21875, 0.1875, 0.15625, 0.1875]",GCP v14 168_5627,N2-STANDARD-8 V37,0.6563409533914895
2025-11-27T19:23:55.585998 v3_8723_4751,0.21107220721268877,ap-south-1 v47,"[0.14285714285714285, 0.2857142857142857, 0.17857142857142858, 0.21428571428571427, 0.1785714",GCP 290_2765,n2-standard-8,0.7697376729952328
2023-08-15T19:26:01.495517,0.2112924852282539,ap-south-1 1648,"[0.1111111111111111, 0.25925925925925924, 0.2222222222222222, 0.18518518518518517, 0.222222",GCP 696 201_3594,n2-standard-8,0.7609149646695175
2024-04-10T19:28:00.895000,0.1231331353879856,ap-south-1,"[0.0967741935483871, 0.22580645161290322, 0.1935483870967742, 0.22580645161290322, 0.25806451612903225]",AZURE 787_7203,E4s_v3 v26,0.7946842191594703
2025-07-07T19:33:03.604998,0.2111923371640521,ap-south-1,"[0.25806451612903225, 0.22580645161290322, 0.1935483870967742, 0.16129032258064516, 0.16129032258064516] 394",GCP 481 1899_5451,n2-standard-8 462,0.628382811833794
2025-02-03T19:45:16.666229 1438_9711,0.17670766488060627,asia-south1,"[0.24242424242424243, 0.12121212121212122, 0.18181818181818182, 0.15151515151515152, 0.30303030303030304] 1604",Azure 606_2949,E4s_v3 v29 597,0.6154048572832747
2027-08-09T20:03:54.476536,0.1890285877983759,asia-south1,"[0.25, 0.21875, 0.1875, 0.15625, 0.1875]",GCP 204_5810,n2-standard-8 1248,0.5703170991575527
2026-12-21T20:04:16.666222,0.19107473530026278,asia-south1,"[0.25, 0.21875, 0.1875, 0.15625, 0.1875]",GCP 51_8731,n2-standard-8,0.5826587390117327
2025-11-18T15:08:22.707000 1783_4685,0.19121842579452314,ap-south-1,"[0.25, 0.21875, 0.1875, 0.15625, 0.1875]",GCP 3 1818_6540,n2-standard-8,0.5759586751566063
2025-03-17T15:09:47.612621,1.8250099596638816,ap-southeast-1,"[0.17391304347826086, 0.21739130434782608, 0.21739130434782608, 0.21739130434782608, 0.173913043",Azure v15 279_2532,ND6s v34,0.5621431860836005
2025-05-29T15:17:48.209869,1.0704411386522232,asia-south1,"[0.1, 0.15, 0.2, 0.35, 0.2] 354",Azure 489_6715,ND6S 1056,0.7165236235269051
2024-04-12T15:20:02.882000,1.013150397096097,asia-south1,"[0.09090909090909091, 0.13636363636363635, 0.18181818181818182, 0.3181818181818182, 0.2727272727272727]",Azure 885_3827,ND6s v9,0.7500684416018678
2025-10-02T15:23:50.210423,0.20168886243329198,ap-southeast-1 1436,"[0.25806451612903225, 0.1935483870967742, 0.25806451612903225, 0.16129032258064516, 0.12903225806451613] 656",GCP 793_4275,n2-standard-8,0.5883296085552387
2025-08-01T15:35:29.814076,0.34028146429771544,eu-west-1,"[0.25, 0.21875, 0.1875, 0.15625, 0.1875] V45",GCP 225 1498_8867,n2-highmem-8,0.6268020629622891
2025-07-20T19:05:44.493141 1528_17,0.18677752228970035,ap-south-1,"[0.25, 0.21875, 0.1875, 0.15625, 0.1",GCP 710_1190,N2-STANDARD-8 761,0.6277152107170751
2025-11-27T19:11:52.926777 V28_6031_5675,0.1838719299684009,ap-south-1,"[0.2962962962962963, 0.3333333333333333, 0.07407407407407407, 0.14814814814814814, 0.14814814814814814] 108",GCP 646_5415,n2-standard-8 966,0.6450751636756037
2025-02-19T19:16:42.619963 1841_5561,0.2523088987033835,ap-southeast-1,"[0.16129032258064516, 0.22580645161290322, 0.1935483870967742, 0.22580645161290322, 0.1935483870967742]",GCP 832_1397,n2-highmem-8,0.6582002029089516
2024-03-01T19:22:12.820769,0.20375484292611887,ap-south-1 v35,"[0.25, 0.21875, 0.1875, 0.15625, 0.1875] 534",GCP 603_7682,n2-standard-8 580,0.57622311376609
2024-07-27T19:23:55.585998,0.1927728126740268,ap-south-1 v21,"[0.14285714285714285, 0.2857142857142857, 0.17857142857142858, 0.21428571428571427, 0.17857142857142858] 1121",GCP v38 360 78_6334,n2-standard-8,0.7353272312319744
2024-03-25T19:26:01.495517,0.20591923311837992,ap-south-1,"[0.1111111111111111, 0.25925925925925924, 0.2222222222222222, 0.18518518518518517, 0.2222222222222222]",GCP 21_7494,n2-standard-8 v29,0.7726511870233387
2026-01-13T19:28:00.895966,0.12900893061426788,ap-south-1 1084,"[0.0967741935483871, 0.22580645161290322, 0.1935483870967742, 0.22580645161290322, 0.25806451612903225]",Azure 316_8142,E4s_v3 v18,0.8606167354750427
2025-11-27T19:33:03.604998 v38_2433_3602,0.20866174848769958,ap-south-1,"[0.25806451612903225, 0.22580645161290322, 0.1935483870967742, 0.16129032258064516, 0.16129032258064516] v48",GCP v49 314 1587_5865,n2-standard-8,0.5840270554015717
2026-02-27T19:45:16.666000,0.1783560545971574,asia-south1,"[0.24242424242424243, 0.12121212121212122, 0.18181818181818182, 0.15151515151515152, 0.303030303",Azure 905_4367,E4s_v3,0.6274157488689929
2026-01-31T20:03:54.476536,0.2060192234763575,asia-south1 v45 672,"[0.25, 0.21875, 0.1875, 0.15625, 0.1875] 444",GCP 372 952_7997,n2-standard-8,0.6443530531291556
2026-01-23T20:04:16.666000 347_8861,0.19562796802300356,asia-south1 v23,"[0.25, 0.21875, 0.1875, 0.15625, 0.1875]",GCP 356_1389,n2-standard-8 1527,0.5780493192162774
2023-11-13T15:08:22.707315,0.19900063377758423,ap-south-1,"[0.25, 0.21875, 0.1875, 0.15625, 0.1875]",GCP 864_927,n2-standard-8,0.5591648289964555
2025-10-19T15:09:47.612000,2.006281946805445,ap-southeast-1,"[0.17391304347826086, 0.21739130434782608, 0.21739130434782608, 0.21739130434782608, 0.17391304347826086] v40",Azure 806_8638,ND6s v35,0.5965316590182266
2027-01-02T15:17:48.209869,1.1870740625021732,asia-south1,"[0.1, 0.15, 0.2, 0.35, 0.2] 617",Azure v41 703_4573,ND6s,0.7233810999034824
2026-02-19T15:20:02.882000 656_3525,0.9680894510261291,asia-south1,"[0.09090909090909091, 0.13636363636363635, 0.18181818181818182, 0.3181818181818182, 0.2727272727272727] 1970",AZURE 474 1333_1318,ND6s v22,0.7253529874055359
2025-11-27T15:23:50.210423 v14_2862_1878,0.1949439821058856,ap-southeast-1 989,"[0.25806451612903225, 0.1935483870967742, 0.25806451612903225, 0.16129032258064516, 0.12903225806451613] 1974",GCP 555_3714,n2-standard-8,0.5994670322473504
2023-07-24T15:35:29.814076,0.33758375233048643,eu-west-1 v46,"[0.25, 0.21875, 0.1875, 0.15625, 0.1875] 742",GCP 84_4092,n2-highmem-8 1796,0.6014524412301069
2025-11-27T19:05:44.493141 V31_3124_2620,0.2041426612371969,ap-south-1 367,"[0.25, 0.21875, 0.1875, 0.15625, 0.1875]",GCP 45_8934,n2-standard-8,0.6357043318059898
2027-07-24T19:11:52.926777,0.21060331595263,ap-south-1,"[0.2962962962962963, 0.3333333333333333, 0.07407407407407407, 0.14814814814814814, 0.14814814814814814]",GCP 867_4815,n2-standard-8,0.5502631589130056
2026-06-29T19:16:42.619963 9_7549,0.24347776332192894,ap-southeast-1,"[0.16129032258064516, 0.22580645161290322, 0.1935483870967742, 0.22580645161290322, 0.193548",GCP v39 179_9946,n2-highmem-8,0.7297347400451013
2024-09-18T19:22:12.820769,0.18743714561725186,ap-south-1 118,"[0.25, 0.21875, 0.1875, 0.15625, 0.1",GCP 902_5393,N2-STANDARD-8,0.6619858297578717
2025-08-11T19:23:55.585998 146_3979,0.1990081946383698,ap-south-1,"[0.14285714285714285, 0.2857142857142857, 0.17857142857142858, 0.21428571428571427, 0.17857142857142858]",GCP 570_7704,n2-standard-8 v22,0.7742160684175927
2026-04-08T19:26:01.495517 1814_3156,0.2036925975622504,ap-south-1,"[0.1111111111111111, 0.25925925925925924, 0.2222222222222222, 0.18518518518518517, 0.2222222222222222]",GCP 905_1685,n2-standard-8 1917,0.7507030064296627
2024-10-09T19:28:00.895000,0.134203639044776,ap-south-1 v13,"[0.0967741935483871, 0.22580645161290322, 0.1935483870967742, 0.22580645161290322, 0.25806451612903225] v15",AZURE 893_9032,E4s_v3,0.932196002478106
2026-01-13T19:33:03.604998 1136_822,0.2101915390766781,ap-south-1,"[0.25806451612903225, 0.22580645161290322, 0.1935483870967742, 0.16129032258064516, 0.16129032258064516]",GCP v47 943_103,n2-standard-8 239,0.5731009554580621
2029-03-08T19:45:16.666229,0.18765540375503972,asia-south1,"[0.24242424242424243, 0.12121212121212122, 0.18181818181818182, 0.15151515151515152, 0.30303030303030304]",Azure 37_8409,E4s_v3,0.5685764048276838
2025-10-16T20:03:54.476536,0.19820269938660834,asia-south1,"[0.25, 0.21875, 0.1875, 0.15625, 0.1875]",GCP 832_3308,n2-standard-8 v24,0.6283494755814131
2026-11-08T20:04:16.666222,0.21193070387265076,asia-south1 1842,"[0.25, 0.21875, 0.1875, 0.15625, 0.1875]",GCP 167 1179_2119,n2-standard-8,0.599123990542724
2023-08-10T15:08:22.707315,0.2016438287770516,AP-SOUTH-1,"[0.25, 0.21875, 0.1875, 0.15625, 0.1875]",GCP 263_3195,n2-standard-8 v24 410,0.6059370496978368
2026-11-17T15:09:47.612621,1.8803914337061063,AP-SOUTHEAST-1,"[0.17391304347826086, 0.21739130434782608, 0.21739130434782608, 0.21739130434782608, 0.173913043",Azure 886_9057,ND6s,0.6160507669289694
2026-11-05T15:17:48.209869,1.014742583195679,asia-south1,"[0.1, 0.15, 0.2, 0.35, 0.2]",Azure 768_1139,ND6s v18,0.7003989860656434
2025-08-11T15:20:02.882342 1355_2032,1.0692552535435778,asia-south1,"[0.09090909090909091, 0.13636363636363635, 0.18181818181818182, 0.3181818181818182, 0.2727272727272727]",Azure 896_734,ND6s,0.6963550667882824
2025-08-19T15:23:50.210423,0.21196946295391975,ap-southeast-1,"[0.25806451612903225, 0.1935483870967742, 0.25806451612903225, 0.16129032258064516, 0.12903225806451613] v41",GCP 169 1785_2851,n2-standard-8,0.699678025986899
2023-07-17T15:35:29.814076,0.343916383866161,eu-west-1,"[0.25, 0.21875, 0.1875, 0.15625, ",GCP 513 478_3295,n2-highmem-8,0.6515309036619429
2023-06-15T19:05:44.493000,0.18574169308865168,ap-south-1,"[0.25, 0.21875, 0.1875, 0.15625, 0.1875]",GCP 854_818,n2-standard-8 1805,0.5977934693379321
2026-11-04T19:11:52.926777,0.20123531945497483,ap-south-1,"[0.2962962962962963, 0.3333333333333333, 0.07407407407407407, 0.14814814814814814, 0.14814814814814814]",GCP 857 18_8099,n2-standard-8,0.677666873999369
2023-09-30T19:16:42.619963,0.25950651311272344,ap-southeast-1 1949,"[0.16129032258064516, 0.22580645161290322, 0.1935483870967742, 0.22580645161290322, 0.1935483870967742]",GCP 635_4497,n2-highmem-8,0.7464319222752014
2025-11-18T19:22:12.820769 893_473,0.1837155609256854,ap-south-1,"[0.25, 0.21875, 0.1875, 0.15625, 0.1",GCP 111_6719,n2-standard-8,0.6219890690398525
2025-03-31T19:23:55.585000,0.21614691260258515,ap-south-1,"[0.14285714285714285, 0.2857142857142857, 0.17857142857142858, 0.21428571428571427, 0.17857142857142858]",GCP 24_4132,n2-standard-8 1109,0.7511369054155618
2026-06-06T19:26:01.495517,0.19979792818180897,ap-south-1,"[0.1111111111111111, 0.25925925925925924, 0.2222222222222222, 0.18518518518518517, 0.2222222222222222]",GCP 378_2364,n2-standard-8,0.8729593482980729
2025-11-27T19:28:00.895966 v10_4041 1448_3250,0.13838734789337231,ap-south-1 1161,"[0.0967741935483871, 0.22580645161290322, 0.1935483870967742, 0.22580645161290322, 0.25806451612903225] v14 1232",Azure 583_571,E4S_V3 V2,0.8846126514945365
2024-08-29T19:33:03.604000,0.18847151455991823,ap-south-1,"[0.25806451612903225, 0.22580645161290322, 0.1935483870967742, 0.16129032258064516, 0.16129032258064516]",GCP 598_8867,n2-standard-8,0.6437278232597832
2023-12-30T19:45:16.666229,0.1848975298123984,asia-south1,"[0.24242424242424243, 0.12121212121212122, 0.18181818181818182, 0.15151515151515152, 0.30303030303030304] 1862",Azure 984 200_2638,E4s_v3,0.6578449139941017
2027-10-05T20:03:54.476536,0.20060009252220315,asia-south1,"[0.25, 0.21875, 0.1875, 0.15625, 0.1875]",GCP 775_7115,n2-standard-8,0.6207084749462949
2025-10-29T20:04:16.666000,0.18745931055023007,asia-south1,"[0.25, 0.21875, 0.1875, 0.15625, 0.1",GCP v20 454_1867,n2-standard-8 v44,0.5668062703223946
2027-09-24T15:08:22.707315,0.2120836150360029,ap-south-1,"[0.25, 0.21875, 0.1875, 0.15625, 0.1875] v13 1022",GCP v39 880_7935,n2-standard-8,0.5911597838040065
2026-09-15T15:09:47.612621 1730_9614,1.909741522259342,ap-southeast-1,"[0.17391304347826086, 0.21739130434782608, 0.21739130434782608, 0.21739130434782608, 0.17391304347826086] v8",AZURE 728_4728,ND6s,0.5831320288793421
2026-10-26T15:17:48.209869,1.142486364607762,asia-south1 962,"[0.1, 0.15, 0.2, 0.35, 0.2] v42",Azure 526_9184,ND6s,0.6739454945431508
2026-11-30T15:20:02.882000,1.01849534446728,asia-south1,"[0.09090909090909091, 0.13636363636363635, 0.18181818181818182, 0.3181818181818182, 0.2727272727272727]",Azure 878 1399_677,ND6s,0.706501944973642
2025-12-18T15:23:50.210423 390_3288,0.20425626361409568,ap-southeast-1,"[0.25806451612903225, 0.1935483870967742, 0.25806451612903225, 0.16129032258064516, 0.12903225806451613]",GCP v26 769_6870,N2-STANDARD-8,0.5967545051602966
2025-11-27T15:35:29.814076 v17_5_5220,0.3719089546130577,eu-west-1,"[0.25, 0.21875, 0.1875, 0.15625, 0.1875]",GCP 659_1239,n2-highmem-8,0.5932245735396804
2025-11-27T19:05:44.493141 v39_1512_4168,0.19997695106303476,ap-south-1,"[0.25, 0.21875, 0.1875, 0.15625, 0.1875]",GCP 431_6609,n2-standard-8,0.6134057373399519
2025-02-21T19:11:52.926000,0.19286305704586765,ap-south-1,"[0.2962962962962963, 0.3333333333333333, 0.07407407407407407, 0.14814814814814814, 0.1481481",GCP 178_1960,n2-standard-8,0.6255656796632375
2026-10-31T19:16:42.619963,0.2367661279234808,AP-SOUTHEAST-1,"[0.16129032258064516, 0.22580645161290322, 0.1935483870967742, 0.22580645161290322, 0.1935483870967742]",GCP 846_4586,n2-highmem-8 v14,0.7047357087090246
2025-08-29T19:22:12.820769 1661_1753,0.18800273484416816,ap-south-1,"[0.25, 0.21875, 0.1875, 0.15625, 0.1875] 542",GCP 74 737_4549,n2-standard-8 1339,0.6193791510638962
2026-10-27T19:23:55.585998,0.1979303538790984,ap-south-1,"[0.14285714285714285, 0.2857142857142857, 0.17857142857142858, 0.21428571428571427, 0.17857142857142858]",GCP 988_2360,n2-standard-8,0.7404347082893672
2024-12-31T19:26:01.495000,0.20034950777174373,ap-south-1,"[0.1111111111111111, 0.25925925925925924, 0.2222222222222222, 0.18518518518518517, 0.222222 273",GCP 964 1009_9861,n2-standard-8,0.7736658709684726
2025-11-27T19:28:00.895966 v7_5931_5916,0.13279381459066986,ap-south-1,"[0.0967741935483871, 0.22580645161290322, 0.1935483870967742, 0.22580645161290322, 0.25806451612903225] 1019",Azure 370 217_4370,E4s_v3,0.923444431134198
2027-03-05T19:33:03.604998,0.2081469004982795,ap-south-1,"[0.25806451612903225, 0.22580645161290322, 0.1935483870967742, 0.16129032258064516, 0",GCP 564_5931,n2-standard-8,0.604947542856533
2025-11-01T19:45:16.666229 1285_4144,0.18225643349337867,asia-south1 1401,"[0.24242424242424243, 0.12121212121212122, 0.18181818181818182, 0.15151515151515152, 0.30303030303030304] v37",Azure v13 865_8933,E4s_v3 1212,0.5785677093996726
2025-11-27T20:03:54.476536 v42_1_408,0.19450118707321076,asia-south1 822,"[0.25, 0.21875, 0.1875, 0.15625, 0.1875]",GCP 339_6741,n2-standard-8,0.5929491687173344
2026-03-06T20:04:16.666222,0.19029003504901124,asia-south1,"[0.25, 0.21875, 0.1875, 0.15625, 0.1",GCP v39 761_8036,n2-standard-8 615,0.60520169548496
2028-03-03T15:08:22.707000,0.20621520395041662,ap-south-1 v42 468,"[0.25, 0.21875, 0.1875, 0.15625, 0.1875]",GCP 669_6091,n2-standard-8,0.5829670617934483
2026-02-06T15:09:47.612621 676_722,1.7695917939953476,ap-southeast-1,"[0.17391304347826086, 0.21739130434782608, 0.21739130434782608, 0.21739130434782608, 0.17391304347826086] 71",Azure 893 1650_9957,ND6s 1461,0.6198583677245426
2023-12-07T15:17:48.209869,1.142084659946892,asia-south1,"[0.1, 0.15, 0.2, 0.35, 0.2]",Azure 430_6715,ND6s 1266,0.7525852947124562
2024-11-17T15:20:02.882342,0.9250143602546385,asia-south1,"[0.09090909090909091, 0.13636363636363635, 0.18181818181818182, 0.3181818181818182, 0.2727272727272727]",Azure 192 347_7402,ND6s,0.672391113952461
2025-03-19T15:23:50.210423,0.18665158790098643,AP-SOUTHEAST-1,"[0.25806451612903225, 0.1935483870967742, 0.25806451612903225, 0.16129032258064516, 0.12903225806451613] 811",GCP v19 705_6780,n2-standard-8,0.6042777189624177
2027-12-31T15:35:29.814000,0.34277567248341223,eu-west-1,"[0.25, 0.21875, 0.1875, 0.15625, 0.1875] 1723",GCP 571 1207_8383,n2-highmem-8,0.6230475069055469
2023-02-02T19:05:44.493141,0.22162265140105253,ap-south-1 v48 874,"[0.25, 0.21875, 0.1875, 0.15625, 0.1875]",GCP v5 611_5692,n2-standard-8,0.5811883071810873
2025-11-27T19:11:52.926777 v30_5652_2109,0.18121307943589893,AP-SOUTH-1,"[0.2962962962962963, 0.3333333333333333, 0.07407407407407407, 0.14814814814814814, 0.14814814814814814] v15",GCP 845_8393,n2-standard-8 v15,0.6238835037378829
2025-11-27T19:16:42.619963 v44_6557_9153,0.21288797996024658,ap-southeast-1,"[0.16129032258064516, 0.22580645161290322, 0.1935483870967742, 0.22580645161290322, 0.193548",GCP 643_466,n2-highmem-8,0.7951570925538202
2026-01-18T19:22:12.820769,0.20573687527021473,ap-south-1,"[0.25, 0.21875, 0.1875, 0.15625, 0.1875]",GCP 810_892,n2-standard-8,0.5632159329474461
2024-04-08T19:23:55.585998,0.19888021934670794,ap-south-1,"[0.14285714285714285, 0.2857142857142857, 0.17857142857142858, 0.21428571428571427, 0.17857142857142858]",GCP 21_7059,n2-standard-8,0.7928516155327877
2025-06-01T19:26:01.495517,0.19557581955830153,ap-south-1,"[0.1111111111111111, 0.25925925925925924, 0.2222222222222222, 0.18518518518518517, 0.2222222222222222]",GCP 573_8425,n2-standard-8 197,0.843209327662615
2023-08-20T19:28:00.895000,0.12679997448673555,ap-south-1,"[0.0967741935483871, 0.22580645161290322, 0.1935483870967742, 0.22580645161290322, 0.25806451612903225] v40",AZURE 833_1981,E4S_V3,0.8239747426872481
2025-11-27T19:33:03.604998 v39_7130_5478,0.20328802289367207,ap-south-1 1280,"[0.25806451612903225, 0.22580645161290322, 0.1935483870967742, 0.16129032258064516, 0",GCP 949_9914,N2-STANDARD-8,0.6311796276442615
2026-04-01T19:45:16.666229,0.19701790770978903,asia-south1 v48 1798,"[0.24242424242424243, 0.12121212121212122, 0.18181818181818182, 0.15151515151515152, 0.30303030303030304]",Azure 247_2926,E4S_V3 V11,0.6279065446630594
2027-07-05T20:03:54.476536,0.19224718790611592,asia-south1,"[0.25, 0.21875, 0.1875, 0.15625, 0.1875] 316",GCP 336_6836,n2-standard-8,0.6359176726723091
2028-09-27T20:04:16.666222,0.19893096040833008,asia-south1 1203,"[0.25, 0.21875, 0.1875, 0.15625, 0.1875]",GCP 907_683,N2-STANDARD-8,0.6318763381339618
2028-05-12T15:08:22.707315,0.1998378015886335,ap-south-1,"[0.25, 0.21875, 0.1875, 0.15625, 0.1875]",GCP v35 715_2254,n2-standard-8 v35,0.6348415776390343
2023-03-01T15:09:47.612621,1.9802241434911818,ap-southeast-1,"[0.17391304347826086, 0.21739130434782608, 0.21739130434782608, 0.21739130434782608, 0.173913043",AZURE 968 1631_1155,ND6s,0.564468500638627
2027-08-22T15:17:48.209869,1.1578088404294191,asia-south1,"[0.1, 0.15, 0.2, 0.35, 0.2]",Azure 530_356,ND6s,0.7663514080776687
2026-07-19T15:20:02.882342,0.9637596471377249,asia-south1 1129,"[0.09090909090909091, 0.13636363636363635, 0.18181818181818182, 0.3181818181818182, 0.2727272727272727]",AZURE 592_5127,ND6s,0.6721122275182364
2025-05-14T15:23:50.210423 234_5830,0.19101580658838302,ap-southeast-1,"[0.25806451612903225, 0.1935483870967742, 0.25806451612903225, 0.16129032258064516, 0.12903225806451613]",GCP 59_5235,n2-standard-8,0.5931464122901353
2025-11-27T15:35:29.814076 v45_2563_4063,0.37402143136280924,eu-west-1 191,"[0.25, 0.21875, 0.1875, 0.15625, 0.1",GCP 805_5814,n2-highmem-8 v19,0.5873613246584408
2026-07-04T19:05:44.493141,0.18316871921083375,ap-south-1,"[0.25, 0.21875, 0.1875, 0.15625, 0.1",GCP 751_4622,n2-standard-8 v46 1433,0.6233154417036895
2027-10-09T19:11:52.926777,0.21285541066747526,ap-south-1,"[0.2962962962962963, 0.3333333333333333, 0.07407407407407407, 0.14814814814814814, 0.14814814814814814]",GCP 436_6403,n2-standard-8,0.6387483653195019
2028-11-23T19:16:42.619963,0.21153431407393108,ap-southeast-1,"[0.16129032258064516, 0.22580645161290322, 0.1935483870967742, 0.22580645161290322, 0.19354838",GCP 241_8265,n2-highmem-8 v40,0.6932911129962873
2025-05-23T19:22:12.820769,0.208754291426029,AP-SOUTH-1,"[0.25, 0.21875, 0.1875, 0.15625, 0.1875]",GCP 775 156_8575,n2-standard-8,0.6123431389897954
2025-11-27T19:23:55.585998 v7_5902_4432,0.21122001810827598,ap-south-1,"[0.14285714285714285, 0.2857142857142857, 0.17857142857142858, 0.21428571428571427, 0.17857142857142858] 154",GCP 287_7622,N2-STANDARD-8,0.7453371355778532
2024-04-06T19:26:01.495517,0.19850968608318154,ap-south-1,"[0.1111111111111111, 0.25925925925925924, 0.2222222222222222, 0.18518518518518517, 0.2222222222222222] v41 616",GCP v14 704 1703_437,n2-standard-8,0.7792757988000905
2024-03-22T19:28:00.895000,0.11826618738989887,ap-south-1,"[0.0967741935483871, 0.22580645161290322, 0.1935483870967742, 0.22580645161290322, 0.25806451612903225]",Azure 79_6376,E4s_v3,0.8652840985120398
2025-06-18T19:33:03.604998,0.19870177805600386,ap-south-1,"[0.25806451612903225, 0.22580645161290322, 0.1935483870967742, 0.16129032258064516, 0.16129032258064516] v22",GCP 204_1994,n2-standard-8,0.6064236139737974
2027-06-14T19:45:16.666229,0.1665653334077471,asia-south1 v17 1288,"[0.24242424242424243, 0.12121212121212122, 0.18181818181818182, 0.15151515151515152, 0.30303030303030304]",Azure 210_2509,E4s_v3,0.6407974473125215
2026-08-02T20:03:54.476536,0.1941835094451722,asia-south1,"[0.25, 0.21875, 0.1875, 0.15625, 0.1",GCP 568_1767,n2-standard-8,0.6225373046591652
2024-08-01T20:04:16.666222,0.1988977694599883,ASIA-SOUTH1,"[0.25, 0.21875, 0.1875, 0.15625, 0.1875]",GCP v18 844 725_757,n2-standard-8,0.6539969690971216
2023-03-02T15:08:22.707315,0.1959167505198092,ap-south-1,"[0.25, 0.21875, 0.1875, 0.15625, 0.1875]",GCP v5 621_1032,n2-standard-8,0.6240252288666616
2025-11-27T15:09:47.612621 v44_6643 794_6271,2.0062408087584362,ap-southeast-1 406,"[0.17391304347826086, 0.21739130434782608, 0.21739130434782608, 0.21739130434782608, 0.17391304347826086] 1138",Azure v14 18_9547,ND6s 1880,0.6213439158041231
2025-11-27T15:17:48.209869 v29_6_7010,1.1073016820568764,asia-south1,"[0.1, 0.15, 0.2, 0.35, 0.2] v38",Azure 172_8368,ND6s,0.6776843445179753
2026-10-06T15:20:02.882342,1.0664663793255278,asia-south1,"[0.09090909090909091, 0.13636363636363635, 0.18181818181818182, 0.3181818181818182, 0.2727272727272727]",Azure 141_4824,ND6s,0.7177659453979054
2027-02-28T15:23:50.210423,0.2005375574240352,ap-southeast-1 v45,"[0.25806451612903225, 0.1935483870967742, 0.25806451612903225, 0.16129032258064516, 0.12903225806451613]",GCP v30 856_423,n2-standard-8 v34 1387,0.6197077334980305
2025-09-10T15:35:29.814076,0.3380803607618714,eu-west-1,"[0.25, 0.21875, 0.1875, 0.15625, 0.1875] v33",GCP 512_5904,n2-highmem-8 1755,0.584761700579239
2025-11-27T19:05:44.493141 v18_7896_8376,0.2061039334668996,AP-SOUTH-1,"[0.25, 0.21875, 0.1875, 0.15625, 0.1875]",GCP 79_9756,n2-standard-8 1253,0.5839514962787008
2022-11-19T19:11:52.926777,0.20500481329879072,ap-south-1 v23,"[0.2962962962962963, 0.3333333333333333, 0.07407407407407407, 0.14814814814814814, 0.14814814814814814] 1069",GCP 486_903,N2-STANDARD-8,0.6379616657257291
2026-03-07T19:16:42.619963,0.23576256564152123,ap-southeast-1 737,"[0.16129032258064516, 0.22580645161290322, 0.1935483870967742, 0.22580645161290322, 0.1935483870967742] 267",GCP v41 117_8125,n2-highmem-8,0.7243467563710341
2025-06-30T19:22:12.820769,0.1945691239188626,ap-south-1,"[0.25, 0.21875, 0.1875, 0.15625, 0.1875] 759",GCP 525_258,n2-standard-8 1012,0.5946422466389061
2025-11-27T19:23:55.585998 v14_7283_5558,0.21207610779822383,ap-south-1,"[0.14285714285714285, 0.2857142857142857, 0.17857142857142858, 0.21428571428571427, 0.17857142857142858]",GCP 940 57_2931,n2-standard-8,0.7519498130399891
2025-11-27T19:26:01.495517 V44_1074_8535,0.20091935598146332,ap-south-1,"[0.1111111111111111, 0.25925925925925924, 0.2222222222222222, 0.18518518518518517, 0.2222222222222222]",GCP 940 58_140,n2-standard-8,0.75585901912319
2024-03-31T19:28:00.895966,0.12768962602423478,ap-south-1 908,"[0.0967741935483871, 0.22580645161290322, 0.1935483870967742, 0.22580645161290322, 0.25806451612903225]",Azure 30_5929,E4s_v3,0.8629899654725459
2024-01-22T19:33:03.604998,0.18410156757033896,ap-south-1 v44,"[0.25806451612903225, 0.22580645161290322, 0.1935483870967742, 0.16129032258064516, 0.16129032258064516] 817",GCP 370_7748,n2-standard-8 v48 330,0.6612795519949757
2027-08-10T19:45:16.666229,0.18596280428703388,asia-south1 1607,"[0.24242424242424243, 0.12121212121212122, 0.18181818181818182, 0.15151515151515152, 0.30303030303030304] 1396",Azure v42 371_4176,E4s_v3,0.664385679775618
2025-11-27T20:03:54.476536 v36_2472_2019,0.2048207775953078,asia-south1 878,"[0.25, 0.21875, 0.1875, 0.15625, 0.1875]",GCP 315_9295,n2-standard-8,0.6536750734573286
2025-04-02T20:04:16.666222,0.2012848760573592,asia-south1,"[0.25, 0.21875, 0.1875, 0.15625, 0.1",GCP 853_3897,N2-STANDARD-8,0.593853143176656
2024-04-03T15:08:22.707000,0.20764273714323034,ap-south-1,"[0.25, 0.21875, 0.1875, 0.15625, 0.1875]",GCP 557_6995,n2-standard-8 v48 73,0.5472321107956745
2025-05-13T15:09:47.612621,1.9760485562710703,ap-southeast-1,"[0.17391304347826086, 0.21739130434782608, 0.21739130434782608, 0.21739130434782608, 0.173913043",Azure v46 370 920_9135,ND6s,0.564318625722548
2025-01-17T15:17:48.209869,1.1681811204739634,asia-south1 v2 942,"[0.1, 0.15, 0.2, 0.35, 0",AZURE 419_2462,ND6s,0.7157315203319372
2026-05-23T15:20:02.882342 1872_4422,1.1205444398199256,ASIA-SOUTH1,"[0.09090909090909091, 0.13636363636363635, 0.18181818181818182, 0.3181818181818182, 0.2727272727272727]",Azure 348_1317,ND6S 386,0.8102426132630551
2026-06-02T15:23:50.210423,0.20442488375662138,ap-southeast-1,"[0.25806451612903225, 0.1935483870967742, 0.25806451612903225, 0.16129032258064516, 0.12903225806451613]",GCP 92_5928,n2-standard-8,0.6173235672007771
2025-10-31T15:35:29.814076,0.32934091923869113,eu-west-1,"[0.25, 0.21875, 0.1875, 0.15625, 0.1875]",GCP 970_1417,n2-highmem-8 v19,0.688847539010145
2025-11-27T19:05:44.493141 v42_530_22,0.20966905630948257,ap-south-1,"[0.25, 0.21875, 0.1875, 0.15625, 0.1875]",GCP 845_3757,n2-standard-8,0.6579912099454425
2025-11-27T19:11:52.926777 v5_9790 457_5604,0.21495033957921422,ap-south-1,"[0.2962962962962963, 0.3333333333333333, 0.07407407407407407, 0.14814814814814814, 0.148148148",GCP 478_6914,n2-standard-8,0.5707031525435449
2025-10-22T19:16:42.619963 1115_3151,0.22288275115027542,ap-southeast-1,"[0.16129032258064516, 0.22580645161290322, 0.1935483870967742, 0.22580645161290322, 0.1935483870967742] v38",GCP 470 406_6769,n2-highmem-8,0.6668894939658006
2027-12-04T19:22:12.820769,0.18877981596998095,ap-south-1 1701,"[0.25, 0.21875, 0.1875, 0.15625, 0.1875] 1430",GCP v22 608_5810,n2-standard-8,0.5809921996377773
2023-09-25T19:23:55.585998,0.2000663000981493,ap-south-1,"[0.14285714285714285, 0.2857142857142857, 0.17857142857142858, 0.21428571428571427, 0.17857142857142858]",GCP v46 954_7881,n2-standard-8,0.8254741836585309
2023-11-06T19:26:01.495517,0.2005036340346493,ap-south-1,"[0.1111111111111111, 0.25925925925925924, 0.2222222222222222, 0.18518518518518517, 0.22222222222",GCP 250_5309,n2-standard-8,0.8699869935546237
2026-12-02T19:28:00.895966,0.13428003843317154,ap-south-1,"[0.0967741935483871, 0.22580645161290322, 0.1935483870967742, 0.22580645161290322, 0.2580645",Azure 799_867,E4s_v3,0.7766849678376805
2027-03-25T19:33:03.604998,0.18695718390443075,ap-south-1 1830,"[0.25806451612903225, 0.22580645161290322, 0.1935483870967742, 0.16129032258064516, 0.16129032258064516]",GCP v25 859_2598,n2-standard-8,0.6425574281940749
2028-12-15T19:45:16.666229,0.1872076556866293,asia-south1,"[0.24242424242424243, 0.12121212121212122, 0.18181818181818182, 0.15151515151515152, 0.30303030303030304]",AZURE 775_6209,E4s_v3 v15,0.5737029021973289
2026-05-16T20:03:54.476536,0.19344555856935983,asia-south1,"[0.25, 0.21875, 0.1875, 0.15625, 0.1875] 26",GCP V47 83_2774,n2-standard-8 930,0.5884460751846883
2023-09-30T20:04:16.666222,0.21243391757246355,asia-south1,"[0.25, 0.21875, 0.1875, 0.15625, 0.1875]",GCP 604_5405,n2-standard-8,0.6479071739500988
2026-07-29T15:08:22.707315,0.21140532558273195,ap-south-1,"[0.25, 0.21875, 0.1875, 0.15625, 0.1875] 1555",GCP 671_1365,n2-standard-8,0.5937286042479218
2025-06-27T15:09:47.612621,1.9013946728670565,ap-southeast-1 v10 134,"[0.17391304347826086, 0.21739130434782608, 0.21739130434782608, 0.21739130434782608, 0.17391304347826086]",Azure 62_8551,ND6s,0.5451547762228044
2027-03-18T15:17:48.209869,1.1159944939800808,asia-south1,"[0.1, 0.15, 0.2, 0.35, 0.2]",Azure 698 262_6928,ND6s 1627,0.6598013877991216
2028-10-09T15:20:02.882342,1.0743311574824193,asia-south1 479,"[0.09090909090909091, 0.13636363636363635, 0.18181818181818182, 0.3181818181818182, 0.272727",Azure 778_8300,ND6s,0.7651526151522977
2025-12-11T15:23:50.210423,0.2079060960341818,ap-southeast-1,"[0.25806451612903225, 0.1935483870967742, 0.25806451612903225, 0.16129032258064516, 0.12903225806451613]",GCP 352_6834,n2-standard-8,0.6369885300398012
2023-11-21T15:35:29.814076,0.35629380476827427,EU-WEST-1 1883,"[0.25, 0.21875, 0.1875, 0.15625, 0.1",GCP 50_8705,n2-highmem-8,0.6370030009326876
2025-06-28T19:05:44.493000,0.19419394338923707,ap-south-1,"[0.25, 0.21875, 0.1875, 0.15625, 0.1",GCP v4 963_7648,n2-standard-8,0.6765811874145949
2024-06-12T19:11:52.926000,0.19691791250518162,ap-south-1 v2,"[0.2962962962962963, 0.3333333333333333, 0.07407407407407407, 0.14814814814814814, 0.14814814814814814]",GCP 57 952_5791,n2-standard-8,0.6751363005583089
2027-01-19T19:16:42.619963,0.20989661149260616,ap-southeast-1,"[0.16129032258064516, 0.22580645161290322, 0.1935483870967742, 0.22580645161290322, 0.1935483870967742] 760",GCP 575_604,n2-highmem-8,0.6749037329029455
2025-11-27T19:22:12.820769 v1_8876_6682,0.1946496385710097,ap-south-1,"[0.25, 0.21875, 0.1875, 0.15625, 0.1875]",GCP 12_8026,n2-standard-8,0.6541106959411893
2024-08-24T19:23:55.585000,0.22136037434985112,ap-south-1,"[0.14285714285714285, 0.2857142857142857, 0.17857142857142858, 0.21428571428571427, 0.17857142857142858]",GCP 798_2906,n2-standard-8,0.7669506800356194
2025-11-27T19:26:01.495517 v44_6656 105_4291,0.19927615600021958,ap-south-1 v27 120,"[0.1111111111111111, 0.25925925925925924, 0.2222222222222222, 0.18518518518518517, 0.2222222222222222]",GCP 831_7272,n2-standard-8,0.9108419504774514
2026-05-31T19:28:00.895000,0.12306297417044652,ap-south-1,"[0.0967741935483871, 0.22580645161290322, 0.1935483870967742, 0.22580645161290322, 0.25806451612903225] v41",Azure 889_1598,E4s_v3 1823,0.8951265328969681
2025-11-27T19:33:03.604998 v44_3232_9847,0.1871312528106368,ap-south-1 748,"[0.25806451612903225, 0.22580645161290322, 0.1935483870967742, 0.16129032258064516, 0.16129032258064516]",GCP 264 652_9717,n2-standard-8,0.6574440253114229
2026-12-26T19:45:16.666229,0.17639195603911606,asia-south1,"[0.24242424242424243, 0.12121212121212122, 0.18181818181818182, 0.15151515151515152, 0.30303030303030304] 1247",Azure 545 303_3166,E4s_v3 1494,0.6630311915708438
2025-02-09T20:03:54.476536,0.20581438623588144,asia-south1 v48,"[0.25, 0.21875, 0.1875, 0.15625, 0.1875] v10",GCP 919 583_6390,n2-standard-8,0.6305797183280054
2024-11-21T20:04:16.666222,0.1871621911920543,asia-south1,"[0.25, 0.21875, 0.1875, 0.15625, 0.1875]",GCP 351_7101,N2-STANDARD-8,0.558130126965828
2025-08-24T15:08:22.707315 720_2908,0.1817642962154831,ap-south-1 v28,"[0.25, 0.21875, 0.1875, 0.15625, 0.1875]",GCP 357_6760,n2-standard-8,0.6326181272743492
2025-10-07T15:09:47.612621,1.8255761320086752,ap-southeast-1,"[0.17391304347826086, 0.21739130434782608, 0.21739130434782608, 0.21739130434782608, 0.17391304347826086]",Azure v25 870 279_7820,ND6s 685,0.5227160908971688
2023-10-05T15:17:48.209000,1.0337549897748841,asia-south1,"[0.1, 0.15, 0.2, 0.35, 0.2]",Azure v49 428_816,ND6s 44,0.6574944172421684
2025-11-27T15:20:02.882342 v19_2452_8494,1.0427952566866014,asia-south1 v34,"[0.09090909090909091, 0.13636363636363635, 0.18181818181818182, 0.3181818181818182, 0.2727272727272727] 731",Azure 290_1809,ND6s,0.7234690941653487
2026-01-19T15:23:50.210423 540_9648,0.2102806113928277,ap-southeast-1 v9,"[0.25806451612903225, 0.1935483870967742, 0.25806451612903225, 0.16129032258064516, 0.12903225806451613] 1395",GCP 909 800_8959,n2-standard-8,0.5920309694621609
2025-11-27T15:35:29.814076 v15_2007_7405,0.3217952599769081,eu-west-1,"[0.25, 0.21875, 0.1875, 0.15625, 0.1875]",GCP 758_7893,N2-HIGHMEM-8 328,0.6149227114841478
2025-11-27T19:05:44.493141 v36_8723_657,0.20654376023068474,ap-south-1,"[0.25, 0.21875, 0.1875, 0.15625, 0.1875] 890",GCP 924_8732,n2-standard-8,0.6174567890999006
2026-11-12T19:11:52.926000 1507_1986,0.21390404689599238,ap-south-1,"[0.2962962962962963, 0.3333333333333333, 0.07407407407407407, 0.14814814814814814, 0.14814814814814814]",GCP v49 253 1575_8841,n2-standard-8,0.6215913223790771
2026-05-01T19:16:42.619963,0.2160635263149279,ap-southeast-1 v15,"[0.16129032258064516, 0.22580645161290322, 0.1935483870967742, 0.22580645161290322, 0.1935483870967742]",GCP 984_9712,N2-HIGHMEM-8,0.7582812440558594
2026-06-24T19:22:12.820769 609_9193,0.2004954016139301,ap-south-1 819,"[0.25, 0.21875, 0.1875, 0.15625, 0.1",GCP v8 68 1959_4316,n2-standard-8 v5,0.5983986896492235
2024-06-15T19:23:55.585998,0.18924268995345256,ap-south-1,"[0.14285714285714285, 0.2857142857142857, 0.17857142857142858, 0.21428571428571427, 0.17857142857142858] 394",GCP 119_5472,n2-standard-8,0.8353957464740459
2026-09-26T19:26:01.495517 1974_3371,0.1974206085823574,ap-south-1 1605,"[0.1111111111111111, 0.25925925925925924, 0.2222222222222222, 0.18518518518518517, 0.22222222",GCP v6 579_3259,n2-standard-8,0.7480331797901749
2026-10-14T19:28:00.895966,0.12627617510521455,ap-south-1,"[0.0967741935483871, 0.22580645161290322, 0.1935483870967742, 0.22580645161290322, 0.2580645",AZURE 353_8534,E4s_v3,0.7582155715272393
2025-01-28T19:33:03.604998,0.20180480033194562,ap-south-1 v10,"[0.25806451612903225, 0.22580645161290322, 0.1935483870967742, 0.16129032258064516, 0.16129032258064516]",GCP 953_860,n2-standard-8,0.6691608014042989
2025-02-08T19:45:16.666229,0.1783519398298039,asia-south1,"[0.24242424242424243, 0.12121212121212122, 0.18181818181818182, 0.15151515151515152, 0.30303030303030304]",Azure 992 260_2591,E4s_v3,0.6577987213607145
2025-03-09T20:03:54.476536,0.19676616709538772,ASIA-SOUTH1,"[0.25, 0.21875, 0.1875, 0.15625, 0.1",GCP 879_4189,n2-standard-8,0.6287924761993094
2028-05-26T20:04:16.666222,0.2109170139376812,asia-south1,"[0.25, 0.21875, 0.1875, 0.15625, 0.1875] 973",GCP 21_4640,N2-STANDARD-8,0.6242860909460711
2025-06-11T15:08:22.707000,0.21499227799737183,ap-south-1,"[0.25, 0.21875, 0.1875, 0.15625, 0.1875] 617",GCP 698_3967,n2-standard-8 v6,0.6720006304983859
2024-09-16T15:09:47.612621,2.007542952953087,ap-southeast-1,"[0.17391304347826086, 0.21739130434782608, 0.21739130434782608, 0.21739130434782608, 0.17391304347826086]",Azure 568_6375,ND6s,0.570096273728551
2024-12-02T15:17:48.209869 336_4611,1.2028060201801511,ASIA-SOUTH1,"[0.1, 0.15, 0.2, 0.35, 0.2]",Azure 6_5474,ND6s,0.7815535819858058
2023-09-12T15:20:02.882342,1.0428663537696279,asia-south1 v21,"[0.09090909090909091, 0.13636363636363635, 0.18181818181818182, 0.3181818181818182, 0.2727272727272727]",Azure 90_5927,ND6S,0.7271001185590401
2024-12-30T15:23:50.210423,0.20841903207268242,ap-southeast-1,"[0.25806451612903225, 0.1935483870967742, 0.25806451612903225, 0.16129032258064516, 0.12903225806451613]",GCP 988_1946,n2-standard-8,0.6088619177396698
2024-10-19T15:35:29.814000,0.3207253095770579,eu-west-1,"[0.25, 0.21875, 0.1875, 0.15625, 0.1",GCP v14 305_5819,n2-highmem-8,0.6094341580433021
2027-08-13T19:05:44.493141,0.19212175298708078,ap-south-1 v44 84,"[0.25, 0.21875, 0.1875, 0.15625, 0.1875] 1439",GCP 391_7010,n2-standard-8,0.6152192309909326
2025-11-27T19:11:52.926777 v41_4143_4957,0.18864455466190383,ap-south-1 853,"[0.2962962962962963, 0.3333333333333333, 0.07407407407407407, 0.14814814814814814, 0.14814814814814814] v20",GCP 626_9649,n2-standard-8,0.6285086994407895
2026-02-22T19:16:42.619963 367_2533,0.22870081075149798,AP-SOUTHEAST-1,"[0.16129032258064516, 0.22580645161290322, 0.1935483870967742, 0.22580645161290322, 0.1935483870967742] 338",GCP 395 138_8154,n2-highmem-8 354,0.6897562298737073
2028-06-25T19:22:12.820769,0.2131207772638768,ap-south-1,"[0.25, 0.21875, 0.1875, 0.15625, 0.1875]",GCP 676_4674,n2-standard-8 839,0.6187521533804442
2027-04-02T19:23:55.585998,0.20468474627754848,ap-south-1 1567,"[0.14285714285714285, 0.2857142857142857, 0.17857142857142858, 0.21428571428571427, 0.17857142857142858] 1950",GCP 963_4125,n2-standard-8,0.7666405420075728
2025-11-16T19:26:01.495517,0.21470747810419033,ap-south-1,"[0.1111111111111111, 0.25925925925925924, 0.2222222222222222, 0.18518518518518517, 0.2222222222222222]",GCP v40 959_4822,n2-standard-8,0.8417920165281267
2025-01-30T19:28:00.895966,0.13514469132988632,ap-south-1,"[0.0967741935483871, 0.22580645161290322, 0.1935483870967742, 0.22580645161290322, 0",Azure 271_3191,E4s_v3 v48,0.8893236756895512
2023-01-12T19:33:03.604998,0.2095927463524331,AP-SOUTH-1,"[0.25806451612903225, 0.22580645161290322, 0.1935483870967742, 0.16129032258064516, 0.16129032258064516] 1039",GCP 494_6322,n2-standard-8 897,0.6172251562408
2026-09-13T19:45:16.666229 201_5068,0.17480791234411433,asia-south1,"[0.24242424242424243, 0.12121212121212122, 0.18181818181818182, 0.15151515151515152, 0.30303030303030304] V31",Azure 893_2319,E4s_v3 1015,0.6086557237593457
2026-01-15T20:03:54.476536 364_7006,0.20463792262043942,asia-south1,"[0.25, 0.21875, 0.1875, 0.15625, 0.1",GCP 969 137_3298,n2-standard-8,0.6116383487066271
2022-06-04T20:04:16.666222,0.20313029699834453,asia-south1,"[0.25, 0.21875, 0.1875, 0.15625, 0.1875]",GCP 152_4138,n2-standard-8 641,0.5803393813644441
2025-12-16T15:08:22.707315,0.21798233923639257,ap-south-1,"[0.25, 0.21875, 0.1875, 0.15625, 0.1875]",GCP 570 1198_2868,n2-standard-8,0.5792187109090605
2026-01-28T15:09:47.612000,1.8410177499585647,ap-southeast-1,"[0.17391304347826086, 0.21739130434782608, 0.21739130434782608, 0.21739130434782608, 0.17391304347826086]",Azure 620_8889,ND6s 1234,0.5674447344943885
2024-03-18T15:17:48.209869,1.0367044506422782,asia-south1 1196,"[0.1, 0.15, 0.2, 0.35, 0.2] 242",Azure 988 256_2238,ND6s 1236,0.687104308988038
2025-11-27T15:20:02.882342 v6_5144 1268_6565,1.0513479913903605,asia-south1 v11,"[0.09090909090909091, 0.13636363636363635, 0.18181818181818182, 0.3181818181818182, 0.272727",Azure 687_7723,ND6s,0.7305243263535431
2025-09-08T15:23:50.210000 1128_8769,0.18498341575174843,ap-southeast-1,"[0.25806451612903225, 0.1935483870967742, 0.25806451612903225, 0.16129032258064516, 0.12903225806451613]",GCP 513 1918_4353,n2-standard-8 v28 1373,0.6209256971811282
2024-12-27T15:35:29.814076 271_2143,0.37578247736199866,eu-west-1,"[0.25, 0.21875, 0.1875, 0.15625, 0.1875]",GCP 710_7023,N2-HIGHMEM-8,0.6426078335195223
2027-07-10T19:05:44.493141,0.2118570424101242,ap-south-1,"[0.25, 0.21875, 0.1875, 0.15625, 0.1",GCP 528_2507,n2-standard-8 832,0.5836180224747812
2025-10-30T19:11:52.926777 1763_8973,0.204816693567728,ap-south-1 935,"[0.2962962962962963, 0.3333333333333333, 0.07407407407407407, 0.14814814814814814, 0.1481481",GCP 674_7451,n2-standard-8,0.6248912929242306
2025-11-27T19:16:42.619963 v23_5298_3853,0.23722489693901636,ap-southeast-1 v49 1408,"[0.16129032258064516, 0.22580645161290322, 0.1935483870967742, 0.22580645161290322, 0.1935483870967742]",GCP 936_2097,n2-highmem-8 v17 1996,0.6301115842400548
2026-02-17T19:22:12.820769,0.20438495085642971,ap-south-1,"[0.25, 0.21875, 0.1875, 0.15625, 0.1875]",GCP v3 378_5671,n2-standard-8,0.6296123954196644
2027-08-19T19:23:55.585998,0.19589498520725207,AP-SOUTH-1,"[0.14285714285714285, 0.2857142857142857, 0.17857142857142858, 0.21428571428571427, 0.17857142857142858]",GCP 55_4599,n2-standard-8,0.765113896173236
2027-04-17T19:26:01.495000,0.2045684140286519,ap-south-1,"[0.1111111111111111, 0.25925925925925924, 0.2222222222222222, 0.18518518518518517, 0.2222222222222222]",GCP 614_8955,N2-STANDARD-8,0.8399454607492639
2023-12-24T19:28:00.895000,0.1238209363351951,ap-south-1,"[0.0967741935483871, 0.22580645161290322, 0.1935483870967742, 0.22580645161290322, 0.25806451612903225]",Azure 177_1259,E4s_v3 v47,0.8363896960745008
2023-04-07T19:33:03.604998,0.20752412903492967,AP-SOUTH-1,"[0.25806451612903225, 0.22580645161290322, 0.1935483870967742, 0.16129032258064516, 0.161290322",GCP 707_4022,n2-standard-8,0.6552758256875245
2026-06-14T19:45:16.666229,0.1712928689075036,asia-south1 v37,"[0.24242424242424243, 0.12121212121212122, 0.18181818181818182, 0.15151515151515152, 0.30303030303030304]",Azure v31 483_3117,E4s_v3 v11,0.6368705558994253
2026-12-10T20:03:54.476536,0.2036360563229827,asia-south1 v5,"[0.25, 0.21875, 0.1875, 0.15625, 0.1875]",GCP 211_3396,n2-standard-8,0.6138180327413603
2025-01-03T20:04:16.666222 597_7431,0.18844562223835015,asia-south1,"[0.25, 0.21875, 0.1875, 0.15625, 0.1875] 1288",GCP 43 67_780,n2-standard-8,0.6147625805423325
2025-11-27T15:08:22.707315 v21_1702_7001,0.1932907474899256,ap-south-1,"[0.25, 0.21875, 0.1875, 0.15625, 0.1875]",GCP 305_8372,n2-standard-8,0.5917649745528231
2026-11-17T15:09:47.612621 215_4834,2.075874047806088,ap-southeast-1,"[0.17391304347826086, 0.21739130434782608, 0.21739130434782608, 0.21739130434782608, 0.173913043",Azure 760_3053,ND6s,0.6415452517547439
2027-03-27T15:17:48.209000,1.0105927374283539,asia-south1,"[0.1, 0.15, 0.2, 0.35, 0",AZURE 1 1596_3076,ND6S,0.786272887881191
2025-06-07T15:20:02.882342,0.997795678842592,asia-south1 659,"[0.09090909090909091, 0.13636363636363635, 0.18181818181818182, 0.3181818181818182, 0.2727272727272727]",Azure 30_8457,ND6s,0.8022544121807655
2028-05-06T15:23:50.210000,0.2084925118518821,ap-southeast-1,"[0.25806451612903225, 0.1935483870967742, 0.25806451612903225, 0.16129032258064516, 0.12903225806451613]",GCP 827_2963,n2-standard-8,0.6196002857598186
2025-11-27T15:35:29.814076 v30_5275_2076,0.3447421365778397,eu-west-1,"[0.25, 0.21875, 0.1875, 0.15625, 0.1 1774",GCP 77_8778,n2-highmem-8,0.6132949224840235
2025-08-03T19:05:44.493141,0.1802117010539972,ap-south-1,"[0.25, 0.21875, 0.1875, 0.15625, 0.1",GCP 39_1368,n2-standard-8,0.6630463006434576
2025-11-27T19:11:52.926777 v47_6599_7026,0.19510654764709762,ap-south-1,"[0.2962962962962963, 0.3333333333333333, 0.07407407407407407, 0.14814814814814814, 0.148148148",GCP 368_2413,n2-standard-8,0.6360581290567942
2026-10-24T19:16:42.619000,0.23579145126265721,ap-southeast-1,"[0.16129032258064516, 0.22580645161290322, 0.1935483870967742, 0.22580645161290322, 0.1935483870967742]",GCP 291_7119,n2-highmem-8 310,0.7895807481178356
2028-03-12T19:22:12.820000,0.21306026625869912,ap-south-1,"[0.25, 0.21875, 0.1875, 0.15625, 0.1875]",GCP 622_2479,n2-standard-8 v35 67,0.6311106312907298
2026-09-16T15:08:22.707315,0.202985097841554,AP-SOUTH-1,"[0.25, 0.21875, 0.1875, 0.15625, 0.1875]",GCP_310,n2-standard-8,0.5717312689822873
2028-04-22T15:09:47.612621,1.9863147638255745,ap-southeast-1 542,"[0.17391304347826086, 0.21739130434782608, 0.21739130434782608, 0.21739130434782608, 0.17391304347826086]",AZURE_7706,ND6s,0.6143910915795552
2027-04-15T15:17:48.209869,1.0650240714338581,asia-south1,"[0.1, 0.15, 0.2, 0.35, 0.2]",Azure_9220,ND6s 508,0.7117083297372381
2027-05-26T15:20:02.882342,1.0533651303944405,asia-south1,"[0.09090909090909091, 0.13636363636363635, 0.18181818181818182, 0.3181818181818182, 0.2727272727272727]",Azure_1016,ND6s,0.6894141151544481
2025-11-27T15:23:50.210423 501_4135,0.194654798980481,ap-southeast-1,"[0.25806451612903225, 0.1935483870967742, 0.25806451612903225, 0.16129032258064516, 0.129032258",GCP_6271,n2-standard-8,0.6626895618098784
2026-10-26T15:35:29.814076,0.35026118866501643,eu-west-1,"[0.25, 0.21875, 0.1875, 0.15625, 0.1875]",GCP_1660,n2-highmem-8 1320,0.600248556009676
2027-05-30T19:05:44.493141,0.18905293241061108,ap-south-1,"[0.25, 0.21875, 0.1875, 0.15625, 0.1875]",GCP_7320,n2-standard-8,0.5704832705556651
2027-08-04T19:11:52.926777,0.1955862758041389,ap-south-1,"[0.2962962962962963, 0.3333333333333333, 0.07407407407407407, 0.14814814814814814, 0.148148148",GCP 1996_5263,n2-standard-8,0.6564362222966841
2025-11-27T19:16:42.619963 323_2521,0.23767207228957657,ap-southeast-1,"[0.16129032258064516, 0.22580645161290322, 0.1935483870967742, 0.22580645161290322, 0.1935483870967742]",GCP 639_9181,n2-highmem-8,0.7425324033965234
2025-11-27T19:22:12.820769 1474_240,0.21101542093226874,ap-south-1,"[0.25, 0.21875, 0.1875, 0.15625, 0.1875]",GCP_1882,n2-standard-8,0.5751266765945287
2025-01-09T19:23:55.585000,0.18576557570343513,ap-south-1,"[0.14285714285714285, 0.2857142857142857, 0.17857142857142858, 0.21428571428571427, 0.17857142857142858]",GCP 1803_2095,n2-standard-8,0.788232429123911
2025-09-03T19:26:01.495517,0.19685338460191867,ap-south-1 1929,"[0.1111111111111111, 0.25925925925925924, 0.2222222222222222, 0.18518518518518517, 0.22222222",GCP_385,n2-standard-8,0.842231866791965
2026-08-29T19:28:00.895966,0.12305650196421515,ap-south-1 367,"[0.0967741935483871, 0.22580645161290322, 0.1935483870967742, 0.22580645161290322, 0.25806451612903225]",Azure_8944,E4s_v3,0.8119906061941378
2024-06-22T19:33:03.604998,0.19533325142774494,ap-south-1,"[0.25806451612903225, 0.22580645161290322, 0.1935483870967742, 0.16129032258064516, 0.16129032258064516]",GCP_6326,n2-standard-8,0.5817596727979522
2027-03-30T19:45:16.666229,0.1849324958516979,asia-south1 746,"[0.24242424242424243, 0.12121212121212122, 0.18181818181818182, 0.15151515151515152, 0.30303030303030304]",AZURE_2166,E4s_v3,0.6136429057676015
2026-11-22T20:03:54.476536,0.21532971221830766,asia-south1,"[0.25, 0.21875, 0.1875, 0.15625, 0.1",GCP_9861,n2-standard-8,0.5851594587102736
2028-03-16T20:04:16.666222,0.1877078834187745,ASIA-SOUTH1,"[0.25, 0.21875, 0.1875, 0.15625, 0.1875]",GCP_2356,n2-standard-8,0.6102406277578676
2026-03-10T15:08:22.707315,0.20968988970824137,ap-south-1,"[0.25, 0.21875, 0.1875, 0.15625, 0.1",GCP 570_2280,N2-STANDARD-8,0.6429672780937903
2025-11-27T15:09:47.612621 v9_2_6404,2.0823469483069257,ap-southeast-1,"[0.17391304347826086, 0.21739130434782608, 0.21739130434782608, 0.21739130434782608, 0.1739130",AZURE 545_4983,ND6s v48 1260,0.5582609989055225
2023-10-20T15:17:48.209869,1.0981489227864987,asia-south1 113,"[0.1, 0.15, 0.2, 0.35, 0.2] v30",AZURE 624_8066,ND6s,0.6480597702591481
2022-06-23T15:20:02.882000,1.093071704654521,asia-south1,"[0.09090909090909091, 0.13636363636363635, 0.18181818181818182, 0.3181818181818182, 0.272727",Azure 264_117,ND6s,0.6941980477414156
2025-11-27T15:23:50.210423 v3_7632_5427,0.1931195392122593,ap-southeast-1,"[0.25806451612903225, 0.1935483870967742, 0.25806451612903225, 0.16129032258064516, 0.129032258",GCP 59 372_3015,n2-standard-8,0.6747967825834924
2025-11-27T15:35:29.814076 V49_7414_1935,0.3232264521015071,eu-west-1 v43,"[0.25, 0.21875, 0.1875, 0.15625, 0.1875]",GCP 289_3061,n2-highmem-8,0.6657775228687928
2025-05-26T19:05:44.493141,0.22260301958102063,ap-south-1 1450,"[0.25, 0.21875, 0.1875, 0.15625, 0.1875]",GCP 604 418_8703,n2-standard-8,0.6470391361031783
2024-12-04T19:11:52.926777,0.20039873080511464,ap-south-1 v14,"[0.2962962962962963, 0.3333333333333333, 0.07407407407407407, 0.14814814814814814, 0.14814814814814814]",GCP 199_73,n2-standard-8,0.624522401256841
2025-11-27T19:16:42.619963 v15__8339,0.2111843638955822,ap-southeast-1,"[0.16129032258064516, 0.22580645161290322, 0.1935483870967742, 0.22580645161290322, 0.1935483870967742]",GCP 952_9442,N2-HIGHMEM-8 V46,0.6651948299969892
2023-11-25T19:22:12.820000,0.20543411604685402,ap-south-1,"[0.25, 0.21875, 0.1875, 0.15625, 0.1875]",GCP 735_8099,n2-standard-8 292,0.6291101927861823
2025-11-27T19:23:55.585998 v25_8_416,0.18628719086748718,ap-south-1,"[0.14285714285714285, 0.2857142857142857, 0.17857142857142858, 0.21428571428571427, 0.17857142857142858] v24",GCP 20 1111_511,n2-standard-8,0.733144446787336
2025-11-27T19:26:01.495517 v33_5986_1486,0.21047340638772247,ap-south-1,"[0.1111111111111111, 0.25925925925925924, 0.2222222222222222, 0.18518518518518517, 0.2222222222222222]",GCP 825_3878,n2-standard-8 1488,0.8493970344173959
2027-10-27T19:28:00.895966,0.11879514278190483,ap-south-1 v25 249,"[0.0967741935483871, 0.22580645161290322, 0.1935483870967742, 0.22580645161290322, 0.25806451612903225]",Azure 176_3189,E4s_v3,0.8968186925907194
2027-03-11T19:33:03.604998,0.2108998614036643,ap-south-1,"[0.25806451612903225, 0.22580645161290322, 0.1935483870967742, 0.16129032258064516, 0.161290322",GCP 102_6490,n2-standard-8 v15,0.6375153268938376
2028-06-08T19:45:16.666229,0.1623342292353699,asia-south1 442,"[0.24242424242424243, 0.12121212121212122, 0.18181818181818182, 0.15151515151515152, 0.30303030303030304] 445",Azure 338_793,E4s_v3 v36 833,0.5962245355280336
2024-05-05T20:03:54.476536,0.21251291449405796,asia-south1,"[0.25, 0.21875, 0.1875, 0.15625, 0.1875]",GCP 321_1249,n2-standard-8,0.5924984747923697
2029-02-22T20:04:16.666000,0.20296589928260098,asia-south1 1254,"[0.25, 0.21875, 0.1875, 0.15625, 0.1875]",GCP 133_4933,n2-standard-8,0.6057883618899103
2025-01-21T15:08:22.707000,0.19626886960958959,ap-south-1,"[0.25, 0.21875, 0.1875, 0.15625, 0.1875]",GCP 869_5881,n2-standard-8 v29,0.6409523278640037
2027-07-14T15:09:47.612621,1.8734216768949623,ap-southeast-1 1535,"[0.17391304347826086, 0.21739130434782608, 0.21739130434782608, 0.21739130434782608, 0.17391304347826086]",Azure v30 329_5617,ND6s,0.5664978596890574
2025-05-31T15:17:48.209869,1.1033375950194273,ASIA-SOUTH1,"[0.1, 0.15, 0.2, 0.35, 0.2]",Azure 23 1319_2701,ND6s 1202,0.6694347317603175
2022-07-12T15:20:02.882000,0.9356094501648387,asia-south1,"[0.09090909090909091, 0.13636363636363635, 0.18181818181818182, 0.3181818181818182, 0.272727",Azure 13 1089_7082,ND6s,0.7370168229344779
2025-10-27T15:23:50.210423,0.20355526206796845,ap-southeast-1,"[0.25806451612903225, 0.1935483870967742, 0.25806451612903225, 0.16129032258064516, 0.1290322",GCP 209_7502,n2-standard-8,0.6547330791005259
2023-03-18T15:35:29.814076,0.32463570107490436,eu-west-1 v1,"[0.25, 0.21875, 0.1875, 0.15625, 0.1875] 642",GCP 393 1174_2600,n2-highmem-8,0.6031461669249115
2029-03-13T19:05:44.493000,0.1957200957156167,ap-south-1,"[0.25, 0.21875, 0.1875, 0.15625, 0.1875]",GCP 939_3667,n2-standard-8,0.6196881233222654
2024-08-14T19:11:52.926777,0.20915366212420122,ap-south-1,"[0.2962962962962963, 0.3333333333333333, 0.07407407407407407, 0.14814814814814814, 0.14814814814814814] 1531",GCP 420_7901,n2-standard-8,0.5901937328619792
2024-03-13T19:16:42.619000,0.22339279322639757,ap-southeast-1,"[0.16129032258064516, 0.22580645161290322, 0.1935483870967742, 0.22580645161290322, 0.1935483870967742]",GCP 148_3321,N2-HIGHMEM-8,0.7120625011294074
2027-02-02T19:22:12.820769,0.2153374011676784,ap-south-1 422,"[0.25, 0.21875, 0.1875, 0.15625, 0.1875]",GCP v45 702_2007,n2-standard-8 1523,0.6262825367424601
2027-11-24T19:23:55.585998,0.21000689478721393,ap-south-1,"[0.14285714285714285, 0.2857142857142857, 0.17857142857142858, 0.21428571428571427, 0.1785714",GCP 575_9043,n2-standard-8,0.7222810204377779
2025-11-27T19:26:01.495517 v20_5131_7853,0.19896104173851942,ap-south-1,"[0.1111111111111111, 0.25925925925925924, 0.2222222222222222, 0.18518518518518517, 0.2222222222222222] 797",GCP 320 1346_542,n2-standard-8 1427,0.8198626754003152
2024-09-21T19:28:00.895966,0.12188064665530648,ap-south-1 1144,"[0.0967741935483871, 0.22580645161290322, 0.1935483870967742, 0.22580645161290322, 0.25806451612903225]",Azure 89_8261,E4s_v3,0.8464957512759382
2023-09-26T19:33:03.604998,0.19846842472470477,ap-south-1,"[0.25806451612903225, 0.22580645161290322, 0.1935483870967742, 0.16129032258064516, 0.1612903225806",GCP 209_8595,n2-standard-8,0.597959498528371
2025-12-20T19:45:16.666000 663_4870,0.18133813827095702,asia-south1,"[0.24242424242424243, 0.12121212121212122, 0.18181818181818182, 0.15151515151515152, 0.30303030303030304]",Azure 617 1446_8926,E4s_v3,0.6351211972541445
2029-02-22T20:03:54.476536,0.21474200935160853,asia-south1 475,"[0.25, 0.21875, 0.1875, 0.15625, 0.1875] 1511",GCP 606_15,n2-standard-8 1481,0.6493401782517043
2025-01-03T20:04:16.666222,0.1890124105113506,asia-south1 v33 1425,"[0.25, 0.21875, 0.1875, 0.15625, 0.1",GCP v2 346_4682,N2-STANDARD-8,0.6111060326008129
2023-07-02T15:08:22.707000,0.19552646961976572,ap-south-1,"[0.25, 0.21875, 0.1875, 0.15625, 0.1875] 1158",GCP 464_5624,n2-standard-8 421,0.6489167554437103
2025-02-07T15:09:47.612621,1.8783107200518838,AP-SOUTHEAST-1,"[0.17391304347826086, 0.21739130434782608, 0.21739130434782608, 0.21739130434782608, 0.17391304347826086] 1382",Azure 399_6986,ND6s,0.5855381004638962
2026-08-02T15:17:48.209869,1.122056057597844,ASIA-SOUTH1,"[0.1, 0.15, 0.2, 0.35, 0.2]",AZURE V34 355_6478,ND6S,0.7305478859834793
2026-06-29T15:20:02.882342 1426_817,1.0040831863589434,asia-south1,"[0.09090909090909091, 0.13636363636363635, 0.18181818181818182, 0.3181818181818182, 0.2727272727272727] v8 190",Azure 910_5716,ND6s,0.7514651449118992
2026-10-28T15:23:50.210423,0.194000810029689,AP-SOUTHEAST-1 1780,"[0.25806451612903225, 0.1935483870967742, 0.25806451612903225, 0.16129032258064516, 0.1290322",GCP 324_1515,n2-standard-8,0.626290365844532
2024-08-23T15:35:29.814076,0.3362331746219108,eu-west-1,"[0.25, 0.21875, 0.1875, 0.15625, 0.1875] v32",GCP 849_1005,n2-highmem-8,0.6410639986875029
2026-04-29T19:05:44.493141,0.18496865680522356,ap-south-1,"[0.25, 0.21875, 0.1875, 0.15625, 0.1875]",GCP 781_7316,n2-standard-8,0.570481603062846
2024-03-26T19:11:52.926000,0.21241502487604905,ap-south-1,"[0.2962962962962963, 0.3333333333333333, 0.07407407407407407, 0.14814814814814814, 0.148148148",GCP 749_1171,n2-standard-8,0.580425923914226
2025-09-21T19:16:42.619000,0.22864321764763001,ap-southeast-1 v22,"[0.16129032258064516, 0.22580645161290322, 0.1935483870967742, 0.22580645161290322, 0.19354838",GCP 956_1800,n2-highmem-8 v15 1976,0.6779556320191426
2026-01-28T19:22:12.820000 653_7963,0.19702270464410368,AP-SOUTH-1,"[0.25, 0.21875, 0.1875, 0.15625, 0.1875] v28 1015",GCP v1 650_7232,n2-standard-8 1670,0.5697620867484356
2023-03-13T19:23:55.585998,0.18596998636217604,ap-south-1,"[0.14285714285714285, 0.2857142857142857, 0.17857142857142858, 0.21428571428571427, 0.17857142857142858]",GCP 431_18,N2-STANDARD-8,0.8462641462577314
2022-10-29T19:26:01.495000,0.18251486467282113,ap-south-1,"[0.1111111111111111, 0.25925925925925924, 0.2222222222222222, 0.18518518518518517, 0.2222222222222222]",GCP 204_863,n2-standard-8,0.825700569387641
2026-10-22T19:28:00.895966,0.12181666092102585,AP-SOUTH-1,"[0.0967741935483871, 0.22580645161290322, 0.1935483870967742, 0.22580645161290322, 0.25806451612903225]",Azure 276_3780,E4s_v3 v44,0.9404217448239612
2023-10-14T19:33:03.604000,0.18432721441687563,ap-south-1,"[0.25806451612903225, 0.22580645161290322, 0.1935483870967742, 0.16129032258064516, 0.16129032258064516]",GCP 266_2380,n2-standard-8,0.5852458253958432
2025-11-27T19:45:16.666229 v10_1_6178,0.18866264650211784,asia-south1 1287,"[0.24242424242424243, 0.12121212121212122, 0.18181818181818182, 0.15151515151515152, 0.30303030303030304]",Azure 549_1385,E4S_V3,0.5889108729779208
2022-12-01T20:03:54.476536,0.2041315543054211,asia-south1,"[0.25, 0.21875, 0.1875, 0.15625, 0.1875] v43",GCP v15 56_7767,n2-standard-8,0.6218219306064984
2027-01-07T20:04:16.666222,0.18258064937238325,asia-south1,"[0.25, 0.21875, 0.1875, 0.15625, 0.1875]",GCP 92_9201,n2-standard-8 91,0.5466645377927645
2025-11-15T15:08:22.707315,0.20668823336751938,ap-south-1,"[0.25, 0.21875, 0.1875, 0.15625, 0.1875]",GCP 812_9723,n2-standard-8,0.6161574099742381
2025-01-05T15:09:47.612621,1.8712431900254203,AP-SOUTHEAST-1,"[0.17391304347826086, 0.21739130434782608, 0.21739130434782608, 0.21739130434782608, 0.17391304347826086] 1880",AZURE V26 278_7451,ND6s 1981,0.5959212880515223
2026-03-07T15:17:48.209869 1520_6556,1.0547354953925805,asia-south1,"[0.1, 0.15, 0.2, 0.35, 0.2] 1839",Azure 839_43,ND6s,0.7556188558186815
2024-12-26T15:20:02.882000 1283_1414,1.0413720035507918,asia-south1 31,"[0.09090909090909091, 0.13636363636363635, 0.18181818181818182, 0.3181818181818182, 0.2727272727272727]",Azure 359 1569_2937,ND6s,0.7336872478350018
2027-02-10T15:23:50.210423,0.2046678286346125,ap-southeast-1 1987,"[0.25806451612903225, 0.1935483870967742, 0.25806451612903225, 0.16129032258064516, 0.12903225806451613]",GCP 365_3466,n2-standard-8 v22,0.6746083748013184
2025-08-22T15:35:29.814076 251_8778,0.32547055789750484,eu-west-1,"[0.25, 0.21875, 0.1875, 0.15625, 0.1875]",GCP 698_7071,n2-highmem-8,0.6901492271846249
2025-10-22T19:05:44.493141,0.1981810900485517,ap-south-1 v33 1752,"[0.25, 0.21875, 0.1875, 0.15625, 0.1875]",GCP 180_3876,n2-standard-8,0.567310961889468
2027-11-27T19:11:52.926000,0.1906638446211175,ap-south-1 v35,"[0.2962962962962963, 0.3333333333333333, 0.07407407407407407, 0.14814814814814814, 0.14814814814814814] V15",GCP 365 1978_5499,n2-standard-8,0.5795157765881234
2023-08-08T19:16:42.619963,0.20884486232912533,ap-southeast-1 v32 726,"[0.16129032258064516, 0.22580645161290322, 0.1935483870967742, 0.22580645161290322, 0.1935483870967742] 1944",GCP v19 482_7488,n2-highmem-8,0.6575384902694599
2024-04-18T19:22:12.820000,0.1816033618750302,ap-south-1,"[0.25, 0.21875, 0.1875, 0.15625, 0.1875] 1572",GCP 382 1798_439,n2-standard-8,0.5953883675648438
2026-08-24T19:23:55.585998,0.20715743612287968,ap-south-1,"[0.14285714285714285, 0.2857142857142857, 0.17857142857142858, 0.21428571428571427, 0.17857142857142858]",GCP 866_6548,n2-standard-8,0.7764152816702707
2026-01-05T19:26:01.495517,0.1809670776175717,ap-south-1,"[0.1111111111111111, 0.25925925925925924, 0.2222222222222222, 0.18518518518518517, 0.2222222222222222] v18 808",GCP 992_9246,N2-STANDARD-8,0.8815573429540929
2026-01-23T19:28:00.895966,0.11955056965481041,AP-SOUTH-1 211,"[0.0967741935483871, 0.22580645161290322, 0.1935483870967742, 0.22580645161290322, 0.25806451612903225] 1782",Azure 590_9206,E4S_V3,0.8206142429527201
2026-09-10T19:33:03.604998,0.18279680893286468,ap-south-1,"[0.25806451612903225, 0.22580645161290322, 0.1935483870967742, 0.16129032258064516, 0.16129032258064516] 952",GCP 299_7388,n2-standard-8,0.5554981340445804
2025-11-27T19:45:16.666229 v12_7379_9971,0.16473121897636148,asia-south1,"[0.24242424242424243, 0.12121212121212122, 0.18181818181818182, 0.15151515151515152, 0.30303030303030304]",Azure 280 1413_5051,E4s_v3 1297,0.5769856867221009
2025-08-31T20:03:54.476536,0.18830122535129776,asia-south1 302,"[0.25, 0.21875, 0.1875, 0.15625, 0.1875]",GCP v28 356_1724,n2-standard-8 v46,0.5925803933407207
2025-01-09T20:04:16.666222 1450_6364,0.20740750710021322,asia-south1,"[0.25, 0.21875, 0.1875, 0.15625, 0.1",GCP 573_2685,n2-standard-8,0.613171266637776
2027-04-22T15:08:22.707000,0.1881205493601214,ap-south-1,"[0.25, 0.21875, 0.1875, 0.15625, 0.1",GCP 991_2110,n2-standard-8,0.5763553036853184
2028-04-06T15:09:47.612000,1.9048435983996095,ap-southeast-1 v2,"[0.17391304347826086, 0.21739130434782608, 0.21739130434782608, 0.21739130434782608, 0.17391304347826086] 713",Azure v25 99_5228,ND6S,0.5650397652723582
2025-08-06T15:17:48.209000,1.0834690273200869,asia-south1,"[0.1, 0.15, 0.2, 0.35, 0.2] 116",Azure 189_3560,ND6s,0.6851533906543014
2025-08-19T15:20:02.882342,1.0993229154660598,ASIA-SOUTH1 1173,"[0.09090909090909091, 0.13636363636363635, 0.18181818181818182, 0.3181818181818182, 0.272727",Azure v3 819_8334,ND6s,0.7125033848204546
2028-01-09T15:23:50.210423,0.1847232061791787,ap-southeast-1 v38,"[0.25806451612903225, 0.1935483870967742, 0.25806451612903225, 0.16129032258064516, 0.12903225806451613] 330",GCP 650_7667,n2-standard-8 v19 1125,0.5942638074702181
2025-08-14T15:35:29.814076 1882_5179,0.30174433029523934,eu-west-1,"[0.25, 0.21875, 0.1875, 0.15625, 0.1875]",GCP 887_1034,n2-highmem-8 v49,0.6975057557303368
2028-08-17T19:05:44.493000,0.2060542015551046,AP-SOUTH-1,"[0.25, 0.21875, 0.1875, 0.15625, 0.1875]",GCP 762_1603,n2-standard-8,0.6044258373789865
2025-03-08T19:11:52.926000,0.21464526347239085,ap-south-1,"[0.2962962962962963, 0.3333333333333333, 0.07407407407407407, 0.14814814814814814, 0.1481481 1663",GCP V34 109_9442,n2-standard-8 654,0.6264085267315391
2025-02-17T19:16:42.619963,0.2408330849695973,ap-southeast-1 v38,"[0.16129032258064516, 0.22580645161290322, 0.1935483870967742, 0.22580645161290322, 0.1935483870967742]",GCP 325_6378,n2-highmem-8,0.7568953656691954
2024-03-06T19:22:12.820769,0.20381778518615498,ap-south-1 v7,"[0.25, 0.21875, 0.1875, 0.15625, 0.1875]",GCP 622 157_6186,n2-standard-8,0.6278642063766163
2027-09-05T19:23:55.585998,0.18692057075408353,ap-south-1,"[0.14285714285714285, 0.2857142857142857, 0.17857142857142858, 0.21428571428571427, 0.17857142857142858]",GCP 73_1900,n2-standard-8 v45,0.8197236221123534
2024-07-29T19:26:01.495000,0.20712171977408678,ap-south-1,"[0.1111111111111111, 0.25925925925925924, 0.2222222222222222, 0.18518518518518517, 0.2222222222222222] 199",GCP v49 555_7765,n2-standard-8,0.816408783174759
2025-11-27T19:28:00.895966 v16_3082_4663,0.11672368139832755,ap-south-1,"[0.0967741935483871, 0.22580645161290322, 0.1935483870967742, 0.22580645161290322, 0.25806451612903225]",Azure 329 1219_1854,E4s_v3,0.8164140150585744
2028-11-04T19:33:03.604998,0.21622922877284984,ap-south-1,"[0.25806451612903225, 0.22580645161290322, 0.1935483870967742, 0.16129032258064516, 0.1612903 1773",GCP 217_322,n2-standard-8,0.6282712722055593
2026-11-07T19:45:16.666229 1902_8359,0.18188014153209126,asia-south1,"[0.24242424242424243, 0.12121212121212122, 0.18181818181818182, 0.15151515151515152, 0.30303030303030304] 667",Azure 356_6908,E4s_v3 v24,0.6497659796024832
2023-12-30T20:03:54.476000,0.1938297503480529,asia-south1,"[0.25, 0.21875, 0.1875, 0.15625, 0.1875] v27",GCP 167 1283_3116,n2-standard-8 883,0.608373195229522
2025-11-27T20:04:16.666222 v15_4491_5301,0.20796037622158628,asia-south1 v4,"[0.25, 0.21875, 0.1875, 0.15625, 0.1875] 444",GCP 74_2725,n2-standard-8,0.6129567408773561
2027-01-17T15:08:22.707315,0.19029823834178308,ap-south-1,"[0.25, 0.21875, 0.1875, 0.15625, 0.1",GCP 730 804_169,n2-standard-8 v17 1603,0.6015876949064236
2026-07-20T15:09:47.612621,2.0525363663745506,ap-southeast-1,"[0.17391304347826086, 0.21739130434782608, 0.21739130434782608, 0.21739130434782608, 0.17391304347826086]",Azure 459 461_3387,ND6s,0.533968021417401
2025-11-27T15:17:48.209869 v6_9_8344,1.0974471073871126,ASIA-SOUTH1,"[0.1, 0.15, 0.2, 0.35, 0.2] 1888",Azure 568_9261,ND6s 1968,0.6913592417603044
2028-06-23T15:20:02.882342,0.9684129324617429,asia-south1,"[0.09090909090909091, 0.13636363636363635, 0.18181818181818182, 0.3181818181818182, 0.272727",Azure 431_2943,ND6s v37,0.6967739242816894
2025-11-27T15:23:50.210423 v5_2986 782_2949,0.18680561447889135,ap-southeast-1,"[0.25806451612903225, 0.1935483870967742, 0.25806451612903225, 0.16129032258064516, 0.12903225806451613]",GCP 560_5850,n2-standard-8,0.6446700823535574
2024-05-04T15:35:29.814000,0.33418649948517637,eu-west-1 243,"[0.25, 0.21875, 0.1875, 0.15625, 0.1875]",GCP 397 1734_4502,n2-highmem-8,0.6754495818525581
2022-08-08T19:05:44.493141,0.20679012112610515,ap-south-1,"[0.25, 0.21875, 0.1875, 0.15625, 0.1875] 1146",GCP v47 410_8024,n2-standard-8,0.6428092456012124
2025-10-31T19:11:52.926777,0.18600604551024158,ap-south-1,"[0.2962962962962963, 0.3333333333333333, 0.07407407407407407, 0.14814814814814814, 0.14814814814814814] v28",GCP v33 569_1465,n2-standard-8,0.5820479859518514
2026-02-11T19:16:42.619963,0.22720632980091798,ap-southeast-1,"[0.16129032258064516, 0.22580645161290322, 0.1935483870967742, 0.22580645161290322, 0.1935483870967742]",GCP 56_7445,n2-highmem-8,0.6863327627767273
2024-08-30T19:22:12.820769,0.21406473870983192,ap-south-1 v5 730,"[0.25, 0.21875, 0.1875, 0.15625, ",GCP 449_7156,n2-standard-8,0.6751520854221517
2026-08-31T19:23:55.585000 414_9469,0.19090839070161975,ap-south-1,"[0.14285714285714285, 0.2857142857142857, 0.17857142857142858, 0.21428571428571427, 0.17857142857142858]",GCP 49_3902,n2-standard-8,0.770361789639535
2024-11-13T19:26:01.495000,0.19568940755354042,ap-south-1,"[0.1111111111111111, 0.25925925925925924, 0.2222222222222222, 0.18518518518518517, 0.2222222222222222] 1626",GCP 2 951_3362,n2-standard-8,0.8397282206022904
2025-11-27T19:28:00.895966 v9_5564_23,0.12953498631750088,ap-south-1 v46,"[0.0967741935483871, 0.22580645161290322, 0.1935483870967742, 0.22580645161290322, 0.25806451612903225] v36",Azure v17 916_2869,E4s_v3,0.7890281135679492
2026-05-22T19:33:03.604000,0.19438726694382313,ap-south-1 v43,"[0.25806451612903225, 0.22580645161290322, 0.1935483870967742, 0.16129032258064516, 0.16129032258064516]",GCP v4 46_4537,n2-standard-8,0.6403390402074387
2025-11-27T19:45:16.666229 v42_247_4592,0.17282178698265108,asia-south1,"[0.24242424242424243, 0.12121212121212122, 0.18181818181818182, 0.15151515151515152, 0.3030303",AZURE 148 1875_3405,E4s_v3,0.5559603617315294
2028-07-05T20:03:54.476000,0.18767060189166504,asia-south1,"[0.25, 0.21875, 0.1875, 0.15625, 0.1875]",GCP 80_7038,n2-standard-8,0.6926212052598941
2029-06-22T20:04:16.666000,0.19561423434540473,asia-south1 v1 880,"[0.25, 0.21875, 0.1875, 0.15625, 0.1875]",GCP 726_1502,n2-standard-8 881,0.5704706881153675
2025-04-13T15:08:22.707315,0.18777786515712613,ap-south-1,"[0.25, 0.21875, 0.1875, 0.15625, 0.1875] v25",GCP 819_716,n2-standard-8,0.6222485919376636
2025-11-27T15:09:47.612621 v27_6958_4395,1.8060227685372368,ap-southeast-1,"[0.17391304347826086, 0.21739130434782608, 0.21739130434782608, 0.21739130434782608, 0.173913043",Azure v31 415_1914,ND6s,0.5372083594986191
2025-07-21T15:17:48.209869 1969_3789,1.1521818388835408,asia-south1 997,"[0.1, 0.15, 0.2, 0.35, 0.2]",Azure 739 1888_737,ND6s 500,0.798999109224006
2025-06-26T15:20:02.882000,1.071532545165351,asia-south1,"[0.09090909090909091, 0.13636363636363635, 0.18181818181818182, 0.3181818181818182, 0.2727272727272727]",Azure 80_2497,ND6s,0.6765726475468689
2028-08-09T15:23:50.210423,0.1961548361569299,ap-southeast-1,"[0.25806451612903225, 0.1935483870967742, 0.25806451612903225, 0.16129032258064516, 0.12903225806451613]",GCP 671_3750,n2-standard-8 1247,0.634457650183699
2025-11-27T15:35:29.814076 v11_7070_964,0.35175758013860314,eu-west-1,"[0.25, 0.21875, 0.1875, 0.15625, 0.1875] v36",GCP 739_709,n2-highmem-8 v17 614,0.6221412358822115
2026-06-04T19:05:44.493141 1518_1637,0.18481430361161422,ap-south-1,"[0.25, 0.21875, 0.1875, 0.15625, 0.1875]",GCP 880_6701,n2-standard-8,0.5804976254090997
2025-01-23T19:11:52.926777,0.21761560262006616,ap-south-1,"[0.2962962962962963, 0.3333333333333333, 0.07407407407407407, 0.14814814814814814, 0.14814814814814814]",GCP 547_6693,n2-standard-8,0.6481101838723807
2026-01-23T19:16:42.619963,0.2309995051002415,ap-southeast-1,"[0.16129032258064516, 0.22580645161290322, 0.1935483870967742, 0.22580645161290322, 0.1935483870967742]",GCP 122_5760,n2-highmem-8,0.6778032439652928
2023-04-28T19:22:12.820769,0.19052270811256614,ap-south-1,"[0.25, 0.21875, 0.1875, 0.15625, 0.1875]",GCP 570_8613,n2-standard-8,0.6768540358570464
2024-12-09T19:23:55.585998,0.18322293873712941,ap-south-1,"[0.14285714285714285, 0.2857142857142857, 0.17857142857142858, 0.21428571428571427, 0.178571428",GCP 868_506,n2-standard-8,0.7549893552920625
2025-02-16T19:26:01.495517,0.20991390038543847,ap-south-1,"[0.1111111111111111, 0.25925925925925924, 0.2222222222222222, 0.18518518518518517, 0.2222222222222222]",GCP 166_5013,n2-standard-8,0.7627547123198517
2027-03-10T19:28:00.895966,0.12477972307937887,ap-south-1,"[0.0967741935483871, 0.22580645161290322, 0.1935483870967742, 0.22580645161290322, 0.25806451612903225]",Azure 189_6336,E4s_v3,0.8626108728731636
2027-12-15T19:33:03.604998,0.20566022578504772,ap-south-1,"[0.25806451612903225, 0.22580645161290322, 0.1935483870967742, 0.16129032258064516, 0.1612903 160",GCP 364_4890,n2-standard-8 1159,0.5956854107485556
2027-03-11T19:45:16.666229,0.17606860984401157,asia-south1,"[0.24242424242424243, 0.12121212121212122, 0.18181818181818182, 0.15151515151515152, 0.303030303",Azure 825_7469,E4s_v3,0.6227185338185838
2024-08-15T20:03:54.476536,0.19811061138755034,asia-south1,"[0.25, 0.21875, 0.1875, 0.15625, 0.1",GCP 653_5552,n2-standard-8,0.5535475410135335
2026-01-18T20:04:16.666000,0.19698478708511757,asia-south1,"[0.25, 0.21875, 0.1875, 0.15625, 0.1 998",GCP 616_9715,n2-standard-8 1398,0.5439662465847631
2026-08-17T15:08:22.707000,0.21514363240228873,ap-south-1,"[0.25, 0.21875, 0.1875, 0.15625, 0.1875]",GCP 203_2023,n2-standard-8 v23,0.6543005714580266
2024-10-24T15:09:47.612621,1.7069545498683212,ap-southeast-1,"[0.17391304347826086, 0.21739130434782608, 0.21739130434782608, 0.21739130434782608, 0.17391304347826086]",Azure 417_56,ND6s,0.6441996480352928
2026-01-07T15:17:48.209869,1.1000656541725446,asia-south1,"[0.1, 0.15, 0.2, 0.35,",Azure 126_7561,ND6s,0.6939317900022245
2025-11-27T15:20:02.882342 v46_2667_1532,0.9764964150586939,asia-south1 88,"[0.09090909090909091, 0.13636363636363635, 0.18181818181818182, 0.3181818181818182, 0.2727272727272727]",Azure 464_2806,ND6s 1886,0.6604840533373346
2026-03-05T15:23:50.210423,0.20557566324325238,ap-southeast-1 v26,"[0.25806451612903225, 0.1935483870967742, 0.25806451612903225, 0.16129032258064516, 0.12903225806451613] 75",GCP 849_3160,n2-standard-8,0.6632039855025588
2025-11-27T15:35:29.814076 v31_7227_3194,0.3065802994205326,eu-west-1 1653,"[0.25, 0.21875, 0.1875, 0.15625, 0.1875]",GCP v5 164_1867,n2-highmem-8 1870,0.6208895562596888
2025-11-27T19:05:44.493141 v3_6084_6526,0.21419287115247634,ap-south-1,"[0.25, 0.21875, 0.1875, 0.15625, 0.1875] 240",GCP v17 311_8374,n2-standard-8,0.6291531321050616
2025-11-27T19:11:52.926777 v45_8244_1358,0.20670188167372067,ap-south-1 1699,"[0.2962962962962963, 0.3333333333333333, 0.07407407407407407, 0.14814814814814814, 0.14814814814814814]",GCP 338 189_7951,n2-standard-8,0.6426504967578679
2028-04-06T19:16:42.619963,0.22700935328878807,ap-southeast-1,"[0.16129032258064516, 0.22580645161290322, 0.1935483870967742, 0.22580645161290322, 0.1935483870967742] 64",GCP 300_7239,n2-highmem-8,0.7412996821663361
2025-07-18T19:22:12.820769,0.19100192856564424,ap-south-1 1897,"[0.25, 0.21875, 0.1875, 0.15625, 0.1875]",GCP 506 1323_3983,n2-standard-8,0.5741880555936483
2024-11-25T19:23:55.585000,0.19895403175788565,ap-south-1 v4,"[0.14285714285714285, 0.2857142857142857, 0.17857142857142858, 0.21428571428571427, 0.17857142857142858]",GCP 963 1776_7826,n2-standard-8,0.7440641288950149
2023-09-13T19:26:01.495517,0.1884554797130222,ap-south-1,"[0.1111111111111111, 0.25925925925925924, 0.2222222222222222, 0.18518518518518517, 0.222222",GCP v42 291_3169,N2-STANDARD-8 1630,0.7980708646795862
2026-04-23T19:28:00.895966 256_1158,0.12852407426090728,ap-south-1 v31,"[0.0967741935483871, 0.22580645161290322, 0.1935483870967742, 0.22580645161290322, 0.258064516",Azure 643_6151,E4s_v3,0.856485308245684
2024-08-07T19:33:03.604000,0.2096693613456097,ap-south-1,"[0.25806451612903225, 0.22580645161290322, 0.1935483870967742, 0.16129032258064516, 0.16129032258064516] 1431",GCP 417_9070,n2-standard-8,0.6811164165956762
2025-11-02T19:45:16.666229,0.17470855683716102,asia-south1,"[0.24242424242424243, 0.12121212121212122, 0.18181818181818182, 0.15151515151515152, 0.30303030303030304] 1078",Azure 241_1600,E4s_v3,0.5877124873749442
2024-04-07T20:03:54.476536,0.2077039894732928,asia-south1,"[0.25, 0.21875, 0.1875, 0.15625, 0.1875]",GCP 387_3567,n2-standard-8,0.6226138055333985
2023-06-07T20:04:16.666222,0.20491341227243642,asia-south1,"[0.25, 0.21875, 0.1875, 0.15625, 0.1875]",GCP 277_8644,n2-standard-8,0.6636786083064639
2026-11-27T15:08:22.707315,0.19270790558206918,ap-south-1,"[0.25, 0.21875, 0.1875, 0.15625, 0.1875]",GCP 41_4453,n2-standard-8,0.5523211455039794
2025-08-20T15:09:47.612621 612_8065,2.0132601174365385,ap-southeast-1,"[0.17391304347826086, 0.21739130434782608, 0.21739130434782608, 0.21739130434782608, 0.173913043",Azure 541 1449_3834,ND6s,0.6115490787825376
2023-08-14T15:17:48.209869,1.1257905463986408,asia-south1 416,"[0.1, 0.15, 0.2, 0.35, 0.2]",Azure 756_6991,ND6s,0.6805890352878484
2024-11-24T15:20:02.882342,0.939040704496332,ASIA-SOUTH1,"[0.09090909090909091, 0.13636363636363635, 0.18181818181818182, 0.3181818181818182, 0.272727",Azure 881_2833,ND6s 985,0.7457482110828758
2025-04-19T15:23:50.210423 1101_566,0.19796088555172306,ap-southeast-1,"[0.25806451612903225, 0.1935483870967742, 0.25806451612903225, 0.16129032258064516, 0.12903225806451613] 795",GCP 865_5555,n2-standard-8,0.6609596657768764
2027-11-07T15:35:29.814000,0.3411168071983709,eu-west-1,"[0.25, 0.21875, 0.1875, 0.15625, 0.1875]",GCP V49 417_3526,n2-highmem-8 v12,0.6305624191547714
2026-07-26T19:05:44.493141,0.19215359091048279,ap-south-1 v5,"[0.25, 0.21875, 0.1875, 0.15625, 0.1875]",GCP 31_9211,N2-STANDARD-8,0.5562476489808872
2025-06-24T19:11:52.926000,0.20699139046529794,ap-south-1,"[0.2962962962962963, 0.3333333333333333, 0.07407407407407407, 0.14814814814814814, 0.14814814814814814]",GCP 564 771_9417,n2-standard-8,0.5674082291385737
2026-12-08T19:16:42.619963,0.24254733186279037,ap-southeast-1,"[0.16129032258064516, 0.22580645161290322, 0.1935483870967742, 0.22580645161290322, 0.1935483870967742] 526",GCP v10 387_9434,n2-highmem-8,0.7621470988903017
2026-04-23T19:22:12.820769,0.18697629393261317,ap-south-1,"[0.25, 0.21875, 0.1875, 0.15625, 0.1875]",GCP 412_3288,n2-standard-8 330,0.5806518705686732
2025-11-27T19:23:55.585998 v19_3042_3448,0.21124481205828546,ap-south-1,"[0.14285714285714285, 0.2857142857142857, 0.17857142857142858, 0.21428571428571427, 0.17857142857142858]",GCP 993_6880,n2-standard-8,0.8066812983060774
2025-01-22T19:26:01.495000,0.2004452351265395,ap-south-1 v3 1357,"[0.1111111111111111, 0.25925925925925924, 0.2222222222222222, 0.18518518518518517, 0.222222",GCP 920_842,n2-standard-8,0.8440365493523063
2025-09-08T19:28:00.895966 953_1658,0.13874784897324224,ap-south-1 860,"[0.0967741935483871, 0.22580645161290322, 0.1935483870967742, 0.22580645161290322, 0.25806451612903225] v45",Azure 956_6901,E4s_v3,0.8910668755913366
2023-03-29T19:33:03.604998,0.21096372556742873,AP-SOUTH-1,"[0.25806451612903225, 0.22580645161290322, 0.1935483870967742, 0.16129032258064516, 0.16129032258064516]",GCP 965_3237,n2-standard-8,0.6161771844038428
2026-05-30T19:45:16.666000,0.19246494675437475,ASIA-SOUTH1,"[0.24242424242424243, 0.12121212121212122, 0.18181818181818182, 0.15151515151515152, 0.30303030303030304]",AZURE 948_8979,E4s_v3,0.6242200196105827
2023-07-08T20:03:54.476536,0.2159567580298509,asia-south1,"[0.25, 0.21875, 0.1875, 0.15625, 0.1875]",GCP 197 1999_5311,n2-standard-8,0.6373308781318581
2023-12-08T20:04:16.666222,0.22151187126501246,asia-south1,"[0.25, 0.21875, 0.1875, 0.15625, 0.1875]",GCP 566 1291_3745,n2-standard-8 296,0.6341160623614462
2023-12-25T15:08:22.707315,0.2153019710119,ap-south-1,"[0.25, 0.21875, 0.1875, 0.15625, 0.1875]",GCP 788_9289,n2-standard-8,0.6499287213831022
2026-11-20T15:09:47.612621,1.8486136896000307,AP-SOUTHEAST-1,"[0.17391304347826086, 0.21739130434782608, 0.21739130434782608, 0.21739130434782608, 0.1739130",Azure 383 383_8210,ND6s,0.5615369209461236
2025-10-21T15:17:48.209869,1.1965039933315456,asia-south1 520,"[0.1, 0.15, 0.2, 0.35, 0.2] 1602",Azure 42 123_1666,ND6s,0.773699396599214
2026-04-29T15:20:02.882342,0.9041628588293197,asia-south1 v42,"[0.09090909090909091, 0.13636363636363635, 0.18181818181818182, 0.3181818181818182, 0.272727",Azure 218_9489,ND6s 771,0.708237727584231
2025-04-08T15:23:50.210423,0.2068433294265064,ap-southeast-1,"[0.25806451612903225, 0.1935483870967742, 0.25806451612903225, 0.16129032258064516, 0.12903225806451613]",GCP 226_3106,n2-standard-8 v16 1303,0.6610850918775919
2025-01-05T15:35:29.814076,0.3536272212776637,eu-west-1,"[0.25, 0.21875, 0.1875, 0.15625, 0.1875] v24 1733",GCP 624_1653,n2-highmem-8,0.6371698684461317
2025-06-17T19:05:44.493141 130_1693,0.1772877338847698,ap-south-1,"[0.25, 0.21875, 0.1875, 0.15625, 0.1875] v19",GCP 417_2361,n2-standard-8,0.6043559470596466
2023-05-01T19:11:52.926000,0.21070900642904616,ap-south-1,"[0.2962962962962963, 0.3333333333333333, 0.07407407407407407, 0.14814814814814814, 0.14814814814814814] v21",GCP 810_9052,N2-STANDARD-8 V39,0.5882655913622848
2025-08-17T19:16:42.619963,0.2500716835799627,ap-southeast-1,"[0.16129032258064516, 0.22580645161290322, 0.1935483870967742, 0.22580645161290322, 0.1935483870967742]",GCP 275_7155,n2-highmem-8,0.6928862191681031
2026-03-31T19:22:12.820769 1357_5386,0.18600457387761007,ap-south-1,"[0.25, 0.21875, 0.1875, 0.15625, 0.1875]",GCP 733_536,n2-standard-8 179,0.6566702631104876
2026-03-27T19:23:55.585000 1708_7861,0.18793197052508204,ap-south-1 1604,"[0.14285714285714285, 0.2857142857142857, 0.17857142857142858, 0.21428571428571427, 0.17857142857142858] 1953",GCP 708_1130,n2-standard-8,0.749749451939241
2028-02-28T19:26:01.495517,0.20635750835742162,ap-south-1,"[0.1111111111111111, 0.25925925925925924, 0.2222222222222222, 0.18518518518518517, 0.22222222",GCP 850_1386,n2-standard-8,0.7668980388153565
2025-08-17T19:28:00.895966 142_6453,0.12164538564959791,ap-south-1,"[0.0967741935483871, 0.22580645161290322, 0.1935483870967742, 0.22580645161290322, 0.2580645",Azure 977 1001_2450,E4s_v3,0.8910941172690279
2024-03-31T19:33:03.604998,0.1911023957701347,ap-south-1,"[0.25806451612903225, 0.22580645161290322, 0.1935483870967742, 0.16129032258064516, 0.16129032258064516]",GCP 173_3864,n2-standard-8,0.5756192415484056
2026-11-20T19:45:16.666229,0.17445698680636793,asia-south1,"[0.24242424242424243, 0.12121212121212122, 0.18181818181818182, 0.15151515151515152, 0.303030303",Azure 110 365_5324,E4s_v3,0.5798893319265682
2022-05-02T20:03:54.476536,0.18987736698555976,asia-south1,"[0.25, 0.21875, 0.1875, 0.15625, 0.1875]",GCP v32 951_8824,n2-standard-8,0.5564131900194959
2025-11-27T20:04:16.666222 v12_4262_730,0.21086609360567793,asia-south1 v8,"[0.25, 0.21875, 0.1875, 0.15625, 0.1",GCP 700_1012,n2-standard-8,0.6198143292058949
2025-11-27T15:08:22.707315 v22_545_1342,0.1840060295486072,ap-south-1,"[0.25, 0.21875, 0.1875, 0.15625, 0.1875]",GCP v20 10_752,N2-STANDARD-8,0.6223732864901844
2025-10-12T15:09:47.612621,1.8325605517284207,ap-southeast-1,"[0.17391304347826086, 0.21739130434782608, 0.21739130434782608, 0.21739130434782608, 0.1739130",Azure 427 1677_7080,ND6s v4,0.6109159235704407
2027-04-20T15:17:48.209869,1.1423115489440199,asia-south1,"[0.1, 0.15, 0.2, 0.35, 0.2]",Azure 787_2066,ND6S,0.7873150915576763
2026-02-26T15:20:02.882342 1948_7441,1.0485529761720747,asia-south1,"[0.09090909090909091, 0.13636363636363635, 0.18181818181818182, 0.3181818181818182, 0.2727272727272727]",Azure 795 1745_2352,ND6s,0.7069467848772999
2024-12-20T15:23:50.210423,0.20646696790855412,AP-SOUTHEAST-1,"[0.25806451612903225, 0.1935483870967742, 0.25806451612903225, 0.16129032258064516, 0.129032258",GCP 123 1846_1351,n2-standard-8 v45,0.5843394180364505
2028-09-30T15:35:29.814076,0.34733076712897853,eu-west-1 314,"[0.25, 0.21875, 0.1875, 0.15625, 0.1875]",GCP 443_12,N2-HIGHMEM-8 V12,0.5941166232813881
2023-11-04T19:05:44.493141,0.2156255432767395,ap-south-1,"[0.25, 0.21875, 0.1875, 0.15625, 0.1875]",GCP 438_9245,n2-standard-8,0.6289636766360278
2024-01-03T19:11:52.926000,0.20220420796496377,ap-south-1,"[0.2962962962962963, 0.3333333333333333, 0.07407407407407407, 0.14814814814814814, 0.14814814814814814]",GCP 506 1550_9563,N2-STANDARD-8,0.5807459742103867
2027-03-27T19:16:42.619963,0.2349091414709941,ap-southeast-1,"[0.16129032258064516, 0.22580645161290322, 0.1935483870967742, 0.22580645161290322, 0.193548",GCP v40 885_9431,n2-highmem-8,0.6614325452214849
2027-10-26T19:22:12.820000,0.19977818840338804,ap-south-1,"[0.25, 0.21875, 0.1875, 0.15625, 0.1875] 55",GCP v47 784_5717,n2-standard-8,0.608458933008753
2024-05-23T19:23:55.585000,0.22004087652934867,ap-south-1 1346,"[0.14285714285714285, 0.2857142857142857, 0.17857142857142858, 0.21428571428571427, 0.17857142857142858]",GCP 647_2680,N2-STANDARD-8,0.8158274261825784
2027-12-18T19:26:01.495517,0.2097564992728479,ap-south-1,"[0.1111111111111111, 0.25925925925925924, 0.2222222222222222, 0.18518518518518517, 0.2222222222222222] v48",GCP V25 912_4684,n2-standard-8,0.7818576502435101
2028-12-25T19:28:00.895966,0.1206850952042208,ap-south-1,"[0.0967741935483871, 0.22580645161290322, 0.1935483870967742, 0.22580645161290322, 0.2580645",Azure 859_765,E4s_v3 v16,0.7792844724409046
2023-06-28T19:33:03.604998,0.185022492053385,ap-south-1,"[0.25806451612903225, 0.22580645161290322, 0.1935483870967742, 0.16129032258064516, 0.16129032258064516]",GCP 169 520_652,n2-standard-8,0.6547142731145826
2023-08-26T19:45:16.666229,0.18625075372619163,ASIA-SOUTH1,"[0.24242424242424243, 0.12121212121212122, 0.18181818181818182, 0.15151515151515152, 0.30303030303030304] 633",Azure 562 1727_8213,E4S_V3,0.6381412066187638
2026-11-18T20:03:54.476536 1090_5688,0.19436864283067445,asia-south1,"[0.25, 0.21875, 0.1875, 0.15625, 0.1875]",GCP 946_3049,n2-standard-8,0.5454194304023496
2025-09-03T20:04:16.666000,0.17996293560634488,asia-south1,"[0.25, 0.21875, 0.1875, 0.15625, 0.1875]",GCP 17_7708,n2-standard-8,0.6606898872710425
2026-09-11T15:08:22.707315 829_9033,0.18662818543699022,ap-south-1,"[0.25, 0.21875, 0.1875, 0.15625, 0.1875] v46",GCP 835_7936,n2-standard-8,0.635443022112591
2026-09-01T15:09:47.612621,1.890617952648978,ap-southeast-1 v30,"[0.17391304347826086, 0.21739130434782608, 0.21739130434782608, 0.21739130434782608, 0.173913043",Azure 138_3840,ND6s,0.5447579436560391
2028-08-12T15:17:48.209869,1.0685090936374135,asia-south1 529,"[0.1, 0.15, 0.2, 0.35, 0.2]",Azure 695_2383,ND6S,0.6762052462688602
2025-10-20T15:20:02.882000,0.9430330537596329,asia-south1 1209,"[0.09090909090909091, 0.13636363636363635, 0.18181818181818182, 0.3181818181818182, 0.2727272727272727] v22",Azure 886 549_1429,ND6s 1659,0.7022237925538425
2024-12-29T15:23:50.210000,0.2030034760287676,ap-southeast-1 1009,"[0.25806451612903225, 0.1935483870967742, 0.25806451612903225, 0.16129032258064516, 0.129032258",GCP 480_2479,n2-standard-8,0.5757866404493974
2026-02-28T15:35:29.814076,0.33539999662773406,eu-west-1,"[0.25, 0.21875, 0.1875, 0.15625, 0.1875]",GCP 171_3433,n2-highmem-8,0.614254811273473
2025-11-27T19:05:44.493141 v13_6404_8287,0.20271091566371113,ap-south-1,"[0.25, 0.21875, 0.1875, 0.15625, 0.1875]",GCP 373_519,n2-standard-8 v1,0.6707248534264829
2025-11-27T19:11:52.926777 v13_254_5664,0.18926987952719213,ap-south-1 393,"[0.2962962962962963, 0.3333333333333333, 0.07407407407407407, 0.14814814814814814, 0.14814814814814814]",GCP 7_1193,n2-standard-8,0.5751909486798474
2025-02-03T19:16:42.619963 1906_9474,0.22558297451796944,ap-southeast-1,"[0.16129032258064516, 0.22580645161290322, 0.1935483870967742, 0.22580645161290322, 0.1935483870967742]",GCP 81_2607,n2-highmem-8,0.7721364721522568
2027-02-26T19:22:12.820000,0.2029590483332714,ap-south-1 v6,"[0.25, 0.21875, 0.1875, 0.15625, 0.1",GCP 834_8794,N2-STANDARD-8 V25,0.5586562710265799
2024-06-29T19:23:55.585998,0.20647932654811227,ap-south-1,"[0.14285714285714285, 0.2857142857142857, 0.17857142857142858, 0.21428571428571427, 0.17857142857142858]",GCP 77_1241,n2-standard-8,0.7613506742806218
2025-08-28T19:26:01.495517,0.19075567362040444,ap-south-1,"[0.1111111111111111, 0.25925925925925924, 0.2222222222222222, 0.18518518518518517, 0.2222222222222222] 1024",GCP v47 210 1680_4736,n2-standard-8,0.860165363564139
2027-11-21T19:28:00.895966,0.13476439295599416,ap-south-1,"[0.0967741935483871, 0.22580645161290322, 0.1935483870967742, 0.22580645161290322, 0.2580645",Azure 157_154,E4s_v3 v26,0.9322117786094333
2024-02-27T19:33:03.604000,0.1879092772101397,ap-south-1 1125,"[0.25806451612903225, 0.22580645161290322, 0.1935483870967742, 0.16129032258064516, 0.16129032258064516]",GCP 131_6766,n2-standard-8,0.5565321541608405
2024-12-11T19:45:16.666229 1971_6670,0.17682996293071415,asia-south1,"[0.24242424242424243, 0.12121212121212122, 0.18181818181818182, 0.15151515151515152, 0.30303030303030304]",Azure 232_2535,E4S_V3,0.6174335635022817
2025-11-27T20:03:54.476536 v3_7499_2931,0.20153250927460034,asia-south1 1711,"[0.25, 0.21875, 0.1875, 0.15625, 0.1875]",GCP 427_5611,n2-standard-8,0.5961287686695588
2026-08-12T20:04:16.666222,0.1903534989165519,asia-south1,"[0.25, 0.21875, 0.1875, 0.15625, 0.1",GCP 413 1461_8291,n2-standard-8,0.5762615998484945
2025-09-14T15:08:22.707315 1060_1607,0.18227356654336266,AP-SOUTH-1,"[0.25, 0.21875, 0.1875, 0.15625, 0.1875] 7",GCP 811_8268,n2-standard-8 v31 1510,0.6451651781495793
2029-02-11T15:09:47.612000,2.0572747785639502,ap-southeast-1,"[0.17391304347826086, 0.21739130434782608, 0.21739130434782608, 0.21739130434782608, 0.17391304347826086] 491",Azure 365_9959,ND6s,0.5673264144100628
2024-04-26T15:17:48.209869,1.186772096918148,asia-south1 v36,"[0.1, 0.15, 0.2, 0.35, 0.2] 414",AZURE 673_7443,ND6s,0.7526753783077539
2025-03-10T15:20:02.882342 241_6600,0.9436326777902955,asia-south1 1444,"[0.09090909090909091, 0.13636363636363635, 0.18181818181818182, 0.3181818181818182, 0.272727272727",Azure 452_3649,ND6s v27,0.7162718471292011
2027-08-06T15:23:50.210423,0.21917013963742124,ap-southeast-1,"[0.25806451612903225, 0.1935483870967742, 0.25806451612903225, 0.16129032258064516, 0.12903225806451613]",GCP 900_5484,n2-standard-8,0.6442230909715088
2023-11-21T15:35:29.814076,0.3180384435736588,eu-west-1,"[0.25, 0.21875, 0.1875, 0.15625, 0.1875]",GCP 53 1148_355,n2-highmem-8,0.6472372403572104
2027-11-29T19:05:44.493141,0.20520738441603756,ap-south-1,"[0.25, 0.21875, 0.1875, 0.15625, 0.1875] v46",GCP 863_4471,n2-standard-8,0.6179835689609459
2024-06-06T19:11:52.926000,0.19381920446524395,ap-south-1,"[0.2962962962962963, 0.3333333333333333, 0.07407407407407407, 0.14814814814814814, 0.14814814814814814] v27 1034",GCP 701_2944,n2-standard-8 v6,0.6456855671437483
2025-11-27T19:16:42.619963 v13_3368 224_2806,0.2288144838041539,ap-southeast-1,"[0.16129032258064516, 0.22580645161290322, 0.1935483870967742, 0.22580645161290322, 0.19354838",GCP 928_2273,n2-highmem-8 21,0.7219690038748849
2028-01-29T19:22:12.820769,0.20553267810714781,ap-south-1,"[0.25, 0.21875, 0.1875, 0.15625, 0.1875]",GCP 550 241_3947,n2-standard-8 1215,0.5912420160517521
2023-09-02T19:23:55.585998,0.17860435894895232,ap-south-1 554,"[0.14285714285714285, 0.2857142857142857, 0.17857142857142858, 0.21428571428571427, 0.17857142857142858]",GCP 435_9426,n2-standard-8,0.779400429023227
2025-11-27T19:26:01.495517 v43_1_4641,0.2199641035681559,ap-south-1 1511,"[0.1111111111111111, 0.25925925925925924, 0.2222222222222222, 0.18518518518518517, 0.2222222222222222]",GCP 858_6378,n2-standard-8,0.796137522311047
2025-07-23T19:28:00.895966,0.12405658971835201,ap-south-1,"[0.0967741935483871, 0.22580645161290322, 0.1935483870967742, 0.22580645161290322, 0.2580645161290",Azure 602_6786,E4s_v3,0.8834072766111077
2024-12-20T19:33:03.604000 1254_128,0.1913542970637446,ap-south-1,"[0.25806451612903225, 0.22580645161290322, 0.1935483870967742, 0.16129032258064516, 0.16129032258064516]",GCP 624 139_8598,n2-standard-8,0.6201800095621169
2024-11-11T19:45:16.666229,0.168998858144875,ASIA-SOUTH1,"[0.24242424242424243, 0.12121212121212122, 0.18181818181818182, 0.15151515151515152, 0.30303030303030304]",Azure 632_7852,E4s_v3,0.596795463649519
2023-10-24T20:03:54.476536,0.20367048864913356,asia-south1 v41 1080,"[0.25, 0.21875, 0.1875, 0.15625, 0.1875]",GCP v2 189 1411_31,n2-standard-8,0.6398998951425617
2024-10-30T20:04:16.666222,0.20274417159736854,asia-south1,"[0.25, 0.21875, 0.1875, 0.15625, 0.1875]",GCP 588_2989,n2-standard-8 1899,0.5744250456168934
2026-05-27T15:08:22.707315,0.2027687426126734,ap-south-1,"[0.25, 0.21875, 0.1875, 0.15625, 0.1875] 1929",GCP 806_713,N2-STANDARD-8,0.5839006361462648
2026-03-11T15:09:47.612621 1503_5775,1.9044064854474683,AP-SOUTHEAST-1,"[0.17391304347826086, 0.21739130434782608, 0.21739130434782608, 0.21739130434782608, 0.17391304347826086] 1431",Azure 345 1059_7628,ND6s 1147,0.556449222794681
2026-08-28T15:17:48.209869,1.0564564187160386,ASIA-SOUTH1,"[0.1, 0.15, 0.2, 0.35, 0.2]",Azure 592 1657_8114,ND6s 501,0.7748581340692873
2025-11-27T15:20:02.882342 v15_2759_5318,0.9035834009570556,asia-south1 v13,"[0.09090909090909091, 0.13636363636363635, 0.18181818181818182, 0.3181818181818182, 0.2727272727272727] v43",Azure 529_1991,ND6s,0.7735038911675868
2026-12-15T15:23:50.210423,0.19079083956021337,ap-southeast-1 1697,"[0.25806451612903225, 0.1935483870967742, 0.25806451612903225, 0.16129032258064516, 0.12903225806451613]",GCP 441_3089,N2-STANDARD-8,0.5943554261342028
2026-02-07T15:35:29.814076 1129_8702,0.3632555269034998,eu-west-1,"[0.25, 0.21875, 0.1875, 0.15625, 0.1",GCP 541 1943_1126,n2-highmem-8,0.5909523414277954
2025-11-27T19:05:44.493141 v22_8954_5349,0.18338413210332483,ap-south-1,"[0.25, 0.21875, 0.1875, 0.15625, 0.1875]",GCP 675_6044,n2-standard-8,0.6194708941987969
2027-07-14T19:11:52.926777,0.1991706837655421,ap-south-1,"[0.2962962962962963, 0.3333333333333333, 0.07407407407407407, 0.14814814814814814, 0.1481481",GCP 942 1907_9898,n2-standard-8,0.6273629427658696
2025-09-27T19:16:42.619963,0.22567083459442788,ap-southeast-1,"[0.16129032258064516, 0.22580645161290322, 0.1935483870967742, 0.22580645161290322, 0.1935483870967742]",GCP 710 1692_2561,n2-highmem-8 287,0.7465958865694863
2026-12-26T19:22:12.820769,0.20248451514288135,AP-SOUTH-1,"[0.25, 0.21875, 0.1875, 0.15625, 0.1",GCP 40_2597,n2-standard-8 v25,0.6497096995113916
2025-08-03T19:23:55.585000,0.18084357806841098,ap-south-1,"[0.14285714285714285, 0.2857142857142857, 0.17857142857142858, 0.21428571428571427, 0.17857142857142858] v23",GCP 397_8102,n2-standard-8 606,0.7284331421468654
2025-06-15T19:26:01.495517,0.19146757559359234,ap-south-1,"[0.1111111111111111, 0.25925925925925924, 0.2222222222222222, 0.18518518518518517, 0.2222222222222222]",GCP 444_4610,n2-standard-8,0.7694886701370198
2025-03-03T19:28:00.895966,0.1258190268251925,ap-south-1,"[0.0967741935483871, 0.22580645161290322, 0.1935483870967742, 0.22580645161290322, 0.25806451612903225] 595",AZURE 739_5216,E4s_v3,0.8318293414075666
2025-11-25T19:33:03.604998 696_9911,0.18541666761024553,ap-south-1,"[0.25806451612903225, 0.22580645161290322, 0.1935483870967742, 0.16129032258064516, 0.16129032258064516]",GCP 983_7396,n2-standard-8 v6,0.6094221893707658
2027-12-15T19:45:16.666229,0.1656424477661732,asia-south1,"[0.24242424242424243, 0.12121212121212122, 0.18181818181818182, 0.15151515151515152, 0.30303030303030304]",Azure v16 746_2592,E4s_v3,0.5987924397889182
2025-11-27T20:03:54.476536 v13_5791_4790,0.19802735416151512,asia-south1,"[0.25, 0.21875, 0.1875, 0.15625, 0.1875]",GCP 860 1032_5007,n2-standard-8,0.6009897771560802
2025-11-27T20:04:16.666222 V28_4963_8773,0.19124284407850906,asia-south1 349,"[0.25, 0.21875, 0.1875, 0.15625, 0.1875]",GCP 922_1104,n2-standard-8 1214,0.633749954630676
2024-10-14T15:08:22.707315,0.20959878231355863,ap-south-1,"[0.25, 0.21875, 0.1875, 0.15625, 0.1875]",GCP 225_9688,n2-standard-8,0.6016821292384156
2027-04-04T15:09:47.612621,1.7842252046319707,ap-southeast-1 381,"[0.17391304347826086, 0.21739130434782608, 0.21739130434782608, 0.21739130434782608, 0.17391304347826086]",Azure 892_2402,ND6s,0.5517123101553723
2025-07-19T15:17:48.209869 1913_9766,1.094407197746691,asia-south1,"[0.1, 0.15, 0.2, 0.35, 0.2]",Azure 107_937,ND6s,0.7862216084574528
2024-01-24T15:20:02.882342,1.0506684784343399,asia-south1,"[0.09090909090909091, 0.13636363636363635, 0.18181818181818182, 0.3181818181818182, 0.2727272727272727]",AZURE 583_5310,ND6s,0.7574794735977138
2025-01-07T15:23:50.210423,0.19860147681983858,ap-southeast-1 1916,"[0.25806451612903225, 0.1935483870967742, 0.25806451612903225, 0.16129032258064516, 0.12903225806451613]",GCP 267 1912_1221,n2-standard-8 v35,0.6637883527254415
2024-12-21T15:35:29.814076 1363_5351,0.34566143863570253,eu-west-1,"[0.25, 0.21875, 0.1875, 0.15625, 0.1875]",GCP 432_7533,n2-highmem-8,0.6597133847953229
2025-11-27T19:05:44.493141 v32_1190 932_9560,0.17774995369583943,ap-south-1 v31,"[0.25, 0.21875, 0.1875, 0.15625, 0.1875]",GCP 703_2336,n2-standard-8 429,0.5869394938451076
2026-05-05T19:11:52.926777,0.2024578671117607,ap-south-1,"[0.2962962962962963, 0.3333333333333333, 0.07407407407407407, 0.14814814814814814, 0.148148148",GCP 574_302,n2-standard-8 157,0.5661700696982175
2026-10-11T19:16:42.619963,0.23945500367183967,ap-southeast-1 v14,"[0.16129032258064516, 0.22580645161290322, 0.1935483870967742, 0.22580645161290322, 0.1935483870967742]",GCP 525_5001,n2-highmem-8,0.6510312797507714
2025-11-27T19:22:12.820769 v35_717 285_4359,0.2028734653106915,ap-south-1,"[0.25, 0.21875, 0.1875, 0.15625, 0.1",GCP 896_616,n2-standard-8 827,0.5986055027327927
2025-11-27T19:23:55.585998 v16_3038 1955_1642,0.1941653699333829,ap-south-1,"[0.14285714285714285, 0.2857142857142857, 0.17857142857142858, 0.21428571428571427, 0.17857142857142858]",GCP v45 298 538_6111,n2-standard-8,0.7072651297716364
2026-07-21T19:26:01.495517,0.21904705933544658,ap-south-1 1586,"[0.1111111111111111, 0.25925925925925924, 0.2222222222222222, 0.18518518518518517, 0.2222222222222222]",GCP 467_324,n2-standard-8,0.8205993560480794
2025-06-07T19:28:00.895966,0.12771380667477164,ap-south-1 322,"[0.0967741935483871, 0.22580645161290322, 0.1935483870967742, 0.22580645161290322, 0.258064516",Azure 845_6073,E4s_v3 v2,0.8406889460489145
2025-11-27T19:33:03.604998 v40_9912_2992,0.17973014451308653,ap-south-1 v43 1139,"[0.25806451612903225, 0.22580645161290322, 0.1935483870967742, 0.16129032258064516, 0.16129032258064516] 1389",GCP 428 1561_2422,n2-standard-8 v31 1346,0.6073449788844778
2027-12-25T19:45:16.666229,0.18634131945513135,asia-south1,"[0.24242424242424243, 0.12121212121212122, 0.18181818181818182, 0.15151515151515152, 0.3030303",Azure 202 391_3309,E4s_v3,0.5772976637431427
2025-04-10T20:03:54.476536 1137_8738,0.1855946068667049,asia-south1 v4,"[0.25, 0.21875, 0.1875, 0.15625, 0.1875]",GCP 626_3920,n2-standard-8,0.6024448415064154
2026-01-28T20:04:16.666222,0.21991210124580854,asia-south1,"[0.25, 0.21875, 0.1875, 0.15625, 0.1875]",GCP 296 1870_1453,N2-STANDARD-8,0.6120342579981178
2025-05-30T15:08:22.707315,0.2053408996225609,ap-south-1 705,"[0.25, 0.21875, 0.1875, 0.15625, 0.1875]",GCP 221_4725,N2-STANDARD-8,0.6587559047826557
2023-07-22T15:09:47.612621,1.8677341992814602,ap-southeast-1,"[0.17391304347826086, 0.21739130434782608, 0.21739130434782608, 0.21739130434782608, 0.17391304347826086]",Azure 902 643_3195,ND6S V22,0.6023823221893587
2029-05-17T15:17:48.209869,1.058117527831311,asia-south1,"[0.1, 0.15, 0.2, 0.35, 0",Azure 92_4840,ND6s v11,0.7170643668589689
2023-06-21T15:20:02.882342,1.0764306767252318,asia-south1,"[0.09090909090909091, 0.13636363636363635, 0.18181818181818182, 0.3181818181818182, 0.2727272727272727]",Azure 207_3416,ND6s,0.7739090827988825
2025-11-27T15:23:50.210423 v43_8_5827,0.1943121669341723,ap-southeast-1,"[0.25806451612903225, 0.1935483870967742, 0.25806451612903225, 0.16129032258064516, 0.12903225806451613] 244",GCP v37 241_2475,n2-standard-8,0.6325851674523572
2022-11-22T15:35:29.814076,0.3461685835636313,eu-west-1,"[0.25, 0.21875, 0.1875, 0.15625, 0.1875] 1148",GCP 502_3981,n2-highmem-8,0.6110673393191182
2025-11-27T19:05:44.493141 v35_6_7692,0.22352633191855828,ap-south-1,"[0.25, 0.21875, 0.1875, 0.15625, 0.1875] 607",GCP 533_8235,n2-standard-8 v38,0.660340322997081
2025-09-29T19:11:52.926777 241_5640,0.20970468254929162,ap-south-1,"[0.2962962962962963, 0.3333333333333333, 0.07407407407407407, 0.14814814814814814, 0.14814814814814814] 988",GCP 339_4271,n2-standard-8,0.5686469919861353
2025-12-05T19:16:42.619963,0.21778335512668068,ap-southeast-1 v13,"[0.16129032258064516, 0.22580645161290322, 0.1935483870967742, 0.22580645161290322, 0.1935483870967742]",GCP v44 848 615_5461,n2-highmem-8,0.638921387198334
2026-08-30T19:22:12.820769,0.1917510599955641,ap-south-1,"[0.25, 0.21875, 0.1875, 0.15625, 0.1875]",GCP V23 235_1144,n2-standard-8,0.555386273328118
2023-12-12T19:23:55.585998,0.21014121440646089,ap-south-1,"[0.14285714285714285, 0.2857142857142857, 0.17857142857142858, 0.21428571428571427, 0.17857142857142858] 111",GCP 769_5864,N2-STANDARD-8,0.7522429444944836
2024-08-08T19:26:01.495517,0.18765409472473843,AP-SOUTH-1,"[0.1111111111111111, 0.25925925925925924, 0.2222222222222222, 0.18518518518518517, 0.2222222222222222] v49",GCP 538_327,n2-standard-8,0.838698782115026
2028-06-08T19:28:00.895966,0.12033653631289255,ap-south-1 v43,"[0.0967741935483871, 0.22580645161290322, 0.1935483870967742, 0.22580645161290322, 0.25806451612903225]",Azure 839_2157,E4s_v3,0.8164882781464391
2026-06-03T19:33:03.604998,0.19737332865106058,ap-south-1,"[0.25806451612903225, 0.22580645161290322, 0.1935483870967742, 0.16129032258064516, 0.1612903 1540",GCP 81_7555,n2-standard-8 v32,0.5932686389109129
2026-08-06T19:45:16.666229,0.17772408963168373,asia-south1,"[0.24242424242424243, 0.12121212121212122, 0.18181818181818182, 0.15151515151515152, 0.30303030303030304]",Azure 680_4876,E4s_v3 v1,0.5664718572332228
2027-09-23T20:03:54.476536,0.20759130379077953,asia-south1,"[0.25, 0.21875, 0.1875, 0.15625, 0.1875] 721",GCP 471_561,n2-standard-8,0.6007408853537163
2024-02-22T20:04:16.666222,0.18681028728740953,asia-south1,"[0.25, 0.21875, 0.1875, 0.15625, 0.1 1821",GCP 531_6041,n2-standard-8 v15,0.6127218848286214
2026-06-14T15:08:22.707315,0.1901486323112944,ap-south-1,"[0.25, 0.21875, 0.1875, 0.15625, 0.1875] v29",GCP 464_9918,n2-standard-8,0.6240519093485253
2024-01-23T15:09:47.612621,1.9320349258450789,ap-southeast-1,"[0.17391304347826086, 0.21739130434782608, 0.21739130434782608, 0.21739130434782608, 0.17391304347826086]",Azure 937 302_4168,ND6S V48,0.6037675148120294
2028-12-19T15:17:48.209000,1.0132831322208666,asia-south1,"[0.1, 0.15, 0.2, 0.35, 0",Azure 158 1322_5545,ND6s v49 893,0.7385050650824769
2024-12-22T15:20:02.882342,1.0153073007029814,asia-south1 v10,"[0.09090909090909091, 0.13636363636363635, 0.18181818181818182, 0.3181818181818182, 0.2727272727272727]",AZURE 770_1781,ND6s 740,0.8123928497993798
2026-06-18T15:23:50.210000,0.19799398646325594,AP-SOUTHEAST-1,"[0.25806451612903225, 0.1935483870967742, 0.25806451612903225, 0.16129032258064516, 0.129032258",GCP 550_4172,n2-standard-8 v7,0.5669054729898919
2025-01-21T15:35:29.814076,0.3389088492171914,eu-west-1,"[0.25, 0.21875, 0.1875, 0.15625, 0.1",GCP 95_4070,n2-highmem-8,0.6532571244630205
2023-07-23T19:05:44.493141,0.21611700929577496,ap-south-1 v30,"[0.25, 0.21875, 0.1875, 0.15625, 0.1875] 722",GCP 711_867,n2-standard-8,0.5630496184306278
2024-05-18T19:11:52.926000,0.1883345615271671,ap-south-1,"[0.2962962962962963, 0.3333333333333333, 0.07407407407407407, 0.14814814814814814, 0.14814814814814814]",GCP 605_9046,n2-standard-8 v24,0.5854400363161798
2025-11-27T19:16:42.619963 v44_4766 897_8702,0.21444135822874788,ap-southeast-1,"[0.16129032258064516, 0.22580645161290322, 0.1935483870967742, 0.22580645161290322, 0.19354838",GCP 541_4072,n2-highmem-8,0.6566252954991803
2025-11-24T19:22:12.820769,0.1984065181259253,ap-south-1 1677,"[0.25, 0.21875, 0.1875, 0.15625, 0.1875]",GCP 949_6221,n2-standard-8 v26,0.6097328063919618
2026-12-07T19:23:55.585998,0.19319603594581203,AP-SOUTH-1,"[0.14285714285714285, 0.2857142857142857, 0.17857142857142858, 0.21428571428571427, 0.17857142857142858] v43 1920",GCP 889_3193,n2-standard-8,0.7828113062658907
2027-08-24T19:26:01.495517,0.18320819768826332,AP-SOUTH-1 V41,"[0.1111111111111111, 0.25925925925925924, 0.2222222222222222, 0.18518518518518517, 0.2222222222222222] 985",GCP 438_684,n2-standard-8,0.8267510312596689
2027-03-12T19:28:00.895966,0.1232741543627623,ap-south-1,"[0.0967741935483871, 0.22580645161290322, 0.1935483870967742, 0.22580645161290322, 0.25806451612903225]",Azure 411_4817,E4s_v3,0.7997793896466934
2025-11-27T19:33:03.604998 v8_2317_3787,0.20505454280209157,ap-south-1,"[0.25806451612903225, 0.22580645161290322, 0.1935483870967742, 0.16129032258064516, 0.161290322",GCP 191_7119,n2-standard-8,0.6136502009820659
2026-03-30T19:45:16.666229,0.19265848326285048,asia-south1 v8,"[0.24242424242424243, 0.12121212121212122, 0.18181818181818182, 0.15151515151515152, 0.3030303",Azure 661_9342,E4s_v3 v29,0.620575620564194
2025-11-27T20:03:54.476536 v12_6338_6502,0.2023330460224737,asia-south1,"[0.25, 0.21875, 0.1875, 0.15625, 0.1875] 1885",GCP 482_3975,n2-standard-8,0.5790117647516718
2028-02-04T20:04:16.666222,0.1983143129820278,asia-south1,"[0.25, 0.21875, 0.1875, 0.15625, 0.1875]",GCP v4 212_4083,n2-standard-8,0.5856666282966416
2025-07-05T15:08:22.707315 219_8649,0.20391401021287403,ap-south-1,"[0.25, 0.21875, 0.1875, 0.15625, 0.1",GCP V18 273_5826,n2-standard-8,0.6133654420613117
2027-05-24T15:09:47.612621,1.9335764114984852,AP-SOUTHEAST-1 V23,"[0.17391304347826086, 0.21739130434782608, 0.21739130434782608, 0.21739130434782608, 0.17391304347826086] v48",Azure 799 1065_5483,ND6s v20,0.5781343540810364
2026-09-10T15:17:48.209000 1006_4805,1.0807309504167253,asia-south1 1153,"[0.1, 0.15, 0.2, 0.35, 0.2] 1000",Azure 740_1751,ND6s v14,0.7224481192904865
2026-02-27T15:20:02.882342,0.991643714204139,asia-south1 1996,"[0.09090909090909091, 0.13636363636363635, 0.18181818181818182, 0.3181818181818182, 0.2727272727272727]",Azure 200_6029,ND6S,0.7822634263593766
2026-02-23T15:23:50.210423,0.19217483292734097,ap-southeast-1,"[0.25806451612903225, 0.1935483870967742, 0.25806451612903225, 0.16129032258064516, 0.12903225806451613]",GCP 492_5692,n2-standard-8,0.6697447707156651
2025-08-20T15:35:29.814000,0.36344625617377607,eu-west-1,"[0.25, 0.21875, 0.1875, 0.15625, 0.1875]",GCP 416_6720,N2-HIGHMEM-8,0.6344454005088238
2025-03-10T19:05:44.493000,0.21595747033367302,ap-south-1,"[0.25, 0.21875, 0.1875, 0.15625, 0.1875]",GCP 869_8428,n2-standard-8 v29,0.6419493351306557
2026-02-26T19:11:52.926777,0.1855268792682892,ap-south-1 v8,"[0.2962962962962963, 0.3333333333333333, 0.07407407407407407, 0.14814814814814814, 0.14814814814814814]",GCP 243 285_7762,n2-standard-8,0.5949677135058627
2024-07-05T19:16:42.619963,0.24147682240958013,ap-southeast-1,"[0.16129032258064516, 0.22580645161290322, 0.1935483870967742, 0.22580645161290322, 0.1935483870967742]",GCP 494_4889,n2-highmem-8,0.630931399944584
2024-05-20T19:22:12.820000,0.2180339221606709,AP-SOUTH-1,"[0.25, 0.21875, 0.1875, 0.15625, 0.1875]",GCP 923_8116,n2-standard-8 916,0.5613407103426329
2027-10-25T19:23:55.585000,0.21034217310245054,ap-south-1 v17,"[0.14285714285714285, 0.2857142857142857, 0.17857142857142858, 0.21428571428571427, 0.17857142857142858]",GCP 26_3179,n2-standard-8,0.8111801163821789
2024-01-30T19:26:01.495517,0.20380660592654845,ap-south-1,"[0.1111111111111111, 0.25925925925925924, 0.2222222222222222, 0.18518518518518517, 0.2222222222222222]",GCP 229_7370,n2-standard-8,0.7533588998351325
2024-10-29T19:28:00.895000,0.13071638580205902,ap-south-1,"[0.0967741935483871, 0.22580645161290322, 0.1935483870967742, 0.22580645161290322, 0.25806451612903225]",Azure 588_6877,E4s_v3 1146,0.7689514015996021
2023-04-10T19:33:03.604998,0.204086228419401,AP-SOUTH-1,"[0.25806451612903225, 0.22580645161290322, 0.1935483870967742, 0.16129032258064516, 0.1612903",GCP 569_592,n2-standard-8,0.5716809260240152
2026-07-23T19:45:16.666229 1107_2085,0.20077154740758363,asia-south1,"[0.24242424242424243, 0.12121212121212122, 0.18181818181818182, 0.15151515151515152, 0.30303030303030304]",Azure 1_8559,E4S_V3 V12,0.6571767911016013
2024-12-02T20:03:54.476000,0.19249121556991275,asia-south1,"[0.25, 0.21875, 0.1875, 0.15625, 0.1",GCP 476 130_2085,N2-STANDARD-8 V8,0.564564232951328
2026-08-26T20:04:16.666222 1239_4183,0.20020402644121754,asia-south1 v4,"[0.25, 0.21875, 0.1875, 0.15625, 0.1875]",GCP 175_5632,n2-standard-8 1387,0.571616991167754
2026-09-06T15:08:22.707315,0.1789597866285657,ap-south-1,"[0.25, 0.21875, 0.1875, 0.15625, 0.1875] 1586",GCP 578_3826,n2-standard-8,0.6565735336469801
2026-07-06T15:09:47.612621,1.8914915376733963,AP-SOUTHEAST-1,"[0.17391304347826086, 0.21739130434782608, 0.21739130434782608, 0.21739130434782608, 0.17391304347826086]",Azure v49 762_5771,ND6s,0.5979746299373755
2025-08-07T15:17:48.209869,1.1199612809933355,asia-south1 v11,"[0.1, 0.15, 0.2, 0.35, 0.2]",Azure 637_8343,ND6s,0.6673868558564461
2024-08-12T15:20:02.882342,1.038168261112848,asia-south1,"[0.09090909090909091, 0.13636363636363635, 0.18181818181818182, 0.3181818181818182, 0.2727272727272727]",Azure 866_9118,ND6s,0.6524158142823596
2026-04-14T15:23:50.210423,0.22017102381915646,ap-southeast-1,"[0.25806451612903225, 0.1935483870967742, 0.25806451612903225, 0.16129032258064516, 0.12903225806451613]",GCP 93_3992,n2-standard-8,0.5871037263106357
2025-11-27T15:35:29.814076 v23_5746_9498,0.3169703224978225,eu-west-1,"[0.25, 0.21875, 0.1875, 0.15625, 0.1875]",GCP 292_7608,n2-highmem-8,0.6776647228191875
2022-09-19T19:05:44.493141,0.22382586816720612,ap-south-1,"[0.25, 0.21875, 0.1875, 0.15625, 0.1875]",GCP 887_1364,n2-standard-8,0.5955425247001987
2023-04-03T19:11:52.926777,0.21732510355462334,ap-south-1,"[0.2962962962962963, 0.3333333333333333, 0.07407407407407407, 0.14814814814814814, 0.14814814814814814]",GCP 758_1491,n2-standard-8,0.6014894890511951
2025-11-27T19:16:42.619963 v22_9437_6357,0.21784390343116988,ap-southeast-1 52,"[0.16129032258064516, 0.22580645161290322, 0.1935483870967742, 0.22580645161290322, 0.1935483870967742]",GCP 262_4097,n2-highmem-8,0.6859554630946146
2024-04-18T19:22:12.820000,0.18252347871467645,ap-south-1,"[0.25, 0.21875, 0.1875, 0.15625, 0.1875]",GCP 637_8880,n2-standard-8,0.5668529316203413
2027-03-28T19:23:55.585000,0.19170479633851986,ap-south-1,"[0.14285714285714285, 0.2857142857142857, 0.17857142857142858, 0.21428571428571427, 0.17857142857142858]",GCP 398_5801,n2-standard-8 1696,0.791669445630378
2028-07-27T19:26:01.495517,0.18311943195323535,ap-south-1 1506,"[0.1111111111111111, 0.25925925925925924, 0.2222222222222222, 0.18518518518518517, 0.2222222222222222]",GCP 455_7005,n2-standard-8,0.8336818171611328
2023-07-03T19:28:00.895966,0.13235064837976993,ap-south-1,"[0.0967741935483871, 0.22580645161290322, 0.1935483870967742, 0.22580645161290322, 0.258064516",Azure v36 818_6762,E4s_v3,0.8531130470842405
2024-08-28T19:33:03.604998,0.19575224009018558,ap-south-1,"[0.25806451612903225, 0.22580645161290322, 0.1935483870967742, 0.16129032258064516, 0.161290322",GCP 42_2030,n2-standard-8 1058,0.5672698268590018
2025-11-27T19:45:16.666229 v17_4263_2278,0.1666618407229256,asia-south1,"[0.24242424242424243, 0.12121212121212122, 0.18181818181818182, 0.15151515151515152, 0.303030303",Azure v4 585_6915,E4s_v3,0.6151676525115306
2027-02-23T20:03:54.476536,0.20155928028827635,asia-south1 v16,"[0.25, 0.21875, 0.1875, 0.15625, 0.1875]",GCP 274_3371,n2-standard-8,0.5828464827679398
2025-11-27T20:04:16.666222 v23_4420 807_1133,0.1942337621555697,asia-south1,"[0.25, 0.21875, 0.1875, 0.15625, 0.1875] 684",GCP 793_6249,n2-standard-8,0.5747909688080342
2025-11-27T15:08:22.707315 v32_5732 477_2045,0.18924168637992145,ap-south-1 41,"[0.25, 0.21875, 0.1875, 0.15625, 0.1875]",GCP 307_7074,n2-standard-8 v26,0.665738675102625
2025-08-09T15:09:47.612621,2.000774823062385,ap-southeast-1 1646,"[0.17391304347826086, 0.21739130434782608, 0.21739130434782608, 0.21739130434782608, 0.1739130",Azure 517_4732,ND6s,0.5450511192054786
2025-11-27T15:17:48.209869 v5_265_2478,1.1741404706593663,asia-south1 v22,"[0.1, 0.15, 0.2, 0.35, 0.2] 1176",Azure 93_6797,ND6s v5,0.7532532632620341
2028-05-20T15:20:02.882000,0.9785374930515687,asia-south1,"[0.09090909090909091, 0.13636363636363635, 0.18181818181818182, 0.3181818181818182, 0.2727272727272727]",Azure 746_4866,ND6s 1229,0.7093242421859435
2023-11-16T15:23:50.210423,0.20097433060169595,ap-southeast-1 v10,"[0.25806451612903225, 0.1935483870967742, 0.25806451612903225, 0.16129032258064516, 0.12903225806451613]",GCP 901_6916,n2-standard-8,0.5804913359575842
2023-10-01T15:35:29.814000,0.31250610562484404,eu-west-1,"[0.25, 0.21875, 0.1875, 0.15625, 0.1875]",GCP 187_4824,N2-HIGHMEM-8,0.6066262406051385
2024-10-26T19:05:44.493141,0.1817569748151892,AP-SOUTH-1,"[0.25, 0.21875, 0.1875, 0.15625, 0.1875]",GCP 872_941,n2-standard-8 v25 848,0.6221931713649586
2027-11-27T19:11:52.926777,0.19555116405965603,ap-south-1,"[0.2962962962962963, 0.3333333333333333, 0.07407407407407407, 0.14814814814814814, 0.14814814814814814]",GCP 692 1327_9173,n2-standard-8,0.6258738250359038
2026-07-01T19:16:42.619963 503_4329,0.24263417860273304,ap-southeast-1 860,"[0.16129032258064516, 0.22580645161290322, 0.1935483870967742, 0.22580645161290322, 0.1935483870967742]",GCP 171_1429,n2-highmem-8,0.6941639475609266
2026-01-02T19:22:12.820769,0.20250480114209934,ap-south-1,"[0.25, 0.21875, 0.1875, 0.15625, 0.1875]",GCP 226_7226,n2-standard-8 627,0.6592986249141166
2025-01-29T19:23:55.585998,0.2141446430767289,ap-south-1,"[0.14285714285714285, 0.2857142857142857, 0.17857142857142858, 0.21428571428571427, 0.17857142857142858]",GCP 222_7420,n2-standard-8 v49,0.714492138841466
2024-12-11T19:26:01.495517,0.21134350638625188,ap-south-1,"[0.1111111111111111, 0.25925925925925924, 0.2222222222222222, 0.18518518518518517, 0.2222222222222222]",GCP 318_8884,n2-standard-8,0.7207580276709807
2025-06-01T19:28:00.895966,0.12702962527949319,ap-south-1,"[0.0967741935483871, 0.22580645161290322, 0.1935483870967742, 0.22580645161290322, 0.25806451612903225] 1970",Azure 540_7626,E4s_v3,0.7914506190459144
2025-07-31T19:33:03.604998,0.19931471302775958,ap-south-1 1943,"[0.25806451612903225, 0.22580645161290322, 0.1935483870967742, 0.16129032258064516, 0.16129032258064516]",GCP 892_3591,n2-standard-8,0.5750751091107669
2025-02-19T19:45:16.666229,0.18405192199079892,asia-south1,"[0.24242424242424243, 0.12121212121212122, 0.18181818181818182, 0.15151515151515152, 0.30303030303030304]",Azure 491 988_7924,E4s_v3,0.6298300819314877
2025-11-17T20:03:54.476536,0.1815274661308033,asia-south1 v25,"[0.25, 0.21875, 0.1875, 0.15625, 0.1875] 1499",GCP 249_4043,n2-standard-8,0.592839327538791
2025-08-21T20:04:16.666222 1042_4996,0.19423060880243856,asia-south1,"[0.25, 0.21875, 0.1875, 0.15625, 0.1875]",GCP 417_5929,n2-standard-8 v29,0.6871993531177031
2023-10-29T15:08:22.707315,0.18851425476056913,ap-south-1,"[0.25, 0.21875, 0.1875, 0.15625, 0.1",GCP 892_8109,n2-standard-8 215,0.6252550313607512
2025-05-06T15:09:47.612621,1.8653451019450489,ap-southeast-1,"[0.17391304347826086, 0.21739130434782608, 0.21739130434782608, 0.21739130434782608, 0.17391304347826086] v6",Azure 958_700,ND6s,0.5612255073611296
2025-10-10T15:17:48.209869,1.110614577565712,ASIA-SOUTH1 823,"[0.1, 0.15, 0.2, 0.35, 0",Azure 728_3371,ND6s,0.728102409543462
2026-03-21T15:20:02.882342 798_6946,0.9684499427570322,asia-south1 v32,"[0.09090909090909091, 0.13636363636363635, 0.18181818181818182, 0.3181818181818182, 0.27272727",Azure 902_1482,ND6s,0.7439994201417819
2024-12-18T15:23:50.210000,0.17511556380457505,ap-southeast-1,"[0.25806451612903225, 0.1935483870967742, 0.25806451612903225, 0.16129032258064516, 0.12903225806451613]",GCP 202_1117,n2-standard-8 v33,0.6058028935357609
2026-04-23T15:35:29.814076 1802_1851,0.3444559157378548,eu-west-1,"[0.25, 0.21875, 0.1875, 0.15625, 0.1875]",GCP v46 319_1929,N2-HIGHMEM-8,0.6417511969767494
2026-03-21T19:05:44.493141,0.19575609581617825,ap-south-1 1635,"[0.25, 0.21875, 0.1875, 0.15625, 0.1",GCP 724_3682,n2-standard-8,0.6673882086303942
2027-07-16T19:11:52.926777,0.21773966081639626,AP-SOUTH-1,"[0.2962962962962963, 0.3333333333333333, 0.07407407407407407, 0.14814814814814814, 0.14814814814814814]",GCP 252 1174_2131,n2-standard-8,0.5937840163603446
2025-09-04T19:16:42.619963 314_5998,0.2532953095693334,ap-southeast-1,"[0.16129032258064516, 0.22580645161290322, 0.1935483870967742, 0.22580645161290322, 0.1935483870967742]",GCP 112 707_319,N2-HIGHMEM-8,0.7368952686872383
2026-02-14T19:22:12.820769,0.20338497848858486,ap-south-1,"[0.25, 0.21875, 0.1875, 0.15625, 0.1875]",GCP 317_6786,n2-standard-8,0.680179979457066
2025-11-27T19:23:55.585998 v34_7_7618,0.17759342702363656,ap-south-1,"[0.14285714285714285, 0.2857142857142857, 0.17857142857142858, 0.21428571428571427, 0.17857142857142858]",GCP 739_7690,n2-standard-8 v35,0.73578305034591
2025-02-20T19:26:01.495517 1170_725,0.20317808171381785,ap-south-1,"[0.1111111111111111, 0.25925925925925924, 0.2222222222222222, 0.18518518518518517, 0.2222222222222222]",GCP 763 1980_6299,N2-STANDARD-8,0.9093258657719175
2026-11-04T19:28:00.895966,0.13031381278503987,ap-south-1,"[0.0967741935483871, 0.22580645161290322, 0.1935483870967742, 0.22580645161290322, 0.2580645",Azure 583_3129,E4s_v3,0.8278372771388248
2025-11-27T19:33:03.604998 v29_7237_3892,0.20033837488754835,ap-south-1,"[0.25806451612903225, 0.22580645161290322, 0.1935483870967742, 0.16129032258064516, 0.16129032258064516] 394",GCP v32 446_6594,n2-standard-8,0.6387088606924506
2026-07-12T19:45:16.666229 1544_1597,0.1934471572948291,asia-south1,"[0.24242424242424243, 0.12121212121212122, 0.18181818181818182, 0.15151515151515152, 0.3030303",Azure 626_8779,E4s_v3 875,0.6130419897972967
2028-04-03T20:03:54.476536,0.19968914581643796,asia-south1,"[0.25, 0.21875, 0.1875, 0.15625, 0.1875]",GCP 399 259_5977,n2-standard-8 v2,0.6156384418900711
2025-01-02T20:04:16.666222,0.2099438225928627,asia-south1,"[0.25, 0.21875, 0.1875, 0.15625, 0.1875] v37",GCP 803_2731,n2-standard-8,0.5810049096783203
2025-11-27T15:08:22.707315 v23_1810 1704_5535,0.2176560648780089,ap-south-1,"[0.25, 0.21875, 0.1875, 0.15625, 0.1875]",GCP 890_642,n2-standard-8,0.6806330415146328
2026-08-03T15:09:47.612621,1.9181465922711,ap-southeast-1,"[0.17391304347826086, 0.21739130434782608, 0.21739130434782608, 0.21739130434782608, 0.17391304347826086] v33",Azure 936_3259,ND6s v26 1127,0.5331774825719808
2026-06-26T15:17:48.209869,1.002101321998658,asia-south1 v8,"[0.1, 0.15, 0.2, 0.35, 0.2]",Azure 638_7240,ND6s,0.7874025377827448
2025-11-28T15:20:02.882342,1.0036035781993697,ASIA-SOUTH1,"[0.09090909090909091, 0.13636363636363635, 0.18181818181818182, 0.3181818181818182, 0.272727272727",Azure 211_7708,ND6s,0.6357039719910328
2025-12-26T15:23:50.210000,0.18069930687580005,ap-southeast-1,"[0.25806451612903225, 0.1935483870967742, 0.25806451612903225, 0.16129032258064516, 0.12903225806451613]",GCP v39 233_8071,n2-standard-8 v12,0.5882468298367295
2025-11-27T15:35:29.814076 v7_4_5804,0.3194961069832195,eu-west-1,"[0.25, 0.21875, 0.1875, 0.15625, 0.1875]",GCP 29_5257,n2-highmem-8,0.6771124721466838
2025-11-27T19:05:44.493141 v10_8522 1941_157,0.21218397870146677,AP-SOUTH-1,"[0.25, 0.21875, 0.1875, 0.15625, 0.1",GCP 723_8234,n2-standard-8,0.573418199922782
2025-11-27T19:11:52.926777 v31_7074_4282,0.18197155567872603,ap-south-1,"[0.2962962962962963, 0.3333333333333333, 0.07407407407407407, 0.14814814814814814, 0.1481481",GCP 941_6412,n2-standard-8,0.6177057725898948
2025-11-27T19:16:42.619963 v24_7911 1450_3971,0.24657420784766823,AP-SOUTHEAST-1,"[0.16129032258064516, 0.22580645161290322, 0.1935483870967742, 0.22580645161290322, 0.1935483870967742]",GCP 646_7932,N2-HIGHMEM-8,0.7758044678819894
2026-11-12T19:22:12.820769 660_9523,0.2129115584481132,ap-south-1,"[0.25, 0.21875, 0.1875, 0.15625, 0.1875] 1459",GCP 573_6722,n2-standard-8,0.6507931493010768
2023-07-23T19:23:55.585000,0.19049521200493683,ap-south-1,"[0.14285714285714285, 0.2857142857142857, 0.17857142857142858, 0.21428571428571427, 0.17857142857142858]",GCP v13 458_3446,n2-standard-8 1320,0.7593363667291883
2025-11-27T19:26:01.495517 v20_37 1398_5728,0.1981507734543438,ap-south-1,"[0.1111111111111111, 0.25925925925925924, 0.2222222222222222, 0.18518518518518517, 0.2222222222222222]",GCP 765_4597,n2-standard-8 1883,0.739528808796981
2025-05-04T19:28:00.895966,0.12828283051162995,ap-south-1,"[0.0967741935483871, 0.22580645161290322, 0.1935483870967742, 0.22580645161290322, 0.25806451612903225]",Azure 566_8564,E4s_v3,0.8781652449885042
2024-06-25T19:33:03.604998,0.18485480043937344,ap-south-1,"[0.25806451612903225, 0.22580645161290322, 0.1935483870967742, 0.16129032258064516, 0.1612903",GCP v41 137_3625,n2-standard-8,0.5768336243869245
2025-06-03T19:45:16.666229,0.19191913413871756,asia-south1 1591,"[0.24242424242424243, 0.12121212121212122, 0.18181818181818182, 0.15151515151515152, 0.303030303",Azure 972_3898,E4s_v3,0.6134399880596456
2025-07-27T20:03:54.476536 358_9979,0.1937801198970756,asia-south1,"[0.25, 0.21875, 0.1875, 0.15625, 0.1875]",GCP 787 865_2142,n2-standard-8,0.6381103475448177
2028-01-04T20:04:16.666222,0.19052651162136552,asia-south1,"[0.25, 0.21875, 0.1875, 0.15625, 0.1",GCP 682_746,n2-standard-8,0.6199145957454913
2023-08-12T15:08:22.707315,0.20068728938107,ap-south-1 547,"[0.25, 0.21875, 0.1875, 0.15625, 0.1",GCP 323 533_4594,n2-standard-8,0.6607582603046229
2027-11-15T15:09:47.612621,1.971855040827895,ap-southeast-1,"[0.17391304347826086, 0.21739130434782608, 0.21739130434782608, 0.21739130434782608, 0.17391304347826086] v23",Azure 475 1320_3350,ND6s,0.5803907986517536
2026-03-28T15:17:48.209869 777_7277,1.0085221135835254,asia-south1,"[0.1, 0.15, 0.2, 0.35, 0.2]",AZURE 473_6408,ND6s,0.6804101323020405
2024-05-20T15:20:02.882342,0.9615753275624261,asia-south1,"[0.09090909090909091, 0.13636363636363635, 0.18181818181818182, 0.3181818181818182, 0.27272727",Azure 933_7100,ND6s,0.7099187459519909
2024-08-07T15:23:50.210423,0.18119974164932892,AP-SOUTHEAST-1,"[0.25806451612903225, 0.1935483870967742, 0.25806451612903225, 0.16129032258064516, 0.12903225806451613] 1651",GCP 664_7396,N2-STANDARD-8,0.6838942940548831
2025-08-07T15:35:29.814076 491_9155,0.34117477266515117,eu-west-1 v36 316,"[0.25, 0.21875, 0.1875, 0.15625, 0.1875] v40",GCP 966_2157,n2-highmem-8 v39,0.5709547115015497
2024-10-15T19:05:44.493000,0.209602607499592,ap-south-1 610,"[0.25, 0.21875, 0.1875, 0.15625, 0.1875]",GCP 690_8112,n2-standard-8,0.5965178655429699
2024-08-15T19:11:52.926000,0.20739344498544918,ap-south-1 414,"[0.2962962962962963, 0.3333333333333333, 0.07407407407407407, 0.14814814814814814, 0.14814814814814814] 1838",GCP 529_6740,n2-standard-8,0.5739509574545911
2027-09-23T19:16:42.619963,0.21585316276030841,ap-southeast-1 v26 1788,"[0.16129032258064516, 0.22580645161290322, 0.1935483870967742, 0.22580645161290322, 0.1935483870967742] 591",GCP 731 987_108,N2-HIGHMEM-8,0.7211554371300225
2023-04-01T19:22:12.820769,0.17585382252491527,ap-south-1,"[0.25, 0.21875, 0.1875, 0.15625, 0.1875] v26",GCP 368_3548,n2-standard-8,0.5934628720817265
2026-08-12T19:23:55.585998,0.1919076610080267,ap-south-1,"[0.14285714285714285, 0.2857142857142857, 0.17857142857142858, 0.21428571428571427, 0.17857142857142858]",GCP 620 615_632,n2-standard-8 559,0.7888140487933405
2028-10-20T19:26:01.495517,0.21182257710634833,ap-south-1 439,"[0.1111111111111111, 0.25925925925925924, 0.2222222222222222, 0.18518518518518517, 0.22222222",GCP 256 1424_3415,n2-standard-8 v16 98,0.7283663021197977
2026-09-03T19:28:00.895000,0.14355144136691547,ap-south-1,"[0.0967741935483871, 0.22580645161290322, 0.1935483870967742, 0.22580645161290322, 0.25806451612903225]",Azure 553_5552,E4s_v3,0.8228424163123139
2025-11-27T19:33:03.604998 v29_9920_583,0.1894399069600369,ap-south-1,"[0.25806451612903225, 0.22580645161290322, 0.1935483870967742, 0.16129032258064516, 0.16129032258064516]",GCP 24_1202,n2-standard-8,0.6101309369764941
2025-04-09T19:45:16.666229 128_4686,0.1685720256596453,asia-south1,"[0.24242424242424243, 0.12121212121212122, 0.18181818181818182, 0.15151515151515152, 0.30303030303030304] 339",Azure 421_3226,E4S_V3,0.5393645186821419
2024-12-13T20:03:54.476536,0.21525978832164,asia-south1 v34 443,"[0.25, 0.21875, 0.1875, 0.15625, 0.1875] v28",GCP 849_4722,n2-standard-8,0.5952759419563345
2025-07-05T20:04:16.666222 316_4689,0.19049485011762662,asia-south1 743,"[0.25, 0.21875, 0.1875, 0.15625, 0.1875]",GCP 308_6693,n2-standard-8 v22 1651,0.5436763602171097
2025-07-26T15:08:22.707315 1648_7178,0.2118285559392877,ap-south-1,"[0.25, 0.21875, 0.1875, 0.15625, 0.1",GCP 158_1621,n2-standard-8 v15,0.6473197966712907
2023-03-28T15:09:47.612621,1.863847213690066,ap-southeast-1,"[0.17391304347826086, 0.21739130434782608, 0.21739130434782608, 0.21739130434782608, 0.17391304347826086]",Azure 423_5852,ND6s,0.578535414383872
2025-03-19T15:17:48.209869,1.040489657215299,ASIA-SOUTH1,"[0.1, 0.15, 0.2, 0.35, 0.2]",Azure 472 1870_3639,ND6s,0.7566349746645612
2026-03-29T15:20:02.882342,1.0207295301983936,asia-south1 1467,"[0.09090909090909091, 0.13636363636363635, 0.18181818181818182, 0.3181818181818182, 0.2727272727272727]",Azure 22 1671_8361,ND6S 619,0.7614753013362209
2023-09-05T15:23:50.210000,0.21299261897331406,ap-southeast-1,"[0.25806451612903225, 0.1935483870967742, 0.25806451612903225, 0.16129032258064516, 0.12903225806451613]",GCP 364_442,n2-standard-8,0.5982556486585687
2025-04-08T15:35:29.814076,0.34725384915225754,eu-west-1 1102,"[0.25, 0.21875, 0.1875, 0.15625, 0.1875]",GCP 19_4280,n2-highmem-8,0.6404108948475797
2022-09-28T19:05:44.493141,0.19868334556810138,ap-south-1,"[0.25, 0.21875, 0.1875, 0.15625, 0.1875]",GCP 763_1233,n2-standard-8,0.594810777830994
2025-08-06T19:11:52.926777,0.1908803843488,ap-south-1 868,"[0.2962962962962963, 0.3333333333333333, 0.07407407407407407, 0.14814814814814814, 0.148148148",GCP 920_2626,n2-standard-8,0.5616999850191872
2026-03-21T19:16:42.619963,0.22982146934511086,ap-southeast-1,"[0.16129032258064516, 0.22580645161290322, 0.1935483870967742, 0.22580645161290322, 0.1935483870967742]",GCP 170_5696,N2-HIGHMEM-8,0.7446148554622565
2024-12-10T19:22:12.820000 152_366,0.22177854288343105,ap-south-1,"[0.25, 0.21875, 0.1875, 0.15625, 0.1875]",GCP 743_7199,n2-standard-8,0.612884174719436
2029-02-26T19:23:55.585998,0.20969290449230313,ap-south-1,"[0.14285714285714285, 0.2857142857142857, 0.17857142857142858, 0.21428571428571427, 0.17857142857142858] v6",GCP 530_6349,n2-standard-8,0.7907767106697322
2025-06-10T19:26:01.495517 1766_9575,0.2140916762881306,ap-south-1,"[0.1111111111111111, 0.25925925925925924, 0.2222222222222222, 0.18518518518518517, 0.222222222222",GCP 755_5534,n2-standard-8,0.8499015158118662
2026-07-21T19:28:00.895966 538_850,0.13291913316848145,ap-south-1 226,"[0.0967741935483871, 0.22580645161290322, 0.1935483870967742, 0.22580645161290322, 0.25806451612903225]",Azure 308_9707,E4s_v3,0.9156164287839765
2022-10-05T19:33:03.604998,0.19827760220710575,ap-south-1,"[0.25806451612903225, 0.22580645161290322, 0.1935483870967742, 0.16129032258064516, 0.1612903",GCP 937_9168,N2-STANDARD-8,0.6473637474632539
2026-09-11T19:45:16.666229 188_3591,0.17804106992715535,asia-south1,"[0.24242424242424243, 0.12121212121212122, 0.18181818181818182, 0.15151515151515152, 0.30303030303030304]",Azure 764_1557,E4S_V3 1630,0.6122603667764733
2025-11-06T20:03:54.476536,0.17901247930078845,asia-south1 1016,"[0.25, 0.21875, 0.1875, 0.15625, 0.1",GCP 186_409,n2-standard-8,0.551790130849604
2023-06-14T20:04:16.666222,0.18335368245401543,asia-south1 v5,"[0.25, 0.21875, 0.1875, 0.15625, 0.1875]",GCP v13 205_1760,n2-standard-8,0.5681533448153906
2024-12-04T15:08:22.707315 791_8640,0.20588463705559554,ap-south-1,"[0.25, 0.21875, 0.1875, 0.15625, 0.1",GCP 409_1420,n2-standard-8,0.6195857823734813
2025-11-27T15:09:47.612621 v40_9444 1372_1844,1.7766026190750346,ap-southeast-1,"[0.17391304347826086, 0.21739130434782608, 0.21739130434782608, 0.21739130434782608, 0.17391304347826086] 1182",Azure 640_9722,ND6s,0.5612823056894478
2023-06-09T15:17:48.209869,1.1483942569789933,asia-south1,"[0.1, 0.15, 0.2, 0.35, 0.2] v20",Azure 795_5347,ND6s,0.6994817464275412
2025-11-27T15:20:02.882342 v45_7212_7956,0.9849568740512633,asia-south1 291,"[0.09090909090909091, 0.13636363636363635, 0.18181818181818182, 0.3181818181818182, 0.2727272727272727]",Azure v25 737_8441,ND6s,0.7442701732380814
2027-05-15T15:23:50.210000,0.21687927248247563,ap-southeast-1,"[0.25806451612903225, 0.1935483870967742, 0.25806451612903225, 0.16129032258064516, 0.12903225806451613]",GCP v8 592_9714,n2-standard-8,0.6024285017341587
2025-09-05T15:35:29.814076,0.31472991590178734,eu-west-1,"[0.25, 0.21875, 0.1875, 0.15625, 0.1875]",GCP 383_8960,n2-highmem-8,0.6421072124844907
2024-11-29T19:05:44.493000,0.205665779296551,ap-south-1,"[0.25, 0.21875, 0.1875, 0.15625, 0.1875]",GCP 56_6778,n2-standard-8,0.6229898777219264
2023-12-31T19:11:52.926000,0.2012923602422842,ap-south-1,"[0.2962962962962963, 0.3333333333333333, 0.07407407407407407, 0.14814814814814814, 0.14814814814814814] v35",GCP 8_6647,n2-standard-8,0.6698407090323385
2026-07-12T19:16:42.619963,0.24344824639456694,ap-southeast-1 v45,"[0.16129032258064516, 0.22580645161290322, 0.1935483870967742, 0.22580645161290322, 0.193548",GCP 503_121,n2-highmem-8 v31,0.6828193114134131
2025-12-14T19:22:12.820000 1601_9568,0.18662377033574157,ap-south-1,"[0.25, 0.21875, 0.1875, 0.15625, 0.1875] v30",GCP 155 1814_8888,n2-standard-8,0.6064148912577941
2023-03-09T19:23:55.585998,0.19899343740898226,ap-south-1 v6 983,"[0.14285714285714285, 0.2857142857142857, 0.17857142857142858, 0.21428571428571427, 0.17857142857142858]",GCP 18 818_4239,n2-standard-8 179,0.7088157105050564
2025-01-16T19:26:01.495517,0.17922067599324087,ap-south-1,"[0.1111111111111111, 0.25925925925925924, 0.2222222222222222, 0.18518518518518517, 0.222222",GCP v20 955_1485,n2-standard-8,0.8328735967175402
2025-01-29T19:28:00.895966,0.14105384205224533,ap-south-1,"[0.0967741935483871, 0.22580645161290322, 0.1935483870967742, 0.22580645161290322, 0.2580645",Azure 303 1756_4516,E4s_v3,0.8056728449407023
2027-05-08T19:33:03.604000,0.19187386422060096,ap-south-1,"[0.25806451612903225, 0.22580645161290322, 0.1935483870967742, 0.16129032258064516, 0.1612903225806",GCP v13 525_8871,n2-standard-8 v9,0.5915953302608469
2026-11-08T19:45:16.666000 1288_3250,0.17039885594861198,asia-south1,"[0.24242424242424243, 0.12121212121212122, 0.18181818181818182, 0.15151515151515152, 0.30303030303030304]",Azure 485_6589,E4s_v3,0.6080331085347268
2025-05-09T20:03:54.476536 105_7683,0.17861518428973522,asia-south1,"[0.25, 0.21875, 0.1875, 0.15625, 0.1875]",GCP 372_2535,n2-standard-8,0.6363343941733398
2027-11-05T20:04:16.666222,0.1949333732337624,asia-south1,"[0.25, 0.21875, 0.1875, 0.15625, 0.1875]",GCP v17 382_7986,n2-standard-8,0.5767773695423214
2024-12-07T15:08:22.707315,0.20852196040690346,ap-south-1 578,"[0.25, 0.21875, 0.1875, 0.15625, 0.1875] 1917",GCP 344_7376,N2-STANDARD-8 660,0.6301601547679588
2025-08-12T15:09:47.612621 361_1493,1.898481102156457,ap-southeast-1 v7,"[0.17391304347826086, 0.21739130434782608, 0.21739130434782608, 0.21739130434782608, 0.173913043",Azure 307_5860,ND6s 1427,0.5231446930543223
2026-12-23T15:17:48.209000,1.011283279081314,asia-south1 1951,"[0.1, 0.15, 0.2, 0.35, 0.2]",Azure 733 1114_7547,ND6s 238,0.6888980553436466
2027-10-06T15:20:02.882000,1.0223724147475568,asia-south1,"[0.09090909090909091, 0.13636363636363635, 0.18181818181818182, 0.3181818181818182, 0.2727272727272727]",Azure 572 34_3947,ND6s,0.7899862477905943
2026-01-10T15:23:50.210423,0.20681230505294956,ap-southeast-1 252,"[0.25806451612903225, 0.1935483870967742, 0.25806451612903225, 0.16129032258064516, 0.12903225806451613]",GCP 563_228,n2-standard-8,0.5995156551816235
2026-08-15T15:35:29.814076,0.36244130134325603,eu-west-1,"[0.25, 0.21875, 0.1875, 0.15625, 0.1",GCP 39_1268,n2-highmem-8,0.6877069064377732
2022-07-27T19:05:44.493000,0.20137272093885927,ap-south-1,"[0.25, 0.21875, 0.1875, 0.15625, 0.1875]",GCP 277_4388,n2-standard-8,0.6406517426205948
2025-04-26T19:11:52.926777,0.20475063651535627,ap-south-1 283,"[0.2962962962962963, 0.3333333333333333, 0.07407407407407407, 0.14814814814814814, 0.14814814814814814] 1",GCP 461_3430,n2-standard-8 464,0.6249936419729792
2026-02-24T19:16:42.619963 175_3846,0.23513364480326412,ap-southeast-1,"[0.16129032258064516, 0.22580645161290322, 0.1935483870967742, 0.22580645161290322, 0.19354838",GCP 26 96_9308,n2-highmem-8 v21,0.748239155967472
2028-10-08T19:22:12.820769,0.2117690348961486,ap-south-1,"[0.25, 0.21875, 0.1875, 0.15625, 0.1875]",GCP 533 62_993,n2-standard-8 1309,0.6378444506500893
2026-11-24T19:23:55.585000,0.20970513809477373,ap-south-1,"[0.14285714285714285, 0.2857142857142857, 0.17857142857142858, 0.21428571428571427, 0.1785714",GCP 757_2493,n2-standard-8,0.8206190323586
2027-10-31T19:26:01.495517,0.1918013620393794,ap-south-1,"[0.1111111111111111, 0.25925925925925924, 0.2222222222222222, 0.18518518518518517, 0.2222222222222222]",GCP 185_8840,n2-standard-8,0.774745016157675
2024-02-26T19:28:00.895000,0.12395246386600109,ap-south-1,"[0.0967741935483871, 0.22580645161290322, 0.1935483870967742, 0.22580645161290322, 0.25806451612903225] v28 168",Azure 565_8758,E4s_v3,0.8712608191383816
2029-06-06T19:33:03.604998,0.1861902542230304,ap-south-1,"[0.25806451612903225, 0.22580645161290322, 0.1935483870967742, 0.16129032258064516, 0.16129032258064516]",GCP 486_7229,n2-standard-8,0.6502809867406449
2024-12-03T19:45:16.666229 1228_3359,0.19479176576261675,asia-south1,"[0.24242424242424243, 0.12121212121212122, 0.18181818181818182, 0.15151515151515152, 0.30303030303030304] 1343",Azure 804_6558,E4s_v3,0.6449454058035126
2025-12-27T20:03:54.476536 1115_4024,0.18663873070024722,ASIA-SOUTH1,"[0.25, 0.21875, 0.1875, 0.15625, 0.1875]",GCP 221_4375,n2-standard-8,0.6292818108155568
2026-05-13T20:04:16.666222,0.20592264643703412,ASIA-SOUTH1 V15,"[0.25, 0.21875, 0.1875, 0.15625, 0.1875] 1181",GCP 382_5766,n2-standard-8,0.675605644622286
2026-03-05T15:08:22.707315 796_9618,0.19268444677080723,ap-south-1 816,"[0.25, 0.21875, 0.1875, 0.15625, 0.1875]",GCP 527_712,n2-standard-8 v14,0.6345650365826448
2027-07-12T15:09:47.612000,1.8267362481627045,AP-SOUTHEAST-1,"[0.17391304347826086, 0.21739130434782608, 0.21739130434782608, 0.21739130434782608, 0.17391304347826086] 1414",Azure v4 617_4595,ND6s,0.5795951692357396
2025-11-27T15:17:48.209869 v9_3957_5299,1.135231965955166,asia-south1 1690,"[0.1, 0.15, 0.2, 0.35, 0.2] v43",Azure 938 81_3686,ND6s,0.7176779530401598
2025-05-09T15:20:02.882000,1.0369104355024095,asia-south1,"[0.09090909090909091, 0.13636363636363635, 0.18181818181818182, 0.3181818181818182, 0.2727272727272727] v5",Azure 553_7096,ND6s,0.6758785205450637
2027-01-28T15:23:50.210423,0.20580646498155586,ap-southeast-1 v4,"[0.25806451612903225, 0.1935483870967742, 0.25806451612903225, 0.16129032258064516, 0.12903225806451613]",GCP 149_676,n2-standard-8 v2,0.5838639395115295
2027-05-30T15:35:29.814076,0.32301089750154227,eu-west-1,"[0.25, 0.21875, 0.1875, 0.15625, 0.1875]",GCP 453_5143,n2-highmem-8,0.5873393448991753
2026-03-06T19:05:44.493141,0.1956261305980751,ap-south-1 v28,"[0.25, 0.21875, 0.1875, 0.15625, 0.1875]",GCP 131_3278,n2-standard-8,0.5859715988516034
2025-11-27T19:11:52.926777 v9_5431 1050_5669,0.1945462145292278,ap-south-1,"[0.2962962962962963, 0.3333333333333333, 0.07407407407407407, 0.14814814814814814, 0.14814814814814814] v31",GCP 407_4538,n2-standard-8,0.6364842924795391
2022-04-13T19:16:42.619963,0.2526679832749178,ap-southeast-1,"[0.16129032258064516, 0.22580645161290322, 0.1935483870967742, 0.22580645161290322, 0.1935483870967742]",GCP 687_504,n2-highmem-8,0.7300460639694141
2028-05-10T19:22:12.820000,0.19282704703193138,ap-south-1 v28,"[0.25, 0.21875, 0.1875, 0.15625, 0.1875]",GCP 45 1855_3626,n2-standard-8 v3,0.668684361631009
2025-11-27T19:23:55.585998 v45_5494_6670,0.1965166314274035,ap-south-1,"[0.14285714285714285, 0.2857142857142857, 0.17857142857142858, 0.21428571428571427, 0.178571428",GCP 65_5728,n2-standard-8,0.7330082984584793
2027-06-26T19:26:01.495517,0.20386252925776,ap-south-1 v26,"[0.1111111111111111, 0.25925925925925924, 0.2222222222222222, 0.18518518518518517, 0.2222222222222222] 1051",GCP 266_4876,n2-standard-8,0.7743646754003474
2023-12-23T19:28:00.895000,0.12428476064684754,ap-south-1,"[0.0967741935483871, 0.22580645161290322, 0.1935483870967742, 0.22580645161290322, 0.25806451612903225]",Azure 891_8872,E4s_v3 296,0.8270689318139081
2027-06-17T19:33:03.604998,0.19826745596759263,ap-south-1 1620,"[0.25806451612903225, 0.22580645161290322, 0.1935483870967742, 0.16129032258064516, 0.16129032258064516] v10",GCP 599_9640,n2-standard-8 848,0.661521181961729
2024-04-07T19:45:16.666229,0.1935251600141137,asia-south1,"[0.24242424242424243, 0.12121212121212122, 0.18181818181818182, 0.15151515151515152, 0.3030303",Azure 147_476,E4s_v3,0.6224044039856581
2025-11-27T20:03:54.476536 v14_6645_1357,0.2253466400476343,asia-south1,"[0.25, 0.21875, 0.1875, 0.15625, 0.1875] v12",GCP 253_2749,n2-standard-8,0.63065412680961
2025-11-27T20:04:16.666222 v1_2612_8207,0.19249090120294893,asia-south1,"[0.25, 0.21875, 0.1875, 0.15625, 0.1875]",GCP 572 1040_2081,N2-STANDARD-8,0.6126222051360145
2028-03-21T15:08:22.707315,0.19600769426763132,ap-south-1 v29,"[0.25, 0.21875, 0.1875, 0.15625, 0.1875]",GCP 968_6154,n2-standard-8 1239,0.5879013714304299
2028-11-06T15:09:47.612621,1.9902637978495419,ap-southeast-1 v47,"[0.17391304347826086, 0.21739130434782608, 0.21739130434782608, 0.21739130434782608, 0.17391304347826086]",Azure 417 1981_5584,ND6s,0.5743271791574378
2026-06-22T15:17:48.209869,1.0719180170225928,asia-south1,"[0.1, 0.15, 0.2, 0.35, 0 1445",Azure 128_6742,ND6s,0.7473802946516442
2025-10-12T15:20:02.882342,0.9527261391175895,asia-south1 514,"[0.09090909090909091, 0.13636363636363635, 0.18181818181818182, 0.3181818181818182, 0.2727272727272727]",Azure 395_3736,ND6S,0.7443413023354314
2024-10-19T15:23:50.210423,0.2046876525743943,ap-southeast-1 v24,"[0.25806451612903225, 0.1935483870967742, 0.25806451612903225, 0.16129032258064516, 0.12903225806451613]",GCP v13 13_651,n2-standard-8,0.635278803329111
2028-01-10T15:35:29.814000,0.3199724504266443,eu-west-1,"[0.25, 0.21875, 0.1875, 0.15625, 0.1875]",GCP 816_9696,n2-highmem-8 v49,0.6312924186658104
2022-07-01T19:05:44.493000,0.20590363591219937,ap-south-1,"[0.25, 0.21875, 0.1875, 0.15625, 0.1",GCP 883_8946,n2-standard-8 v12,0.6011018446727046
2025-11-27T19:11:52.926777 v44_8445_8051,0.1970234453319272,ap-south-1,"[0.2962962962962963, 0.3333333333333333, 0.07407407407407407, 0.14814814814814814, 0.14814814814814814]",GCP 132_7457,N2-STANDARD-8 V34,0.5959377998531287
2026-02-15T19:16:42.619963,0.21768510790835216,ap-southeast-1,"[0.16129032258064516, 0.22580645161290322, 0.1935483870967742, 0.22580645161290322, 0.1935483870967742] 563",GCP 706_6307,n2-highmem-8 v26,0.6785100466518286
2027-05-15T19:22:12.820769,0.20571993667852084,ap-south-1 v6 1258,"[0.25, 0.21875, 0.1875, 0.15625, 0.1875] 1189",GCP 264_4923,n2-standard-8,0.5460143005576393
2025-07-13T19:23:55.585998,0.20247349910963014,ap-south-1,"[0.14285714285714285, 0.2857142857142857, 0.17857142857142858, 0.21428571428571427, 0.17857142857142858] 1475",GCP 783_2407,n2-standard-8,0.7735456721800684
2025-11-27T19:26:01.495517 v23_8218_5373,0.18783482525875114,ap-south-1 v46,"[0.1111111111111111, 0.25925925925925924, 0.2222222222222222, 0.18518518518518517, 0.2222222222222222]",GCP 266_5702,n2-standard-8,0.795992783560075
2027-05-09T19:28:00.895966,0.13456640759177757,ap-south-1,"[0.0967741935483871, 0.22580645161290322, 0.1935483870967742, 0.22580645161290322, 0.25806451612903225]",Azure 135_7839,E4s_v3 1891,0.8236199966151988
2025-01-11T19:33:03.604000,0.18667198323451129,AP-SOUTH-1,"[0.25806451612903225, 0.22580645161290322, 0.1935483870967742, 0.16129032258064516, 0.16129032258064516]",GCP 156_4463,n2-standard-8,0.6085559395614625
2024-04-23T19:45:16.666000,0.1703803264321081,asia-south1 v19,"[0.24242424242424243, 0.12121212121212122, 0.18181818181818182, 0.15151515151515152, 0.30303030303030304]",AZURE 269_2991,E4s_v3,0.6212857462773629
2028-07-17T20:03:54.476000,0.21347171163138698,asia-south1,"[0.25, 0.21875, 0.1875, 0.15625, 0.1875] v11",GCP 950_4329,n2-standard-8,0.6060966209120494
2025-11-27T20:04:16.666222 v28_4647 841_6573,0.1944621452856523,asia-south1 v22,"[0.25, 0.21875, 0.1875, 0.15625, 0.1875] v22 932",GCP 802_180,n2-standard-8,0.5953587412469568
2023-10-26T15:08:22.707315,0.19927211225657301,ap-south-1,"[0.25, 0.21875, 0.1875, 0.15625, 0.1875]",GCP 908 612_6131,n2-standard-8,0.5389869930680373
2025-11-27T15:09:47.612621 V2_3537_6181,1.852492372958552,ap-southeast-1,"[0.17391304347826086, 0.21739130434782608, 0.21739130434782608, 0.21739130434782608, 0.17391304347826086]",Azure 90_1645,ND6s,0.5480314372859071
2028-02-04T15:17:48.209869,1.1634753284810808,asia-south1,"[0.1, 0.15, 0.2, 0.35, 0.2]",Azure 739_9547,ND6s v44,0.7110861665720624
2025-11-27T15:20:02.882342 v17_108_9486,1.1024543268338252,asia-south1,"[0.09090909090909091, 0.13636363636363635, 0.18181818181818182, 0.3181818181818182, 0.2727272727272727]",Azure 165_6184,ND6S 813,0.7872577511169205
2025-02-20T15:23:50.210423 693_2534,0.2155917647668151,ap-southeast-1,"[0.25806451612903225, 0.1935483870967742, 0.25806451612903225, 0.16129032258064516, 0.129032258",GCP 734 1667_4729,n2-standard-8,0.6497540126459033
2025-11-25T15:35:29.814076 1710_2243,0.304693352173776,EU-WEST-1,"[0.25, 0.21875, 0.1875, 0.15625, 0.1875]",GCP 60_2795,n2-highmem-8,0.6821427977184288
2026-05-25T19:05:44.493141 1327_619,0.1998955409566812,ap-south-1,"[0.25, 0.21875, 0.1875, 0.15625, 0.1875]",GCP 44 1065_8770,n2-standard-8,0.6571073610036433
2026-04-20T19:11:52.926000,0.21025159957457468,ap-south-1,"[0.2962962962962963, 0.3333333333333333, 0.07407407407407407, 0.14814814814814814, 0.14814814814814814]",GCP v37 849_6412,n2-standard-8,0.6459705032183799
2026-08-20T19:16:42.619963,0.22537205799137822,ap-southeast-1,"[0.16129032258064516, 0.22580645161290322, 0.1935483870967742, 0.22580645161290322, 0.1935483870967742] 120",GCP 204_6001,n2-highmem-8,0.6672720986883062
2025-11-27T19:22:12.820769 v44_3_4484,0.21153107615483852,ap-south-1 414,"[0.25, 0.21875, 0.1875, 0.15625, 0.1875]",GCP 188_5594,n2-standard-8,0.5914293281491775
2027-06-22T19:23:55.585998,0.18604128399980577,ap-south-1 v27,"[0.14285714285714285, 0.2857142857142857, 0.17857142857142858, 0.21428571428571427, 0.17857142857142858]",GCP 448_5105,n2-standard-8,0.8127589723517074
2023-12-03T19:26:01.495517,0.2101582167683833,ap-south-1 776,"[0.1111111111111111, 0.25925925925925924, 0.2222222222222222, 0.18518518518518517, 0.2222222222222222]",GCP 889 1826_5568,n2-standard-8 v9 491,0.8004661728591039
2028-11-08T19:28:00.895966,0.11754600902947049,ap-south-1 v13,"[0.0967741935483871, 0.22580645161290322, 0.1935483870967742, 0.22580645161290322, 0.2580645161290",Azure 302_7999,E4S_V3,0.870584903567567
2027-06-28T19:33:03.604998,0.19135606054054094,ap-south-1,"[0.25806451612903225, 0.22580645161290322, 0.1935483870967742, 0.16129032258064516, 0.1612903",GCP 460_6826,n2-standard-8,0.6298519332164609
2024-02-04T19:45:16.666000,0.1804573237527931,asia-south1,"[0.24242424242424243, 0.12121212121212122, 0.18181818181818182, 0.15151515151515152, 0.303030303",Azure 579_8487,E4s_v3 1315,0.5818343724253636
2023-09-15T20:03:54.476000,0.1947359096898823,asia-south1,"[0.25, 0.21875, 0.1875, 0.15625, 0.1875]",GCP 997_2326,n2-standard-8,0.5871251476110566
2027-05-01T20:04:16.666222,0.1805862120917931,asia-south1,"[0.25, 0.21875, 0.1875, 0.15625, ",GCP 475_9653,n2-standard-8,0.6239235330199652
2024-12-22T15:08:22.707315,0.18262871384424947,ap-south-1,"[0.25, 0.21875, 0.1875, 0.15625, 0.1",GCP 632 515_3226,n2-standard-8 1756,0.6024704510949698
2026-06-08T15:09:47.612621 1161_9450,2.084763243730546,ap-southeast-1,"[0.17391304347826086, 0.21739130434782608, 0.21739130434782608, 0.21739130434782608, 0.17391304347826086]",Azure 222 1690_4287,ND6s 898,0.5397909769823563
2024-10-14T15:17:48.209869,1.066343556451908,asia-south1 v28,"[0.1, 0.15, 0.2, 0.35, 0.2]",Azure v31 257_867,ND6s v26,0.764998806009975
2024-11-19T15:20:02.882000,0.9381870701036383,asia-south1 572,"[0.09090909090909091, 0.13636363636363635, 0.18181818181818182, 0.3181818181818182, 0.2727272727272727]",Azure 213_8792,ND6S,0.7212846688983109
2027-12-17T15:23:50.210423,0.20119659680976684,ap-southeast-1,"[0.25806451612903225, 0.1935483870967742, 0.25806451612903225, 0.16129032258064516, 0.12903225806451613] v22",GCP 6_1150,n2-standard-8,0.6106323674821783
2025-06-17T15:35:29.814076,0.33369934134123963,eu-west-1,"[0.25, 0.21875, 0.1875, 0.15625, 0.1875]",GCP 686_850,n2-highmem-8,0.6257776238512247
2025-11-27T19:05:44.493141 v40_538 232_380,0.19814137086854078,ap-south-1,"[0.25, 0.21875, 0.1875, 0.15625, 0.1875]",GCP 565 1041_4964,n2-standard-8 1684,0.6575576579353507
2025-03-19T19:11:52.926000,0.20975265317755862,ap-south-1,"[0.2962962962962963, 0.3333333333333333, 0.07407407407407407, 0.14814814814814814, 0.14814814814814814]",GCP 791 1252_9015,n2-standard-8,0.596237005116849
2022-09-11T19:16:42.619963,0.23815386403363958,ap-southeast-1 v35,"[0.16129032258064516, 0.22580645161290322, 0.1935483870967742, 0.22580645161290322, 0.1935483870967742]",GCP 261_9846,n2-highmem-8,0.7271153390594026
2025-08-28T19:22:12.820769,0.22408721801238665,ap-south-1 1492,"[0.25, 0.21875, 0.1875, 0.15625, 0.1875]",GCP 256_5261,n2-standard-8,0.6604488232758489
2025-11-27T19:23:55.585998 v20_3282 1638_1823,0.1997263170184332,ap-south-1 v2,"[0.14285714285714285, 0.2857142857142857, 0.17857142857142858, 0.21428571428571427, 0.17857142857142858]",GCP 513 1500_5333,n2-standard-8 578,0.7246647182241837
2025-07-16T19:26:01.495517 1711_9525,0.20815849850696566,ap-south-1,"[0.1111111111111111, 0.25925925925925924, 0.2222222222222222, 0.18518518518518517, 0.2222222222222222] v29 182",GCP 774_6187,N2-STANDARD-8,0.8244474696103987
2024-12-16T19:28:00.895000 177_5599,0.12596618602452886,ap-south-1,"[0.0967741935483871, 0.22580645161290322, 0.1935483870967742, 0.22580645161290322, 0.25806451612903225]",Azure v46 14_4490,E4s_v3,0.9145918006586692
2025-06-22T19:33:03.604998 695_208,0.21503540681821298,ap-south-1,"[0.25806451612903225, 0.22580645161290322, 0.1935483870967742, 0.16129032258064516, 0.16129032258064516]",GCP 813_6532,n2-standard-8,0.5897476464546301
2026-07-09T19:45:16.666229 873_552,0.19087783233442962,asia-south1 1079,"[0.24242424242424243, 0.12121212121212122, 0.18181818181818182, 0.15151515151515152, 0.3030303",Azure 78_3871,E4s_v3,0.5778692729066126
2026-01-20T20:03:54.476536 1014_2212,0.19794493717752054,ASIA-SOUTH1,"[0.25, 0.21875, 0.1875, 0.15625, 0.1875]",GCP 7_271,n2-standard-8,0.5610127245701019
2027-07-11T20:04:16.666222,0.20904880443900548,asia-south1,"[0.25, 0.21875, 0.1875, 0.15625, 0.1",GCP 726_1055,n2-standard-8,0.6026310700274161
2025-11-27T15:08:22.707315 v6_9_3391,0.1785404504709614,ap-south-1 1280,"[0.25, 0.21875, 0.1875, 0.15625, 0.1875]",GCP 806_6176,n2-standard-8,0.6041041473355073
2027-09-28T15:09:47.612621,1.9279833350248632,ap-southeast-1,"[0.17391304347826086, 0.21739130434782608, 0.21739130434782608, 0.21739130434782608, 0.17391304347826086]",AZURE 829 76_9778,ND6s,0.590177787400699
2028-03-15T15:17:48.209869,1.1592275667083334,ASIA-SOUTH1,"[0.1, 0.15, 0.2, 0.35, 0.2]",Azure 332_7201,ND6s v33,0.7320513449757591
2025-12-14T15:20:02.882342 829_7171,1.0861614949625333,asia-south1 v38 758,"[0.09090909090909091, 0.13636363636363635, 0.18181818181818182, 0.3181818181818182, 0.2727272727272727]",Azure 365_9642,ND6s,0.6833941059839426
2027-01-12T15:23:50.210000,0.1964722839336483,ap-southeast-1 1359,"[0.25806451612903225, 0.1935483870967742, 0.25806451612903225, 0.16129032258064516, 0.12903225806451613] 1711",GCP 616_1566,N2-STANDARD-8,0.5972888616056856
2026-03-11T15:35:29.814076,0.354270309652557,eu-west-1 v49,"[0.25, 0.21875, 0.1875, 0.15625, 0.1875]",GCP 418_1789,n2-highmem-8,0.6268044340343387
2024-02-21T19:05:44.493141,0.20272377381739012,ap-south-1,"[0.25, 0.21875, 0.1875, 0.15625, 0.1875]",GCP V25 402_9601,n2-standard-8,0.5544514860225107
2024-07-27T19:11:52.926777,0.2074237130714987,ap-south-1 6,"[0.2962962962962963, 0.3333333333333333, 0.07407407407407407, 0.14814814814814814, 0.14814814814814814]",GCP 121_6919,n2-standard-8,0.607993152009524
2027-09-29T19:16:42.619963,0.23376592986435135,ap-southeast-1,"[0.16129032258064516, 0.22580645161290322, 0.1935483870967742, 0.22580645161290322, 0.1935483870967742]",GCP 342_4240,n2-highmem-8,0.7247165667937482
2025-08-26T19:22:12.820769,0.19940933830178237,ap-south-1,"[0.25, 0.21875, 0.1875, 0.15625, 0.1875]",GCP 940_4758,n2-standard-8,0.6028455135430981
2027-01-18T19:23:55.585998,0.20736830397083894,ap-south-1,"[0.14285714285714285, 0.2857142857142857, 0.17857142857142858, 0.21428571428571427, 0.17857142857142858] 1514",GCP 447_9852,N2-STANDARD-8,0.835125578688526
2025-11-11T19:26:01.495517,0.19675161222382212,ap-south-1,"[0.1111111111111111, 0.25925925925925924, 0.2222222222222222, 0.18518518518518517, 0.22222222",GCP 886_4399,n2-standard-8,0.8051036441108202
2026-08-03T19:28:00.895966,0.13499722853622276,ap-south-1,"[0.0967741935483871, 0.22580645161290322, 0.1935483870967742, 0.22580645161290322, 0.25806451612903225]",Azure 831_8646,E4s_v3,0.8096528960007646
2025-05-02T19:33:03.604998 83_4519,0.20951801710715348,ap-south-1,"[0.25806451612903225, 0.22580645161290322, 0.1935483870967742, 0.16129032258064516, 0.1612903",GCP 855 1735_3691,n2-standard-8 500,0.6301286924802606
2026-11-17T19:45:16.666229,0.1745043805090031,asia-south1,"[0.24242424242424243, 0.12121212121212122, 0.18181818181818182, 0.15151515151515152, 0.3030303",Azure 114 619_1332,E4s_v3,0.6238420741206471
2028-10-03T20:03:54.476000,0.18950333737741157,asia-south1,"[0.25, 0.21875, 0.1875, 0.15625, 0.1875]",GCP 715_2654,n2-standard-8,0.6579477159829638
2029-02-19T20:04:16.666222,0.18183442651960025,asia-south1,"[0.25, 0.21875, 0.1875, 0.15625, 0.1875]",GCP 991_4735,n2-standard-8,0.6507856280563068
2026-08-13T15:08:22.707315,0.1946679620301066,ap-south-1,"[0.25, 0.21875, 0.1875, 0.15625, 0.1875] v49",GCP 958_9091,n2-standard-8 84,0.6087441403192839
2027-05-18T15:09:47.612621,1.935432266861763,ap-southeast-1,"[0.17391304347826086, 0.21739130434782608, 0.21739130434782608, 0.21739130434782608, 0.17391304347826086] v44 1052",Azure 620 555_3038,ND6s,0.553365817276874
2027-02-12T15:17:48.209000,1.0391460387577585,asia-south1 v4,"[0.1, 0.15, 0.2, 0.35, 0.2]",Azure 478 1005_8269,ND6s,0.6551809712615683
2026-05-24T15:20:02.882342 1862_1308,1.0401071887581852,asia-south1 457,"[0.09090909090909091, 0.13636363636363635, 0.18181818181818182, 0.3181818181818182, 0.2727272727272727]",AZURE 231_5425,ND6S 1533,0.7918116544532342
2023-01-25T15:23:50.210423,0.1898976679561182,ap-southeast-1,"[0.25806451612903225, 0.1935483870967742, 0.25806451612903225, 0.16129032258064516, 0.12903225806451613] 834",GCP 846_9240,n2-standard-8 205,0.6336348259293726
2028-10-07T15:35:29.814076,0.37322766391405604,eu-west-1,"[0.25, 0.21875, 0.1875, 0.15625, 0.1875]",GCP 953_3659,n2-highmem-8,0.6619264711385345
2027-12-23T19:05:44.493000,0.1849369556435358,ap-south-1 1630,"[0.25, 0.21875, 0.1875, 0.15625, 0.1875]",GCP 434_3664,n2-standard-8,0.5586879478642085
2023-10-24T19:11:52.926777,0.21735688830492583,ap-south-1,"[0.2962962962962963, 0.3333333333333333, 0.07407407407407407, 0.14814814814814814, 0.1481481 430",GCP 285_1756,n2-standard-8,0.6093208255561867
2028-09-23T19:16:42.619963,0.2493417815261008,ap-southeast-1,"[0.16129032258064516, 0.22580645161290322, 0.1935483870967742, 0.22580645161290322, 0.1935483870967742]",GCP 258_7055,n2-highmem-8 v41,0.6998299799504017
2025-02-22T19:22:12.820000,0.20645511323523535,ap-south-1,"[0.25, 0.21875, 0.1875, 0.15625, 0.1875] 160",GCP 746_9725,n2-standard-8 382,0.5804422630179947
2028-01-29T19:23:55.585000,0.2002242924705258,ap-south-1,"[0.14285714285714285, 0.2857142857142857, 0.17857142857142858, 0.21428571428571427, 0.17857142857142858] 1975",GCP 573_9802,n2-standard-8,0.8314295726209648
2025-04-22T19:26:01.495517 95_8117,0.20343898956432177,ap-south-1,"[0.1111111111111111, 0.25925925925925924, 0.2222222222222222, 0.18518518518518517, 0.2222222222222222]",GCP 940_8893,n2-standard-8,0.7530070911081075
2025-09-15T19:28:00.895966 448_1391,0.1299170045359312,ap-south-1,"[0.0967741935483871, 0.22580645161290322, 0.1935483870967742, 0.22580645161290322, 0.25806451612903225]",Azure 25_5925,E4S_V3 1665,0.7949687545396461
2025-11-27T19:33:03.604998 v16_7255_5036,0.21252511564530216,ap-south-1,"[0.25806451612903225, 0.22580645161290322, 0.1935483870967742, 0.16129032258064516, 0.16129032258064516]",GCP 654_7768,n2-standard-8 v43 1257,0.6227986597646579
2025-04-24T19:45:16.666229,0.1606520114227744,asia-south1 1916,"[0.24242424242424243, 0.12121212121212122, 0.18181818181818182, 0.15151515151515152, 0.30303030303030304] 58",Azure v23 908_9373,E4s_v3 1296,0.5652951507980163
2028-08-12T20:03:54.476000,0.19410319444681612,ASIA-SOUTH1,"[0.25, 0.21875, 0.1875, 0.15625, 0.1875]",GCP 294_915,n2-standard-8,0.5802259889241819
2025-08-11T20:04:16.666222,0.19503419223231896,asia-south1,"[0.25, 0.21875, 0.1875, 0.15625, 0.1875]",GCP v40 616_4519,n2-standard-8,0.5675964750866768
2024-04-28T15:08:22.707315,0.20942873280894578,ap-south-1 1744,"[0.25, 0.21875, 0.1875, 0.15625, 0.1875]",GCP 825_1085,n2-standard-8 v44,0.5839447720767966
2025-01-05T15:09:47.612621 9_740,1.997869288724588,ap-southeast-1,"[0.17391304347826086, 0.21739130434782608, 0.21739130434782608, 0.21739130434782608, 0.1739130 553",Azure 173_6064,ND6s,0.6448743393875676
2025-07-21T15:17:48.209869,1.1863116206062965,asia-south1,"[0.1, 0.15, 0.2, 0.35, 0 1314",Azure 525_9409,ND6s 161,0.7200963332413413
2025-02-09T15:20:02.882342,0.9574930100509952,ASIA-SOUTH1,"[0.09090909090909091, 0.13636363636363635, 0.18181818181818182, 0.3181818181818182, 0.2727272727272727]",Azure 830_7338,ND6s,0.6814116913191749
2025-07-28T15:23:50.210423,0.1982179026877715,ap-southeast-1,"[0.25806451612903225, 0.1935483870967742, 0.25806451612903225, 0.16129032258064516, 0.12903225806451613]",GCP 166_2755,n2-standard-8,0.6218898905194866
2026-08-25T15:35:29.814076,0.3424662867518578,EU-WEST-1,"[0.25, 0.21875, 0.1875, 0.15625, 0.1875]",GCP 598 1521_8164,n2-highmem-8,0.6453821922736543
2025-11-27T19:05:44.493141 v5_8_8607,0.19522948255229414,ap-south-1 1308,"[0.25, 0.21875, 0.1875, 0.15625, 0.1875]",GCP 527_6556,n2-standard-8 v42,0.5934430175981558
2027-09-21T19:11:52.926777,0.2066285803641686,ap-south-1 v9,"[0.2962962962962963, 0.3333333333333333, 0.07407407407407407, 0.14814814814814814, 0.14814814814814814]",GCP 601_7753,n2-standard-8 572,0.6080879119947948
2028-11-24T19:16:42.619963,0.2379070491161015,ap-southeast-1 v21 1650,"[0.16129032258064516, 0.22580645161290322, 0.1935483870967742, 0.22580645161290322, 0.1935483870967742]",GCP 678 981_3802,n2-highmem-8,0.7219931987850592
2028-02-16T19:22:12.820769,0.20978039037822385,ap-south-1 941,"[0.25, 0.21875, 0.1875, 0.15625, 0.1875]",GCP 733_3611,n2-standard-8,0.5692934381620868
2024-06-28T19:23:55.585998,0.21408143389453616,ap-south-1,"[0.14285714285714285, 0.2857142857142857, 0.17857142857142858, 0.21428571428571427, 0.17857142857142858] v30",GCP 489_2418,n2-standard-8,0.7937025169917021
2027-02-14T19:26:01.495517,0.21468617164579043,ap-south-1 340,"[0.1111111111111111, 0.25925925925925924, 0.2222222222222222, 0.18518518518518517, 0.22222222",GCP V22 412_9786,n2-standard-8,0.8638102104389843
2025-12-07T19:28:00.895966 1191_8154,0.1231601454406567,ap-south-1,"[0.0967741935483871, 0.22580645161290322, 0.1935483870967742, 0.22580645161290322, 0.2580645 1529",Azure 720 397_9009,E4s_v3,0.8425329033043896
2027-05-03T19:33:03.604000,0.19077355497297027,ap-south-1,"[0.25806451612903225, 0.22580645161290322, 0.1935483870967742, 0.16129032258064516, 0.16129032258064516]",GCP 892_301,N2-STANDARD-8 267,0.6315018706556709
2026-07-05T19:45:16.666000,0.1715070969966049,asia-south1,"[0.24242424242424243, 0.12121212121212122, 0.18181818181818182, 0.15151515151515152, 0.30303030303030304]",Azure 818 152_4487,E4s_v3,0.6622170007399442
2025-02-16T20:03:54.476000,0.20417530353752894,asia-south1,"[0.25, 0.21875, 0.1875, 0.15625, 0.1875]",GCP 509_3162,n2-standard-8 v1 1873,0.6163667815857268
2026-05-25T20:04:16.666000,0.19251213338415532,asia-south1,"[0.25, 0.21875, 0.1875, 0.15625, 0.1875]",GCP v28 785_2393,n2-standard-8,0.6213790017763288
2025-11-27T15:08:22.707315 v40_1_9482,0.17878789517636276,ap-south-1,"[0.25, 0.21875, 0.1875, 0.15625, 0.1875]",GCP 460_6645,N2-STANDARD-8,0.6455885718701448
2024-09-10T15:09:47.612000,1.7979655741690963,ap-southeast-1,"[0.17391304347826086, 0.21739130434782608, 0.21739130434782608, 0.21739130434782608, 0.17391304347826086]",Azure v15 496_2326,ND6s,0.6253770429657632
2025-11-27T15:17:48.209869 v49_5734_6563,1.1726095541090156,asia-south1 v9,"[0.1, 0.15, 0.2, 0.35, 0.2] v5",Azure 888_6287,ND6s 1313,0.7672968188555624
2025-12-20T15:20:02.882342,0.9700497856154892,asia-south1,"[0.09090909090909091, 0.13636363636363635, 0.18181818181818182, 0.3181818181818182, 0.2727272727272727]",AZURE 269_9944,ND6S,0.7472018955002885
2025-11-11T15:23:50.210423 841_5436,0.20131064477878816,AP-SOUTHEAST-1,"[0.25806451612903225, 0.1935483870967742, 0.25806451612903225, 0.16129032258064516, 0.12903225806451613] 887",GCP 110_7996,n2-standard-8 v6,0.5959618038266188
2025-11-27T15:35:29.814076 v35_596_702,0.3541712859926124,eu-west-1 v19,"[0.25, 0.21875, 0.1875, 0.15625, 0.1875] 1524",GCP v28 979_2560,N2-HIGHMEM-8 305,0.6423905998724488
2027-05-02T19:05:44.493141,0.18866685851664194,ap-south-1,"[0.25, 0.21875, 0.1875, 0.15625, 0.1",GCP v34 62_9103,n2-standard-8,0.5802966473974919
2023-06-12T19:11:52.926777,0.2187913583296658,ap-south-1,"[0.2962962962962963, 0.3333333333333333, 0.07407407407407407, 0.14814814814814814, 0.148148148",GCP 948 152_7172,n2-standard-8 693,0.561468834960309
2028-09-30T19:16:42.619963,0.23769253905580498,AP-SOUTHEAST-1 V19,"[0.16129032258064516, 0.22580645161290322, 0.1935483870967742, 0.22580645161290322, 0.1935483870967742]",GCP 106_1518,N2-HIGHMEM-8,0.7856662959155342
2025-02-15T19:22:12.820769 226_9961,0.21333186603340748,ap-south-1,"[0.25, 0.21875, 0.1875, 0.15625, 0.1875]",GCP 662_3495,N2-STANDARD-8,0.5484657780482213
2024-06-08T19:23:55.585000,0.1990393924897639,ap-south-1 88,"[0.14285714285714285, 0.2857142857142857, 0.17857142857142858, 0.21428571428571427, 0.17857142857142858]",GCP 661_3209,n2-standard-8,0.7195145436953188
2025-05-17T19:26:01.495517 1896_5729,0.21452016173497798,ap-south-1,"[0.1111111111111111, 0.25925925925925924, 0.2222222222222222, 0.18518518518518517, 0.22222222",GCP 265_4410,n2-standard-8 662,0.7650887407061512
2025-01-22T19:28:00.895966,0.12226259242874234,ap-south-1,"[0.0967741935483871, 0.22580645161290322, 0.1935483870967742, 0.22580645161290322, 0.25806451612903225]",Azure 356_3020,E4s_v3 1092,0.8923122044086805
2025-11-05T19:33:03.604998,0.21004166982964054,ap-south-1,"[0.25806451612903225, 0.22580645161290322, 0.1935483870967742, 0.16129032258064516, 0.16129032258064516]",GCP 875_4454,n2-standard-8 1280,0.638450759153325
2028-01-22T19:45:16.666000,0.17200907038227833,asia-south1,"[0.24242424242424243, 0.12121212121212122, 0.18181818181818182, 0.15151515151515152, 0.30303030303030304]",Azure 81_1820,E4s_v3 v14,0.612143682503447
2023-12-17T20:03:54.476536,0.20317955730201165,asia-south1,"[0.25, 0.21875, 0.1875, 0.15625, 0.1",GCP 574_6077,n2-standard-8,0.6734480888010791
2026-03-16T20:04:16.666222,0.18825624099721233,ASIA-SOUTH1,"[0.25, 0.21875, 0.1875, 0.15625, 0.1875]",GCP 984 257_380,n2-standard-8 247,0.5994339742795516
2026-08-02T15:08:22.707315,0.19459280552621375,ap-south-1 v28,"[0.25, 0.21875, 0.1875, 0.15625, 0.1",GCP 487_6580,n2-standard-8 1079,0.6095218263199316
2026-08-08T15:09:47.612621 1028_8184,1.840661917510029,AP-SOUTHEAST-1 592,"[0.17391304347826086, 0.21739130434782608, 0.21739130434782608, 0.21739130434782608, 0.1739130 1113",Azure 815_7528,ND6s,0.5346901586302001
2024-07-02T15:17:48.209869,1.1256261192106891,asia-south1 v34,"[0.1, 0.15, 0.2, 0.35, 0.2] 1122",Azure 677_857,ND6s,0.6894786683253924
2026-09-21T15:20:02.882342 1371_2989,1.0254687836075642,asia-south1,"[0.09090909090909091, 0.13636363636363635, 0.18181818181818182, 0.3181818181818182, 0.2727272727272727]",Azure 967_4499,ND6s,0.691325665477032
2025-08-08T15:23:50.210423 1962_767,0.21911660849562492,ap-southeast-1 107,"[0.25806451612903225, 0.1935483870967742, 0.25806451612903225, 0.16129032258064516, 0.129032258",GCP 353_6551,n2-standard-8 v12 1020,0.6330111896031954
